defect,q,omega,A_in_plane,A_out_of_plane
light,Γ+0.05M,0.0020,1.050186e-02,4.574308e+00
light,Γ+0.05M,0.0060,9.690932e-02,2.458963e+01
light,Γ+0.05M,0.0100,2.832273e-01,3.202284e+01
light,Γ+0.05M,0.0140,6.003667e-01,2.878223e+01
light,Γ+0.05M,0.0180,1.106214e+00,2.320338e+01
light,Γ+0.05M,0.0220,1.905393e+00,1.826299e+01
light,Γ+0.05M,0.0260,3.188865e+00,1.443793e+01
light,Γ+0.05M,0.0300,5.310953e+00,1.156852e+01
light,Γ+0.05M,0.0340,8.917150e+00,9.414878e+00
light,Γ+0.05M,0.0380,1.499553e+01,7.779572e+00
light,Γ+0.05M,0.0420,2.390702e+01,6.518920e+00
light,Γ+0.05M,0.0460,3.160133e+01,5.531747e+00
light,Γ+0.05M,0.0500,3.089259e+01,4.747030e+00
light,Γ+0.05M,0.0540,2.419808e+01,4.114494e+00
light,Γ+0.05M,0.0580,1.778657e+01,3.598087e+00
light,Γ+0.05M,0.0620,1.339760e+01,3.171573e+00
light,Γ+0.05M,0.0660,1.068214e+01,2.815583e+00
light,Γ+0.05M,0.0700,9.136190e+00,2.515607e+00
light,Γ+0.05M,0.0740,8.465711e+00,2.260631e+00
light,Γ+0.05M,0.0780,8.586613e+00,2.042185e+00
light,Γ+0.05M,0.0820,9.619784e+00,1.853680e+00
light,Γ+0.05M,0.0860,1.194412e+01,1.689936e+00
light,Γ+0.05M,0.0900,1.626772e+01,1.546833e+00
light,Γ+0.05M,0.0940,2.328879e+01,1.421069e+00
light,Γ+0.05M,0.0980,3.134945e+01,1.309972e+00
light,Γ+0.05M,0.1020,3.362185e+01,1.211361e+00
light,Γ+0.05M,0.1060,2.764068e+01,1.123445e+00
light,Γ+0.05M,0.1100,1.995507e+01,1.044739e+00
light,Γ+0.05M,0.1140,1.423230e+01,9.740071e-01
light,Γ+0.05M,0.1180,1.047543e+01,9.102133e-01
light,Γ+0.05M,0.1220,8.015615e+00,8.524830e-01
light,Γ+0.05M,0.1260,6.352714e+00,8.000750e-01
light,Γ+0.05M,0.1300,5.184550e+00,7.523574e-01
light,Γ+0.05M,0.1340,4.333636e+00,7.087892e-01
light,Γ+0.05M,0.1380,3.693698e+00,6.689048e-01
light,Γ+0.05M,0.1420,3.199014e+00,6.323020e-01
light,Γ+0.05M,0.1460,2.807520e+00,5.986318e-01
light,Γ+0.05M,0.1500,2.491394e+00,5.675904e-01
light,Γ+0.05M,0.1540,2.231677e+00,5.389121e-01
light,Γ+0.05M,0.1580,2.015093e+00,5.123640e-01
light,Γ+0.05M,0.1620,1.832121e+00,4.877410e-01
light,Γ+0.05M,0.1660,1.675780e+00,4.648622e-01
light,Γ+0.05M,0.1700,1.540856e+00,4.435674e-01
light,Γ+0.05M,0.1740,1.423384e+00,4.237141e-01
light,Γ+0.05M,0.1780,1.320300e+00,4.051759e-01
light,Γ+0.05M,0.1820,1.229206e+00,3.878395e-01
light,Γ+0.05M,0.1860,1.148200e+00,3.716038e-01
light,Γ+0.05M,0.1900,1.075753e+00,3.563781e-01
light,Γ+0.05M,0.1940,1.010628e+00,3.420807e-01
light,Γ+0.05M,0.1980,9.518093e-01,3.286381e-01
light,Γ+0.05M,0.2020,8.984592e-01,3.159839e-01
light,Γ+0.05M,0.2060,8.498794e-01,3.040580e-01
light,Γ+0.05M,0.2100,8.054838e-01,2.928061e-01
light,Γ+0.05M,0.2140,7.647771e-01,2.821786e-01
light,Γ+0.05M,0.2180,7.273380e-01,2.721306e-01
light,Γ+0.05M,0.2220,6.928058e-01,2.626211e-01
light,Γ+0.05M,0.2260,6.608707e-01,2.536126e-01
light,Γ+0.05M,0.2300,6.312638e-01,2.450710e-01
light,Γ+0.05M,0.2340,6.037526e-01,2.369649e-01
light,Γ+0.05M,0.2380,5.781329e-01,2.292656e-01
light,Γ+0.05M,0.2420,5.542266e-01,2.219467e-01
light,Γ+0.05M,0.2460,5.318763e-01,2.149840e-01
light,Γ+0.05M,0.2500,5.109433e-01,2.083551e-01
light,Γ+0.05M,0.2540,4.913045e-01,2.020395e-01
light,Γ+0.05M,0.2580,4.728501e-01,1.960181e-01
light,Γ+0.05M,0.2620,4.554827e-01,1.902735e-01
light,Γ+0.05M,0.2660,4.391143e-01,1.847893e-01
light,Γ+0.05M,0.2700,4.236669e-01,1.795507e-01
light,Γ+0.05M,0.2740,4.090692e-01,1.745438e-01
light,Γ+0.05M,0.2780,3.952580e-01,1.697556e-01
light,Γ+0.05M,0.2820,3.821749e-01,1.651744e-01
light,Γ+0.05M,0.2860,3.697680e-01,1.607891e-01
light,Γ+0.05M,0.2900,3.579895e-01,1.565895e-01
light,Γ+0.05M,0.2940,3.467962e-01,1.525664e-01
light,Γ+0.05M,0.2980,3.361485e-01,1.487112e-01
light,Γ+0.05M,0.3020,3.260102e-01,1.450160e-01
light,Γ+0.05M,0.3060,3.163484e-01,1.414742e-01
light,Γ+0.05M,0.3100,3.071324e-01,1.380796e-01
light,Γ+0.05M,0.3140,2.983347e-01,1.348277e-01
light,Γ+0.05M,0.3180,2.899291e-01,1.317153e-01
light,Γ+0.05M,0.3220,2.818925e-01,1.287421e-01
light,Γ+0.05M,0.3260,2.742024e-01,1.259120e-01
light,Γ+0.05M,0.3300,2.668391e-01,1.232366e-01
light,Γ+0.05M,0.3340,2.597834e-01,1.207389e-01
light,Γ+0.05M,0.3380,2.530183e-01,1.184471e-01
light,Γ+0.05M,0.3420,2.465275e-01,1.163519e-01
light,Γ+0.05M,0.3460,2.402960e-01,1.143759e-01
light,Γ+0.05M,0.3500,2.343099e-01,1.124436e-01
light,Γ+0.05M,0.3540,2.285561e-01,1.105264e-01
light,Γ+0.05M,0.3580,2.230227e-01,1.086217e-01
light,Γ+0.05M,0.3620,2.176980e-01,1.067332e-01
light,Γ+0.05M,0.3660,2.125718e-01,1.048639e-01
light,Γ+0.05M,0.3700,2.076339e-01,1.030157e-01
light,Γ+0.05M,0.3740,2.028753e-01,1.011886e-01
light,Γ+0.05M,0.3780,1.982869e-01,9.938206e-02
light,Γ+0.05M,0.3820,1.938611e-01,9.759454e-02
light,Γ+0.05M,0.3860,1.895897e-01,9.582438e-02
light,Γ+0.05M,0.3900,1.854658e-01,9.406977e-02
light,Γ+0.05M,0.3940,1.814824e-01,9.232907e-02
light,Γ+0.05M,0.3980,1.776334e-01,9.060091e-02
light,Γ+0.05M,0.4020,1.739125e-01,8.888440e-02
light,Γ+0.05M,0.4060,1.703142e-01,8.717921e-02
light,Γ+0.05M,0.4100,1.668332e-01,8.548565e-02
light,Γ+0.05M,0.4140,1.634642e-01,8.380478e-02
light,Γ+0.05M,0.4180,1.602028e-01,8.213834e-02
light,Γ+0.05M,0.4220,1.570440e-01,8.048877e-02
light,Γ+0.05M,0.4260,1.539840e-01,7.885915e-02
light,Γ+0.05M,0.4300,1.510184e-01,7.725305e-02
light,Γ+0.05M,0.4340,1.481436e-01,7.567440e-02
light,Γ+0.05M,0.4380,1.453558e-01,7.412734e-02
light,Γ+0.05M,0.4420,1.426517e-01,7.261608e-02
light,Γ+0.05M,0.4460,1.400279e-01,7.114468e-02
light,Γ+0.05M,0.4500,1.374815e-01,6.971699e-02
light,Γ+0.05M,0.4540,1.350092e-01,6.833652e-02
light,Γ+0.05M,0.4580,1.326087e-01,6.700639e-02
light,Γ+0.05M,0.4620,1.302769e-01,6.572944e-02
light,Γ+0.05M,0.4660,1.280115e-01,6.450828e-02
light,Γ+0.05M,0.4700,1.258100e-01,6.334565e-02
light,Γ+0.05M,0.4740,1.236701e-01,6.224479e-02
light,Γ+0.05M,0.4780,1.215898e-01,6.120949e-02
light,Γ+0.05M,0.4820,1.195668e-01,6.024200e-02
light,Γ+0.05M,0.4860,1.175994e-01,5.933867e-02
light,Γ+0.05M,0.4900,1.156855e-01,5.849022e-02
light,Γ+0.05M,0.4940,1.138235e-01,5.768719e-02
light,Γ+0.05M,0.4980,1.120116e-01,5.692271e-02
light,Γ+0.05M,0.5020,1.102483e-01,5.619227e-02
light,Γ+0.05M,0.5060,1.085319e-01,5.549289e-02
light,Γ+0.05M,0.5100,1.068613e-01,5.482261e-02
light,Γ+0.05M,0.5140,1.052348e-01,5.418017e-02
light,Γ+0.05M,0.5180,1.036515e-01,5.356488e-02
light,Γ+0.05M,0.5220,1.021099e-01,5.297660e-02
light,Γ+0.05M,0.5260,1.006093e-01,5.241590e-02
light,Γ+0.05M,0.5300,9.914828e-02,5.188434e-02
light,Γ+0.05M,0.5340,9.772639e-02,5.138510e-02
light,Γ+0.05M,0.5380,9.634256e-02,5.092394e-02
light,Γ+0.05M,0.5420,9.499647e-02,5.050967e-02
light,Γ+0.05M,0.5460,9.368741e-02,5.014933e-02
light,Γ+0.05M,0.5500,9.241546e-02,4.983250e-02
light,Γ+0.05M,0.5540,9.118044e-02,4.953055e-02
light,Γ+0.05M,0.5580,8.998313e-02,4.922644e-02
light,Γ+0.05M,0.5620,8.882437e-02,4.892051e-02
light,Γ+0.05M,0.5660,8.770638e-02,4.861793e-02
light,Γ+0.05M,0.5700,8.663224e-02,4.832310e-02
light,Γ+0.05M,0.5740,8.560751e-02,4.803899e-02
light,Γ+0.05M,0.5780,8.464007e-02,4.776753e-02
light,Γ+0.05M,0.5820,8.373985e-02,4.751002e-02
light,Γ+0.05M,0.5860,8.290770e-02,4.726734e-02
light,Γ+0.05M,0.5900,8.210788e-02,4.704013e-02
light,Γ+0.05M,0.5940,8.126923e-02,4.682888e-02
light,Γ+0.05M,0.5980,8.036131e-02,4.663396e-02
light,Γ+0.05M,0.6020,7.940592e-02,4.645572e-02
light,Γ+0.05M,0.6060,7.843199e-02,4.629446e-02
light,Γ+0.05M,0.6100,7.745763e-02,4.615047e-02
light,Γ+0.05M,0.6140,7.649305e-02,4.602402e-02
light,Γ+0.05M,0.6180,7.554308e-02,4.591540e-02
light,Γ+0.05M,0.6220,7.461056e-02,4.582492e-02
light,Γ+0.05M,0.6260,7.369639e-02,4.575291e-02
light,Γ+0.05M,0.6300,7.280133e-02,4.569970e-02
light,Γ+0.05M,0.6340,7.192513e-02,4.566569e-02
light,Γ+0.05M,0.6380,7.106791e-02,4.565130e-02
light,Γ+0.05M,0.6420,7.022909e-02,4.565700e-02
light,Γ+0.05M,0.6460,6.940855e-02,4.568334e-02
light,Γ+0.05M,0.6500,6.860564e-02,4.573095e-02
light,Γ+0.05M,0.6540,6.782018e-02,4.580058e-02
light,Γ+0.05M,0.6580,6.705152e-02,4.589318e-02
light,Γ+0.05M,0.6620,6.629942e-02,4.600997e-02
light,Γ+0.05M,0.6660,6.556334e-02,4.615271e-02
light,Γ+0.05M,0.6700,6.484296e-02,4.632400e-02
light,Γ+0.05M,0.6740,6.413785e-02,4.652821e-02
light,Γ+0.05M,0.6780,6.344765e-02,4.677306e-02
light,Γ+0.05M,0.6820,6.277202e-02,4.707276e-02
light,Γ+0.05M,0.6860,6.211054e-02,4.745010e-02
light,Γ+0.05M,0.6900,6.146301e-02,4.792412e-02
light,Γ+0.05M,0.6940,6.082893e-02,4.848025e-02
light,Γ+0.05M,0.6980,6.020820e-02,4.908088e-02
light,Γ+0.05M,0.7020,5.960030e-02,4.970347e-02
light,Γ+0.05M,0.7060,5.900518e-02,5.034334e-02
light,Γ+0.05M,0.7100,5.842234e-02,5.100305e-02
light,Γ+0.05M,0.7140,5.785173e-02,5.168698e-02
light,Γ+0.05M,0.7180,5.729293e-02,5.239957e-02
light,Γ+0.05M,0.7220,5.674582e-02,5.314498e-02
light,Γ+0.05M,0.7260,5.621010e-02,5.392707e-02
light,Γ+0.05M,0.7300,5.568558e-02,5.474952e-02
light,Γ+0.05M,0.7340,5.517208e-02,5.561588e-02
light,Γ+0.05M,0.7380,5.466932e-02,5.652966e-02
light,Γ+0.05M,0.7420,5.417723e-02,5.749441e-02
light,Γ+0.05M,0.7460,5.369548e-02,5.851377e-02
light,Γ+0.05M,0.7500,5.322406e-02,5.959147e-02
light,Γ+0.05M,0.7540,5.276266e-02,6.073144e-02
light,Γ+0.05M,0.7580,5.231127e-02,6.193782e-02
light,Γ+0.05M,0.7620,5.186963e-02,6.321498e-02
light,Γ+0.05M,0.7660,5.143767e-02,6.456756e-02
light,Γ+0.05M,0.7700,5.101528e-02,6.600054e-02
light,Γ+0.05M,0.7740,5.060228e-02,6.751925e-02
light,Γ+0.05M,0.7780,5.019869e-02,6.912941e-02
light,Γ+0.05M,0.7820,4.980428e-02,7.083719e-02
light,Γ+0.05M,0.7860,4.941911e-02,7.264926e-02
light,Γ+0.05M,0.7900,4.904302e-02,7.457283e-02
light,Γ+0.05M,0.7940,4.867603e-02,7.661571e-02
light,Γ+0.05M,0.7980,4.831810e-02,7.878640e-02
light,Γ+0.05M,0.8020,4.796918e-02,8.109414e-02
light,Γ+0.05M,0.8060,4.762939e-02,8.354900e-02
light,Γ+0.05M,0.8100,4.729865e-02,8.616199e-02
light,Γ+0.05M,0.8140,4.697714e-02,8.894513e-02
light,Γ+0.05M,0.8180,4.666491e-02,9.191161e-02
light,Γ+0.05M,0.8220,4.636213e-02,9.507591e-02
light,Γ+0.05M,0.8260,4.606907e-02,9.845393e-02
light,Γ+0.05M,0.8300,4.578590e-02,1.020632e-01
light,Γ+0.05M,0.8340,4.551312e-02,1.059231e-01
light,Γ+0.05M,0.8380,4.525110e-02,1.100550e-01
light,Γ+0.05M,0.8420,4.500049e-02,1.144827e-01
light,Γ+0.05M,0.8460,4.476211e-02,1.192325e-01
light,Γ+0.05M,0.8500,4.453688e-02,1.243337e-01
light,Γ+0.05M,0.8540,4.432613e-02,1.298191e-01
light,Γ+0.05M,0.8580,4.413123e-02,1.357252e-01
light,Γ+0.05M,0.8620,4.395368e-02,1.420932e-01
light,Γ+0.05M,0.8660,4.379406e-02,1.489691e-01
light,Γ+0.05M,0.8700,4.364887e-02,1.564050e-01
light,Γ+0.05M,0.8740,4.350087e-02,1.644596e-01
light,Γ+0.05M,0.8780,4.329377e-02,1.731997e-01
light,Γ+0.05M,0.8820,4.291572e-02,1.827010e-01
light,Γ+0.05M,0.8860,4.232451e-02,1.930501e-01
light,Γ+0.05M,0.8900,4.167542e-02,2.043461e-01
light,Γ+0.05M,0.8940,4.110711e-02,2.167031e-01
light,Γ+0.05M,0.8980,4.063987e-02,2.302525e-01
light,Γ+0.05M,0.9020,4.025148e-02,2.451466e-01
light,Γ+0.05M,0.9060,3.991939e-02,2.615631e-01
light,Γ+0.05M,0.9100,3.962773e-02,2.797093e-01
light,Γ+0.05M,0.9140,3.936607e-02,2.998290e-01
light,Γ+0.05M,0.9180,3.912765e-02,3.222103e-01
light,Γ+0.05M,0.9220,3.890792e-02,3.471955e-01
light,Γ+0.05M,0.9260,3.870372e-02,3.751936e-01
light,Γ+0.05M,0.9300,3.851288e-02,4.066969e-01
light,Γ+0.05M,0.9340,3.833379e-02,4.423013e-01
light,Γ+0.05M,0.9380,3.816526e-02,4.827345e-01
light,Γ+0.05M,0.9420,3.800643e-02,5.288913e-01
light,Γ+0.05M,0.9460,3.785660e-02,5.818824e-01
light,Γ+0.05M,0.9500,3.771523e-02,6.430988e-01
light,Γ+0.05M,0.9540,3.758193e-02,7.143010e-01
light,Γ+0.05M,0.9580,3.745636e-02,7.977417e-01
light,Γ+0.05M,0.9620,3.733825e-02,8.963388e-01
light,Γ+0.05M,0.9660,3.722740e-02,1.013923e+00
light,Γ+0.05M,0.9700,3.712365e-02,1.155595e+00
light,Γ+0.05M,0.9740,3.702684e-02,1.328263e+00
light,Γ+0.05M,0.9780,3.693688e-02,1.541442e+00
light,Γ+0.05M,0.9820,3.685369e-02,1.808506e+00
light,Γ+0.05M,0.9860,3.677720e-02,2.148653e+00
light,Γ+0.05M,0.9900,3.670735e-02,2.590099e+00
light,Γ+0.05M,0.9940,3.664413e-02,3.175369e+00
light,Γ+0.05M,0.9980,3.658752e-02,3.970202e+00
light,Γ+0.05M,1.0020,3.653749e-02,5.078659e+00
light,Γ+0.05M,1.0060,3.649405e-02,6.667854e+00
light,Γ+0.05M,1.0100,3.645723e-02,9.002697e+00
light,Γ+0.05M,1.0140,3.642704e-02,1.246364e+01
light,Γ+0.05M,1.0180,3.640350e-02,1.738845e+01
light,Γ+0.05M,1.0220,3.638666e-02,2.321162e+01
light,Γ+0.05M,1.0260,3.637656e-02,2.676654e+01
light,Γ+0.05M,1.0300,3.637325e-02,2.428385e+01
light,Γ+0.05M,1.0340,3.637678e-02,1.796511e+01
light,Γ+0.05M,1.0380,3.638724e-02,1.227772e+01
light,Γ+0.05M,1.0420,3.640469e-02,8.442688e+00
light,Γ+0.05M,1.0460,3.642920e-02,6.012867e+00
light,Γ+0.05M,1.0500,3.646087e-02,4.450231e+00
light,Γ+0.05M,1.0540,3.649978e-02,3.408850e+00
light,Γ+0.05M,1.0580,3.654604e-02,2.688154e+00
light,Γ+0.05M,1.0620,3.659975e-02,2.171895e+00
light,Γ+0.05M,1.0660,3.666103e-02,1.790776e+00
light,Γ+0.05M,1.0700,3.672999e-02,1.502026e+00
light,Γ+0.05M,1.0740,3.680677e-02,1.278315e+00
light,Γ+0.05M,1.0780,3.689150e-02,1.101614e+00
light,Γ+0.05M,1.0820,3.698432e-02,9.596821e-01
light,Γ+0.05M,1.0860,3.708538e-02,8.439916e-01
light,Γ+0.05M,1.0900,3.719484e-02,7.484634e-01
light,Γ+0.05M,1.0940,3.731287e-02,6.686744e-01
light,Γ+0.05M,1.0980,3.743965e-02,6.013474e-01
light,Γ+0.05M,1.1020,3.757536e-02,5.440135e-01
light,Γ+0.05M,1.1060,3.772019e-02,4.947850e-01
light,Γ+0.05M,1.1100,3.787434e-02,4.521995e-01
light,Γ+0.05M,1.1140,3.803804e-02,4.151098e-01
light,Γ+0.05M,1.1180,3.821151e-02,3.826059e-01
light,Γ+0.05M,1.1220,3.839498e-02,3.539590e-01
light,Γ+0.05M,1.1260,3.858869e-02,3.285794e-01
light,Γ+0.05M,1.1300,3.879292e-02,3.059863e-01
light,Γ+0.05M,1.1340,3.900792e-02,2.857841e-01
light,Γ+0.05M,1.1380,3.923399e-02,2.676454e-01
light,Γ+0.05M,1.1420,3.947142e-02,2.512970e-01
light,Γ+0.05M,1.1460,3.972052e-02,2.365096e-01
light,Γ+0.05M,1.1500,3.998162e-02,2.230898e-01
light,Γ+0.05M,1.1540,4.025507e-02,2.108731e-01
light,Γ+0.05M,1.1580,4.054122e-02,1.997195e-01
light,Γ+0.05M,1.1620,4.084046e-02,1.895085e-01
light,Γ+0.05M,1.1660,4.115317e-02,1.801366e-01
light,Γ+0.05M,1.1700,4.147977e-02,1.715142e-01
light,Γ+0.05M,1.1740,4.182070e-02,1.635635e-01
light,Γ+0.05M,1.1780,4.217641e-02,1.562164e-01
light,Γ+0.05M,1.1820,4.254738e-02,1.494137e-01
light,Γ+0.05M,1.1860,4.293412e-02,1.431030e-01
light,Γ+0.05M,1.1900,4.333715e-02,1.372385e-01
light,Γ+0.05M,1.1940,4.375702e-02,1.317795e-01
light,Γ+0.05M,1.1980,4.419433e-02,1.266901e-01
light,Γ+0.05M,1.2020,4.464968e-02,1.219381e-01
light,Γ+0.05M,1.2060,4.512371e-02,1.174952e-01
light,Γ+0.05M,1.2100,4.561711e-02,1.133358e-01
light,Γ+0.05M,1.2140,4.613058e-02,1.094372e-01
light,Γ+0.05M,1.2180,4.666489e-02,1.057790e-01
light,Γ+0.05M,1.2220,4.722082e-02,1.023429e-01
light,Γ+0.05M,1.2260,4.779921e-02,9.911221e-02
light,Γ+0.05M,1.2300,4.840095e-02,9.607216e-02
light,Γ+0.05M,1.2340,4.902696e-02,9.320927e-02
light,Γ+0.05M,1.2380,4.967823e-02,9.051140e-02
light,Γ+0.05M,1.2420,5.035581e-02,8.796755e-02
light,Γ+0.05M,1.2460,5.106081e-02,8.556777e-02
light,Γ+0.05M,1.2500,5.179439e-02,8.330303e-02
light,Γ+0.05M,1.2540,5.255781e-02,8.116516e-02
light,Γ+0.05M,1.2580,5.335239e-02,7.914676e-02
light,Γ+0.05M,1.2620,5.417955e-02,7.724113e-02
light,Γ+0.05M,1.2660,5.504081e-02,7.544220e-02
light,Γ+0.05M,1.2700,5.593779e-02,7.374451e-02
light,Γ+0.05M,1.2740,5.687223e-02,7.214313e-02
light,Γ+0.05M,1.2780,5.784601e-02,7.063364e-02
light,Γ+0.05M,1.2820,5.886118e-02,6.921208e-02
light,Γ+0.05M,1.2860,5.991996e-02,6.787498e-02
light,Γ+0.05M,1.2900,6.102477e-02,6.661924e-02
light,Γ+0.05M,1.2940,6.217833e-02,6.544220e-02
light,Γ+0.05M,1.2980,6.338364e-02,6.434159e-02
light,Γ+0.05M,1.3020,6.464412e-02,6.331552e-02
light,Γ+0.05M,1.3060,6.596371e-02,6.236248e-02
light,Γ+0.05M,1.3100,6.734704e-02,6.148133e-02
light,Γ+0.05M,1.3140,6.879971e-02,6.067134e-02
light,Γ+0.05M,1.3180,7.032871e-02,5.993215e-02
light,Γ+0.05M,1.3220,7.194318e-02,5.926384e-02
light,Γ+0.05M,1.3260,7.365557e-02,5.866689e-02
light,Γ+0.05M,1.3300,7.548396e-02,5.814227e-02
light,Γ+0.05M,1.3340,7.745597e-02,5.769142e-02
light,Γ+0.05M,1.3380,7.961554e-02,5.731636e-02
light,Γ+0.05M,1.3420,8.202970e-02,5.701969e-02
light,Γ+0.05M,1.3460,8.477254e-02,5.680468e-02
light,Γ+0.05M,1.3500,8.783849e-02,5.667537e-02
light,Γ+0.05M,1.3540,9.105045e-02,5.663665e-02
light,Γ+0.05M,1.3580,9.395915e-02,5.669441e-02
light,Γ+0.05M,1.3620,9.578137e-02,7.744537e-02
light,Γ+0.05M,1.3660,9.590692e-02,8.019700e-02
light,Γ+0.05M,1.3700,9.595064e-02,8.347708e-02
light,Γ+0.05M,1.3740,9.678304e-02,8.738578e-02
light,Γ+0.05M,1.3780,9.834835e-02,9.204975e-02
light,Γ+0.05M,1.3820,1.004285e-01,9.763081e-02
light,Γ+0.05M,1.3860,1.028918e-01,1.043381e-01
light,Γ+0.05M,1.3900,1.056662e-01,1.124452e-01
light,Γ+0.05M,1.3940,1.087088e-01,1.223155e-01
light,Γ+0.05M,1.3980,1.119976e-01,1.344391e-01
light,Γ+0.05M,1.4020,1.155242e-01,1.494885e-01
light,Γ+0.05M,1.4060,1.192890e-01,1.684054e-01
light,Γ+0.05M,1.4100,1.232984e-01,1.925374e-01
light,Γ+0.05M,1.4140,1.275633e-01,2.238619e-01
light,Γ+0.05M,1.4180,1.320975e-01,2.653619e-01
light,Γ+0.05M,1.4220,1.369182e-01,3.216791e-01
light,Γ+0.05M,1.4260,1.420452e-01,4.002860e-01
light,Γ+0.05M,1.4300,1.475009e-01,5.136470e-01
light,Γ+0.05M,1.4340,1.533108e-01,6.832450e-01
light,Γ+0.05M,1.4380,1.595034e-01,9.467290e-01
light,Γ+0.05M,1.4420,1.661105e-01,1.367373e+00
light,Γ+0.05M,1.4460,1.731677e-01,2.025320e+00
light,Γ+0.05M,1.4500,1.807146e-01,2.882744e+00
light,Γ+0.05M,1.4540,1.887958e-01,3.418714e+00
light,Γ+0.05M,1.4580,1.974609e-01,3.023131e+00
light,Γ+0.05M,1.4620,2.067656e-01,2.171803e+00
light,Γ+0.05M,1.4660,2.167728e-01,1.472912e+00
light,Γ+0.05M,1.4700,2.275530e-01,1.017773e+00
light,Γ+0.05M,1.4740,2.391861e-01,7.316998e-01
light,Γ+0.05M,1.4780,2.517626e-01,5.476250e-01
light,Γ+0.05M,1.4820,2.653854e-01,4.246435e-01
light,Γ+0.05M,1.4860,2.801717e-01,3.393104e-01
light,Γ+0.05M,1.4900,2.962561e-01,2.780420e-01
light,Γ+0.05M,1.4940,3.137927e-01,2.327194e-01
light,Γ+0.05M,1.4980,3.329597e-01,1.983164e-01
light,Γ+0.05M,1.5020,3.539634e-01,1.716127e-01
light,Γ+0.05M,1.5060,3.770441e-01,1.504792e-01
light,Γ+0.05M,1.5100,4.024830e-01,1.334682e-01
light,Γ+0.05M,1.5140,4.306115e-01,1.195698e-01
light,Γ+0.05M,1.5180,4.618219e-01,1.080634e-01
light,Γ+0.05M,1.5220,4.965829e-01,9.842464e-02
light,Γ+0.05M,1.5260,5.354594e-01,9.026478e-02
light,Γ+0.05M,1.5300,5.791392e-01,8.329095e-02
light,Γ+0.05M,1.5340,6.284719e-01,7.727922e-02
light,Γ+0.05M,1.5380,6.845228e-01,7.205613e-02
light,Γ+0.05M,1.5420,7.486423e-01,6.748564e-02
light,Γ+0.05M,1.5460,8.225024e-01,6.345987e-02
light,Γ+0.05M,1.5500,9.093149e-01,1.411963e-01
light,Γ+0.05M,1.5540,1.008371e+00,1.251746e-01
light,Γ+0.05M,1.5580,1.123406e+00,1.120787e-01
light,Γ+0.05M,1.5620,1.258004e+00,1.012336e-01
light,Γ+0.05M,1.5660,1.417039e+00,9.214742e-02
light,Γ+0.05M,1.5700,1.606969e+00,8.445507e-02
light,Γ+0.05M,1.5740,1.836423e+00,7.788126e-02
light,Γ+0.05M,1.5780,2.117155e+00,7.221530e-02
light,Γ+0.05M,1.5820,2.465506e+00,6.729384e-02
light,Γ+0.05M,1.5860,2.904712e+00,6.298867e-02
light,Γ+0.05M,1.5900,3.468635e+00,5.919809e-02
light,Γ+0.05M,1.5940,4.207994e+00,5.584055e-02
light,Γ+0.05M,1.5980,5.201102e+00,5.285012e-02
light,Γ+0.05M,1.6020,6.572956e+00,5.017297e-02
light,Γ+0.05M,1.6060,8.530147e+00,4.776485e-02
light,Γ+0.05M,1.6100,1.142540e+01,4.558911e-02
light,Γ+0.05M,1.6140,1.587200e+01,4.361516e-02
light,Γ+0.05M,1.6180,2.290041e+01,4.181735e-02
light,Γ+0.05M,1.6220,3.387144e+01,4.017399e-02
light,Γ+0.05M,1.6260,4.858315e+01,3.866669e-02
light,Γ+0.05M,1.6300,5.951859e+01,3.727972e-02
light,Γ+0.05M,1.6340,5.555020e+01,3.599962e-02
light,Γ+0.05M,1.6380,4.174822e+01,3.481477e-02
light,Γ+0.05M,1.6420,2.899267e+01,3.371512e-02
light,Γ+0.05M,1.6460,2.019344e+01,3.269192e-02
light,Γ+0.05M,1.6500,1.449640e+01,3.173756e-02
light,Γ+0.05M,1.6540,1.077151e+01,3.084536e-02
light,Γ+0.05M,1.6580,8.260276e+00,3.000944e-02
light,Γ+0.05M,1.6620,6.508635e+00,2.922463e-02
light,Γ+0.05M,1.6660,5.247294e+00,2.848635e-02
light,Γ+0.05M,1.6700,4.313260e+00,2.779054e-02
light,Γ+0.05M,1.6740,3.605272e+00,2.713358e-02
light,Γ+0.05M,1.6780,3.058755e+00,2.651224e-02
light,Γ+0.05M,1.6820,2.630415e+00,2.592363e-02
light,Γ+0.05M,1.6860,2.288984e+00,2.536517e-02
light,Γ+0.05M,1.6900,2.011929e+00,2.483451e-02
light,Γ+0.05M,1.6940,1.783524e+00,2.432956e-02
light,Γ+0.05M,1.6980,1.592521e+00,2.384842e-02
light,Γ+0.05M,1.7020,1.430416e+00,2.338938e-02
light,Γ+0.05M,1.7060,1.290317e+00,2.295086e-02
light,Γ+0.05M,1.7100,1.166649e+00,2.253146e-02
light,Γ+0.05M,1.7140,1.056659e+00,2.212987e-02
light,Γ+0.05M,1.7180,9.613582e-01,2.174493e-02
light,Γ+0.05M,1.7220,8.813399e-01,2.137556e-02
light,Γ+0.05M,1.7260,8.138800e-01,2.102076e-02
light,Γ+0.05M,1.7300,7.552933e-01,2.067962e-02
light,Γ+0.05M,1.7340,7.029864e-01,2.035133e-02
light,Γ+0.05M,1.7380,6.558313e-01,2.003511e-02
light,Γ+0.05M,1.7420,6.134684e-01,1.973026e-02
light,Γ+0.05M,1.7460,5.753967e-01,1.943611e-02
light,Γ+0.05M,1.7500,5.409939e-01,1.915208e-02
light,Γ+0.05M,1.7540,5.097381e-01,1.887760e-02
light,Γ+0.05M,1.7580,4.812219e-01,1.861216e-02
light,Γ+0.05M,1.7620,4.551162e-01,1.835527e-02
light,Γ+0.05M,1.7660,4.311459e-01,1.810649e-02
light,Γ+0.05M,1.7700,4.090756e-01,1.786540e-02
light,Γ+0.05M,1.7740,3.887021e-01,1.763162e-02
light,Γ+0.05M,1.7780,3.698482e-01,1.740478e-02
light,Γ+0.05M,1.7820,3.523586e-01,1.718456e-02
light,Γ+0.05M,1.7860,3.360967e-01,1.697062e-02
light,Γ+0.05M,1.7900,3.209420e-01,1.676269e-02
light,Γ+0.05M,1.7940,3.067874e-01,1.656047e-02
light,Γ+0.05M,1.7980,2.935378e-01,1.636372e-02
light,Γ+0.05M,1.8020,2.811078e-01,1.617219e-02
light,Γ+0.05M,1.8060,2.694210e-01,1.598565e-02
light,Γ+0.05M,1.8100,2.584082e-01,1.580389e-02
light,Γ+0.05M,1.8140,2.480064e-01,1.562670e-02
light,Γ+0.05M,1.8180,2.381577e-01,1.545390e-02
light,Γ+0.05M,1.8220,2.288086e-01,1.528530e-02
light,Γ+0.05M,1.8260,2.199082e-01,1.512073e-02
light,Γ+0.05M,1.8300,2.114078e-01,1.496004e-02
light,Γ+0.05M,1.8340,2.032588e-01,1.480306e-02
light,Γ+0.05M,1.8380,1.954111e-01,1.464967e-02
light,Γ+0.05M,1.8420,1.878106e-01,1.449972e-02
light,Γ+0.05M,1.8460,1.803956e-01,1.435309e-02
light,Γ+0.05M,1.8500,1.730943e-01,1.420964e-02
light,Γ+0.05M,1.8540,1.658311e-01,1.406927e-02
light,Γ+0.05M,1.8580,1.585741e-01,1.393187e-02
light,Γ+0.05M,1.8620,1.514723e-01,1.379733e-02
light,Γ+0.05M,1.8660,1.449906e-01,1.317953e-02
light,Γ+0.05M,1.8700,1.391968e-01,1.306486e-02
light,Γ+0.05M,1.8740,1.341118e-01,1.295219e-02
light,Γ+0.05M,1.8780,1.295606e-01,1.284147e-02
light,Γ+0.05M,1.8820,1.254071e-01,1.273263e-02
light,Γ+0.05M,1.8860,1.215627e-01,1.262563e-02
light,Γ+0.05M,1.8900,1.179703e-01,1.252041e-02
light,Γ+0.05M,1.8940,1.145911e-01,1.241693e-02
light,Γ+0.05M,1.8980,1.113977e-01,1.231514e-02
light,Γ+0.05M,1.9020,1.083694e-01,1.221500e-02
light,Γ+0.05M,1.9060,1.054900e-01,1.211645e-02
light,Γ+0.05M,1.9100,1.027465e-01,1.201947e-02
light,Γ+0.05M,1.9140,1.001280e-01,1.192400e-02
light,Γ+0.05M,1.9180,9.762519e-02,1.183002e-02
light,Γ+0.05M,1.9220,9.522988e-02,1.173747e-02
light,Γ+0.05M,1.9260,9.293498e-02,1.164634e-02
light,Γ+0.05M,1.9300,9.073412e-02,1.155658e-02
light,Γ+0.05M,1.9340,8.862155e-02,1.146815e-02
light,Γ+0.05M,1.9380,8.659210e-02,1.138103e-02
light,Γ+0.05M,1.9420,8.464100e-02,1.129519e-02
light,Γ+0.05M,1.9460,8.276392e-02,1.121060e-02
light,Γ+0.05M,1.9500,8.095684e-02,1.112721e-02
light,Γ+0.05M,1.9540,7.921607e-02,1.104502e-02
light,Γ+0.05M,1.9580,7.753818e-02,1.096399e-02
light,Γ+0.05M,1.9620,7.591997e-02,1.088409e-02
light,Γ+0.05M,1.9660,7.435849e-02,1.080530e-02
light,Γ+0.05M,1.9700,7.285096e-02,1.072760e-02
light,Γ+0.05M,1.9740,7.139478e-02,1.065095e-02
light,Γ+0.05M,1.9780,6.998753e-02,1.057534e-02
light,Γ+0.05M,1.9820,6.862694e-02,1.050074e-02
light,Γ+0.05M,1.9860,6.731086e-02,1.042714e-02
light,Γ+0.05M,1.9900,6.603729e-02,1.035451e-02
light,Γ+0.05M,1.9940,6.480434e-02,1.028283e-02
light,Γ+0.05M,1.9980,6.361021e-02,1.021208e-02
light,Γ+0.05M,2.0020,6.245322e-02,1.014224e-02
light,Γ+0.05M,2.0060,6.133179e-02,1.007330e-02
light,Γ+0.05M,2.0100,6.024442e-02,1.000522e-02
light,Γ+0.05M,2.0140,5.918968e-02,9.938011e-03
light,Γ+0.05M,2.0180,5.816623e-02,9.871637e-03
light,Γ+0.05M,2.0220,5.717279e-02,9.806086e-03
light,Γ+0.05M,2.0260,5.620815e-02,9.741343e-03
light,Γ+0.05M,2.0300,5.527118e-02,9.677390e-03
light,Γ+0.05M,2.0340,5.436077e-02,9.614213e-03
light,Γ+0.05M,2.0380,5.347590e-02,9.551797e-03
light,Γ+0.05M,2.0420,5.261558e-02,9.490128e-03
light,Γ+0.05M,2.0460,5.177889e-02,9.429191e-03
light,Γ+0.05M,2.0500,5.096492e-02,9.368973e-03
light,Γ+0.05M,2.0540,5.017283e-02,9.309460e-03
light,Γ+0.05M,2.0580,4.940182e-02,9.250640e-03
light,Γ+0.05M,2.0620,4.865111e-02,9.192499e-03
light,Γ+0.05M,2.0660,4.791997e-02,9.135025e-03
light,Γ+0.05M,2.0700,4.720771e-02,9.078206e-03
light,Γ+0.05M,2.0740,4.651364e-02,9.022031e-03
light,Γ+0.05M,2.0780,4.583715e-02,8.966488e-03
light,Γ+0.05M,2.0820,4.517760e-02,8.911566e-03
light,Γ+0.05M,2.0860,4.453442e-02,8.857253e-03
light,Γ+0.05M,2.0900,4.390706e-02,8.803541e-03
light,Γ+0.05M,2.0940,4.329498e-02,8.750417e-03
light,Γ+0.05M,2.0980,4.269766e-02,8.697872e-03
light,Γ+0.05M,2.1020,4.211463e-02,8.645897e-03
light,Γ+0.05M,2.1060,4.154540e-02,8.594481e-03
light,Γ+0.05M,2.1100,4.098953e-02,8.543615e-03
light,Γ+0.05M,2.1140,4.044659e-02,8.493290e-03
light,Γ+0.05M,2.1180,3.991617e-02,8.443497e-03
light,Γ+0.05M,2.1220,3.939787e-02,8.394227e-03
light,Γ+0.05M,2.1260,3.889131e-02,8.345472e-03
light,Γ+0.05M,2.1300,3.839612e-02,8.297223e-03
light,Γ+0.05M,2.1340,3.791196e-02,8.249473e-03
light,Γ+0.05M,2.1380,3.743848e-02,8.202213e-03
light,Γ+0.05M,2.1420,3.697537e-02,8.155435e-03
light,Γ+0.05M,2.1460,3.652230e-02,8.109133e-03
light,Γ+0.05M,2.1500,3.607899e-02,8.063297e-03
light,Γ+0.05M,2.1540,3.564514e-02,8.017922e-03
light,Γ+0.05M,2.1580,3.522047e-02,7.973000e-03
light,Γ+0.05M,2.1620,3.480473e-02,7.928523e-03
light,Γ+0.05M,2.1660,3.439764e-02,7.884486e-03
light,Γ+0.05M,2.1700,3.399897e-02,7.840882e-03
light,Γ+0.05M,2.1740,3.360847e-02,7.797703e-03
light,Γ+0.05M,2.1780,3.322592e-02,7.754944e-03
light,Γ+0.05M,2.1820,3.285109e-02,7.712598e-03
light,Γ+0.05M,2.1860,3.248377e-02,7.670659e-03
light,Γ+0.05M,2.1900,3.212375e-02,7.629122e-03
light,Γ+0.05M,2.1940,3.177084e-02,7.587980e-03
light,Γ+0.05M,2.1980,3.142484e-02,7.547227e-03
light,Γ+0.05M,2.2020,3.108556e-02,7.506858e-03
light,Γ+0.05M,2.2060,3.075283e-02,7.466868e-03
light,Γ+0.05M,2.2100,3.042648e-02,7.427250e-03
light,Γ+0.05M,2.2140,3.010633e-02,7.388000e-03
light,Γ+0.05M,2.2180,2.979223e-02,7.349113e-03
light,Γ+0.05M,2.2220,2.948402e-02,7.310582e-03
light,Γ+0.05M,2.2260,2.918155e-02,7.272404e-03
light,Γ+0.05M,2.2300,2.888467e-02,7.234574e-03
light,Γ+0.05M,2.2340,2.859325e-02,7.197086e-03
light,Γ+0.05M,2.2380,2.830714e-02,7.159936e-03
light,Γ+0.05M,2.2420,2.802622e-02,7.123119e-03
light,Γ+0.05M,2.2460,2.775035e-02,7.086630e-03
light,Γ+0.05M,2.2500,2.747941e-02,7.050466e-03
light,Γ+0.05M,2.2540,2.721329e-02,7.014622e-03
light,Γ+0.05M,2.2580,2.695186e-02,6.979093e-03
light,Γ+0.05M,2.2620,2.669502e-02,6.943876e-03
light,Γ+0.05M,2.2660,2.644265e-02,6.908966e-03
light,Γ+0.05M,2.2700,2.619466e-02,6.874359e-03
light,Γ+0.05M,2.2740,2.595093e-02,6.840051e-03
light,Γ+0.05M,2.2780,2.571137e-02,6.806039e-03
light,Γ+0.05M,2.2820,2.547589e-02,6.772317e-03
light,Γ+0.05M,2.2860,2.524439e-02,6.738884e-03
light,Γ+0.05M,2.2900,2.501677e-02,6.705734e-03
light,Γ+0.05M,2.2940,2.479296e-02,6.672865e-03
light,Γ+0.05M,2.2980,2.457287e-02,6.640273e-03
light,Γ+0.05M,2.3020,2.435641e-02,6.607954e-03
light,Γ+0.05M,2.3060,2.414351e-02,6.575904e-03
light,Γ+0.05M,2.3100,2.393409e-02,6.544121e-03
light,Γ+0.05M,2.3140,2.372807e-02,6.512601e-03
light,Γ+0.05M,2.3180,2.352537e-02,6.481341e-03
light,Γ+0.05M,2.3220,2.332594e-02,6.450337e-03
light,Γ+0.05M,2.3260,2.312970e-02,6.419587e-03
light,Γ+0.05M,2.3300,2.293658e-02,6.389087e-03
light,Γ+0.05M,2.3340,2.274651e-02,6.358835e-03
light,Γ+0.05M,2.3380,2.255944e-02,6.328826e-03
light,Γ+0.05M,2.3420,2.237531e-02,6.299059e-03
light,Γ+0.05M,2.3460,2.219405e-02,6.269530e-03
light,Γ+0.05M,2.3500,2.201560e-02,6.240237e-03
light,Γ+0.05M,2.3540,2.183992e-02,6.211177e-03
light,Γ+0.05M,2.3580,2.166693e-02,6.182346e-03
light,Γ+0.05M,2.3620,2.149660e-02,6.153743e-03
light,Γ+0.05M,2.3660,2.132887e-02,6.125364e-03
light,Γ+0.05M,2.3700,2.116369e-02,6.097207e-03
light,Γ+0.05M,2.3740,2.100101e-02,6.069270e-03
light,Γ+0.05M,2.3780,2.084079e-02,6.041549e-03
light,Γ+0.05M,2.3820,2.068297e-02,6.014043e-03
light,Γ+0.05M,2.3860,2.052751e-02,5.986749e-03
light,Γ+0.05M,2.3900,2.037437e-02,5.959663e-03
light,Γ+0.05M,2.3940,2.022351e-02,5.932785e-03
light,Γ+0.05M,2.3980,2.007488e-02,5.906112e-03
light,Γ+0.05M,2.4020,1.992845e-02,5.879641e-03
light,Γ+0.05M,2.4060,1.978417e-02,5.853370e-03
light,Γ+0.05M,2.4100,1.964202e-02,5.827296e-03
light,Γ+0.05M,2.4140,1.950194e-02,5.801419e-03
light,Γ+0.05M,2.4180,1.936391e-02,5.775735e-03
light,Γ+0.05M,2.4220,1.922788e-02,5.750242e-03
light,Γ+0.05M,2.4260,1.909384e-02,5.724938e-03
light,Γ+0.05M,2.4300,1.896173e-02,5.699821e-03
light,Γ+0.05M,2.4340,1.883154e-02,5.674890e-03
light,Γ+0.05M,2.4380,1.870323e-02,5.650141e-03
light,Γ+0.05M,2.4420,1.857677e-02,5.625573e-03
light,Γ+0.05M,2.4460,1.845213e-02,5.601185e-03
light,Γ+0.05M,2.4500,1.832928e-02,5.576974e-03
light,Γ+0.05M,2.4540,1.820819e-02,5.552938e-03
light,Γ+0.05M,2.4580,1.808884e-02,5.529075e-03
light,Γ+0.05M,2.4620,1.797120e-02,5.505384e-03
light,Γ+0.05M,2.4660,1.785525e-02,5.481862e-03
light,Γ+0.05M,2.4700,1.774095e-02,5.458509e-03
light,Γ+0.05M,2.4740,1.762830e-02,5.435321e-03
light,Γ+0.05M,2.4780,1.751725e-02,5.412298e-03
light,Γ+0.05M,2.4820,1.740780e-02,5.389438e-03
light,Γ+0.05M,2.4860,1.729992e-02,5.366739e-03
light,Γ+0.05M,2.4900,1.719358e-02,5.344199e-03
light,Γ+0.05M,2.4940,1.708877e-02,5.321816e-03
light,Γ+0.05M,2.4980,1.698547e-02,5.299590e-03
light,Γ+0.05M,2.5020,1.688365e-02,5.277518e-03
light,Γ+0.05M,2.5060,1.678331e-02,5.255600e-03
light,Γ+0.05M,2.5100,1.668441e-02,5.233832e-03
light,Γ+0.05M,2.5140,1.658695e-02,5.212214e-03
light,Γ+0.05M,2.5180,1.649091e-02,5.190745e-03
light,Γ+0.05M,2.5220,1.639626e-02,5.169422e-03
light,Γ+0.05M,2.5260,1.630301e-02,5.148245e-03
light,Γ+0.05M,2.5300,1.621112e-02,5.127212e-03
light,Γ+0.05M,2.5340,1.612059e-02,5.106321e-03
light,Γ+0.05M,2.5380,1.603140e-02,5.085571e-03
light,Γ+0.05M,2.5420,1.594354e-02,5.064960e-03
light,Γ+0.05M,2.5460,1.585700e-02,5.044488e-03
light,Γ+0.05M,2.5500,1.577176e-02,5.024153e-03
light,Γ+0.05M,2.5540,1.568781e-02,5.003953e-03
light,Γ+0.05M,2.5580,1.560515e-02,4.983888e-03
light,Γ+0.05M,2.5620,1.552376e-02,4.963956e-03
light,Γ+0.05M,2.5660,1.544362e-02,4.944155e-03
light,Γ+0.05M,2.5700,1.536474e-02,4.924484e-03
light,Γ+0.05M,2.5740,1.528711e-02,4.904943e-03
light,Γ+0.05M,2.5780,1.521071e-02,4.885530e-03
light,Γ+0.05M,2.5820,1.513553e-02,4.866243e-03
light,Γ+0.05M,2.5860,1.506158e-02,4.847082e-03
light,Γ+0.05M,2.5900,1.498884e-02,4.828045e-03
light,Γ+0.05M,2.5940,1.491731e-02,4.809131e-03
light,Γ+0.05M,2.5980,1.484698e-02,4.790339e-03
light,Γ+0.05M,2.6020,1.477785e-02,4.771668e-03
light,Γ+0.05M,2.6060,1.470992e-02,4.753117e-03
light,Γ+0.05M,2.6100,1.464318e-02,4.734684e-03
light,Γ+0.05M,2.6140,1.457762e-02,4.716369e-03
light,Γ+0.05M,2.6180,1.451325e-02,4.698170e-03
light,Γ+0.05M,2.6220,1.445006e-02,4.680086e-03
light,Γ+0.05M,2.6260,1.438806e-02,4.662116e-03
light,Γ+0.05M,2.6300,1.432724e-02,4.644260e-03
light,Γ+0.05M,2.6340,1.426760e-02,4.626516e-03
light,Γ+0.05M,2.6380,1.420915e-02,4.608883e-03
light,Γ+0.05M,2.6420,1.415188e-02,4.591360e-03
light,Γ+0.05M,2.6460,1.409581e-02,4.573946e-03
light,Γ+0.05M,2.6500,1.404092e-02,4.556641e-03
light,Γ+0.05M,2.6540,1.398723e-02,4.539442e-03
light,Γ+0.05M,2.6580,1.393474e-02,4.522350e-03
light,Γ+0.05M,2.6620,1.388346e-02,4.505363e-03
light,Γ+0.05M,2.6660,1.383340e-02,4.488480e-03
light,Γ+0.05M,2.6700,1.378455e-02,4.471701e-03
light,Γ+0.05M,2.6740,1.373693e-02,4.455024e-03
light,Γ+0.05M,2.6780,1.369055e-02,4.438449e-03
light,Γ+0.05M,2.6820,1.364542e-02,4.421974e-03
light,Γ+0.05M,2.6860,1.360155e-02,4.405599e-03
light,Γ+0.05M,2.6900,1.355895e-02,4.389323e-03
light,Γ+0.05M,2.6940,1.351763e-02,4.373145e-03
light,Γ+0.05M,2.6980,1.347762e-02,4.357065e-03
light,Γ+0.05M,2.7020,1.343892e-02,4.341080e-03
light,Γ+0.05M,2.7060,1.340155e-02,4.325191e-03
light,Γ+0.05M,2.7100,1.336554e-02,4.309397e-03
light,Γ+0.05M,2.7140,1.333089e-02,4.293697e-03
light,Γ+0.05M,2.7180,1.329764e-02,4.278090e-03
light,Γ+0.05M,2.7220,1.326580e-02,4.262575e-03
light,Γ+0.05M,2.7260,1.323540e-02,4.247152e-03
light,Γ+0.05M,2.7300,1.320646e-02,4.231819e-03
light,Γ+0.05M,2.7340,1.317902e-02,4.216576e-03
light,Γ+0.05M,2.7380,1.315309e-02,4.201423e-03
light,Γ+0.05M,2.7420,1.312872e-02,4.186358e-03
light,Γ+0.05M,2.7460,1.310593e-02,4.171380e-03
light,Γ+0.05M,2.7500,1.308476e-02,4.156490e-03
light,Γ+0.05M,2.7540,1.306526e-02,4.141686e-03
light,Γ+0.05M,2.7580,1.304744e-02,4.126967e-03
light,Γ+0.05M,2.7620,1.303137e-02,4.112333e-03
light,Γ+0.05M,2.7660,1.301709e-02,4.097783e-03
light,Γ+0.05M,2.7700,1.300464e-02,4.083317e-03
light,Γ+0.05M,2.7740,1.299407e-02,4.068933e-03
light,Γ+0.05M,2.7780,1.298545e-02,4.054632e-03
light,Γ+0.05M,2.7820,1.297881e-02,4.040412e-03
light,Γ+0.05M,2.7860,1.297424e-02,4.026272e-03
light,Γ+0.05M,2.7900,1.297179e-02,4.012213e-03
light,Γ+0.05M,2.7940,1.297153e-02,3.998233e-03
light,Γ+0.05M,2.7980,1.297353e-02,3.984331e-03
light,Γ+0.05M,2.8020,1.297788e-02,3.970508e-03
light,Γ+0.05M,2.8060,1.298465e-02,3.956763e-03
light,Γ+0.05M,2.8100,1.299393e-02,3.943094e-03
light,Γ+0.05M,2.8140,1.300582e-02,3.929501e-03
light,Γ+0.05M,2.8180,1.302042e-02,3.915984e-03
light,Γ+0.05M,2.8220,1.303782e-02,3.902542e-03
light,Γ+0.05M,2.8260,1.305816e-02,3.889175e-03
light,Γ+0.05M,2.8300,1.308153e-02,3.875882e-03
light,Γ+0.05M,2.8340,1.310809e-02,3.862661e-03
light,Γ+0.05M,2.8380,1.313795e-02,3.849514e-03
light,Γ+0.05M,2.8420,1.317127e-02,3.836438e-03
light,Γ+0.05M,2.8460,1.320820e-02,3.823434e-03
light,Γ+0.05M,2.8500,1.324892e-02,3.810501e-03
light,Γ+0.05M,2.8540,1.329359e-02,3.797639e-03
light,Γ+0.05M,2.8580,1.334240e-02,3.784846e-03
light,Γ+0.05M,2.8620,1.339558e-02,3.772123e-03
light,Γ+0.05M,2.8660,1.345332e-02,3.759469e-03
light,Γ+0.05M,2.8700,1.351587e-02,3.746883e-03
light,Γ+0.05M,2.8740,1.358348e-02,3.734364e-03
light,Γ+0.05M,2.8780,1.365643e-02,3.721913e-03
light,Γ+0.05M,2.8820,1.373499e-02,3.709529e-03
light,Γ+0.05M,2.8860,1.381949e-02,3.697211e-03
light,Γ+0.05M,2.8900,1.391026e-02,3.684958e-03
light,Γ+0.05M,2.8940,1.400766e-02,3.672771e-03
light,Γ+0.05M,2.8980,1.411210e-02,3.660649e-03
light,Γ+0.05M,2.9020,1.422399e-02,3.648590e-03
light,Γ+0.05M,2.9060,1.434380e-02,3.636596e-03
light,Γ+0.05M,2.9100,1.447201e-02,3.624665e-03
light,Γ+0.05M,2.9140,1.460918e-02,3.612796e-03
light,Γ+0.05M,2.9180,1.475589e-02,3.600990e-03
light,Γ+0.05M,2.9220,1.491277e-02,3.589245e-03
light,Γ+0.05M,2.9260,1.508053e-02,3.577563e-03
light,Γ+0.05M,2.9300,1.525991e-02,3.565941e-03
light,Γ+0.05M,2.9340,1.545174e-02,3.554379e-03
light,Γ+0.05M,2.9380,1.565692e-02,3.542878e-03
light,Γ+0.05M,2.9420,1.587645e-02,3.531436e-03
light,Γ+0.05M,2.9460,1.611141e-02,3.520053e-03
light,Γ+0.05M,2.9500,1.636299e-02,3.508729e-03
light,Γ+0.05M,2.9540,1.663249e-02,3.497463e-03
light,Γ+0.05M,2.9580,1.692138e-02,3.486255e-03
light,Γ+0.05M,2.9620,1.723124e-02,3.475105e-03
light,Γ+0.05M,2.9660,1.756384e-02,3.464011e-03
light,Γ+0.05M,2.9700,1.792115e-02,3.452975e-03
light,Γ+0.05M,2.9740,1.830534e-02,3.441994e-03
light,Γ+0.05M,2.9780,1.871884e-02,3.431069e-03
light,Γ+0.05M,2.9820,1.916437e-02,3.420200e-03
light,Γ+0.05M,2.9860,1.964496e-02,3.409385e-03
light,Γ+0.05M,2.9900,2.016401e-02,3.398625e-03
light,Γ+0.05M,2.9940,2.072537e-02,3.387920e-03
light,Γ+0.05M,2.9980,2.133335e-02,3.377268e-03
light,Γ+0.05M,3.0020,2.199286e-02,3.366670e-03
light,Γ+0.05M,3.0060,2.270944e-02,3.356124e-03
light,Γ+0.05M,3.0100,2.348943e-02,3.345632e-03
light,Γ+0.05M,3.0140,2.434007e-02,3.335191e-03
light,Γ+0.05M,3.0180,2.526964e-02,3.324803e-03
light,Γ+0.05M,3.0220,2.628769e-02,3.314466e-03
light,Γ+0.05M,3.0260,2.740528e-02,3.304181e-03
light,Γ+0.05M,3.0300,2.863521e-02,3.293946e-03
light,Γ+0.05M,3.0340,2.999243e-02,3.283761e-03
light,Γ+0.05M,3.0380,3.149445e-02,3.273627e-03
light,Γ+0.05M,3.0420,3.316189e-02,3.263543e-03
light,Γ+0.05M,3.0460,3.501918e-02,3.253508e-03
light,Γ+0.05M,3.0500,3.709539e-02,3.243522e-03
light,Γ+0.05M,3.0540,3.942538e-02,3.233585e-03
light,Γ+0.05M,3.0580,4.205121e-02,3.223697e-03
light,Γ+0.05M,3.0620,4.502396e-02,3.213856e-03
light,Γ+0.05M,3.0660,4.840619e-02,3.204064e-03
light,Γ+0.05M,3.0700,5.227517e-02,3.194318e-03
light,Γ+0.05M,3.0740,5.672712e-02,3.184620e-03
light,Γ+0.05M,3.0780,6.188317e-02,3.174969e-03
light,Γ+0.05M,3.0820,6.789733e-02,3.165364e-03
light,Γ+0.05M,3.0860,7.496777e-02,3.155805e-03
light,Γ+0.05M,3.0900,8.335283e-02,3.146292e-03
light,Γ+0.05M,3.0940,9.339399e-02,3.136825e-03
light,Γ+0.05M,3.0980,1.055499e-01,3.127403e-03
light,Γ+0.05M,3.1020,1.204472e-01,3.118026e-03
light,Γ+0.05M,3.1060,1.389592e-01,3.108693e-03
light,Γ+0.05M,3.1100,1.623292e-01,3.099405e-03
light,Γ+0.05M,3.1140,1.923712e-01,3.090160e-03
light,Γ+0.05M,3.1180,2.318049e-01,3.080960e-03
light,Γ+0.05M,3.1220,2.848338e-01,3.071803e-03
light,Γ+0.05M,3.1260,3.581756e-01,3.062689e-03
light,Γ+0.05M,3.1300,4.629525e-01,3.053618e-03
light,Γ+0.05M,3.1340,6.182123e-01,3.044589e-03
light,Γ+0.05M,3.1380,8.572835e-01,3.035603e-03
light,Γ+0.05M,3.1420,1.237064e+00,3.026659e-03
light,Γ+0.05M,3.1460,1.836811e+00,3.017757e-03
light,Γ+0.05M,3.1500,2.663716e+00,3.008896e-03
light,Γ+0.05M,3.1540,3.314496e+00,3.000076e-03
light,Γ+0.05M,3.1580,3.093644e+00,2.991297e-03
light,Γ+0.05M,3.1620,2.274870e+00,2.982559e-03
light,Γ+0.05M,3.1660,1.538692e+00,2.973861e-03
light,Γ+0.05M,3.1700,1.049321e+00,2.965204e-03
light,Γ+0.05M,3.1740,7.422107e-01,2.956586e-03
light,Γ+0.05M,3.1780,5.461438e-01,2.948008e-03
light,Γ+0.05M,3.1820,4.163357e-01,2.939469e-03
light,Γ+0.05M,3.1860,3.270593e-01,2.930969e-03
light,Γ+0.05M,3.1900,2.634868e-01,2.922508e-03
light,Γ+0.05M,3.1940,2.168198e-01,2.914086e-03
light,Γ+0.05M,3.1980,1.816508e-01,2.905702e-03
light,Γ+0.05M,3.2020,1.545396e-01,2.897357e-03
light,Γ+0.05M,3.2060,1.332259e-01,2.889049e-03
light,Γ+0.05M,3.2100,1.161813e-01,2.880778e-03
light,Γ+0.05M,3.2140,1.023451e-01,2.872545e-03
light,Γ+0.05M,3.2180,9.096439e-02,2.864350e-03
light,Γ+0.05M,3.2220,8.149304e-02,2.856191e-03
light,Γ+0.05M,3.2260,7.352799e-02,2.848069e-03
light,Γ+0.05M,3.2300,6.676658e-02,2.839983e-03
light,Γ+0.05M,3.2340,6.097820e-02,2.831934e-03
light,Γ+0.05M,3.2380,5.598471e-02,2.823920e-03
light,Γ+0.05M,3.2420,5.164681e-02,2.815943e-03
light,Γ+0.05M,3.2460,4.785432e-02,2.808000e-03
light,Γ+0.05M,3.2500,4.451923e-02,2.800094e-03
light,Γ+0.05M,3.2540,4.157054e-02,2.792222e-03
light,Γ+0.05M,3.2580,3.895048e-02,2.784385e-03
light,Γ+0.05M,3.2620,3.661168e-02,2.776583e-03
light,Γ+0.05M,3.2660,3.451498e-02,2.768815e-03
light,Γ+0.05M,3.2700,3.262781e-02,2.761082e-03
light,Γ+0.05M,3.2740,3.092289e-02,2.753382e-03
light,Γ+0.05M,3.2780,2.937724e-02,2.745717e-03
light,Γ+0.05M,3.2820,2.797138e-02,2.738085e-03
light,Γ+0.05M,3.2860,2.668873e-02,2.730486e-03
light,Γ+0.05M,3.2900,2.551508e-02,2.722921e-03
light,Γ+0.05M,3.2940,2.443825e-02,2.715388e-03
light,Γ+0.05M,3.2980,2.344767e-02,2.707889e-03
light,Γ+0.05M,3.3020,2.253420e-02,2.700422e-03
light,Γ+0.05M,3.3060,2.168988e-02,2.692987e-03
light,Γ+0.05M,3.3100,2.090774e-02,2.685585e-03
light,Γ+0.05M,3.3140,2.018169e-02,2.678214e-03
light,Γ+0.05M,3.3180,1.950635e-02,2.670876e-03
light,Γ+0.05M,3.3220,1.887697e-02,2.663569e-03
light,Γ+0.05M,3.3260,1.828937e-02,2.656293e-03
light,Γ+0.05M,3.3300,1.773980e-02,2.649049e-03
light,Γ+0.05M,3.3340,1.722494e-02,2.641835e-03
light,Γ+0.05M,3.3380,1.674184e-02,2.634653e-03
light,Γ+0.05M,3.3420,1.628783e-02,2.627501e-03
light,Γ+0.05M,3.3460,1.586054e-02,2.620380e-03
light,Γ+0.05M,3.3500,1.545781e-02,2.613289e-03
light,Γ+0.05M,3.3540,1.507774e-02,2.606229e-03
light,Γ+0.05M,3.3580,1.471856e-02,2.599198e-03
light,Γ+0.05M,3.3620,1.437870e-02,2.592197e-03
light,Γ+0.05M,3.3660,1.405673e-02,2.585225e-03
light,Γ+0.05M,3.3700,1.375134e-02,2.578283e-03
light,Γ+0.05M,3.3740,1.346137e-02,2.571371e-03
light,Γ+0.05M,3.3780,1.318572e-02,2.564487e-03
light,Γ+0.05M,3.3820,1.292340e-02,2.557632e-03
light,Γ+0.05M,3.3860,1.267353e-02,2.550806e-03
light,Γ+0.05M,3.3900,1.243527e-02,2.544009e-03
light,Γ+0.05M,3.3940,1.220787e-02,2.537240e-03
light,Γ+0.05M,3.3980,1.199062e-02,2.530499e-03
light,M,0.0020,4.424085e-07,4.035987e-06
light,M,0.0060,3.982372e-06,3.634627e-05
light,M,0.0100,1.106601e-05,1.010853e-04
light,M,0.0140,2.170075e-05,1.984870e-04
light,M,0.0180,3.589776e-05,3.288979e-04
light,M,0.0220,5.367194e-05,4.927767e-04
light,M,0.0260,7.504202e-05,6.906954e-04
light,M,0.0300,1.000305e-04,9.233421e-04
light,M,0.0340,1.286639e-04,1.191524e-03
light,M,0.0380,1.609725e-04,1.496174e-03
light,M,0.0420,1.969907e-04,1.838353e-03
light,M,0.0460,2.367569e-04,2.219260e-03
light,M,0.0500,2.803137e-04,2.640237e-03
light,M,0.0540,3.277081e-04,3.102781e-03
light,M,0.0580,3.789912e-04,3.608550e-03
light,M,0.0620,4.342187e-04,4.159378e-03
light,M,0.0660,4.934510e-04,4.757285e-03
light,M,0.0700,5.567531e-04,5.404492e-03
light,M,0.0740,6.241949e-04,6.103438e-03
light,M,0.0780,6.958512e-04,6.856797e-03
light,M,0.0820,7.718024e-04,7.667500e-03
light,M,0.0860,8.521337e-04,8.538754e-03
light,M,0.0900,9.369365e-04,9.474069e-03
light,M,0.0940,1.026308e-03,1.047729e-02
light,M,0.0980,1.120350e-03,1.155262e-02
light,M,0.1020,1.219172e-03,1.270467e-02
light,M,0.1060,1.322891e-03,1.393849e-02
light,M,0.1100,1.431627e-03,1.525960e-02
light,M,0.1140,1.545512e-03,1.667409e-02
light,M,0.1180,1.664682e-03,1.818860e-02
light,M,0.1220,1.789281e-03,1.981047e-02
light,M,0.1260,1.919462e-03,2.154776e-02
light,M,0.1300,2.055387e-03,2.340934e-02
light,M,0.1340,2.197226e-03,2.540503e-02
light,M,0.1380,2.345157e-03,2.754564e-02
light,M,0.1420,2.499371e-03,2.984316e-02
light,M,0.1460,2.660067e-03,3.231085e-02
light,M,0.1500,2.827455e-03,3.496348e-02
light,M,0.1540,3.001759e-03,3.781743e-02
light,M,0.1580,3.183209e-03,4.089098e-02
light,M,0.1620,3.372054e-03,4.420456e-02
light,M,0.1660,3.568553e-03,4.778102e-02
light,M,0.1700,3.772982e-03,5.164598e-02
light,M,0.1740,3.985627e-03,5.582829e-02
light,M,0.1780,4.206795e-03,6.036045e-02
light,M,0.1820,4.436807e-03,6.527920e-02
light,M,0.1860,4.676001e-03,7.062620e-02
light,M,0.1900,4.924738e-03,7.644882e-02
light,M,0.1940,5.183391e-03,8.280107e-02
light,M,0.1980,5.452365e-03,8.974476e-02
light,M,0.2020,5.732076e-03,9.735087e-02
light,M,0.2060,6.022974e-03,1.057012e-01
light,M,0.2100,6.325526e-03,1.148904e-01
light,M,0.2140,6.640231e-03,1.250283e-01
light,M,0.2180,6.967618e-03,1.362432e-01
light,M,0.2220,7.308240e-03,1.486855e-01
light,M,0.2260,7.662692e-03,1.625321e-01
light,M,0.2300,8.031592e-03,1.779926e-01
light,M,0.2340,8.415612e-03,1.953166e-01
light,M,0.2380,8.815444e-03,2.148030e-01
light,M,0.2420,9.231844e-03,2.368118e-01
light,M,0.2460,9.665593e-03,2.617801e-01
light,M,0.2500,1.011754e-02,2.902421e-01
light,M,0.2540,1.058857e-02,3.228560e-01
light,M,0.2580,1.107963e-02,3.604396e-01
light,M,0.2620,1.159175e-02,4.040186e-01
light,M,0.2660,1.212598e-02,4.548924e-01
light,M,0.2700,1.268348e-02,5.147250e-01
light,M,0.2740,1.326547e-02,5.856733e-01
light,M,0.2780,1.387326e-02,6.705701e-01
light,M,0.2820,1.450822e-02,7.731896e-01
light,M,0.2860,1.517187e-02,8.986414e-01
light,M,0.2900,1.586577e-02,1.053966e+00
light,M,0.2940,1.659165e-02,1.249057e+00
light,M,0.2980,1.735131e-02,1.498118e+00
light,M,0.3020,1.814672e-02,1.822043e+00
light,M,0.3060,1.897998e-02,2.252382e+00
light,M,0.3100,1.985333e-02,2.838146e+00
light,M,0.3140,2.076921e-02,3.657730e+00
light,M,0.3180,2.173020e-02,4.839905e+00
light,M,0.3220,2.273915e-02,6.599376e+00
light,M,0.3260,2.379905e-02,9.286065e+00
light,M,0.3300,2.491320e-02,1.339119e+01
light,M,0.3340,2.608509e-02,1.919608e+01
light,M,0.3380,2.731860e-02,2.532407e+01
light,M,0.3420,2.861781e-02,2.763798e+01
light,M,0.3460,2.998725e-02,2.421409e+01
light,M,0.3500,3.143179e-02,1.848162e+01
light,M,0.3540,3.295670e-02,1.348840e+01
light,M,0.3580,3.456779e-02,9.896152e+00
light,M,0.3620,3.627130e-02,7.431588e+00
light,M,0.3660,3.807416e-02,5.733173e+00
light,M,0.3700,3.998378e-02,4.536827e+00
light,M,0.3740,4.200850e-02,3.671671e+00
light,M,0.3780,4.415720e-02,3.029606e+00
light,M,0.3820,4.643991e-02,2.541604e+00
light,M,0.3860,4.886741e-02,2.162676e+00
light,M,0.3900,5.145180e-02,1.862797e+00
light,M,0.3940,5.420627e-02,1.621451e+00
light,M,0.3980,5.714555e-02,1.424300e+00
light,M,0.4020,6.028588e-02,1.261115e+00
light,M,0.4060,6.364532e-02,1.124459e+00
light,M,0.4100,6.724404e-02,1.008837e+00
light,M,0.4140,7.110441e-02,9.101175e-01
light,M,0.4180,7.525165e-02,8.251583e-01
light,M,0.4220,7.971376e-02,7.515336e-01
light,M,0.4260,8.452259e-02,6.873494e-01
light,M,0.4300,8.971357e-02,6.311097e-01
light,M,0.4340,9.532727e-02,5.816198e-01
light,M,0.4380,1.014091e-01,5.379149e-01
light,M,0.4420,1.080113e-01,4.992078e-01
light,M,0.4460,1.151929e-01,4.648489e-01
light,M,0.4500,1.230219e-01,4.342971e-01
light,M,0.4540,1.315761e-01,4.070965e-01
light,M,0.4580,1.409455e-01,3.828592e-01
light,M,0.4620,1.512340e-01,3.612510e-01
light,M,0.4660,1.625626e-01,3.419787e-01
light,M,0.4700,1.750726e-01,3.247777e-01
light,M,0.4740,1.889297e-01,3.094017e-01
light,M,0.4780,2.043294e-01,2.956414e-01
light,M,0.4820,2.215034e-01,2.834209e-01
light,M,0.4860,2.407283e-01,2.728009e-01
light,M,0.4900,2.623357e-01,2.637254e-01
light,M,0.4940,2.867263e-01,2.559955e-01
light,M,0.4980,3.143873e-01,2.494174e-01
light,M,0.5020,3.459166e-01,2.438501e-01
light,M,0.5060,3.820518e-01,2.391968e-01
light,M,0.5100,4.237145e-01,2.353920e-01
light,M,0.5140,4.720629e-01,2.323922e-01
light,M,0.5180,5.285731e-01,2.301714e-01
light,M,0.5220,5.951420e-01,2.287191e-01
light,M,0.5260,6.742456e-01,2.280406e-01
light,M,0.5300,7.691515e-01,2.281594e-01
light,M,0.5340,8.842492e-01,2.291230e-01
light,M,0.5380,1.025523e+00,2.310129e-01
light,M,0.5420,1.201299e+00,2.339508e-01
light,M,0.5460,1.423389e+00,2.380603e-01
light,M,0.5500,1.708956e+00,2.433283e-01
light,M,0.5540,2.083560e+00,2.495888e-01
light,M,0.5580,2.586363e+00,2.567741e-01
light,M,0.5620,3.279129e+00,2.649775e-01
light,M,0.5660,4.262201e+00,2.743550e-01
light,M,0.5700,5.702463e+00,2.850816e-01
light,M,0.5740,7.878587e+00,2.973495e-01
light,M,0.5780,1.122883e+01,3.113760e-01
light,M,0.5820,1.626358e+01,3.274132e-01
light,M,0.5860,2.278720e+01,3.457592e-01
light,M,0.5900,2.799192e+01,3.667705e-01
light,M,0.5940,2.751700e+01,3.908772e-01
light,M,0.5980,2.206988e+01,4.186029e-01
light,M,0.6020,1.599172e+01,4.505899e-01
light,M,0.6060,1.136412e+01,4.876330e-01
light,M,0.6100,8.219130e+00,5.307240e-01
light,M,0.6140,6.117169e+00,5.811127e-01
light,M,0.6180,4.687807e+00,6.403900e-01
light,M,0.6220,3.688854e+00,7.106046e-01
light,M,0.6260,2.970435e+00,7.944270e-01
light,M,0.6300,2.439759e+00,8.953865e-01
light,M,0.6340,2.038214e+00,1.018218e+00
light,M,0.6380,1.727852e+00,1.169378e+00
light,M,0.6420,1.483424e+00,1.357841e+00
light,M,0.6460,1.287725e+00,1.596325e+00
light,M,0.6500,1.128733e+00,1.903275e+00
light,M,0.6540,9.978860e-01,2.306090e+00
light,M,0.6580,8.889490e-01,2.846565e+00
light,M,0.6620,7.973160e-01,3.590182e+00
light,M,0.6660,7.195174e-01,4.642103e+00
light,M,0.6700,6.529110e-01,6.173735e+00
light,M,0.6740,5.954506e-01,8.460097e+00
light,M,0.6780,5.455374e-01,1.189534e+01
light,M,0.6820,5.019053e-01,1.679947e+01
light,M,0.6860,4.635425e-01,2.247954e+01
light,M,0.6900,4.296335e-01,2.588891e+01
light,M,0.6940,3.995131e-01,2.424416e+01
light,M,0.6980,3.726377e-01,1.938845e+01
light,M,0.7020,3.485556e-01,1.446887e+01
light,M,0.7060,3.268938e-01,1.069009e+01
light,M,0.7100,3.073367e-01,8.024318e+00
light,M,0.7140,2.896216e-01,6.168577e+00
light,M,0.7180,2.735232e-01,4.859351e+00
light,M,0.7220,2.588515e-01,3.915035e+00
light,M,0.7260,2.454426e-01,3.217519e+00
light,M,0.7300,2.331564e-01,2.690432e+00
light,M,0.7340,2.218714e-01,2.283744e+00
light,M,0.7380,2.114822e-01,1.964025e+00
light,M,0.7420,2.018976e-01,1.708446e+00
light,M,0.7460,1.930369e-01,1.501080e+00
light,M,0.7500,1.848306e-01,1.330586e+00
light,M,0.7540,1.772160e-01,1.188735e+00
light,M,0.7580,1.701394e-01,1.069451e+00
light,M,0.7620,1.635519e-01,9.681782e-01
light,M,0.7660,1.574109e-01,8.814466e-01
light,M,0.7700,1.516783e-01,8.065805e-01
light,M,0.7740,1.463197e-01,7.414903e-01
light,M,0.7780,1.413052e-01,6.845260e-01
light,M,0.7820,1.366069e-01,6.343711e-01
light,M,0.7860,1.322009e-01,5.899653e-01
light,M,0.7900,1.280648e-01,5.504469e-01
light,M,0.7940,1.241788e-01,5.151098e-01
light,M,0.7980,1.205252e-01,4.833716e-01
light,M,0.8020,1.170875e-01,4.547476e-01
light,M,0.8060,1.138515e-01,4.288326e-01
light,M,0.8100,1.108037e-01,4.052854e-01
light,M,0.8140,1.079325e-01,3.838168e-01
light,M,0.8180,1.052270e-01,3.641810e-01
light,M,0.8220,1.026775e-01,3.461674e-01
light,M,0.8260,1.002757e-01,3.295950e-01
light,M,0.8300,9.801365e-02,3.143074e-01
light,M,0.8340,9.588492e-02,3.001691e-01
light,M,0.8380,9.388355e-02,2.870619e-01
light,M,0.8420,9.200487e-02,2.748827e-01
light,M,0.8460,9.024511e-02,2.635409e-01
light,M,0.8500,8.860134e-02,2.529567e-01
light,M,0.8540,8.707211e-02,2.430596e-01
light,M,0.8580,8.565644e-02,2.337874e-01
light,M,0.8620,8.435370e-02,2.250844e-01
light,M,0.8660,8.316051e-02,2.169012e-01
light,M,0.8700,8.206083e-02,2.091937e-01
light,M,0.8740,8.099678e-02,2.019222e-01
light,M,0.8780,7.979384e-02,1.950512e-01
light,M,0.8820,7.811827e-02,1.885486e-01
light,M,0.8860,7.586019e-02,1.823855e-01
light,M,0.8900,7.349723e-02,1.765356e-01
light,M,0.8940,7.143632e-02,1.709753e-01
light,M,0.8980,6.972527e-02,1.656829e-01
light,M,0.9020,6.828898e-02,1.606387e-01
light,M,0.9060,6.705494e-02,1.558250e-01
light,M,0.9100,6.597253e-02,1.512251e-01
light,M,0.9140,6.500831e-02,1.468240e-01
light,M,0.9180,6.414026e-02,1.426080e-01
light,M,0.9220,6.335324e-02,1.385643e-01
light,M,0.9260,6.263655e-02,1.346811e-01
light,M,0.9300,6.198251e-02,1.309474e-01
light,M,0.9340,6.138529e-02,1.273534e-01
light,M,0.9380,6.084038e-02,1.238894e-01
light,M,0.9420,6.034437e-02,1.205468e-01
light,M,0.9460,5.989441e-02,1.173174e-01
light,M,0.9500,5.948821e-02,1.141933e-01
light,M,0.9540,5.912398e-02,1.111673e-01
light,M,0.9580,5.880018e-02,1.082324e-01
light,M,0.9620,5.851551e-02,1.053820e-01
light,M,0.9660,5.826896e-02,1.026095e-01
light,M,0.9700,5.805969e-02,9.990867e-02
light,M,0.9740,5.788697e-02,9.727329e-02
light,M,0.9780,5.775027e-02,9.469709e-02
light,M,0.9820,5.764919e-02,9.217365e-02
light,M,0.9860,5.758338e-02,8.969630e-02
light,M,0.9900,5.755265e-02,8.725785e-02
light,M,0.9940,5.755692e-02,8.485040e-02
light,M,0.9980,5.759619e-02,8.246494e-02
light,M,1.0020,5.767052e-02,8.009088e-02
light,M,1.0060,5.778012e-02,7.771530e-02
light,M,1.0100,5.792525e-02,7.532202e-02
light,M,1.0140,5.810627e-02,7.289050e-02
light,M,1.0180,5.832362e-02,7.039574e-02
light,M,1.0220,5.857785e-02,6.781396e-02
light,M,1.0260,5.886959e-02,6.515074e-02
light,M,1.0300,5.919955e-02,6.251244e-02
light,M,1.0340,5.956854e-02,6.012358e-02
light,M,1.0380,5.997751e-02,5.812479e-02
light,M,1.0420,6.042746e-02,5.647088e-02
light,M,1.0460,6.091954e-02,5.506112e-02
light,M,1.0500,6.145497e-02,5.381821e-02
light,M,1.0540,6.203515e-02,5.269333e-02
light,M,1.0580,6.266156e-02,5.165625e-02
light,M,1.0620,6.333585e-02,5.068764e-02
light,M,1.0660,6.405978e-02,4.977466e-02
light,M,1.0700,6.483530e-02,4.890838e-02
light,M,1.0740,6.566451e-02,4.808235e-02
light,M,1.0780,6.654969e-02,4.729175e-02
light,M,1.0820,6.749332e-02,4.653285e-02
light,M,1.0860,6.849807e-02,4.580270e-02
light,M,1.0900,6.956685e-02,4.509892e-02
light,M,1.0940,7.070282e-02,4.441952e-02
light,M,1.0980,7.190939e-02,4.376283e-02
light,M,1.1020,7.319026e-02,4.312741e-02
light,M,1.1060,7.454946e-02,4.251205e-02
light,M,1.1100,7.599134e-02,4.191563e-02
light,M,1.1140,7.752064e-02,4.133721e-02
light,M,1.1180,7.914251e-02,4.077593e-02
light,M,1.1220,8.086254e-02,4.023100e-02
light,M,1.1260,8.268684e-02,3.970174e-02
light,M,1.1300,8.462204e-02,3.918750e-02
light,M,1.1340,8.667540e-02,3.868771e-02
light,M,1.1380,8.885483e-02,3.820183e-02
light,M,1.1420,9.116899e-02,3.772937e-02
light,M,1.1460,9.362736e-02,3.726989e-02
light,M,1.1500,9.624036e-02,3.682297e-02
light,M,1.1540,9.901940e-02,3.638822e-02
light,M,1.1580,1.019770e-01,3.596529e-02
light,M,1.1620,1.051272e-01,3.555386e-02
light,M,1.1660,1.084850e-01,3.515361e-02
light,M,1.1700,1.120676e-01,3.476428e-02
light,M,1.1740,1.158935e-01,3.438561e-02
light,M,1.1780,1.199836e-01,3.401736e-02
light,M,1.1820,1.243611e-01,3.365931e-02
light,M,1.1860,1.290517e-01,3.331128e-02
light,M,1.1900,1.340844e-01,3.297309e-02
light,M,1.1940,1.394914e-01,3.264459e-02
light,M,1.1980,1.453090e-01,3.232562e-02
light,M,1.2020,1.515783e-01,3.201608e-02
light,M,1.2060,1.583453e-01,3.171587e-02
light,M,1.2100,1.656624e-01,3.142490e-02
light,M,1.2140,1.735892e-01,3.114310e-02
light,M,1.2180,1.821934e-01,3.087045e-02
light,M,1.2220,1.915526e-01,3.060690e-02
light,M,1.2260,2.017561e-01,3.035246e-02
light,M,1.2300,2.129065e-01,3.010714e-02
light,M,1.2340,2.251228e-01,2.987099e-02
light,M,1.2380,2.385433e-01,2.964407e-02
light,M,1.2420,2.533293e-01,2.942646e-02
light,M,1.2460,2.696703e-01,2.921828e-02
light,M,1.2500,2.877899e-01,2.901968e-02
light,M,1.2540,3.079532e-01,2.883082e-02
light,M,1.2580,3.304764e-01,2.865193e-02
light,M,1.2620,3.557393e-01,2.848323e-02
light,M,1.2660,3.842009e-01,2.832501e-02
light,M,1.2700,4.164202e-01,2.817760e-02
light,M,1.2740,4.530831e-01,2.804138e-02
light,M,1.2780,4.950385e-01,2.791676e-02
light,M,1.2820,5.433467e-01,2.780423e-02
light,M,1.2860,5.993453e-01,2.770435e-02
light,M,1.2900,6.647399e-01,2.761773e-02
light,M,1.2940,7.417318e-01,2.754507e-02
light,M,1.2980,8.331991e-01,2.748718e-02
light,M,1.3020,9.429588e-01,2.744494e-02
light,M,1.3060,1.076155e+00,2.741937e-02
light,M,1.3100,1.239840e+00,2.741162e-02
light,M,1.3140,1.443877e+00,2.742298e-02
light,M,1.3180,1.702357e+00,2.745493e-02
light,M,1.3220,2.035894e+00,2.750914e-02
light,M,1.3260,2.475445e+00,2.758749e-02
light,M,1.3300,3.068772e+00,2.769217e-02
light,M,1.3340,3.891502e+00,2.782563e-02
light,M,1.3380,5.065366e+00,2.799071e-02
light,M,1.3420,6.782838e+00,2.819066e-02
light,M,1.3460,9.312057e+00,2.842923e-02
light,M,1.3500,1.287689e+01,2.871075e-02
light,M,1.3540,1.724774e+01,2.904024e-02
light,M,1.3580,2.118888e+01,2.942358e-02
light,M,1.3620,2.185348e+01,3.564117e-02
light,M,1.3660,2.412741e+01,3.690599e-02
light,M,1.3700,2.075875e+01,3.838209e-02
light,M,1.3740,1.716634e+01,4.011123e-02
light,M,1.3780,1.418507e+01,4.214606e-02
light,M,1.3820,1.078183e+01,4.455378e-02
light,M,1.3860,7.719657e+00,4.742109e-02
light,M,1.3900,5.557819e+00,5.086136e-02
light,M,1.3940,4.133600e+00,5.502498e-02
light,M,1.3980,3.184376e+00,6.011466e-02
light,M,1.4020,2.530027e+00,6.640855e-02
light,M,1.4060,2.062636e+00,7.429592e-02
light,M,1.4100,1.717994e+00,8.433381e-02
light,M,1.4140,1.456848e+00,9.733939e-02
light,M,1.4180,1.254356e+00,1.145453e-01
light,M,1.4220,1.094251e+00,1.378696e-01
light,M,1.4260,9.655385e-01,1.703998e-01
light,M,1.4300,8.605834e-01,2.172860e-01
light,M,1.4340,7.739489e-01,2.874042e-01
light,M,1.4380,7.016801e-01,3.963101e-01
light,M,1.4420,6.408444e-01,5.701461e-01
light,M,1.4460,5.892303e-01,8.420255e-01
light,M,1.4500,5.451446e-01,1.196319e+00
light,M,1.4540,5.072739e-01,1.417796e+00
light,M,1.4580,4.745867e-01,1.254385e+00
light,M,1.4620,4.462643e-01,9.026729e-01
light,M,1.4660,4.216511e-01,6.139403e-01
light,M,1.4700,4.002172e-01,4.259162e-01
light,M,1.4740,3.815313e-01,3.077421e-01
light,M,1.4780,3.652404e-01,2.317085e-01
light,M,1.4820,3.510537e-01,1.809149e-01
light,M,1.4860,3.387312e-01,1.456747e-01
light,M,1.4900,3.280737e-01,1.203756e-01
light,M,1.4940,3.189163e-01,1.016632e-01
light,M,1.4980,3.111224e-01,8.746095e-02
light,M,1.5020,3.045795e-01,7.643836e-02
light,M,1.5060,2.991959e-01,6.771589e-02
light,M,1.5100,2.948982e-01,6.069540e-02
light,M,1.5140,2.916295e-01,5.495968e-02
light,M,1.5180,2.893486e-01,5.021112e-02
light,M,1.5220,2.880302e-01,4.623310e-02
light,M,1.5260,2.876664e-01,4.286503e-02
light,M,1.5300,2.882703e-01,3.998597e-02
light,M,1.5340,2.898838e-01,3.750345e-02
light,M,1.5380,2.925906e-01,3.534584e-02
light,M,1.5420,2.965318e-01,3.345697e-02
light,M,1.5460,3.018842e-01,3.179232e-02
light,M,1.5500,3.086576e-01,4.692774e-02
light,M,1.5540,3.165752e-01,4.344282e-02
light,M,1.5580,3.253780e-01,4.046232e-02
light,M,1.5620,3.350279e-01,3.789138e-02
light,M,1.5660,3.456365e-01,3.565643e-02
light,M,1.5700,3.573495e-01,3.369965e-02
light,M,1.5740,3.703164e-01,3.197519e-02
light,M,1.5780,3.846922e-01,3.044625e-02
light,M,1.5820,4.006435e-01,2.908305e-02
light,M,1.5860,4.183551e-01,2.786131e-02
light,M,1.5900,4.380369e-01,2.676103e-02
light,M,1.5940,4.599305e-01,2.576565e-02
light,M,1.5980,4.843177e-01,2.486135e-02
light,M,1.6020,5.115293e-01,2.403653e-02
light,M,1.6060,5.419582e-01,2.328140e-02
light,M,1.6100,5.760758e-01,2.258763e-02
light,M,1.6140,6.144559e-01,2.194812e-02
light,M,1.6180,6.578115e-01,2.135678e-02
light,M,1.6220,7.070505e-01,2.080837e-02
light,M,1.6260,7.633405e-01,2.029833e-02
light,M,1.6300,8.280808e-01,1.982272e-02
light,M,1.6340,9.027421e-01,1.937809e-02
light,M,1.6380,9.889944e-01,1.896143e-02
light,M,1.6420,1.089101e+00,1.857008e-02
light,M,1.6460,1.206128e+00,1.820171e-02
light,M,1.6500,1.344136e+00,1.785426e-02
light,M,1.6540,1.508512e+00,1.752588e-02
light,M,1.6580,1.706528e+00,1.721495e-02
light,M,1.6620,1.948207e+00,1.692000e-02
light,M,1.6660,2.247738e+00,1.663975e-02
light,M,1.6700,2.625811e+00,1.637301e-02
light,M,1.6740,3.113468e+00,1.611875e-02
light,M,1.6780,3.757530e+00,1.587601e-02
light,M,1.6820,4.626756e+00,1.564395e-02
light,M,1.6860,5.823957e+00,1.542178e-02
light,M,1.6900,7.514356e+00,1.520881e-02
light,M,1.6940,9.966391e+00,1.500440e-02
light,M,1.6980,1.358249e+01,1.480797e-02
light,M,1.7020,1.878679e+01,1.461899e-02
light,M,1.7060,2.528140e+01,1.443698e-02
light,M,1.7100,3.042372e+01,1.426150e-02
light,M,1.7140,3.071873e+01,1.409213e-02
light,M,1.7180,2.774710e+01,1.392852e-02
light,M,1.7220,2.566071e+01,1.377031e-02
light,M,1.7260,2.637626e+01,1.361720e-02
light,M,1.7300,2.973759e+01,1.346888e-02
light,M,1.7340,3.308335e+01,1.332509e-02
light,M,1.7380,3.177576e+01,1.318559e-02
light,M,1.7420,2.558582e+01,1.305014e-02
light,M,1.7460,1.878259e+01,1.291852e-02
light,M,1.7500,1.361009e+01,1.279055e-02
light,M,1.7540,1.007766e+01,1.266602e-02
light,M,1.7580,7.690211e+00,1.254479e-02
light,M,1.7620,6.041022e+00,1.242667e-02
light,M,1.7660,4.867119e+00,1.231153e-02
light,M,1.7700,4.006229e+00,1.219922e-02
light,M,1.7740,3.357563e+00,1.208962e-02
light,M,1.7780,2.857031e+00,1.198260e-02
light,M,1.7820,2.462717e+00,1.187804e-02
light,M,1.7860,2.146431e+00,1.177584e-02
light,M,1.7900,1.888710e+00,1.167590e-02
light,M,1.7940,1.675787e+00,1.157813e-02
light,M,1.7980,1.497715e+00,1.148243e-02
light,M,1.8020,1.347160e+00,1.138872e-02
light,M,1.8060,1.218622e+00,1.129692e-02
light,M,1.8100,1.107908e+00,1.120695e-02
light,M,1.8140,1.011775e+00,1.111876e-02
light,M,1.8180,9.276791e-01,1.103226e-02
light,M,1.8220,8.536019e-01,1.094740e-02
light,M,1.8260,7.879195e-01,1.086411e-02
light,M,1.8300,7.293095e-01,1.078235e-02
light,M,1.8340,6.766801e-01,1.070205e-02
light,M,1.8380,6.291142e-01,1.062317e-02
light,M,1.8420,5.858249e-01,1.054566e-02
light,M,1.8460,5.461173e-01,1.046946e-02
light,M,1.8500,5.093591e-01,1.039455e-02
light,M,1.8540,4.749811e-01,1.032087e-02
light,M,1.8580,4.425967e-01,1.024840e-02
light,M,1.8620,4.123748e-01,1.017708e-02
light,M,1.8660,3.856477e-01,9.901756e-03
light,M,1.8700,3.618324e-01,9.837891e-03
light,M,1.8740,3.411051e-01,9.774895e-03
light,M,1.8780,3.227966e-01,9.712744e-03
light,M,1.8820,3.063832e-01,9.651417e-03
light,M,1.8860,2.915033e-01,9.590893e-03
light,M,1.8900,2.779042e-01,9.531152e-03
light,M,1.8940,2.654010e-01,9.472176e-03
light,M,1.8980,2.538523e-01,9.413946e-03
light,M,1.9020,2.431454e-01,9.356445e-03
light,M,1.9060,2.331882e-01,9.299654e-03
light,M,1.9100,2.239038e-01,9.243559e-03
light,M,1.9140,2.152264e-01,9.188142e-03
light,M,1.9180,2.070996e-01,9.133390e-03
light,M,1.9220,1.994741e-01,9.079287e-03
light,M,1.9260,1.923066e-01,9.025818e-03
light,M,1.9300,1.855587e-01,8.972971e-03
light,M,1.9340,1.791965e-01,8.920732e-03
light,M,1.9380,1.731896e-01,8.869088e-03
light,M,1.9420,1.675107e-01,8.818027e-03
light,M,1.9460,1.621351e-01,8.767537e-03
light,M,1.9500,1.570407e-01,8.717606e-03
light,M,1.9540,1.522073e-01,8.668223e-03
light,M,1.9580,1.476167e-01,8.619378e-03
light,M,1.9620,1.432522e-01,8.571059e-03
light,M,1.9660,1.390986e-01,8.523257e-03
light,M,1.9700,1.351420e-01,8.475962e-03
light,M,1.9740,1.313696e-01,8.429163e-03
light,M,1.9780,1.277698e-01,8.382852e-03
light,M,1.9820,1.243318e-01,8.337021e-03
light,M,1.9860,1.210457e-01,8.291659e-03
light,M,1.9900,1.179023e-01,8.246759e-03
light,M,1.9940,1.148932e-01,8.202312e-03
light,M,1.9980,1.120106e-01,8.158310e-03
light,M,2.0020,1.092471e-01,8.114745e-03
light,M,2.0060,1.065962e-01,8.071611e-03
light,M,2.0100,1.040514e-01,8.028899e-03
light,M,2.0140,1.016071e-01,7.986602e-03
light,M,2.0180,9.925782e-02,7.944714e-03
light,M,2.0220,9.699849e-02,7.903227e-03
light,M,2.0260,9.482442e-02,7.862135e-03
light,M,2.0300,9.273122e-02,7.821432e-03
light,M,2.0340,9.071477e-02,7.781110e-03
light,M,2.0380,8.877123e-02,7.741165e-03
light,M,2.0420,8.689700e-02,7.701590e-03
light,M,2.0460,8.508868e-02,7.662379e-03
light,M,2.0500,8.334311e-02,7.623526e-03
light,M,2.0540,8.165730e-02,7.585027e-03
light,M,2.0580,8.002846e-02,7.546875e-03
light,M,2.0620,7.845395e-02,7.509066e-03
light,M,2.0660,7.693128e-02,7.471593e-03
light,M,2.0700,7.545812e-02,7.434453e-03
light,M,2.0740,7.403225e-02,7.397640e-03
light,M,2.0780,7.265160e-02,7.361150e-03
light,M,2.0820,7.131420e-02,7.324977e-03
light,M,2.0860,7.001819e-02,7.289118e-03
light,M,2.0900,6.876182e-02,7.253567e-03
light,M,2.0940,6.754341e-02,7.218321e-03
light,M,2.0980,6.636139e-02,7.183375e-03
light,M,2.1020,6.521427e-02,7.148724e-03
light,M,2.1060,6.410064e-02,7.114365e-03
light,M,2.1100,6.301914e-02,7.080294e-03
light,M,2.1140,6.196852e-02,7.046507e-03
light,M,2.1180,6.094755e-02,7.013000e-03
light,M,2.1220,5.995508e-02,6.979768e-03
light,M,2.1260,5.899002e-02,6.946810e-03
light,M,2.1300,5.805134e-02,6.914120e-03
light,M,2.1340,5.713803e-02,6.881696e-03
light,M,2.1380,5.624916e-02,6.849533e-03
light,M,2.1420,5.538382e-02,6.817629e-03
light,M,2.1460,5.454116e-02,6.785980e-03
light,M,2.1500,5.372036e-02,6.754583e-03
light,M,2.1540,5.292064e-02,6.723435e-03
light,M,2.1580,5.214126e-02,6.692532e-03
light,M,2.1620,5.138150e-02,6.661872e-03
light,M,2.1660,5.064068e-02,6.631451e-03
light,M,2.1700,4.991816e-02,6.601266e-03
light,M,2.1740,4.921331e-02,6.571316e-03
light,M,2.1780,4.852554e-02,6.541596e-03
light,M,2.1820,4.785428e-02,6.512103e-03
light,M,2.1860,4.719899e-02,6.482836e-03
light,M,2.1900,4.655913e-02,6.453792e-03
light,M,2.1940,4.593422e-02,6.424967e-03
light,M,2.1980,4.532377e-02,6.396359e-03
light,M,2.2020,4.472732e-02,6.367967e-03
light,M,2.2060,4.414444e-02,6.339786e-03
light,M,2.2100,4.357469e-02,6.311815e-03
light,M,2.2140,4.301767e-02,6.284051e-03
light,M,2.2180,4.247300e-02,6.256492e-03
light,M,2.2220,4.194029e-02,6.229135e-03
light,M,2.2260,4.141918e-02,6.201979e-03
light,M,2.2300,4.090934e-02,6.175021e-03
light,M,2.2340,4.041041e-02,6.148258e-03
light,M,2.2380,3.992210e-02,6.121689e-03
light,M,2.2420,3.944408e-02,6.095311e-03
light,M,2.2460,3.897606e-02,6.069123e-03
light,M,2.2500,3.851775e-02,6.043121e-03
light,M,2.2540,3.806889e-02,6.017305e-03
light,M,2.2580,3.762919e-02,5.991672e-03
light,M,2.2620,3.719841e-02,5.966220e-03
light,M,2.2660,3.677631e-02,5.940947e-03
light,M,2.2700,3.636263e-02,5.915852e-03
light,M,2.2740,3.595717e-02,5.890932e-03
light,M,2.2780,3.555968e-02,5.866185e-03
light,M,2.2820,3.516996e-02,5.841610e-03
light,M,2.2860,3.478781e-02,5.817205e-03
light,M,2.2900,3.441303e-02,5.792967e-03
light,M,2.2940,3.404541e-02,5.768897e-03
light,M,2.2980,3.368479e-02,5.744990e-03
light,M,2.3020,3.333097e-02,5.721247e-03
light,M,2.3060,3.298379e-02,5.697665e-03
light,M,2.3100,3.264308e-02,5.674243e-03
light,M,2.3140,3.230868e-02,5.650978e-03
light,M,2.3180,3.198042e-02,5.627870e-03
light,M,2.3220,3.165817e-02,5.604916e-03
light,M,2.3260,3.134176e-02,5.582116e-03
light,M,2.3300,3.103107e-02,5.559468e-03
light,M,2.3340,3.072595e-02,5.536969e-03
light,M,2.3380,3.042627e-02,5.514620e-03
light,M,2.3420,3.013191e-02,5.492417e-03
light,M,2.3460,2.984273e-02,5.470361e-03
light,M,2.3500,2.955862e-02,5.448449e-03
light,M,2.3540,2.927947e-02,5.426679e-03
light,M,2.3580,2.900515e-02,5.405052e-03
light,M,2.3620,2.873556e-02,5.383564e-03
light,M,2.3660,2.847060e-02,5.362216e-03
light,M,2.3700,2.821015e-02,5.341004e-03
light,M,2.3740,2.795412e-02,5.319930e-03
light,M,2.3780,2.770242e-02,5.298990e-03
light,M,2.3820,2.745495e-02,5.278183e-03
light,M,2.3860,2.721162e-02,5.257509e-03
light,M,2.3900,2.697234e-02,5.236966e-03
light,M,2.3940,2.673702e-02,5.216554e-03
light,M,2.3980,2.650558e-02,5.196269e-03
light,M,2.4020,2.627795e-02,5.176113e-03
light,M,2.4060,2.605404e-02,5.156082e-03
light,M,2.4100,2.583378e-02,5.136177e-03
light,M,2.4140,2.561710e-02,5.116396e-03
light,M,2.4180,2.540392e-02,5.096738e-03
light,M,2.4220,2.519417e-02,5.077202e-03
light,M,2.4260,2.498779e-02,5.057786e-03
light,M,2.4300,2.478471e-02,5.038490e-03
light,M,2.4340,2.458487e-02,5.019312e-03
light,M,2.4380,2.438821e-02,5.000252e-03
light,M,2.4420,2.419466e-02,4.981308e-03
light,M,2.4460,2.400418e-02,4.962479e-03
light,M,2.4500,2.381670e-02,4.943765e-03
light,M,2.4540,2.363216e-02,4.925164e-03
light,M,2.4580,2.345053e-02,4.906676e-03
light,M,2.4620,2.327173e-02,4.888298e-03
light,M,2.4660,2.309574e-02,4.870032e-03
light,M,2.4700,2.292249e-02,4.851874e-03
light,M,2.4740,2.275194e-02,4.833825e-03
light,M,2.4780,2.258404e-02,4.815884e-03
light,M,2.4820,2.241875e-02,4.798049e-03
light,M,2.4860,2.225603e-02,4.780319e-03
light,M,2.4900,2.209584e-02,4.762695e-03
light,M,2.4940,2.193813e-02,4.745174e-03
light,M,2.4980,2.178287e-02,4.727757e-03
light,M,2.5020,2.163002e-02,4.710441e-03
light,M,2.5060,2.147954e-02,4.693227e-03
light,M,2.5100,2.133140e-02,4.676113e-03
light,M,2.5140,2.118556e-02,4.659099e-03
light,M,2.5180,2.104199e-02,4.642183e-03
light,M,2.5220,2.090065e-02,4.625365e-03
light,M,2.5260,2.076153e-02,4.608645e-03
light,M,2.5300,2.062458e-02,4.592020e-03
light,M,2.5340,2.048978e-02,4.575491e-03
light,M,2.5380,2.035710e-02,4.559057e-03
light,M,2.5420,2.022651e-02,4.542716e-03
light,M,2.5460,2.009799e-02,4.526469e-03
light,M,2.5500,1.997151e-02,4.510314e-03
light,M,2.5540,1.984705e-02,4.494251e-03
light,M,2.5580,1.972459e-02,4.478279e-03
light,M,2.5620,1.960410e-02,4.462396e-03
light,M,2.5660,1.948557e-02,4.446604e-03
light,M,2.5700,1.936897e-02,4.430899e-03
light,M,2.5740,1.925428e-02,4.415283e-03
light,M,2.5780,1.914149e-02,4.399754e-03
light,M,2.5820,1.903058e-02,4.384312e-03
light,M,2.5860,1.892152e-02,4.368955e-03
light,M,2.5900,1.881432e-02,4.353684e-03
light,M,2.5940,1.870895e-02,4.338497e-03
light,M,2.5980,1.860540e-02,4.323395e-03
light,M,2.6020,1.850365e-02,4.308375e-03
light,M,2.6060,1.840370e-02,4.293438e-03
light,M,2.6100,1.830553e-02,4.278583e-03
light,M,2.6140,1.820914e-02,4.263809e-03
light,M,2.6180,1.811451e-02,4.249115e-03
light,M,2.6220,1.802164e-02,4.234502e-03
light,M,2.6260,1.793051e-02,4.219968e-03
light,M,2.6300,1.784114e-02,4.205513e-03
light,M,2.6340,1.775350e-02,4.191136e-03
light,M,2.6380,1.766759e-02,4.176837e-03
light,M,2.6420,1.758342e-02,4.162614e-03
light,M,2.6460,1.750098e-02,4.148468e-03
light,M,2.6500,1.742027e-02,4.134398e-03
light,M,2.6540,1.734128e-02,4.120403e-03
light,M,2.6580,1.726403e-02,4.106483e-03
light,M,2.6620,1.718851e-02,4.092636e-03
light,M,2.6660,1.711473e-02,4.078864e-03
light,M,2.6700,1.704269e-02,4.065164e-03
light,M,2.6740,1.697240e-02,4.051537e-03
light,M,2.6780,1.690386e-02,4.037981e-03
light,M,2.6820,1.683709e-02,4.024497e-03
light,M,2.6860,1.677209e-02,4.011084e-03
light,M,2.6900,1.670888e-02,3.997741e-03
light,M,2.6940,1.664747e-02,3.984468e-03
light,M,2.6980,1.658787e-02,3.971264e-03
light,M,2.7020,1.653010e-02,3.958129e-03
light,M,2.7060,1.647417e-02,3.945062e-03
light,M,2.7100,1.642012e-02,3.932063e-03
light,M,2.7140,1.636795e-02,3.919132e-03
light,M,2.7180,1.631769e-02,3.906267e-03
light,M,2.7220,1.626937e-02,3.893468e-03
light,M,2.7260,1.622301e-02,3.880735e-03
light,M,2.7300,1.617864e-02,3.868067e-03
light,M,2.7340,1.613630e-02,3.855465e-03
light,M,2.7380,1.609601e-02,3.842926e-03
light,M,2.7420,1.605782e-02,3.830452e-03
light,M,2.7460,1.602175e-02,3.818041e-03
light,M,2.7500,1.598787e-02,3.805693e-03
light,M,2.7540,1.595620e-02,3.793407e-03
light,M,2.7580,1.592679e-02,3.781184e-03
light,M,2.7620,1.589971e-02,3.769023e-03
light,M,2.7660,1.587499e-02,3.756922e-03
light,M,2.7700,1.585270e-02,3.744883e-03
light,M,2.7740,1.583290e-02,3.732904e-03
light,M,2.7780,1.581566e-02,3.720984e-03
light,M,2.7820,1.580104e-02,3.709125e-03
light,M,2.7860,1.578912e-02,3.697324e-03
light,M,2.7900,1.577998e-02,3.685582e-03
light,M,2.7940,1.577370e-02,3.673899e-03
light,M,2.7980,1.577037e-02,3.662273e-03
light,M,2.8020,1.577009e-02,3.650705e-03
light,M,2.8060,1.577296e-02,3.639194e-03
light,M,2.8100,1.577908e-02,3.627740e-03
light,M,2.8140,1.578858e-02,3.616342e-03
light,M,2.8180,1.580158e-02,3.605000e-03
light,M,2.8220,1.581820e-02,3.593713e-03
light,M,2.8260,1.583859e-02,3.582482e-03
light,M,2.8300,1.586290e-02,3.571305e-03
light,M,2.8340,1.589128e-02,3.560183e-03
light,M,2.8380,1.592390e-02,3.549115e-03
light,M,2.8420,1.596095e-02,3.538100e-03
light,M,2.8460,1.600262e-02,3.527139e-03
light,M,2.8500,1.604912e-02,3.516231e-03
light,M,2.8540,1.610067e-02,3.505375e-03
light,M,2.8580,1.615751e-02,3.494572e-03
light,M,2.8620,1.621989e-02,3.483820e-03
light,M,2.8660,1.628808e-02,3.473120e-03
light,M,2.8700,1.636238e-02,3.462471e-03
light,M,2.8740,1.644311e-02,3.451873e-03
light,M,2.8780,1.653060e-02,3.441326e-03
light,M,2.8820,1.662521e-02,3.430829e-03
light,M,2.8860,1.672733e-02,3.420381e-03
light,M,2.8900,1.683740e-02,3.409983e-03
light,M,2.8940,1.695586e-02,3.399635e-03
light,M,2.8980,1.708320e-02,3.389335e-03
light,M,2.9020,1.721997e-02,3.379084e-03
light,M,2.9060,1.736672e-02,3.368881e-03
light,M,2.9100,1.752408e-02,3.358725e-03
light,M,2.9140,1.769274e-02,3.348618e-03
light,M,2.9180,1.787342e-02,3.338558e-03
light,M,2.9220,1.806693e-02,3.328545e-03
light,M,2.9260,1.827412e-02,3.318578e-03
light,M,2.9300,1.849595e-02,3.308658e-03
light,M,2.9340,1.873345e-02,3.298784e-03
light,M,2.9380,1.898776e-02,3.288955e-03
light,M,2.9420,1.926010e-02,3.279173e-03
light,M,2.9460,1.955184e-02,3.269435e-03
light,M,2.9500,1.986448e-02,3.259742e-03
light,M,2.9540,2.019965e-02,3.250094e-03
light,M,2.9580,2.055917e-02,3.240490e-03
light,M,2.9620,2.094504e-02,3.230931e-03
light,M,2.9660,2.135947e-02,3.221415e-03
light,M,2.9700,2.180493e-02,3.211942e-03
light,M,2.9740,2.228414e-02,3.202513e-03
light,M,2.9780,2.280015e-02,3.193127e-03
light,M,2.9820,2.335635e-02,3.183783e-03
light,M,2.9860,2.395656e-02,3.174482e-03
light,M,2.9900,2.460503e-02,3.165223e-03
light,M,2.9940,2.530659e-02,3.156005e-03
light,M,2.9980,2.606664e-02,3.146830e-03
light,M,3.0020,2.689133e-02,3.137696e-03
light,M,3.0060,2.778761e-02,3.128602e-03
light,M,3.0100,2.876343e-02,3.119550e-03
light,M,3.0140,2.982785e-02,3.110538e-03
light,M,3.0180,3.099127e-02,3.101567e-03
light,M,3.0220,3.226565e-02,3.092636e-03
light,M,3.0260,3.366485e-02,3.083744e-03
light,M,3.0300,3.520492e-02,3.074892e-03
light,M,3.0340,3.690460e-02,3.066080e-03
light,M,3.0380,3.878584e-02,3.057306e-03
light,M,3.0420,4.087450e-02,3.048572e-03
light,M,3.0460,4.320117e-02,3.039876e-03
light,M,3.0500,4.580233e-02,3.031218e-03
light,M,3.0540,4.872167e-02,3.022599e-03
light,M,3.0580,5.201189e-02,3.014017e-03
light,M,3.0620,5.573706e-02,3.005473e-03
light,M,3.0660,5.997558e-02,2.996967e-03
light,M,3.0700,6.482431e-02,2.988498e-03
light,M,3.0740,7.040390e-02,2.980066e-03
light,M,3.0780,7.686616e-02,2.971670e-03
light,M,3.0820,8.440417e-02,2.963312e-03
light,M,3.0860,9.326636e-02,2.954989e-03
light,M,3.0900,1.037766e-01,2.946703e-03
light,M,3.0940,1.163629e-01,2.938453e-03
light,M,3.0980,1.316002e-01,2.930238e-03
light,M,3.1020,1.502743e-01,2.922059e-03
light,M,3.1060,1.734796e-01,2.913915e-03
light,M,3.1100,2.027749e-01,2.905806e-03
light,M,3.1140,2.404341e-01,2.897732e-03
light,M,3.1180,2.898668e-01,2.889693e-03
light,M,3.1220,3.563423e-01,2.881688e-03
light,M,3.1260,4.482817e-01,2.873717e-03
light,M,3.1300,5.796280e-01,2.865781e-03
light,M,3.1340,7.742591e-01,2.857878e-03
light,M,3.1380,1.073955e+00,2.850009e-03
light,M,3.1420,1.550043e+00,2.842173e-03
light,M,3.1460,2.301877e+00,2.834371e-03
light,M,3.1500,3.338476e+00,2.826602e-03
light,M,3.1540,4.154285e+00,2.818865e-03
light,M,3.1580,3.877427e+00,2.811161e-03
light,M,3.1620,2.851020e+00,2.803490e-03
light,M,3.1660,1.928156e+00,2.795851e-03
light,M,3.1700,1.314685e+00,2.788244e-03
light,M,3.1740,9.296947e-01,2.780669e-03
light,M,3.1780,6.839069e-01,2.773126e-03
light,M,3.1820,5.211803e-01,2.765614e-03
light,M,3.1860,4.092640e-01,2.758134e-03
light,M,3.1900,3.295697e-01,2.750685e-03
light,M,3.1940,2.710680e-01,2.743266e-03
light,M,3.1980,2.269801e-01,2.735879e-03
light,M,3.2020,1.929933e-01,2.728523e-03
light,M,3.2060,1.662742e-01,2.721196e-03
light,M,3.2100,1.449069e-01,2.713901e-03
light,M,3.2140,1.275617e-01,2.706635e-03
light,M,3.2180,1.132945e-01,2.699399e-03
light,M,3.2220,1.014210e-01,2.692193e-03
light,M,3.2260,9.143576e-02,2.685017e-03
light,M,3.2300,8.295941e-02,2.677870e-03
light,M,3.2340,7.570287e-02,2.670752e-03
light,M,3.2380,6.944280e-02,2.663664e-03
light,M,3.2420,6.400459e-02,2.656605e-03
light,M,3.2460,5.925012e-02,2.649574e-03
light,M,3.2500,5.506906e-02,2.642572e-03
light,M,3.2540,5.137240e-02,2.635598e-03
light,M,3.2580,4.808773e-02,2.628653e-03
light,M,3.2620,4.515566e-02,2.621736e-03
light,M,3.2660,4.252710e-02,2.614847e-03
light,M,3.2700,4.016122e-02,2.607986e-03
light,M,3.2740,3.802382e-02,2.601153e-03
light,M,3.2780,3.608609e-02,2.594347e-03
light,M,3.2820,3.432362e-02,2.587568e-03
light,M,3.2860,3.271562e-02,2.580817e-03
light,M,3.2900,3.124429e-02,2.574093e-03
light,M,3.2940,2.989432e-02,2.567396e-03
light,M,3.2980,2.865250e-02,2.560725e-03
light,M,3.3020,2.750737e-02,2.554081e-03
light,M,3.3060,2.644893e-02,2.547464e-03
light,M,3.3100,2.546846e-02,2.540873e-03
light,M,3.3140,2.455830e-02,2.534309e-03
light,M,3.3180,2.371173e-02,2.527770e-03
light,M,3.3220,2.292280e-02,2.521257e-03
light,M,3.3260,2.218624e-02,2.514770e-03
light,M,3.3300,2.149737e-02,2.508309e-03
light,M,3.3340,2.085204e-02,2.501873e-03
light,M,3.3380,2.024652e-02,2.495463e-03
light,M,3.3420,1.967749e-02,2.489078e-03
light,M,3.3460,1.914196e-02,2.482718e-03
light,M,3.3500,1.863725e-02,2.476383e-03
light,M,3.3540,1.816093e-02,2.470073e-03
light,M,3.3580,1.771082e-02,2.463787e-03
light,M,3.3620,1.728495e-02,2.457526e-03
light,M,3.3660,1.688151e-02,2.451290e-03
light,M,3.3700,1.649887e-02,2.445077e-03
light,M,3.3740,1.613556e-02,2.438889e-03
light,M,3.3780,1.579022e-02,2.432725e-03
light,M,3.3820,1.546161e-02,2.426585e-03
light,M,3.3860,1.514861e-02,2.420469e-03
light,M,3.3900,1.485017e-02,2.414376e-03
light,M,3.3940,1.456535e-02,2.408307e-03
light,M,3.3980,1.429327e-02,2.402262e-03
light,K,0.0020,1.107406e-07,1.511911e-06
light,K,0.0060,9.967519e-07,1.361266e-05
light,K,0.0100,2.769227e-06,3.784257e-05
light,K,0.0140,5.429047e-06,7.425588e-05
light,K,0.0180,8.977505e-06,1.229302e-04
light,K,0.0220,1.341628e-05,1.839649e-04
light,K,0.0260,1.874746e-05,2.574805e-04
light,K,0.0300,2.497349e-05,3.436186e-04
light,K,0.0340,3.209723e-05,4.425415e-04
light,K,0.0380,4.012191e-05,5.544332e-04
light,K,0.0420,4.905116e-05,6.794990e-04
light,K,0.0460,5.888903e-05,8.179666e-04
light,K,0.0500,6.963989e-05,9.700864e-04
light,K,0.0540,8.130863e-05,1.136132e-03
light,K,0.0580,9.390041e-05,1.316402e-03
light,K,0.0620,1.074209e-04,1.511220e-03
light,K,0.0660,1.218762e-04,1.720935e-03
light,K,0.0700,1.372728e-04,1.945924e-03
light,K,0.0740,1.536176e-04,2.186591e-03
light,K,0.0780,1.709179e-04,2.443373e-03
light,K,0.0820,1.891816e-04,2.716734e-03
light,K,0.0860,2.084168e-04,3.007173e-03
light,K,0.0900,2.286324e-04,3.315223e-03
light,K,0.0940,2.498374e-04,3.641454e-03
light,K,0.0980,2.720417e-04,3.986471e-03
light,K,0.1020,2.952553e-04,4.350922e-03
light,K,0.1060,3.194887e-04,4.735496e-03
light,K,0.1100,3.447535e-04,5.140929e-03
light,K,0.1140,3.710608e-04,5.568001e-03
light,K,0.1180,3.984235e-04,6.017546e-03
light,K,0.1220,4.268536e-04,6.490449e-03
light,K,0.1260,4.563652e-04,6.987653e-03
light,K,0.1300,4.869715e-04,7.510164e-03
light,K,0.1340,5.186875e-04,8.059048e-03
light,K,0.1380,5.515280e-04,8.635445e-03
light,K,0.1420,5.855086e-04,9.240564e-03
light,K,0.1460,6.206462e-04,9.875698e-03
light,K,0.1500,6.569568e-04,1.054222e-02
light,K,0.1540,6.944593e-04,1.124160e-02
light,K,0.1580,7.331706e-04,1.197539e-02
light,K,0.1620,7.731113e-04,1.274527e-02
light,K,0.1660,8.142997e-04,1.355301e-02
light,K,0.1700,8.567575e-04,1.440051e-02
light,K,0.1740,9.005053e-04,1.528980e-02
light,K,0.1780,9.455651e-04,1.622307e-02
light,K,0.1820,9.919607e-04,1.720261e-02
light,K,0.1860,1.039714e-03,1.823094e-02
light,K,0.1900,1.088853e-03,1.931070e-02
light,K,0.1940,1.139399e-03,2.044475e-02
light,K,0.1980,1.191382e-03,2.163617e-02
light,K,0.2020,1.244826e-03,2.288825e-02
light,K,0.2060,1.299763e-03,2.420453e-02
light,K,0.2100,1.356220e-03,2.558883e-02
light,K,0.2140,1.414228e-03,2.704525e-02
light,K,0.2180,1.473819e-03,2.857822e-02
light,K,0.2220,1.535025e-03,3.019253e-02
light,K,0.2260,1.597882e-03,3.189335e-02
light,K,0.2300,1.662421e-03,3.368629e-02
light,K,0.2340,1.728683e-03,3.557742e-02
light,K,0.2380,1.796701e-03,3.757332e-02
light,K,0.2420,1.866518e-03,3.968117e-02
light,K,0.2460,1.938172e-03,4.190877e-02
light,K,0.2500,2.011706e-03,4.426464e-02
light,K,0.2540,2.087162e-03,4.675808e-02
light,K,0.2580,2.164586e-03,4.939928e-02
light,K,0.2620,2.244026e-03,5.219945e-02
light,K,0.2660,2.325526e-03,5.517088e-02
light,K,0.2700,2.409141e-03,5.832717e-02
light,K,0.2740,2.494917e-03,6.168333e-02
light,K,0.2780,2.582916e-03,6.525606e-02
light,K,0.2820,2.673183e-03,6.906395e-02
light,K,0.2860,2.765786e-03,7.312780e-02
light,K,0.2900,2.860777e-03,7.747104e-02
light,K,0.2940,2.958223e-03,8.212015e-02
light,K,0.2980,3.058187e-03,8.710536e-02
light,K,0.3020,3.160734e-03,9.246143e-02
light,K,0.3060,3.265937e-03,9.822883e-02
light,K,0.3100,3.373862e-03,1.044554e-01
light,K,0.3140,3.484592e-03,1.111986e-01
light,K,0.3180,3.598195e-03,1.185294e-01
light,K,0.3220,3.714762e-03,1.265375e-01
light,K,0.3260,3.834365e-03,1.353397e-01
light,K,0.3300,3.957104e-03,1.450866e-01
light,K,0.3340,4.083056e-03,1.559475e-01
light,K,0.3380,4.212326e-03,1.679955e-01
light,K,0.3420,4.345004e-03,1.809980e-01
light,K,0.3460,4.481195e-03,1.945977e-01
light,K,0.3500,4.621005e-03,2.087784e-01
light,K,0.3540,4.764540e-03,2.237751e-01
light,K,0.3580,4.911923e-03,2.398440e-01
light,K,0.3620,5.063259e-03,2.572134e-01
light,K,0.3660,5.218690e-03,2.760997e-01
light,K,0.3700,5.378324e-03,2.967275e-01
light,K,0.3740,5.542320e-03,3.193448e-01
light,K,0.3780,5.710793e-03,3.442354e-01
light,K,0.3820,5.883914e-03,3.717318e-01
light,K,0.3860,6.061813e-03,4.022296e-01
light,K,0.3900,6.244668e-03,4.362051e-01
light,K,0.3940,6.432631e-03,4.742381e-01
light,K,0.3980,6.625886e-03,5.170413e-01
light,K,0.4020,6.824609e-03,5.654997e-01
light,K,0.4060,7.028989e-03,6.207226e-01
light,K,0.4100,7.239233e-03,6.841157e-01
light,K,0.4140,7.455532e-03,7.574794e-01
light,K,0.4180,7.678125e-03,8.431466e-01
light,K,0.4220,7.907214e-03,9.441802e-01
light,K,0.4260,8.143066e-03,1.064658e+00
light,K,0.4300,8.385898e-03,1.210094e+00
light,K,0.4340,8.636008e-03,1.388082e+00
light,K,0.4380,8.893632e-03,1.609281e+00
light,K,0.4420,9.159098e-03,1.888992e+00
light,K,0.4460,9.432669e-03,2.249730e+00
light,K,0.4500,9.714702e-03,2.725548e+00
light,K,0.4540,1.000550e-02,3.369513e+00
light,K,0.4580,1.030544e-02,4.266973e+00
light,K,0.4620,1.061487e-02,5.559438e+00
light,K,0.4660,1.093420e-02,7.486706e+00
light,K,0.4700,1.126383e-02,1.045212e+01
light,K,0.4740,1.160421e-02,1.506585e+01
light,K,0.4780,1.195579e-02,2.182338e+01
light,K,0.4820,1.231906e-02,2.918210e+01
light,K,0.4860,1.269454e-02,3.110412e+01
light,K,0.4900,1.308276e-02,2.525261e+01
light,K,0.4940,1.348434e-02,1.786551e+01
light,K,0.4980,1.389985e-02,1.253713e+01
light,K,0.5020,1.433000e-02,9.217692e+00
light,K,0.5060,1.477544e-02,7.214608e+00
light,K,0.5100,1.523698e-02,6.034984e+00
light,K,0.5140,1.571536e-02,5.403024e+00
light,K,0.5180,1.621152e-02,5.184122e+00
light,K,0.5220,1.672631e-02,5.338046e+00
light,K,0.5260,1.726084e-02,5.904985e+00
light,K,0.5300,1.781611e-02,7.021146e+00
light,K,0.5340,1.839342e-02,8.967869e+00
light,K,0.5380,1.899400e-02,1.224788e+01
light,K,0.5420,1.961942e-02,1.754329e+01
light,K,0.5460,2.027123e-02,2.477605e+01
light,K,0.5500,2.095141e-02,3.032383e+01
light,K,0.5540,2.166204e-02,2.872602e+01
light,K,0.5580,2.240576e-02,2.207374e+01
light,K,0.5620,2.318560e-02,1.566399e+01
light,K,0.5660,2.400551e-02,1.113317e+01
light,K,0.5700,2.487044e-02,8.153195e+00
light,K,0.5740,2.578721e-02,6.181794e+00
light,K,0.5780,2.676472e-02,4.839180e+00
light,K,0.5820,2.781372e-02,3.893591e+00
light,K,0.5860,2.893920e-02,3.206007e+00
light,K,0.5900,3.012047e-02,2.691527e+00
light,K,0.5940,3.131053e-02,2.296808e+00
light,K,0.5980,3.248831e-02,1.987299e+00
light,K,0.6020,3.366885e-02,1.739961e+00
light,K,0.6060,3.487334e-02,1.539006e+00
light,K,0.6100,3.611664e-02,1.373349e+00
light,K,0.6140,3.740889e-02,1.235033e+00
light,K,0.6180,3.875705e-02,1.118230e+00
light,K,0.6220,4.016709e-02,1.018596e+00
light,K,0.6260,4.164401e-02,9.328360e-01
light,K,0.6300,4.319307e-02,8.584192e-01
light,K,0.6340,4.481918e-02,7.933721e-01
light,K,0.6380,4.652792e-02,7.361387e-01
light,K,0.6420,4.832475e-02,6.854780e-01
light,K,0.6460,5.021601e-02,6.403914e-01
light,K,0.6500,5.220806e-02,6.000678e-01
light,K,0.6540,5.430829e-02,5.638441e-01
light,K,0.6580,5.652423e-02,5.311756e-01
light,K,0.6620,5.886456e-02,5.016144e-01
light,K,0.6660,6.133837e-02,4.747950e-01
light,K,0.6700,6.395590e-02,4.504270e-01
light,K,0.6740,6.672818e-02,4.282970e-01
light,K,0.6780,6.966741e-02,4.082861e-01
light,K,0.6820,7.278704e-02,3.904026e-01
light,K,0.6860,7.610172e-02,3.747737e-01
light,K,0.6900,7.962797e-02,3.613686e-01
light,K,0.6940,8.338354e-02,3.495606e-01
light,K,0.6980,8.738878e-02,3.385289e-01
light,K,0.7020,9.166550e-02,3.278795e-01
light,K,0.7060,9.623889e-02,3.175410e-01
light,K,0.7100,1.011360e-01,3.075363e-01
light,K,0.7140,1.063882e-01,2.978942e-01
light,K,0.7180,1.120297e-01,2.886317e-01
light,K,0.7220,1.180996e-01,2.797535e-01
light,K,0.7260,1.246414e-01,2.712559e-01
light,K,0.7300,1.317048e-01,2.631291e-01
light,K,0.7340,1.393460e-01,2.553602e-01
light,K,0.7380,1.476283e-01,2.479343e-01
light,K,0.7420,1.566250e-01,2.408356e-01
light,K,0.7460,1.664187e-01,2.340478e-01
light,K,0.7500,1.771056e-01,2.275551e-01
light,K,0.7540,1.887952e-01,2.213419e-01
light,K,0.7580,2.016157e-01,2.153930e-01
light,K,0.7620,2.157148e-01,2.096943e-01
light,K,0.7660,2.312659e-01,2.042319e-01
light,K,0.7700,2.484720e-01,1.989930e-01
light,K,0.7740,2.675719e-01,1.939654e-01
light,K,0.7780,2.888502e-01,1.891375e-01
light,K,0.7820,3.126439e-01,1.844986e-01
light,K,0.7860,3.393595e-01,1.800384e-01
light,K,0.7900,3.694853e-01,1.757473e-01
light,K,0.7940,4.036166e-01,1.716164e-01
light,K,0.7980,4.424815e-01,1.676373e-01
light,K,0.8020,4.869774e-01,1.638019e-01
light,K,0.8060,5.382240e-01,1.601028e-01
light,K,0.8100,5.976241e-01,1.565330e-01
light,K,0.8140,6.669616e-01,1.530859e-01
light,K,0.8180,7.485210e-01,1.497553e-01
light,K,0.8220,8.452677e-01,1.465352e-01
light,K,0.8260,9.611001e-01,1.434203e-01
light,K,0.8300,1.101206e+00,1.404053e-01
light,K,0.8340,1.272607e+00,1.374853e-01
light,K,0.8380,1.484937e+00,1.346557e-01
light,K,0.8420,1.751659e+00,1.319120e-01
light,K,0.8460,2.091907e+00,1.292503e-01
light,K,0.8500,2.533349e+00,1.266664e-01
light,K,0.8540,3.116661e+00,1.241569e-01
light,K,0.8580,3.902297e+00,1.217180e-01
light,K,0.8620,4.980182e+00,1.193466e-01
light,K,0.8660,6.480870e+00,1.170394e-01
light,K,0.8700,8.578981e+00,1.147934e-01
light,K,0.8740,1.146110e+01,1.126058e-01
light,K,0.8780,1.522594e+01,1.104738e-01
light,K,0.8820,1.978484e+01,1.083948e-01
light,K,0.8860,2.445355e+01,1.063664e-01
light,K,0.8900,2.634466e+01,1.043862e-01
light,K,0.8940,2.288335e+01,1.024518e-01
light,K,0.8980,1.694899e+01,1.005612e-01
light,K,0.9020,1.191133e+01,9.871221e-02
light,K,0.9060,8.447121e+00,9.690284e-02
light,K,0.9100,6.170863e+00,9.513113e-02
light,K,0.9140,4.657348e+00,9.339522e-02
light,K,0.9180,3.621463e+00,9.169329e-02
light,K,0.9220,2.889605e+00,9.002356e-02
light,K,0.9260,2.356878e+00,8.838431e-02
light,K,0.9300,1.958632e+00,8.677386e-02
light,K,0.9340,1.653880e+00,8.519054e-02
light,K,0.9380,1.415873e+00,8.363272e-02
light,K,0.9420,1.226661e+00,8.209875e-02
light,K,0.9460,1.073878e+00,8.058701e-02
light,K,0.9500,9.488095e-01,7.909585e-02
light,K,0.9540,8.451823e-01,7.762358e-02
light,K,0.9580,7.583920e-01,7.616849e-02
light,K,0.9620,6.850023e-01,7.472876e-02
light,K,0.9660,6.224092e-01,7.330251e-02
light,K,0.9700,5.686103e-01,7.188772e-02
light,K,0.9740,5.220464e-01,7.048217e-02
light,K,0.9780,4.814898e-01,6.908345e-02
light,K,0.9820,4.459632e-01,6.768882e-02
light,K,0.9860,4.146804e-01,6.629513e-02
light,K,0.9900,3.870042e-01,6.489871e-02
light,K,0.9940,3.624134e-01,6.349513e-02
light,K,0.9980,3.404785e-01,6.207898e-02
light,K,1.0020,3.208429e-01,6.064344e-02
light,K,1.0060,3.032089e-01,5.917973e-02
light,K,1.0100,2.873262e-01,5.767637e-02
light,K,1.0140,2.729834e-01,5.611831e-02
light,K,1.0180,2.600007e-01,5.448681e-02
light,K,1.0220,2.482247e-01,5.276385e-02
light,K,1.0260,2.375241e-01,5.095400e-02
light,K,1.0300,2.277853e-01,4.914031e-02
light,K,1.0340,2.189107e-01,4.749864e-02
light,K,1.0380,2.108152e-01,4.614101e-02
light,K,1.0420,2.034250e-01,4.503537e-02
light,K,1.0460,1.966755e-01,4.410588e-02
light,K,1.0500,1.905103e-01,4.329428e-02
light,K,1.0540,1.848801e-01,4.256394e-02
light,K,1.0580,1.797412e-01,4.189238e-02
light,K,1.0620,1.750555e-01,4.126543e-02
light,K,1.0660,1.707893e-01,4.067376e-02
light,K,1.0700,1.669129e-01,4.011105e-02
light,K,1.0740,1.634002e-01,3.957280e-02
light,K,1.0780,1.602283e-01,3.905572e-02
light,K,1.0820,1.573767e-01,3.855733e-02
light,K,1.0860,1.548279e-01,3.807573e-02
light,K,1.0900,1.525664e-01,3.760940e-02
light,K,1.0940,1.505786e-01,3.715713e-02
light,K,1.0980,1.488531e-01,3.671791e-02
light,K,1.1020,1.473798e-01,3.629090e-02
light,K,1.1060,1.461505e-01,3.587540e-02
light,K,1.1100,1.451585e-01,3.547081e-02
light,K,1.1140,1.443982e-01,3.507659e-02
light,K,1.1180,1.438655e-01,3.469229e-02
light,K,1.1220,1.435577e-01,3.431751e-02
light,K,1.1260,1.434732e-01,3.395188e-02
light,K,1.1300,1.436116e-01,3.359510e-02
light,K,1.1340,1.439740e-01,3.324686e-02
light,K,1.1380,1.445623e-01,3.290692e-02
light,K,1.1420,1.453802e-01,3.257503e-02
light,K,1.1460,1.464322e-01,3.225100e-02
light,K,1.1500,1.477245e-01,3.193462e-02
light,K,1.1540,1.492646e-01,3.162573e-02
light,K,1.1580,1.510617e-01,3.132417e-02
light,K,1.1620,1.531265e-01,3.102980e-02
light,K,1.1660,1.554716e-01,3.074249e-02
light,K,1.1700,1.581115e-01,3.046214e-02
light,K,1.1740,1.610630e-01,3.018864e-02
light,K,1.1780,1.643450e-01,2.992190e-02
light,K,1.1820,1.679796e-01,2.966185e-02
light,K,1.1860,1.719914e-01,2.940844e-02
light,K,1.1900,1.764088e-01,2.916160e-02
light,K,1.1940,1.812638e-01,2.892130e-02
light,K,1.1980,1.865929e-01,2.868751e-02
light,K,1.2020,1.924377e-01,2.846023e-02
light,K,1.2060,1.988456e-01,2.823944e-02
light,K,1.2100,2.058705e-01,2.802517e-02
light,K,1.2140,2.135744e-01,2.781742e-02
light,K,1.2180,2.220281e-01,2.761626e-02
light,K,1.2220,2.313134e-01,2.742172e-02
light,K,1.2260,2.415244e-01,2.723387e-02
light,K,1.2300,2.527701e-01,2.705282e-02
light,K,1.2340,2.651772e-01,2.687865e-02
light,K,1.2380,2.788939e-01,2.671149e-02
light,K,1.2420,2.940934e-01,2.655149e-02
light,K,1.2460,3.109803e-01,2.639881e-02
light,K,1.2500,3.297967e-01,2.625364e-02
light,K,1.2540,3.508309e-01,2.611620e-02
light,K,1.2580,3.744284e-01,2.598674e-02
light,K,1.2620,4.010061e-01,2.586554e-02
light,K,1.2660,4.310703e-01,2.575290e-02
light,K,1.2700,4.652409e-01,2.564919e-02
light,K,1.2740,5.042826e-01,2.555479e-02
light,K,1.2780,5.491483e-01,2.547015e-02
light,K,1.2820,6.010359e-01,2.539576e-02
light,K,1.2860,6.614678e-01,2.533219e-02
light,K,1.2900,7.324021e-01,2.528006e-02
light,K,1.2940,8.163887e-01,2.524007e-02
light,K,1.2980,9.167954e-01,2.521299e-02
light,K,1.3020,1.038141e+00,2.519973e-02
light,K,1.3060,1.186592e+00,2.520126e-02
light,K,1.3100,1.370729e+00,2.521870e-02
light,K,1.3140,1.602752e+00,2.525333e-02
light,K,1.3180,1.900419e+00,2.530655e-02
light,K,1.3220,2.290295e+00,2.537999e-02
light,K,1.3260,2.813294e+00,2.547549e-02
light,K,1.3300,3.534500e+00,2.559512e-02
light,K,1.3340,4.560848e+00,2.574128e-02
light,K,1.3380,6.072789e+00,2.591669e-02
light,K,1.3420,8.375040e+00,2.612449e-02
light,K,1.3460,1.193585e+01,2.636829e-02
light,K,1.3500,1.718001e+01,2.665227e-02
light,K,1.3540,2.327307e+01,2.698129e-02
light,K,1.3580,2.617379e+01,2.736101e-02
light,K,1.3620,2.106652e+01,3.274237e-02
light,K,1.3660,1.631665e+01,3.389660e-02
light,K,1.3700,1.379845e+01,3.524146e-02
light,K,1.3740,1.310384e+01,3.681470e-02
light,K,1.3780,1.217634e+01,3.866396e-02
light,K,1.3820,9.743585e+00,4.085002e-02
light,K,1.3860,7.085612e+00,4.345126e-02
light,K,1.3900,5.132042e+00,4.657023e-02
light,K,1.3940,3.841476e+00,5.034290e-02
light,K,1.3980,2.986644e+00,5.495260e-02
light,K,1.4020,2.401801e+00,6.065083e-02
light,K,1.4060,1.987131e+00,6.778958e-02
light,K,1.4100,1.683672e+00,7.687255e-02
light,K,1.4140,1.455731e+00,8.863862e-02
light,K,1.4180,1.280937e+00,1.042024e-01
light,K,1.4220,1.144771e+00,1.252981e-01
light,K,1.4260,1.037513e+00,1.547176e-01
light,K,1.4300,9.524795e-01,1.971176e-01
light,K,1.4340,8.849747e-01,2.605238e-01
light,K,1.4380,8.316480e-01,3.590017e-01
light,K,1.4420,7.900865e-01,5.161895e-01
light,K,1.4460,7.585531e-01,7.620282e-01
light,K,1.4500,7.358146e-01,1.082386e+00
light,K,1.4540,7.210294e-01,1.282651e+00
light,K,1.4580,7.136752e-01,1.134897e+00
light,K,1.4620,7.135058e-01,8.168813e-01
light,K,1.4660,7.205306e-01,5.558116e-01
light,K,1.4700,7.350135e-01,3.858028e-01
light,K,1.4740,7.574908e-01,2.789524e-01
light,K,1.4780,7.888104e-01,2.102054e-01
light,K,1.4820,8.301972e-01,1.642804e-01
light,K,1.4860,8.833521e-01,1.324186e-01
light,K,1.4900,9.506005e-01,1.095454e-01
light,K,1.4940,1.035111e+00,9.262789e-02
light,K,1.4980,1.141219e+00,7.978826e-02
light,K,1.5020,1.274922e+00,6.982356e-02
light,K,1.5060,1.444622e+00,6.193850e-02
light,K,1.5100,1.662315e+00,5.559225e-02
light,K,1.5140,1.945466e+00,5.040757e-02
light,K,1.5180,2.320134e+00,4.611537e-02
light,K,1.5220,2.826269e+00,4.251976e-02
light,K,1.5260,3.527193e+00,3.947557e-02
light,K,1.5300,4.527942e+00,3.687343e-02
light,K,1.5340,6.016939e+00,3.462973e-02
light,K,1.5380,8.386885e+00,3.267972e-02
light,K,1.5420,1.262457e+01,3.097261e-02
light,K,1.5460,2.071691e+01,2.946813e-02
light,K,1.5500,2.733939e+01,4.211434e-02
light,K,1.5540,2.848860e+01,3.912872e-02
light,K,1.5580,2.340999e+01,3.656687e-02
light,K,1.5620,1.700820e+01,3.435045e-02
light,K,1.5660,1.205366e+01,3.241840e-02
light,K,1.5700,8.701016e+00,3.072256e-02
light,K,1.5740,6.475944e+00,2.922456e-02
light,K,1.5780,4.971654e+00,2.789351e-02
light,K,1.5820,3.924716e+00,2.670436e-02
light,K,1.5860,3.173913e+00,2.563656e-02
light,K,1.5900,2.620319e+00,2.467321e-02
light,K,1.5940,2.201902e+00,2.380022e-02
light,K,1.5980,1.878694e+00,2.300585e-02
light,K,1.6020,1.624224e+00,2.228019e-02
light,K,1.6060,1.420494e+00,2.161488e-02
light,K,1.6100,1.254970e+00,2.100278e-02
light,K,1.6140,1.118733e+00,2.043780e-02
light,K,1.6180,1.005320e+00,1.991471e-02
light,K,1.6220,9.099914e-01,1.942899e-02
light,K,1.6260,8.292763e-01,1.897671e-02
light,K,1.6300,7.606298e-01,1.855448e-02
light,K,1.6340,7.020114e-01,1.815931e-02
light,K,1.6380,6.516144e-01,1.778859e-02
light,K,1.6420,6.079541e-01,1.744002e-02
light,K,1.6460,5.698956e-01,1.711157e-02
light,K,1.6500,5.365684e-01,1.680146e-02
light,K,1.6540,5.072897e-01,1.650808e-02
light,K,1.6580,4.815179e-01,1.623002e-02
light,K,1.6620,4.588265e-01,1.596600e-02
light,K,1.6660,4.388955e-01,1.571489e-02
light,K,1.6700,4.215222e-01,1.547568e-02
light,K,1.6740,4.066438e-01,1.524744e-02
light,K,1.6780,3.942808e-01,1.502936e-02
light,K,1.6820,3.842357e-01,1.482067e-02
light,K,1.6860,3.759653e-01,1.462072e-02
light,K,1.6900,3.690177e-01,1.442887e-02
light,K,1.6940,3.632188e-01,1.424458e-02
light,K,1.6980,3.585477e-01,1.406734e-02
light,K,1.7020,3.550568e-01,1.389668e-02
light,K,1.7060,3.528827e-01,1.373218e-02
light,K,1.7100,3.523105e-01,1.357345e-02
light,K,1.7140,3.537091e-01,1.342013e-02
light,K,1.7180,3.571043e-01,1.327189e-02
light,K,1.7220,3.619465e-01,1.312845e-02
light,K,1.7260,3.675192e-01,1.298951e-02
light,K,1.7300,3.733093e-01,1.285482e-02
light,K,1.7340,3.792432e-01,1.272415e-02
light,K,1.7380,3.859433e-01,1.259727e-02
light,K,1.7420,3.944087e-01,1.247399e-02
light,K,1.7460,4.052193e-01,1.235411e-02
light,K,1.7500,4.185593e-01,1.223746e-02
light,K,1.7540,4.345772e-01,1.212388e-02
light,K,1.7580,4.535105e-01,1.201321e-02
light,K,1.7620,4.757014e-01,1.190532e-02
light,K,1.7660,5.016008e-01,1.180007e-02
light,K,1.7700,5.317826e-01,1.169734e-02
light,K,1.7740,5.669686e-01,1.159701e-02
light,K,1.7780,6.080652e-01,1.149898e-02
light,K,1.7820,6.562160e-01,1.140314e-02
light,K,1.7860,7.128738e-01,1.130940e-02
light,K,1.7900,7.799024e-01,1.121768e-02
light,K,1.7940,8.597184e-01,1.112788e-02
light,K,1.7980,9.554955e-01,1.103993e-02
light,K,1.8020,1.071461e+00,1.095375e-02
light,K,1.8060,1.213337e+00,1.086928e-02
light,K,1.8100,1.389003e+00,1.078644e-02
light,K,1.8140,1.609532e+00,1.070518e-02
light,K,1.8180,1.890828e+00,1.062544e-02
light,K,1.8220,2.256298e+00,1.054716e-02
light,K,1.8260,2.741339e+00,1.047028e-02
light,K,1.8300,3.401064e+00,1.039477e-02
light,K,1.8340,4.323930e+00,1.032056e-02
light,K,1.8380,5.655946e+00,1.024762e-02
light,K,1.8420,7.642114e+00,1.017591e-02
light,K,1.8460,1.068445e+01,1.010537e-02
light,K,1.8500,1.534556e+01,1.003599e-02
light,K,1.8540,2.188178e+01,9.967705e-03
light,K,1.8580,2.825525e+01,9.900496e-03
light,K,1.8620,2.888240e+01,9.834327e-03
light,K,1.8660,2.247906e+01,9.584647e-03
light,K,1.8700,1.504163e+01,9.525093e-03
light,K,1.8740,1.015822e+01,9.466321e-03
light,K,1.8780,7.141381e+00,9.408312e-03
light,K,1.8820,5.230773e+00,9.351047e-03
light,K,1.8860,3.971911e+00,9.294507e-03
light,K,1.8900,3.109260e+00,9.238674e-03
light,K,1.8940,2.496830e+00,9.183532e-03
light,K,1.8980,2.048402e+00,9.129063e-03
light,K,1.9020,1.711175e+00,9.075253e-03
light,K,1.9060,1.451658e+00,9.022086e-03
light,K,1.9100,1.247914e+00,8.969548e-03
light,K,1.9140,1.085146e+00,8.917624e-03
light,K,1.9180,9.531144e-01,8.866300e-03
light,K,1.9220,8.445639e-01,8.815565e-03
light,K,1.9260,7.542464e-01,8.765404e-03
light,K,1.9300,6.782942e-01,8.715806e-03
light,K,1.9340,6.138089e-01,8.666759e-03
light,K,1.9380,5.585851e-01,8.618252e-03
light,K,1.9420,5.109218e-01,8.570273e-03
light,K,1.9460,4.694906e-01,8.522812e-03
light,K,1.9500,4.332420e-01,8.475858e-03
light,K,1.9540,4.013383e-01,8.429403e-03
light,K,1.9580,3.731045e-01,8.383435e-03
light,K,1.9620,3.479918e-01,8.337945e-03
light,K,1.9660,3.255504e-01,8.292925e-03
light,K,1.9700,3.054088e-01,8.248366e-03
light,K,1.9740,2.872580e-01,8.204259e-03
light,K,1.9780,2.708394e-01,8.160595e-03
light,K,1.9820,2.559352e-01,8.117367e-03
light,K,1.9860,2.423610e-01,8.074568e-03
light,K,1.9900,2.299595e-01,8.032188e-03
light,K,1.9940,2.185964e-01,7.990222e-03
light,K,1.9980,2.081560e-01,7.948662e-03
light,K,2.0020,1.985385e-01,7.907500e-03
light,K,2.0060,1.896571e-01,7.866730e-03
light,K,2.0100,1.814365e-01,7.826347e-03
light,K,2.0140,1.738108e-01,7.786342e-03
light,K,2.0180,1.667220e-01,7.746710e-03
light,K,2.0220,1.601193e-01,7.707445e-03
light,K,2.0260,1.539577e-01,7.668541e-03
light,K,2.0300,1.481973e-01,7.629992e-03
light,K,2.0340,1.428027e-01,7.591793e-03
light,K,2.0380,1.377426e-01,7.553937e-03
light,K,2.0420,1.329885e-01,7.516421e-03
light,K,2.0460,1.285155e-01,7.479238e-03
light,K,2.0500,1.243007e-01,7.442383e-03
light,K,2.0540,1.203239e-01,7.405853e-03
light,K,2.0580,1.165666e-01,7.369640e-03
light,K,2.0620,1.130122e-01,7.333742e-03
light,K,2.0660,1.096457e-01,7.298154e-03
light,K,2.0700,1.064535e-01,7.262870e-03
light,K,2.0740,1.034231e-01,7.227886e-03
light,K,2.0780,1.005432e-01,7.193199e-03
light,K,2.0820,9.780354e-02,7.158804e-03
light,K,2.0860,9.519461e-02,7.124697e-03
light,K,2.0900,9.270780e-02,7.090874e-03
light,K,2.0940,9.033519e-02,7.057330e-03
light,K,2.0980,8.806950e-02,7.024063e-03
light,K,2.1020,8.590404e-02,6.991068e-03
light,K,2.1060,8.383264e-02,6.958342e-03
light,K,2.1100,8.184960e-02,6.925881e-03
light,K,2.1140,7.994968e-02,6.893682e-03
light,K,2.1180,7.812802e-02,6.861741e-03
light,K,2.1220,7.638010e-02,6.830054e-03
light,K,2.1260,7.470176e-02,6.798619e-03
light,K,2.1300,7.308911e-02,6.767433e-03
light,K,2.1340,7.153856e-02,6.736491e-03
light,K,2.1380,7.004674e-02,6.705791e-03
light,K,2.1420,6.861055e-02,6.675330e-03
light,K,2.1460,6.722706e-02,6.645105e-03
light,K,2.1500,6.589355e-02,6.615113e-03
light,K,2.1540,6.460749e-02,6.585351e-03
light,K,2.1580,6.336650e-02,6.555817e-03
light,K,2.1620,6.216835e-02,6.526506e-03
light,K,2.1660,6.101096e-02,6.497418e-03
light,K,2.1700,5.989237e-02,6.468549e-03
light,K,2.1740,5.881075e-02,6.439896e-03
light,K,2.1780,5.776437e-02,6.411457e-03
light,K,2.1820,5.675160e-02,6.383230e-03
light,K,2.1860,5.577093e-02,6.355211e-03
light,K,2.1900,5.482091e-02,6.327399e-03
light,K,2.1940,5.390019e-02,6.299791e-03
light,K,2.1980,5.300749e-02,6.272385e-03
light,K,2.2020,5.214160e-02,6.245178e-03
light,K,2.2060,5.130138e-02,6.218168e-03
light,K,2.2100,5.048575e-02,6.191353e-03
light,K,2.2140,4.969370e-02,6.164731e-03
light,K,2.2180,4.892425e-02,6.138300e-03
light,K,2.2220,4.817650e-02,6.112057e-03
light,K,2.2260,4.744958e-02,6.086001e-03
light,K,2.2300,4.674266e-02,6.060129e-03
light,K,2.2340,4.605497e-02,6.034439e-03
light,K,2.2380,4.538576e-02,6.008930e-03
light,K,2.2420,4.473433e-02,5.983599e-03
light,K,2.2460,4.410000e-02,5.958444e-03
light,K,2.2500,4.348216e-02,5.933464e-03
light,K,2.2540,4.288018e-02,5.908657e-03
light,K,2.2580,4.229349e-02,5.884021e-03
light,K,2.2620,4.172154e-02,5.859554e-03
light,K,2.2660,4.116381e-02,5.835254e-03
light,K,2.2700,4.061980e-02,5.811120e-03
light,K,2.2740,4.008903e-02,5.787150e-03
light,K,2.2780,3.957104e-02,5.763342e-03
light,K,2.2820,3.906540e-02,5.739694e-03
light,K,2.2860,3.857170e-02,5.716206e-03
light,K,2.2900,3.808953e-02,5.692875e-03
light,K,2.2940,3.761853e-02,5.669699e-03
light,K,2.2980,3.715832e-02,5.646678e-03
light,K,2.3020,3.670855e-02,5.623809e-03
light,K,2.3060,3.626890e-02,5.601091e-03
light,K,2.3100,3.583904e-02,5.578523e-03
light,K,2.3140,3.541867e-02,5.556103e-03
light,K,2.3180,3.500750e-02,5.533830e-03
light,K,2.3220,3.460524e-02,5.511701e-03
light,K,2.3260,3.421162e-02,5.489717e-03
light,K,2.3300,3.382639e-02,5.467875e-03
light,K,2.3340,3.344930e-02,5.446174e-03
light,K,2.3380,3.308011e-02,5.424612e-03
light,K,2.3420,3.271858e-02,5.403189e-03
light,K,2.3460,3.236450e-02,5.381903e-03
light,K,2.3500,3.201766e-02,5.360753e-03
light,K,2.3540,3.167785e-02,5.339737e-03
light,K,2.3580,3.134487e-02,5.318854e-03
light,K,2.3620,3.101854e-02,5.298103e-03
light,K,2.3660,3.069868e-02,5.277483e-03
light,K,2.3700,3.038511e-02,5.256992e-03
light,K,2.3740,3.007766e-02,5.236630e-03
light,K,2.3780,2.977617e-02,5.216394e-03
light,K,2.3820,2.948048e-02,5.196285e-03
light,K,2.3860,2.919045e-02,5.176300e-03
light,K,2.3900,2.890592e-02,5.156439e-03
light,K,2.3940,2.862676e-02,5.136700e-03
light,K,2.3980,2.835283e-02,5.117083e-03
light,K,2.4020,2.808400e-02,5.097585e-03
light,K,2.4060,2.782015e-02,5.078208e-03
light,K,2.4100,2.756115e-02,5.058948e-03
light,K,2.4140,2.730688e-02,5.039805e-03
light,K,2.4180,2.705725e-02,5.020779e-03
light,K,2.4220,2.681212e-02,5.001867e-03
light,K,2.4260,2.657140e-02,4.983070e-03
light,K,2.4300,2.633499e-02,4.964385e-03
light,K,2.4340,2.610279e-02,4.945813e-03
light,K,2.4380,2.587470e-02,4.927351e-03
light,K,2.4420,2.565063e-02,4.909000e-03
light,K,2.4460,2.543049e-02,4.890758e-03
light,K,2.4500,2.521419e-02,4.872624e-03
light,K,2.4540,2.500166e-02,4.854597e-03
light,K,2.4580,2.479281e-02,4.836676e-03
light,K,2.4620,2.458757e-02,4.818861e-03
light,K,2.4660,2.438585e-02,4.801151e-03
light,K,2.4700,2.418759e-02,4.783544e-03
light,K,2.4740,2.399271e-02,4.766039e-03
light,K,2.4780,2.380116e-02,4.748637e-03
light,K,2.4820,2.361285e-02,4.731336e-03
light,K,2.4860,2.342774e-02,4.714135e-03
light,K,2.4900,2.324575e-02,4.697033e-03
light,K,2.4940,2.306683e-02,4.680030e-03
light,K,2.4980,2.289092e-02,4.663124e-03
light,K,2.5020,2.271797e-02,4.646316e-03
light,K,2.5060,2.254792e-02,4.629603e-03
light,K,2.5100,2.238071e-02,4.612986e-03
light,K,2.5140,2.221631e-02,4.596464e-03
light,K,2.5180,2.205466e-02,4.580035e-03
light,K,2.5220,2.189572e-02,4.563699e-03
light,K,2.5260,2.173943e-02,4.547455e-03
light,K,2.5300,2.158576e-02,4.531303e-03
light,K,2.5340,2.143466e-02,4.515242e-03
light,K,2.5380,2.128610e-02,4.499271e-03
light,K,2.5420,2.114004e-02,4.483389e-03
light,K,2.5460,2.099643e-02,4.467595e-03
light,K,2.5500,2.085524e-02,4.451890e-03
light,K,2.5540,2.071644e-02,4.436272e-03
light,K,2.5580,2.057999e-02,4.420740e-03
light,K,2.5620,2.044587e-02,4.405294e-03
light,K,2.5660,2.031404e-02,4.389933e-03
light,K,2.5700,2.018446e-02,4.374657e-03
light,K,2.5740,2.005712e-02,4.359464e-03
light,K,2.5780,1.993199e-02,4.344355e-03
light,K,2.5820,1.980904e-02,4.329328e-03
light,K,2.5860,1.968824e-02,4.314383e-03
light,K,2.5900,1.956958e-02,4.299519e-03
light,K,2.5940,1.945303e-02,4.284736e-03
light,K,2.5980,1.933857e-02,4.270033e-03
light,K,2.6020,1.922618e-02,4.255409e-03
light,K,2.6060,1.911584e-02,4.240864e-03
light,K,2.6100,1.900754e-02,4.226397e-03
light,K,2.6140,1.890126e-02,4.212008e-03
light,K,2.6180,1.879698e-02,4.197696e-03
light,K,2.6220,1.869469e-02,4.183460e-03
light,K,2.6260,1.859438e-02,4.169300e-03
light,K,2.6300,1.849603e-02,4.155215e-03
light,K,2.6340,1.839964e-02,4.141205e-03
light,K,2.6380,1.830520e-02,4.127269e-03
light,K,2.6420,1.821269e-02,4.113407e-03
light,K,2.6460,1.812212e-02,4.099617e-03
light,K,2.6500,1.803348e-02,4.085901e-03
light,K,2.6540,1.794676e-02,4.072256e-03
light,K,2.6580,1.786196e-02,4.058682e-03
light,K,2.6620,1.777908e-02,4.045179e-03
light,K,2.6660,1.769812e-02,4.031747e-03
light,K,2.6700,1.761908e-02,4.018385e-03
light,K,2.6740,1.754196e-02,4.005092e-03
light,K,2.6780,1.746677e-02,3.991867e-03
light,K,2.6820,1.739351e-02,3.978711e-03
light,K,2.6860,1.732219e-02,3.965623e-03
light,K,2.6900,1.725282e-02,3.952603e-03
light,K,2.6940,1.718541e-02,3.939649e-03
light,K,2.6980,1.711997e-02,3.926761e-03
light,K,2.7020,1.705651e-02,3.913940e-03
light,K,2.7060,1.699506e-02,3.901183e-03
light,K,2.7100,1.693561e-02,3.888492e-03
light,K,2.7140,1.687821e-02,3.875865e-03
light,K,2.7180,1.682286e-02,3.863303e-03
light,K,2.7220,1.676959e-02,3.850804e-03
light,K,2.7260,1.671843e-02,3.838368e-03
light,K,2.7300,1.666940e-02,3.825994e-03
light,K,2.7340,1.662253e-02,3.813683e-03
light,K,2.7380,1.657786e-02,3.801434e-03
light,K,2.7420,1.653542e-02,3.789246e-03
light,K,2.7460,1.649524e-02,3.777119e-03
light,K,2.7500,1.645738e-02,3.765052e-03
light,K,2.7540,1.642187e-02,3.753046e-03
light,K,2.7580,1.638876e-02,3.741099e-03
light,K,2.7620,1.635809e-02,3.729212e-03
light,K,2.7660,1.632993e-02,3.717383e-03
light,K,2.7700,1.630434e-02,3.705613e-03
light,K,2.7740,1.628136e-02,3.693901e-03
light,K,2.7780,1.626108e-02,3.682246e-03
light,K,2.7820,1.624355e-02,3.670649e-03
light,K,2.7860,1.622885e-02,3.659108e-03
light,K,2.7900,1.621707e-02,3.647624e-03
light,K,2.7940,1.620828e-02,3.636196e-03
light,K,2.7980,1.620258e-02,3.624824e-03
light,K,2.8020,1.620007e-02,3.613507e-03
light,K,2.8060,1.620085e-02,3.602245e-03
light,K,2.8100,1.620502e-02,3.591037e-03
light,K,2.8140,1.621271e-02,3.579884e-03
light,K,2.8180,1.622404e-02,3.568785e-03
light,K,2.8220,1.623914e-02,3.557739e-03
light,K,2.8260,1.625817e-02,3.546746e-03
light,K,2.8300,1.628125e-02,3.535806e-03
light,K,2.8340,1.630857e-02,3.524918e-03
light,K,2.8380,1.634030e-02,3.514083e-03
light,K,2.8420,1.637661e-02,3.503299e-03
light,K,2.8460,1.641772e-02,3.492566e-03
light,K,2.8500,1.646382e-02,3.481885e-03
light,K,2.8540,1.651515e-02,3.471254e-03
light,K,2.8580,1.657195e-02,3.460673e-03
light,K,2.8620,1.663448e-02,3.450143e-03
light,K,2.8660,1.670302e-02,3.439662e-03
light,K,2.8700,1.677788e-02,3.429231e-03
light,K,2.8740,1.685937e-02,3.418848e-03
light,K,2.8780,1.694783e-02,3.408515e-03
light,K,2.8820,1.704366e-02,3.398230e-03
light,K,2.8860,1.714723e-02,3.387993e-03
light,K,2.8900,1.725899e-02,3.377803e-03
light,K,2.8940,1.737941e-02,3.367661e-03
light,K,2.8980,1.750899e-02,3.357567e-03
light,K,2.9020,1.764827e-02,3.347519e-03
light,K,2.9060,1.779784e-02,3.337518e-03
light,K,2.9100,1.795835e-02,3.327563e-03
light,K,2.9140,1.813048e-02,3.317654e-03
light,K,2.9180,1.831499e-02,3.307790e-03
light,K,2.9220,1.851271e-02,3.297973e-03
light,K,2.9260,1.872451e-02,3.288200e-03
light,K,2.9300,1.895138e-02,3.278472e-03
light,K,2.9340,1.919437e-02,3.268788e-03
light,K,2.9380,1.945465e-02,3.259149e-03
light,K,2.9420,1.973348e-02,3.249554e-03
light,K,2.9460,2.003228e-02,3.240002e-03
light,K,2.9500,2.035255e-02,3.230494e-03
light,K,2.9540,2.069600e-02,3.221029e-03
light,K,2.9580,2.106449e-02,3.211607e-03
light,K,2.9620,2.146007e-02,3.202227e-03
light,K,2.9660,2.188501e-02,3.192890e-03
light,K,2.9700,2.234185e-02,3.183595e-03
light,K,2.9740,2.283339e-02,3.174341e-03
light,K,2.9780,2.336275e-02,3.165129e-03
light,K,2.9820,2.393342e-02,3.155959e-03
light,K,2.9860,2.454933e-02,3.146829e-03
light,K,2.9900,2.521484e-02,3.137741e-03
light,K,2.9940,2.593490e-02,3.128692e-03
light,K,2.9980,2.671508e-02,3.119685e-03
light,K,3.0020,2.756168e-02,3.110717e-03
light,K,3.0060,2.848185e-02,3.101789e-03
light,K,3.0100,2.948376e-02,3.092900e-03
light,K,3.0140,3.057670e-02,3.084051e-03
light,K,3.0180,3.177137e-02,3.075241e-03
light,K,3.0220,3.308006e-02,3.066470e-03
light,K,3.0260,3.451700e-02,3.057737e-03
light,K,3.0300,3.609868e-02,3.049042e-03
light,K,3.0340,3.784436e-02,3.040386e-03
light,K,3.0380,3.977659e-02,3.031768e-03
light,K,3.0420,4.192192e-02,3.023187e-03
light,K,3.0460,4.431180e-02,3.014644e-03
light,K,3.0500,4.698370e-02,3.006138e-03
light,K,3.0540,4.998251e-02,2.997669e-03
light,K,3.0580,5.336236e-02,2.989237e-03
light,K,3.0620,5.718908e-02,2.980841e-03
light,K,3.0660,6.154324e-02,2.972482e-03
light,K,3.0700,6.652432e-02,2.964158e-03
light,K,3.0740,7.225629e-02,2.955871e-03
light,K,3.0780,7.889512e-02,2.947619e-03
light,K,3.0820,8.663917e-02,2.939403e-03
light,K,3.0860,9.574368e-02,2.931222e-03
light,K,3.0900,1.065413e-01,2.923077e-03
light,K,3.0940,1.194720e-01,2.914966e-03
light,K,3.0980,1.351263e-01,2.906889e-03
light,K,3.1020,1.543114e-01,2.898847e-03
light,K,3.1060,1.781519e-01,2.890840e-03
light,K,3.1100,2.082491e-01,2.882866e-03
light,K,3.1140,2.469395e-01,2.874927e-03
light,K,3.1180,2.977256e-01,2.867020e-03
light,K,3.1220,3.660213e-01,2.859148e-03
light,K,3.1260,4.604785e-01,2.851309e-03
light,K,3.1300,5.954216e-01,2.843502e-03
light,K,3.1340,7.953828e-01,2.835729e-03
light,K,3.1380,1.103286e+00,2.827988e-03
light,K,3.1420,1.592412e+00,2.820280e-03
light,K,3.1460,2.364837e+00,2.812604e-03
light,K,3.1500,3.429825e+00,2.804960e-03
light,K,3.1540,4.267977e+00,2.797348e-03
light,K,3.1580,3.983536e+00,2.789768e-03
light,K,3.1620,2.929019e+00,2.782220e-03
light,K,3.1660,1.980879e+00,2.774703e-03
light,K,3.1700,1.350607e+00,2.767217e-03
light,K,3.1740,9.550729e-01,2.759762e-03
light,K,3.1780,7.025535e-01,2.752338e-03
light,K,3.1820,5.353702e-01,2.744944e-03
light,K,3.1860,4.203885e-01,2.737582e-03
light,K,3.1900,3.385115e-01,2.730249e-03
light,K,3.1940,2.784074e-01,2.722947e-03
light,K,3.1980,2.331119e-01,2.715675e-03
light,K,3.2020,1.981942e-01,2.708432e-03
light,K,3.2060,1.707432e-01,2.701219e-03
light,K,3.2100,1.487905e-01,2.694036e-03
light,K,3.2140,1.309701e-01,2.686882e-03
light,K,3.2180,1.163120e-01,2.679757e-03
light,K,3.2220,1.041132e-01,2.672661e-03
light,K,3.2260,9.385435e-02,2.665595e-03
light,K,3.2300,8.514574e-02,2.658556e-03
light,K,3.2340,7.769033e-02,2.651546e-03
light,K,3.2380,7.125870e-02,2.644565e-03
light,K,3.2420,6.567144e-02,2.637612e-03
light,K,3.2460,6.078665e-02,2.630687e-03
light,K,3.2500,5.649098e-02,2.623790e-03
light,K,3.2540,5.269298e-02,2.616920e-03
light,K,3.2580,4.931825e-02,2.610078e-03
light,K,3.2620,4.630579e-02,2.603264e-03
light,K,3.2660,4.360515e-02,2.596477e-03
light,K,3.2700,4.117439e-02,2.589717e-03
light,K,3.2740,3.897838e-02,2.582984e-03
light,K,3.2780,3.698750e-02,2.576278e-03
light,K,3.2820,3.517669e-02,2.569598e-03
light,K,3.2860,3.352459e-02,2.562945e-03
light,K,3.2900,3.201290e-02,2.556319e-03
light,K,3.2940,3.062590e-02,2.549718e-03
light,K,3.2980,2.935001e-02,2.543144e-03
light,K,3.3020,2.817346e-02,2.536596e-03
light,K,3.3060,2.708598e-02,2.530074e-03
light,K,3.3100,2.607861e-02,2.523577e-03
light,K,3.3140,2.514349e-02,2.517106e-03
light,K,3.3180,2.427369e-02,2.510661e-03
light,K,3.3220,2.346312e-02,2.504240e-03
light,K,3.3260,2.270635e-02,2.497845e-03
light,K,3.3300,2.199859e-02,2.491475e-03
light,K,3.3340,2.133555e-02,2.485130e-03
light,K,3.3380,2.071343e-02,2.478809e-03
light,K,3.3420,2.012879e-02,2.472514e-03
light,K,3.3460,1.957858e-02,2.466242e-03
light,K,3.3500,1.906002e-02,2.459995e-03
light,K,3.3540,1.857065e-02,2.453772e-03
light,K,3.3580,1.810820e-02,2.447574e-03
light,K,3.3620,1.767065e-02,2.441399e-03
light,K,3.3660,1.725616e-02,2.435248e-03
light,K,3.3700,1.686304e-02,2.429121e-03
light,K,3.3740,1.648978e-02,2.423018e-03
light,K,3.3780,1.613498e-02,2.416938e-03
light,K,3.3820,1.579738e-02,2.410881e-03
light,K,3.3860,1.547581e-02,2.404848e-03
light,K,3.3900,1.516921e-02,2.398837e-03
light,K,3.3940,1.487660e-02,2.392850e-03
light,K,3.3980,1.459708e-02,2.386885e-03
heavy,Γ+0.05M,0.0020,1.146112e-02,4.305002e+00
heavy,Γ+0.05M,0.0060,1.059547e-01,2.311816e+01
heavy,Γ+0.05M,0.0100,3.108291e-01,3.012510e+01
heavy,Γ+0.05M,0.0140,6.627668e-01,2.714342e+01
heavy,Γ+0.05M,0.0180,1.231383e+00,2.196538e+01
heavy,Γ+0.05M,0.0220,2.144543e+00,1.737261e+01
heavy,Γ+0.05M,0.0260,3.639138e+00,1.381359e+01
heavy,Γ+0.05M,0.0300,6.156045e+00,1.114157e+01
heavy,Γ+0.05M,0.0340,1.046428e+01,9.133980e+00
heavy,Γ+0.05M,0.0380,1.747013e+01,7.607293e+00
heavy,Γ+0.05M,0.0420,2.616768e+01,6.427899e+00
heavy,Γ+0.05M,0.0460,3.030038e+01,5.501745e+00
heavy,Γ+0.05M,0.0500,2.630158e+01,4.762871e+00
heavy,Γ+0.05M,0.0540,1.978968e+01,4.164657e+00
heavy,Γ+0.05M,0.0580,1.472158e+01,3.673736e+00
heavy,Γ+0.05M,0.0620,1.147178e+01,3.265889e+00
heavy,Γ+0.05M,0.0660,9.574274e+00,2.923276e+00
heavy,Γ+0.05M,0.0700,8.668912e+00,2.632570e+00
heavy,Γ+0.05M,0.0740,8.616416e+00,2.383673e+00
heavy,Γ+0.05M,0.0780,9.497582e+00,2.168835e+00
heavy,Γ+0.05M,0.0820,1.165094e+01,1.982035e+00
heavy,Γ+0.05M,0.0860,1.570840e+01,1.818535e+00
heavy,Γ+0.05M,0.0900,2.217077e+01,1.674569e+00
heavy,Γ+0.05M,0.0940,2.911702e+01,1.547111e+00
heavy,Γ+0.05M,0.0980,3.044012e+01,1.433708e+00
heavy,Γ+0.05M,0.1020,2.487815e+01,1.332351e+00
heavy,Γ+0.05M,0.1060,1.815429e+01,1.241380e+00
heavy,Γ+0.05M,0.1100,1.314958e+01,1.159417e+00
heavy,Γ+0.05M,0.1140,9.825245e+00,1.085307e+00
heavy,Γ+0.05M,0.1180,7.621603e+00,1.018075e+00
heavy,Γ+0.05M,0.1220,6.116195e+00,9.568951e-01
heavy,Γ+0.05M,0.1260,5.050109e+00,9.010612e-01
heavy,Γ+0.05M,0.1300,4.268882e+00,8.499683e-01
heavy,Γ+0.05M,0.1340,3.679037e+00,8.030950e-01
heavy,Γ+0.05M,0.1380,3.222110e+00,7.599896e-01
heavy,Γ+0.05M,0.1420,2.860361e+00,7.202593e-01
heavy,Γ+0.05M,0.1460,2.568707e+00,6.835611e-01
heavy,Γ+0.05M,0.1500,2.329833e+00,6.495947e-01
heavy,Γ+0.05M,0.1540,2.131713e+00,6.180956e-01
heavy,Γ+0.05M,0.1580,1.965486e+00,5.888308e-01
heavy,Γ+0.05M,0.1620,1.824845e+00,5.615939e-01
heavy,Γ+0.05M,0.1660,1.704845e+00,5.362018e-01
heavy,Γ+0.05M,0.1700,1.601916e+00,5.124914e-01
heavy,Γ+0.05M,0.1740,1.513121e+00,4.903172e-01
heavy,Γ+0.05M,0.1780,1.436275e+00,4.695490e-01
heavy,Γ+0.05M,0.1820,1.369572e+00,4.500701e-01
heavy,Γ+0.05M,0.1860,1.311551e+00,4.317755e-01
heavy,Γ+0.05M,0.1900,1.261083e+00,4.145707e-01
heavy,Γ+0.05M,0.1940,1.217101e+00,3.983702e-01
heavy,Γ+0.05M,0.1980,1.178888e+00,3.830969e-01
heavy,Γ+0.05M,0.2020,1.145602e+00,3.686807e-01
heavy,Γ+0.05M,0.2060,1.116763e+00,3.550581e-01
heavy,Γ+0.05M,0.2100,1.091674e+00,3.421712e-01
heavy,Γ+0.05M,0.2140,1.069967e+00,3.299672e-01
heavy,Γ+0.05M,0.2180,1.051053e+00,3.183981e-01
heavy,Γ+0.05M,0.2220,1.034586e+00,3.074198e-01
heavy,Γ+0.05M,0.2260,1.020077e+00,2.969919e-01
heavy,Γ+0.05M,0.2300,1.007140e+00,2.870775e-01
heavy,Γ+0.05M,0.2340,9.953866e-01,2.776425e-01
heavy,Γ+0.05M,0.2380,9.843757e-01,2.686555e-01
heavy,Γ+0.05M,0.2420,9.738162e-01,2.600877e-01
heavy,Γ+0.05M,0.2460,9.632351e-01,2.519123e-01
heavy,Γ+0.05M,0.2500,9.524431e-01,2.441046e-01
heavy,Γ+0.05M,0.2540,9.409851e-01,2.366416e-01
heavy,Γ+0.05M,0.2580,9.287759e-01,2.295020e-01
heavy,Γ+0.05M,0.2620,9.154427e-01,2.226660e-01
heavy,Γ+0.05M,0.2660,9.010020e-01,2.161149e-01
heavy,Γ+0.05M,0.2700,8.852172e-01,2.098312e-01
heavy,Γ+0.05M,0.2740,8.681906e-01,2.037987e-01
heavy,Γ+0.05M,0.2780,8.498470e-01,1.980018e-01
heavy,Γ+0.05M,0.2820,8.303448e-01,1.924258e-01
heavy,Γ+0.05M,0.2860,8.097600e-01,1.870566e-01
heavy,Γ+0.05M,0.2900,7.882684e-01,1.818806e-01
heavy,Γ+0.05M,0.2940,7.660583e-01,1.768848e-01
heavy,Γ+0.05M,0.2980,7.432861e-01,1.720560e-01
heavy,Γ+0.05M,0.3020,7.202015e-01,1.673814e-01
heavy,Γ+0.05M,0.3060,6.969179e-01,1.628479e-01
heavy,Γ+0.05M,0.3100,6.736978e-01,1.584421e-01
heavy,Γ+0.05M,0.3140,6.506041e-01,1.541498e-01
heavy,Γ+0.05M,0.3180,6.278744e-01,1.499567e-01
heavy,Γ+0.05M,0.3220,6.055289e-01,1.458482e-01
heavy,Γ+0.05M,0.3260,5.837575e-01,1.418133e-01
heavy,Γ+0.05M,0.3300,5.625526e-01,1.378536e-01
heavy,Γ+0.05M,0.3340,5.420462e-01,1.340102e-01
heavy,Γ+0.05M,0.3380,5.222187e-01,1.304104e-01
heavy,Γ+0.05M,0.3420,5.031446e-01,1.272414e-01
heavy,Γ+0.05M,0.3460,4.848049e-01,1.245585e-01
heavy,Γ+0.05M,0.3500,4.672236e-01,1.222445e-01
heavy,Γ+0.05M,0.3540,4.503889e-01,1.201754e-01
heavy,Γ+0.05M,0.3580,4.342852e-01,1.182810e-01
heavy,Γ+0.05M,0.3620,4.189099e-01,1.165277e-01
heavy,Γ+0.05M,0.3660,4.042202e-01,1.149004e-01
heavy,Γ+0.05M,0.3700,3.902208e-01,1.133930e-01
heavy,Γ+0.05M,0.3740,3.768535e-01,1.120041e-01
heavy,Γ+0.05M,0.3780,3.641264e-01,1.107355e-01
heavy,Γ+0.05M,0.3820,3.519762e-01,1.095910e-01
heavy,Γ+0.05M,0.3860,3.404104e-01,1.085769e-01
heavy,Γ+0.05M,0.3900,3.293682e-01,1.077013e-01
heavy,Γ+0.05M,0.3940,3.188531e-01,1.069753e-01
heavy,Γ+0.05M,0.3980,3.088119e-01,1.064127e-01
heavy,Γ+0.05M,0.4020,2.992422e-01,1.060315e-01
heavy,Γ+0.05M,0.4060,2.901009e-01,1.058545e-01
heavy,Γ+0.05M,0.4100,2.813789e-01,1.059110e-01
heavy,Γ+0.05M,0.4140,2.730440e-01,1.062389e-01
heavy,Γ+0.05M,0.4180,2.650809e-01,1.068873e-01
heavy,Γ+0.05M,0.4220,2.574673e-01,1.079204e-01
heavy,Γ+0.05M,0.4260,2.501831e-01,1.094235e-01
heavy,Γ+0.05M,0.4300,2.432143e-01,1.115103e-01
heavy,Γ+0.05M,0.4340,2.365376e-01,1.143332e-01
heavy,Γ+0.05M,0.4380,2.301452e-01,1.180974e-01
heavy,Γ+0.05M,0.4420,2.240125e-01,1.230757e-01
heavy,Γ+0.05M,0.4460,2.181358e-01,1.296172e-01
heavy,Γ+0.05M,0.4500,2.124906e-01,1.381216e-01
heavy,Γ+0.05M,0.4540,2.070759e-01,1.488970e-01
heavy,Γ+0.05M,0.4580,2.018683e-01,1.616966e-01
heavy,Γ+0.05M,0.4620,1.968678e-01,1.745977e-01
heavy,Γ+0.05M,0.4660,1.920535e-01,1.824438e-01
heavy,Γ+0.05M,0.4700,1.874252e-01,1.778920e-01
heavy,Γ+0.05M,0.4740,1.829648e-01,1.589593e-01
heavy,Γ+0.05M,0.4780,1.786715e-01,1.337799e-01
heavy,Γ+0.05M,0.4820,1.745299e-01,1.117740e-01
heavy,Γ+0.05M,0.4860,1.705384e-01,9.604723e-02
heavy,Γ+0.05M,0.4900,1.666843e-01,8.546857e-02
heavy,Γ+0.05M,0.4940,1.629652e-01,7.824822e-02
heavy,Γ+0.05M,0.4980,1.593708e-01,7.311768e-02
heavy,Γ+0.05M,0.5020,1.558977e-01,6.931166e-02
heavy,Γ+0.05M,0.5060,1.525378e-01,6.637755e-02
heavy,Γ+0.05M,0.5100,1.492869e-01,6.404203e-02
heavy,Γ+0.05M,0.5140,1.461388e-01,6.213515e-02
heavy,Γ+0.05M,0.5180,1.430887e-01,6.054874e-02
heavy,Γ+0.05M,0.5220,1.401315e-01,5.921351e-02
heavy,Γ+0.05M,0.5260,1.372623e-01,5.808673e-02
heavy,Γ+0.05M,0.5300,1.344770e-01,5.714644e-02
heavy,Γ+0.05M,0.5340,1.317704e-01,5.639060e-02
heavy,Γ+0.05M,0.5380,1.291390e-01,5.584041e-02
heavy,Γ+0.05M,0.5420,1.265775e-01,5.554165e-02
heavy,Γ+0.05M,0.5460,1.240829e-01,5.553274e-02
heavy,Γ+0.05M,0.5500,1.216498e-01,5.574059e-02
heavy,Γ+0.05M,0.5540,1.192756e-01,5.596856e-02
heavy,Γ+0.05M,0.5580,1.169552e-01,5.609053e-02
heavy,Γ+0.05M,0.5620,1.146866e-01,5.609955e-02
heavy,Γ+0.05M,0.5660,1.124665e-01,5.602738e-02
heavy,Γ+0.05M,0.5700,1.102968e-01,5.590389e-02
heavy,Γ+0.05M,0.5740,1.081834e-01,5.575037e-02
heavy,Γ+0.05M,0.5780,1.061509e-01,5.558117e-02
heavy,Γ+0.05M,0.5820,1.042578e-01,5.540593e-02
heavy,Γ+0.05M,0.5860,1.026335e-01,5.523126e-02
heavy,Γ+0.05M,0.5900,1.014433e-01,5.506176e-02
heavy,Γ+0.05M,0.5940,1.007004e-01,5.490069e-02
heavy,Γ+0.05M,0.5980,1.002071e-01,5.475043e-02
heavy,Γ+0.05M,0.6020,9.978474e-02,5.461270e-02
heavy,Γ+0.05M,0.6060,9.935219e-02,5.448880e-02
heavy,Γ+0.05M,0.6100,9.888826e-02,5.437970e-02
heavy,Γ+0.05M,0.6140,9.838975e-02,5.428615e-02
heavy,Γ+0.05M,0.6180,9.786306e-02,5.420873e-02
heavy,Γ+0.05M,0.6220,9.731261e-02,5.414789e-02
heavy,Γ+0.05M,0.6260,9.674584e-02,5.410400e-02
heavy,Γ+0.05M,0.6300,9.616607e-02,5.407738e-02
heavy,Γ+0.05M,0.6340,9.557918e-02,5.406829e-02
heavy,Γ+0.05M,0.6380,9.498706e-02,5.407697e-02
heavy,Γ+0.05M,0.6420,9.439419e-02,5.410369e-02
heavy,Γ+0.05M,0.6460,9.380152e-02,5.414875e-02
heavy,Γ+0.05M,0.6500,9.321246e-02,5.421252e-02
heavy,Γ+0.05M,0.6540,9.262750e-02,5.429555e-02
heavy,Γ+0.05M,0.6580,9.204911e-02,5.439873e-02
heavy,Γ+0.05M,0.6620,9.147775e-02,5.452355e-02
heavy,Γ+0.05M,0.6660,9.091496e-02,5.467275e-02
heavy,Γ+0.05M,0.6700,9.036146e-02,5.485155e-02
heavy,Γ+0.05M,0.6740,8.981790e-02,5.507043e-02
heavy,Γ+0.05M,0.6780,8.928543e-02,5.535132e-02
heavy,Γ+0.05M,0.6820,8.876384e-02,5.573995e-02
heavy,Γ+0.05M,0.6860,8.825478e-02,5.631936e-02
heavy,Γ+0.05M,0.6900,8.775732e-02,5.717592e-02
heavy,Γ+0.05M,0.6940,8.727350e-02,5.828507e-02
heavy,Γ+0.05M,0.6980,8.680191e-02,5.951921e-02
heavy,Γ+0.05M,0.7020,8.634477e-02,6.078410e-02
heavy,Γ+0.05M,0.7060,8.590053e-02,6.204656e-02
heavy,Γ+0.05M,0.7100,8.547125e-02,6.330284e-02
heavy,Γ+0.05M,0.7140,8.505566e-02,6.455855e-02
heavy,Γ+0.05M,0.7180,8.465524e-02,6.582145e-02
heavy,Γ+0.05M,0.7220,8.426947e-02,6.709916e-02
heavy,Γ+0.05M,0.7260,8.389889e-02,6.839870e-02
heavy,Γ+0.05M,0.7300,8.354398e-02,6.972644e-02
heavy,Γ+0.05M,0.7340,8.320426e-02,7.108822e-02
heavy,Γ+0.05M,0.7380,8.288117e-02,7.248948e-02
heavy,Γ+0.05M,0.7420,8.257344e-02,7.393544e-02
heavy,Γ+0.05M,0.7460,8.228306e-02,7.543112e-02
heavy,Γ+0.05M,0.7500,8.200860e-02,7.698152e-02
heavy,Γ+0.05M,0.7540,8.175188e-02,7.859165e-02
heavy,Γ+0.05M,0.7580,8.151209e-02,8.026659e-02
heavy,Γ+0.05M,0.7620,8.129017e-02,8.201158e-02
heavy,Γ+0.05M,0.7660,8.108650e-02,8.383205e-02
heavy,Γ+0.05M,0.7700,8.090086e-02,8.573369e-02
heavy,Γ+0.05M,0.7740,8.073482e-02,8.772246e-02
heavy,Γ+0.05M,0.7780,8.058738e-02,8.980472e-02
heavy,Γ+0.05M,0.7820,8.046063e-02,9.198721e-02
heavy,Γ+0.05M,0.7860,8.035378e-02,9.427712e-02
heavy,Γ+0.05M,0.7900,8.026836e-02,9.668219e-02
heavy,Γ+0.05M,0.7940,8.020484e-02,9.921072e-02
heavy,Γ+0.05M,0.7980,8.016358e-02,1.018717e-01
heavy,Γ+0.05M,0.8020,8.014652e-02,1.046748e-01
heavy,Γ+0.05M,0.8060,8.015331e-02,1.076306e-01
heavy,Γ+0.05M,0.8100,8.018650e-02,1.107504e-01
heavy,Γ+0.05M,0.8140,8.024643e-02,1.140468e-01
heavy,Γ+0.05M,0.8180,8.033510e-02,1.175335e-01
heavy,Γ+0.05M,0.8220,8.045470e-02,1.212251e-01
heavy,Γ+0.05M,0.8260,8.060650e-02,1.251382e-01
heavy,Γ+0.05M,0.8300,8.079454e-02,1.292907e-01
heavy,Γ+0.05M,0.8340,8.102091e-02,1.337023e-01
heavy,Γ+0.05M,0.8380,8.129059e-02,1.383949e-01
heavy,Γ+0.05M,0.8420,8.160903e-02,1.433925e-01
heavy,Γ+0.05M,0.8460,8.198275e-02,1.487221e-01
heavy,Γ+0.05M,0.8500,8.242297e-02,1.544132e-01
heavy,Γ+0.05M,0.8540,8.294291e-02,1.604992e-01
heavy,Γ+0.05M,0.8580,8.356516e-02,1.670169e-01
heavy,Γ+0.05M,0.8620,8.432514e-02,1.740078e-01
heavy,Γ+0.05M,0.8660,8.528327e-02,1.815184e-01
heavy,Γ+0.05M,0.8700,8.655562e-02,1.896012e-01
heavy,Γ+0.05M,0.8740,8.837038e-02,1.983153e-01
heavy,Γ+0.05M,0.8780,9.117947e-02,2.077276e-01
heavy,Γ+0.05M,0.8820,9.565615e-02,2.179144e-01
heavy,Γ+0.05M,0.8860,1.020256e-01,2.289625e-01
heavy,Γ+0.05M,0.8900,1.092588e-01,2.409712e-01
heavy,Γ+0.05M,0.8940,1.158657e-01,2.540547e-01
heavy,Γ+0.05M,0.8980,1.209165e-01,2.683446e-01
heavy,Γ+0.05M,0.9020,1.241114e-01,2.839933e-01
heavy,Γ+0.05M,0.9060,1.255339e-01,3.011780e-01
heavy,Γ+0.05M,0.9100,1.254576e-01,3.201060e-01
heavy,Γ+0.05M,0.9140,1.242223e-01,3.410207e-01
heavy,Γ+0.05M,0.9180,1.221541e-01,3.642094e-01
heavy,Γ+0.05M,0.9220,1.195329e-01,3.900133e-01
heavy,Γ+0.05M,0.9260,1.165837e-01,4.188403e-01
heavy,Γ+0.05M,0.9300,1.134736e-01,4.511806e-01
heavy,Γ+0.05M,0.9340,1.103218e-01,4.876280e-01
heavy,Γ+0.05M,0.9380,1.072125e-01,5.289071e-01
heavy,Γ+0.05M,0.9420,1.041996e-01,5.759090e-01
heavy,Γ+0.05M,0.9460,1.013156e-01,6.297394e-01
heavy,Γ+0.05M,0.9500,9.858044e-02,6.917838e-01
heavy,Γ+0.05M,0.9540,9.600264e-02,7.637953e-01
heavy,Γ+0.05M,0.9580,9.358327e-02,8.480184e-01
heavy,Γ+0.05M,0.9620,9.132016e-02,9.473615e-01
heavy,Γ+0.05M,0.9660,8.920816e-02,1.065645e+00
heavy,Γ+0.05M,0.9700,8.723961e-02,1.207962e+00
heavy,Γ+0.05M,0.9740,8.540669e-02,1.381214e+00
heavy,Γ+0.05M,0.9780,8.370157e-02,1.594928e+00
heavy,Γ+0.05M,0.9820,8.211577e-02,1.862511e+00
heavy,Γ+0.05M,0.9860,8.064115e-02,2.203264e+00
heavy,Γ+0.05M,0.9900,7.927048e-02,2.645641e+00
heavy,Γ+0.05M,0.9940,7.799665e-02,3.232706e+00
heavy,Γ+0.05M,0.9980,7.681282e-02,4.031421e+00
heavy,Γ+0.05M,1.0020,7.571292e-02,5.148626e+00
heavy,Γ+0.05M,1.0060,7.469149e-02,6.757931e+00
heavy,Γ+0.05M,1.0100,7.374329e-02,9.139690e+00
heavy,Γ+0.05M,1.0140,7.286347e-02,1.271051e+01
heavy,Γ+0.05M,1.0180,7.204779e-02,1.788157e+01
heavy,Γ+0.05M,1.0220,7.129239e-02,2.416043e+01
heavy,Γ+0.05M,1.0260,7.059363e-02,2.819164e+01
heavy,Γ+0.05M,1.0300,6.994818e-02,2.571922e+01
heavy,Γ+0.05M,1.0340,6.935311e-02,1.903254e+01
heavy,Γ+0.05M,1.0380,6.880577e-02,1.299328e+01
heavy,Γ+0.05M,1.0420,6.830368e-02,8.924149e+00
heavy,Γ+0.05M,1.0460,6.784457e-02,6.348549e+00
heavy,Γ+0.05M,1.0500,6.742643e-02,4.693718e+00
heavy,Γ+0.05M,1.0540,6.704745e-02,3.591882e+00
heavy,Γ+0.05M,1.0580,6.670598e-02,2.829988e+00
heavy,Γ+0.05M,1.0620,6.640048e-02,2.284640e+00
heavy,Γ+0.05M,1.0660,6.612959e-02,1.882331e+00
heavy,Γ+0.05M,1.0700,6.589209e-02,1.577718e+00
heavy,Γ+0.05M,1.0740,6.568688e-02,1.341850e+00
heavy,Γ+0.05M,1.0780,6.551298e-02,1.155641e+00
heavy,Γ+0.05M,1.0820,6.536950e-02,1.006138e+00
heavy,Γ+0.05M,1.0860,6.525564e-02,8.843230e-01
heavy,Γ+0.05M,1.0900,6.517071e-02,7.837716e-01
heavy,Γ+0.05M,1.0940,6.511409e-02,6.998114e-01
heavy,Γ+0.05M,1.0980,6.508526e-02,6.289818e-01
heavy,Γ+0.05M,1.1020,6.508377e-02,5.686771e-01
heavy,Γ+0.05M,1.1060,6.510922e-02,5.169061e-01
heavy,Γ+0.05M,1.1100,6.516129e-02,4.721264e-01
heavy,Γ+0.05M,1.1140,6.523973e-02,4.331285e-01
heavy,Γ+0.05M,1.1180,6.534434e-02,3.989536e-01
heavy,Γ+0.05M,1.1220,6.547500e-02,3.688336e-01
heavy,Γ+0.05M,1.1260,6.563162e-02,3.421476e-01
heavy,Γ+0.05M,1.1300,6.581417e-02,3.183891e-01
heavy,Γ+0.05M,1.1340,6.602271e-02,2.971419e-01
heavy,Γ+0.05M,1.1380,6.625729e-02,2.780612e-01
heavy,Γ+0.05M,1.1420,6.651807e-02,2.608596e-01
heavy,Γ+0.05M,1.1460,6.680524e-02,2.452958e-01
heavy,Γ+0.05M,1.1500,6.711902e-02,2.311662e-01
heavy,Γ+0.05M,1.1540,6.745972e-02,2.182979e-01
heavy,Γ+0.05M,1.1580,6.782768e-02,2.065435e-01
heavy,Γ+0.05M,1.1620,6.822330e-02,1.957764e-01
heavy,Γ+0.05M,1.1660,6.864704e-02,1.858877e-01
heavy,Γ+0.05M,1.1700,6.909939e-02,1.767830e-01
heavy,Γ+0.05M,1.1740,6.958092e-02,1.683805e-01
heavy,Γ+0.05M,1.1780,7.009227e-02,1.606087e-01
heavy,Γ+0.05M,1.1820,7.063411e-02,1.534050e-01
heavy,Γ+0.05M,1.1860,7.120721e-02,1.467145e-01
heavy,Γ+0.05M,1.1900,7.181238e-02,1.404887e-01
heavy,Γ+0.05M,1.1940,7.245051e-02,1.346849e-01
heavy,Γ+0.05M,1.1980,7.312257e-02,1.292650e-01
heavy,Γ+0.05M,1.2020,7.382961e-02,1.241953e-01
heavy,Γ+0.05M,1.2060,7.457278e-02,1.194456e-01
heavy,Γ+0.05M,1.2100,7.535331e-02,1.149891e-01
heavy,Γ+0.05M,1.2140,7.617253e-02,1.108016e-01
heavy,Γ+0.05M,1.2180,7.703189e-02,1.068613e-01
heavy,Γ+0.05M,1.2220,7.793296e-02,1.031488e-01
heavy,Γ+0.05M,1.2260,7.887745e-02,9.964642e-02
heavy,Γ+0.05M,1.2300,7.986721e-02,9.633824e-02
heavy,Γ+0.05M,1.2340,8.090426e-02,9.320980e-02
heavy,Γ+0.05M,1.2380,8.199080e-02,9.024797e-02
heavy,Γ+0.05M,1.2420,8.312926e-02,8.744084e-02
heavy,Γ+0.05M,1.2460,8.432228e-02,8.477751e-02
heavy,Γ+0.05M,1.2500,8.557278e-02,8.224806e-02
heavy,Γ+0.05M,1.2540,8.688401e-02,7.984341e-02
heavy,Γ+0.05M,1.2580,8.825958e-02,7.755525e-02
heavy,Γ+0.05M,1.2620,8.970350e-02,7.537595e-02
heavy,Γ+0.05M,1.2660,9.122034e-02,7.329849e-02
heavy,Γ+0.05M,1.2700,9.281521e-02,7.131643e-02
heavy,Γ+0.05M,1.2740,9.449402e-02,6.942384e-02
heavy,Γ+0.05M,1.2780,9.626353e-02,6.761522e-02
heavy,Γ+0.05M,1.2820,9.813163e-02,6.588552e-02
heavy,Γ+0.05M,1.2860,1.001076e-01,6.423005e-02
heavy,Γ+0.05M,1.2900,1.022026e-01,6.264448e-02
heavy,Γ+0.05M,1.2940,1.044298e-01,6.112478e-02
heavy,Γ+0.05M,1.2980,1.068059e-01,5.966723e-02
heavy,Γ+0.05M,1.3020,1.093513e-01,5.826834e-02
heavy,Γ+0.05M,1.3060,1.120921e-01,5.692491e-02
heavy,Γ+0.05M,1.3100,1.150626e-01,5.563391e-02
heavy,Γ+0.05M,1.3140,1.183082e-01,5.439255e-02
heavy,Γ+0.05M,1.3180,1.218917e-01,5.319821e-02
heavy,Γ+0.05M,1.3220,1.259019e-01,5.204844e-02
heavy,Γ+0.05M,1.3260,1.304693e-01,5.094098e-02
heavy,Γ+0.05M,1.3300,1.357925e-01,4.987367e-02
heavy,Γ+0.05M,1.3340,1.421820e-01,4.884451e-02
heavy,Γ+0.05M,1.3380,1.501208e-01,4.785163e-02
heavy,Γ+0.05M,1.3420,1.602596e-01,4.689327e-02
heavy,Γ+0.05M,1.3460,1.729156e-01,4.596776e-02
heavy,Γ+0.05M,1.3500,1.863521e-01,4.507356e-02
heavy,Γ+0.05M,1.3540,1.954745e-01,4.420921e-02
heavy,Γ+0.05M,1.3580,1.934812e-01,4.337331e-02
heavy,Γ+0.05M,1.3620,1.886893e-01,4.250921e-02
heavy,Γ+0.05M,1.3660,1.641254e-01,4.172840e-02
heavy,Γ+0.05M,1.3700,1.440780e-01,4.097229e-02
heavy,Γ+0.05M,1.3740,1.315145e-01,4.023979e-02
heavy,Γ+0.05M,1.3780,1.244523e-01,3.952988e-02
heavy,Γ+0.05M,1.3820,1.208598e-01,3.884159e-02
heavy,Γ+0.05M,1.3860,1.194532e-01,3.817401e-02
heavy,Γ+0.05M,1.3900,1.194869e-01,3.752628e-02
heavy,Γ+0.05M,1.3940,1.205276e-01,3.689756e-02
heavy,Γ+0.05M,1.3980,1.223178e-01,3.628708e-02
heavy,Γ+0.05M,1.4020,1.247014e-01,3.569410e-02
heavy,Γ+0.05M,1.4060,1.275827e-01,3.511793e-02
heavy,Γ+0.05M,1.4100,1.309034e-01,3.455789e-02
heavy,Γ+0.05M,1.4140,1.346300e-01,3.401336e-02
heavy,Γ+0.05M,1.4180,1.387454e-01,3.348374e-02
heavy,Γ+0.05M,1.4220,1.432444e-01,3.296845e-02
heavy,Γ+0.05M,1.4260,1.481309e-01,3.246694e-02
heavy,Γ+0.05M,1.4300,1.534160e-01,3.197872e-02
heavy,Γ+0.05M,1.4340,1.591169e-01,3.150327e-02
heavy,Γ+0.05M,1.4380,1.652566e-01,3.104013e-02
heavy,Γ+0.05M,1.4420,1.718631e-01,3.058886e-02
heavy,Γ+0.05M,1.4460,1.789702e-01,3.014902e-02
heavy,Γ+0.05M,1.4500,1.866170e-01,2.972021e-02
heavy,Γ+0.05M,1.4540,1.948486e-01,2.930204e-02
heavy,Γ+0.05M,1.4580,2.037168e-01,2.889413e-02
heavy,Γ+0.05M,1.4620,2.132808e-01,2.849614e-02
heavy,Γ+0.05M,1.4660,2.236080e-01,2.810772e-02
heavy,Γ+0.05M,1.4700,2.347753e-01,2.772855e-02
heavy,Γ+0.05M,1.4740,2.468708e-01,2.735831e-02
heavy,Γ+0.05M,1.4780,2.599951e-01,2.699671e-02
heavy,Γ+0.05M,1.4820,2.742643e-01,2.664347e-02
heavy,Γ+0.05M,1.4860,2.898117e-01,2.629830e-02
heavy,Γ+0.05M,1.4900,3.067924e-01,2.596096e-02
heavy,Γ+0.05M,1.4940,3.253865e-01,2.563118e-02
heavy,Γ+0.05M,1.4980,3.458055e-01,2.530873e-02
heavy,Γ+0.05M,1.5020,3.682985e-01,2.499338e-02
heavy,Γ+0.05M,1.5060,3.931621e-01,2.468490e-02
heavy,Γ+0.05M,1.5100,4.207527e-01,2.438309e-02
heavy,Γ+0.05M,1.5140,4.515031e-01,2.408773e-02
heavy,Γ+0.05M,1.5180,4.859476e-01,2.379864e-02
heavy,Γ+0.05M,1.5220,5.247575e-01,2.351561e-02
heavy,Γ+0.05M,1.5260,5.687963e-01,2.323848e-02
heavy,Γ+0.05M,1.5300,6.192096e-01,2.296707e-02
heavy,Γ+0.05M,1.5340,6.775718e-01,2.270120e-02
heavy,Γ+0.05M,1.5380,7.461227e-01,2.244073e-02
heavy,Γ+0.05M,1.5420,8.280417e-01,2.218548e-02
heavy,Γ+0.05M,1.5460,9.272019e-01,2.193532e-02
heavy,Γ+0.05M,1.5500,1.043999e+00,2.170498e-02
heavy,Γ+0.05M,1.5540,1.179912e+00,2.146423e-02
heavy,Γ+0.05M,1.5580,1.332500e+00,2.122816e-02
heavy,Γ+0.05M,1.5620,1.505298e+00,2.099663e-02
heavy,Γ+0.05M,1.5660,1.704797e+00,2.076953e-02
heavy,Γ+0.05M,1.5700,1.939319e+00,2.054672e-02
heavy,Γ+0.05M,1.5740,2.219417e+00,2.032809e-02
heavy,Γ+0.05M,1.5780,2.558977e+00,2.011354e-02
heavy,Γ+0.05M,1.5820,2.976890e+00,1.990294e-02
heavy,Γ+0.05M,1.5860,3.499596e+00,1.969620e-02
heavy,Γ+0.05M,1.5900,4.165080e+00,1.949322e-02
heavy,Γ+0.05M,1.5940,5.029386e+00,1.929390e-02
heavy,Γ+0.05M,1.5980,6.177541e+00,1.909814e-02
heavy,Γ+0.05M,1.6020,7.742358e+00,1.890585e-02
heavy,Γ+0.05M,1.6060,9.937293e+00,1.871694e-02
heavy,Γ+0.05M,1.6100,1.311320e+01,1.853134e-02
heavy,Γ+0.05M,1.6140,1.784720e+01,1.834894e-02
heavy,Γ+0.05M,1.6180,2.502304e+01,1.816969e-02
heavy,Γ+0.05M,1.6220,3.556387e+01,1.799349e-02
heavy,Γ+0.05M,1.6260,4.844711e+01,1.782028e-02
heavy,Γ+0.05M,1.6300,5.633286e+01,1.764997e-02
heavy,Γ+0.05M,1.6340,5.099577e+01,1.748251e-02
heavy,Γ+0.05M,1.6380,3.815679e+01,1.731781e-02
heavy,Γ+0.05M,1.6420,2.668563e+01,1.715583e-02
heavy,Γ+0.05M,1.6460,1.874330e+01,1.699648e-02
heavy,Γ+0.05M,1.6500,1.354698e+01,1.683972e-02
heavy,Γ+0.05M,1.6540,1.011543e+01,1.668547e-02
heavy,Γ+0.05M,1.6580,7.783159e+00,1.653369e-02
heavy,Γ+0.05M,1.6620,6.146081e+00,1.638431e-02
heavy,Γ+0.05M,1.6660,4.961408e+00,1.623729e-02
heavy,Γ+0.05M,1.6700,4.080531e+00,1.609255e-02
heavy,Γ+0.05M,1.6740,3.410182e+00,1.595007e-02
heavy,Γ+0.05M,1.6780,2.890564e+00,1.580977e-02
heavy,Γ+0.05M,1.6820,2.482069e+00,1.567163e-02
heavy,Γ+0.05M,1.6860,2.156339e+00,1.553558e-02
heavy,Γ+0.05M,1.6900,1.892337e+00,1.540159e-02
heavy,Γ+0.05M,1.6940,1.675070e+00,1.526960e-02
heavy,Γ+0.05M,1.6980,1.493993e+00,1.513958e-02
heavy,Γ+0.05M,1.7020,1.341587e+00,1.501148e-02
heavy,Γ+0.05M,1.7060,1.212450e+00,1.488526e-02
heavy,Γ+0.05M,1.7100,1.102697e+00,1.476088e-02
heavy,Γ+0.05M,1.7140,1.009288e+00,1.463830e-02
heavy,Γ+0.05M,1.7180,9.291656e-01,1.451749e-02
heavy,Γ+0.05M,1.7220,8.589868e-01,1.439841e-02
heavy,Γ+0.05M,1.7260,7.959149e-01,1.428102e-02
heavy,Γ+0.05M,1.7300,7.381421e-01,1.416529e-02
heavy,Γ+0.05M,1.7340,6.847986e-01,1.405118e-02
heavy,Γ+0.05M,1.7380,6.359342e-01,1.393866e-02
heavy,Γ+0.05M,1.7420,5.919712e-01,1.382770e-02
heavy,Γ+0.05M,1.7460,5.527421e-01,1.371826e-02
heavy,Γ+0.05M,1.7500,5.176137e-01,1.361033e-02
heavy,Γ+0.05M,1.7540,4.859542e-01,1.350386e-02
heavy,Γ+0.05M,1.7580,4.572582e-01,1.339883e-02
heavy,Γ+0.05M,1.7620,4.311279e-01,1.329521e-02
heavy,Γ+0.05M,1.7660,4.072425e-01,1.319297e-02
heavy,Γ+0.05M,1.7700,3.853369e-01,1.309209e-02
heavy,Γ+0.05M,1.7740,3.651881e-01,1.299254e-02
heavy,Γ+0.05M,1.7780,3.466058e-01,1.289429e-02
heavy,Γ+0.05M,1.7820,3.294262e-01,1.279733e-02
heavy,Γ+0.05M,1.7860,3.135068e-01,1.270162e-02
heavy,Γ+0.05M,1.7900,2.987233e-01,1.260714e-02
heavy,Γ+0.05M,1.7940,2.849666e-01,1.251387e-02
heavy,Γ+0.05M,1.7980,2.721403e-01,1.242179e-02
heavy,Γ+0.05M,1.8020,2.601590e-01,1.233087e-02
heavy,Γ+0.05M,1.8060,2.489465e-01,1.224110e-02
heavy,Γ+0.05M,1.8100,2.384350e-01,1.215245e-02
heavy,Γ+0.05M,1.8140,2.285634e-01,1.206490e-02
heavy,Γ+0.05M,1.8180,2.192765e-01,1.197844e-02
heavy,Γ+0.05M,1.8220,2.105244e-01,1.189304e-02
heavy,Γ+0.05M,1.8260,2.022613e-01,1.180868e-02
heavy,Γ+0.05M,1.8300,1.944448e-01,1.172535e-02
heavy,Γ+0.05M,1.8340,1.870355e-01,1.164302e-02
heavy,Γ+0.05M,1.8380,1.799954e-01,1.156169e-02
heavy,Γ+0.05M,1.8420,1.732874e-01,1.148133e-02
heavy,Γ+0.05M,1.8460,1.668738e-01,1.140192e-02
heavy,Γ+0.05M,1.8500,1.607155e-01,1.132345e-02
heavy,Γ+0.05M,1.8540,1.547744e-01,1.124591e-02
heavy,Γ+0.05M,1.8580,1.490305e-01,1.116928e-02
heavy,Γ+0.05M,1.8620,1.435287e-01,1.109353e-02
heavy,Γ+0.05M,1.8660,1.384476e-01,1.101448e-02
heavy,Γ+0.05M,1.8700,1.337317e-01,1.094052e-02
heavy,Γ+0.05M,1.8740,1.294137e-01,1.086742e-02
heavy,Γ+0.05M,1.8780,1.254160e-01,1.079514e-02
heavy,Γ+0.05M,1.8820,1.216779e-01,1.072369e-02
heavy,Γ+0.05M,1.8860,1.181581e-01,1.065304e-02
heavy,Γ+0.05M,1.8900,1.148282e-01,1.058318e-02
heavy,Γ+0.05M,1.8940,1.116672e-01,1.051411e-02
heavy,Γ+0.05M,1.8980,1.086592e-01,1.044580e-02
heavy,Γ+0.05M,1.9020,1.057913e-01,1.037825e-02
heavy,Γ+0.05M,1.9060,1.030528e-01,1.031143e-02
heavy,Γ+0.05M,1.9100,1.004343e-01,1.024535e-02
heavy,Γ+0.05M,1.9140,9.792788e-02,1.017999e-02
heavy,Γ+0.05M,1.9180,9.552631e-02,1.011534e-02
heavy,Γ+0.05M,1.9220,9.322318e-02,1.005138e-02
heavy,Γ+0.05M,1.9260,9.101263e-02,9.988113e-03
heavy,Γ+0.05M,1.9300,8.888934e-02,9.925518e-03
heavy,Γ+0.05M,1.9340,8.684843e-02,9.863588e-03
heavy,Γ+0.05M,1.9380,8.488540e-02,9.802313e-03
heavy,Γ+0.05M,1.9420,8.299609e-02,9.741682e-03
heavy,Γ+0.05M,1.9460,8.117663e-02,9.681686e-03
heavy,Γ+0.05M,1.9500,7.942345e-02,9.622316e-03
heavy,Γ+0.05M,1.9540,7.773319e-02,9.563561e-03
heavy,Γ+0.05M,1.9580,7.610273e-02,9.505412e-03
heavy,Γ+0.05M,1.9620,7.452916e-02,9.447861e-03
heavy,Γ+0.05M,1.9660,7.300974e-02,9.390899e-03
heavy,Γ+0.05M,1.9700,7.154191e-02,9.334516e-03
heavy,Γ+0.05M,1.9740,7.012326e-02,9.278705e-03
heavy,Γ+0.05M,1.9780,6.875153e-02,9.223457e-03
heavy,Γ+0.05M,1.9820,6.742460e-02,9.168763e-03
heavy,Γ+0.05M,1.9860,6.614044e-02,9.114616e-03
heavy,Γ+0.05M,1.9900,6.489718e-02,9.061008e-03
heavy,Γ+0.05M,1.9940,6.369302e-02,9.007931e-03
heavy,Γ+0.05M,1.9980,6.252628e-02,8.955377e-03
heavy,Γ+0.05M,2.0020,6.139537e-02,8.903339e-03
heavy,Γ+0.05M,2.0060,6.029878e-02,8.851809e-03
heavy,Γ+0.05M,2.0100,5.923508e-02,8.800781e-03
heavy,Γ+0.05M,2.0140,5.820291e-02,8.750248e-03
heavy,Γ+0.05M,2.0180,5.720100e-02,8.700201e-03
heavy,Γ+0.05M,2.0220,5.622814e-02,8.650636e-03
heavy,Γ+0.05M,2.0260,5.528315e-02,8.601544e-03
heavy,Γ+0.05M,2.0300,5.436496e-02,8.552920e-03
heavy,Γ+0.05M,2.0340,5.347251e-02,8.504756e-03
heavy,Γ+0.05M,2.0380,5.260482e-02,8.457048e-03
heavy,Γ+0.05M,2.0420,5.176094e-02,8.409787e-03
heavy,Γ+0.05M,2.0460,5.093997e-02,8.362969e-03
heavy,Γ+0.05M,2.0500,5.014106e-02,8.316588e-03
heavy,Γ+0.05M,2.0540,4.936340e-02,8.270637e-03
heavy,Γ+0.05M,2.0580,4.860620e-02,8.225111e-03
heavy,Γ+0.05M,2.0620,4.786873e-02,8.180003e-03
heavy,Γ+0.05M,2.0660,4.715028e-02,8.135310e-03
heavy,Γ+0.05M,2.0700,4.645018e-02,8.091024e-03
heavy,Γ+0.05M,2.0740,4.576777e-02,8.047141e-03
heavy,Γ+0.05M,2.0780,4.510244e-02,8.003655e-03
heavy,Γ+0.05M,2.0820,4.445360e-02,7.960561e-03
heavy,Γ+0.05M,2.0860,4.382069e-02,7.917855e-03
heavy,Γ+0.05M,2.0900,4.320318e-02,7.875530e-03
heavy,Γ+0.05M,2.0940,4.260053e-02,7.833583e-03
heavy,Γ+0.05M,2.0980,4.201226e-02,7.792008e-03
heavy,Γ+0.05M,2.1020,4.143789e-02,7.750800e-03
heavy,Γ+0.05M,2.1060,4.087698e-02,7.709955e-03
heavy,Γ+0.05M,2.1100,4.032907e-02,7.669468e-03
heavy,Γ+0.05M,2.1140,3.979376e-02,7.629335e-03
heavy,Γ+0.05M,2.1180,3.927065e-02,7.589552e-03
heavy,Γ+0.05M,2.1220,3.875935e-02,7.550113e-03
heavy,Γ+0.05M,2.1260,3.825949e-02,7.511014e-03
heavy,Γ+0.05M,2.1300,3.777071e-02,7.472252e-03
heavy,Γ+0.05M,2.1340,3.729268e-02,7.433822e-03
heavy,Γ+0.05M,2.1380,3.682507e-02,7.395721e-03
heavy,Γ+0.05M,2.1420,3.636755e-02,7.357943e-03
heavy,Γ+0.05M,2.1460,3.591984e-02,7.320485e-03
heavy,Γ+0.05M,2.1500,3.548163e-02,7.283343e-03
heavy,Γ+0.05M,2.1540,3.505266e-02,7.246513e-03
heavy,Γ+0.05M,2.1580,3.463263e-02,7.209992e-03
heavy,Γ+0.05M,2.1620,3.422131e-02,7.173776e-03
heavy,Γ+0.05M,2.1660,3.381843e-02,7.137861e-03
heavy,Γ+0.05M,2.1700,3.342375e-02,7.102244e-03
heavy,Γ+0.05M,2.1740,3.303704e-02,7.066920e-03
heavy,Γ+0.05M,2.1780,3.265809e-02,7.031887e-03
heavy,Γ+0.05M,2.1820,3.228666e-02,6.997141e-03
heavy,Γ+0.05M,2.1860,3.192255e-02,6.962679e-03
heavy,Γ+0.05M,2.1900,3.156557e-02,6.928496e-03
heavy,Γ+0.05M,2.1940,3.121551e-02,6.894592e-03
heavy,Γ+0.05M,2.1980,3.087218e-02,6.860960e-03
heavy,Γ+0.05M,2.2020,3.053542e-02,6.827600e-03
heavy,Γ+0.05M,2.2060,3.020504e-02,6.794507e-03
heavy,Γ+0.05M,2.2100,2.988087e-02,6.761678e-03
heavy,Γ+0.05M,2.2140,2.956274e-02,6.729111e-03
heavy,Γ+0.05M,2.2180,2.925051e-02,6.696803e-03
heavy,Γ+0.05M,2.2220,2.894402e-02,6.664749e-03
heavy,Γ+0.05M,2.2260,2.864312e-02,6.632949e-03
heavy,Γ+0.05M,2.2300,2.834766e-02,6.601398e-03
heavy,Γ+0.05M,2.2340,2.805752e-02,6.570094e-03
heavy,Γ+0.05M,2.2380,2.777255e-02,6.539034e-03
heavy,Γ+0.05M,2.2420,2.749262e-02,6.508215e-03
heavy,Γ+0.05M,2.2460,2.721762e-02,6.477636e-03
heavy,Γ+0.05M,2.2500,2.694741e-02,6.447292e-03
heavy,Γ+0.05M,2.2540,2.668189e-02,6.417182e-03
heavy,Γ+0.05M,2.2580,2.642093e-02,6.387302e-03
heavy,Γ+0.05M,2.2620,2.616443e-02,6.357651e-03
heavy,Γ+0.05M,2.2660,2.591228e-02,6.328226e-03
heavy,Γ+0.05M,2.2700,2.566437e-02,6.299024e-03
heavy,Γ+0.05M,2.2740,2.542061e-02,6.270043e-03
heavy,Γ+0.05M,2.2780,2.518090e-02,6.241280e-03
heavy,Γ+0.05M,2.2820,2.494513e-02,6.212734e-03
heavy,Γ+0.05M,2.2860,2.471323e-02,6.184402e-03
heavy,Γ+0.05M,2.2900,2.448510e-02,6.156281e-03
heavy,Γ+0.05M,2.2940,2.426066e-02,6.128369e-03
heavy,Γ+0.05M,2.2980,2.403981e-02,6.100665e-03
heavy,Γ+0.05M,2.3020,2.382249e-02,6.073165e-03
heavy,Γ+0.05M,2.3060,2.360860e-02,6.045868e-03
heavy,Γ+0.05M,2.3100,2.339808e-02,6.018772e-03
heavy,Γ+0.05M,2.3140,2.319084e-02,5.991874e-03
heavy,Γ+0.05M,2.3180,2.298683e-02,5.965172e-03
heavy,Γ+0.05M,2.3220,2.278595e-02,5.938665e-03
heavy,Γ+0.05M,2.3260,2.258815e-02,5.912350e-03
heavy,Γ+0.05M,2.3300,2.239337e-02,5.886226e-03
heavy,Γ+0.05M,2.3340,2.220152e-02,5.860289e-03
heavy,Γ+0.05M,2.3380,2.201256e-02,5.834540e-03
heavy,Γ+0.05M,2.3420,2.182642e-02,5.808974e-03
heavy,Γ+0.05M,2.3460,2.164304e-02,5.783591e-03
heavy,Γ+0.05M,2.3500,2.146236e-02,5.758389e-03
heavy,Γ+0.05M,2.3540,2.128433e-02,5.733366e-03
heavy,Γ+0.05M,2.3580,2.110889e-02,5.708520e-03
heavy,Γ+0.05M,2.3620,2.093598e-02,5.683849e-03
heavy,Γ+0.05M,2.3660,2.076557e-02,5.659352e-03
heavy,Γ+0.05M,2.3700,2.059758e-02,5.635027e-03
heavy,Γ+0.05M,2.3740,2.043198e-02,5.610871e-03
heavy,Γ+0.05M,2.3780,2.026872e-02,5.586884e-03
heavy,Γ+0.05M,2.3820,2.010775e-02,5.563064e-03
heavy,Γ+0.05M,2.3860,1.994902e-02,5.539409e-03
heavy,Γ+0.05M,2.3900,1.979249e-02,5.515917e-03
heavy,Γ+0.05M,2.3940,1.963812e-02,5.492587e-03
heavy,Γ+0.05M,2.3980,1.948586e-02,5.469417e-03
heavy,Γ+0.05M,2.4020,1.933568e-02,5.446406e-03
heavy,Γ+0.05M,2.4060,1.918752e-02,5.423552e-03
heavy,Γ+0.05M,2.4100,1.904137e-02,5.400853e-03
heavy,Γ+0.05M,2.4140,1.889716e-02,5.378309e-03
heavy,Γ+0.05M,2.4180,1.875487e-02,5.355917e-03
heavy,Γ+0.05M,2.4220,1.861447e-02,5.333676e-03
heavy,Γ+0.05M,2.4260,1.847591e-02,5.311585e-03
heavy,Γ+0.05M,2.4300,1.833916e-02,5.289642e-03
heavy,Γ+0.05M,2.4340,1.820419e-02,5.267846e-03
heavy,Γ+0.05M,2.4380,1.807096e-02,5.246195e-03
heavy,Γ+0.05M,2.4420,1.793945e-02,5.224689e-03
heavy,Γ+0.05M,2.4460,1.780962e-02,5.203325e-03
heavy,Γ+0.05M,2.4500,1.768143e-02,5.182102e-03
heavy,Γ+0.05M,2.4540,1.755487e-02,5.161019e-03
heavy,Γ+0.05M,2.4580,1.742990e-02,5.140075e-03
heavy,Γ+0.05M,2.4620,1.730649e-02,5.119269e-03
heavy,Γ+0.05M,2.4660,1.718461e-02,5.098598e-03
heavy,Γ+0.05M,2.4700,1.706424e-02,5.078063e-03
heavy,Γ+0.05M,2.4740,1.694535e-02,5.057660e-03
heavy,Γ+0.05M,2.4780,1.682791e-02,5.037391e-03
heavy,Γ+0.05M,2.4820,1.671191e-02,5.017252e-03
heavy,Γ+0.05M,2.4860,1.659730e-02,4.997243e-03
heavy,Γ+0.05M,2.4900,1.648408e-02,4.977363e-03
heavy,Γ+0.05M,2.4940,1.637221e-02,4.957611e-03
heavy,Γ+0.05M,2.4980,1.626167e-02,4.937985e-03
heavy,Γ+0.05M,2.5020,1.615245e-02,4.918484e-03
heavy,Γ+0.05M,2.5060,1.604451e-02,4.899107e-03
heavy,Γ+0.05M,2.5100,1.593783e-02,4.879854e-03
heavy,Γ+0.05M,2.5140,1.583240e-02,4.860722e-03
heavy,Γ+0.05M,2.5180,1.572820e-02,4.841711e-03
heavy,Γ+0.05M,2.5220,1.562519e-02,4.822820e-03
heavy,Γ+0.05M,2.5260,1.552337e-02,4.804047e-03
heavy,Γ+0.05M,2.5300,1.542271e-02,4.785392e-03
heavy,Γ+0.05M,2.5340,1.532320e-02,4.766853e-03
heavy,Γ+0.05M,2.5380,1.522481e-02,4.748430e-03
heavy,Γ+0.05M,2.5420,1.512753e-02,4.730122e-03
heavy,Γ+0.05M,2.5460,1.503134e-02,4.711927e-03
heavy,Γ+0.05M,2.5500,1.493622e-02,4.693844e-03
heavy,Γ+0.05M,2.5540,1.484215e-02,4.675873e-03
heavy,Γ+0.05M,2.5580,1.474913e-02,4.658013e-03
heavy,Γ+0.05M,2.5620,1.465712e-02,4.640262e-03
heavy,Γ+0.05M,2.5660,1.456612e-02,4.622619e-03
heavy,Γ+0.05M,2.5700,1.447611e-02,4.605085e-03
heavy,Γ+0.05M,2.5740,1.438707e-02,4.587657e-03
heavy,Γ+0.05M,2.5780,1.429899e-02,4.570335e-03
heavy,Γ+0.05M,2.5820,1.421186e-02,4.553117e-03
heavy,Γ+0.05M,2.5860,1.412565e-02,4.536004e-03
heavy,Γ+0.05M,2.5900,1.404036e-02,4.518994e-03
heavy,Γ+0.05M,2.5940,1.395597e-02,4.502086e-03
heavy,Γ+0.05M,2.5980,1.387247e-02,4.485280e-03
heavy,Γ+0.05M,2.6020,1.378984e-02,4.468574e-03
heavy,Γ+0.05M,2.6060,1.370807e-02,4.451968e-03
heavy,Γ+0.05M,2.6100,1.362715e-02,4.435460e-03
heavy,Γ+0.05M,2.6140,1.354707e-02,4.419051e-03
heavy,Γ+0.05M,2.6180,1.346780e-02,4.402739e-03
heavy,Γ+0.05M,2.6220,1.338935e-02,4.386523e-03
heavy,Γ+0.05M,2.6260,1.331170e-02,4.370402e-03
heavy,Γ+0.05M,2.6300,1.323483e-02,4.354377e-03
heavy,Γ+0.05M,2.6340,1.315873e-02,4.338445e-03
heavy,Γ+0.05M,2.6380,1.308341e-02,4.322607e-03
heavy,Γ+0.05M,2.6420,1.300883e-02,4.306861e-03
heavy,Γ+0.05M,2.6460,1.293500e-02,4.291207e-03
heavy,Γ+0.05M,2.6500,1.286189e-02,4.275643e-03
heavy,Γ+0.05M,2.6540,1.278951e-02,4.260170e-03
heavy,Γ+0.05M,2.6580,1.271784e-02,4.244786e-03
heavy,Γ+0.05M,2.6620,1.264687e-02,4.229491e-03
heavy,Γ+0.05M,2.6660,1.257659e-02,4.214284e-03
heavy,Γ+0.05M,2.6700,1.250699e-02,4.199164e-03
heavy,Γ+0.05M,2.6740,1.243806e-02,4.184131e-03
heavy,Γ+0.05M,2.6780,1.236979e-02,4.169184e-03
heavy,Γ+0.05M,2.6820,1.230218e-02,4.154321e-03
heavy,Γ+0.05M,2.6860,1.223521e-02,4.139544e-03
heavy,Γ+0.05M,2.6900,1.216887e-02,4.124850e-03
heavy,Γ+0.05M,2.6940,1.210316e-02,4.110239e-03
heavy,Γ+0.05M,2.6980,1.203807e-02,4.095711e-03
heavy,Γ+0.05M,2.7020,1.197359e-02,4.081264e-03
heavy,Γ+0.05M,2.7060,1.190970e-02,4.066899e-03
heavy,Γ+0.05M,2.7100,1.184642e-02,4.052614e-03
heavy,Γ+0.05M,2.7140,1.178371e-02,4.038410e-03
heavy,Γ+0.05M,2.7180,1.172158e-02,4.024284e-03
heavy,Γ+0.05M,2.7220,1.166003e-02,4.010237e-03
heavy,Γ+0.05M,2.7260,1.159903e-02,3.996268e-03
heavy,Γ+0.05M,2.7300,1.153859e-02,3.982377e-03
heavy,Γ+0.05M,2.7340,1.147869e-02,3.968562e-03
heavy,Γ+0.05M,2.7380,1.141934e-02,3.954824e-03
heavy,Γ+0.05M,2.7420,1.136052e-02,3.941161e-03
heavy,Γ+0.05M,2.7460,1.130222e-02,3.927573e-03
heavy,Γ+0.05M,2.7500,1.124444e-02,3.914060e-03
heavy,Γ+0.05M,2.7540,1.118718e-02,3.900621e-03
heavy,Γ+0.05M,2.7580,1.113042e-02,3.887255e-03
heavy,Γ+0.05M,2.7620,1.107416e-02,3.873961e-03
heavy,Γ+0.05M,2.7660,1.101839e-02,3.860740e-03
heavy,Γ+0.05M,2.7700,1.096311e-02,3.847591e-03
heavy,Γ+0.05M,2.7740,1.090831e-02,3.834512e-03
heavy,Γ+0.05M,2.7780,1.085399e-02,3.821505e-03
heavy,Γ+0.05M,2.7820,1.080013e-02,3.808567e-03
heavy,Γ+0.05M,2.7860,1.074673e-02,3.795699e-03
heavy,Γ+0.05M,2.7900,1.069380e-02,3.782900e-03
heavy,Γ+0.05M,2.7940,1.064131e-02,3.770169e-03
heavy,Γ+0.05M,2.7980,1.058927e-02,3.757506e-03
heavy,Γ+0.05M,2.8020,1.053767e-02,3.744911e-03
heavy,Γ+0.05M,2.8060,1.048651e-02,3.732382e-03
heavy,Γ+0.05M,2.8100,1.043577e-02,3.719920e-03
heavy,Γ+0.05M,2.8140,1.038546e-02,3.707524e-03
heavy,Γ+0.05M,2.8180,1.033556e-02,3.695194e-03
heavy,Γ+0.05M,2.8220,1.028609e-02,3.682928e-03
heavy,Γ+0.05M,2.8260,1.023702e-02,3.670727e-03
heavy,Γ+0.05M,2.8300,1.018835e-02,3.658590e-03
heavy,Γ+0.05M,2.8340,1.014008e-02,3.646516e-03
heavy,Γ+0.05M,2.8380,1.009221e-02,3.634506e-03
heavy,Γ+0.05M,2.8420,1.004473e-02,3.622558e-03
heavy,Γ+0.05M,2.8460,9.997634e-03,3.610672e-03
heavy,Γ+0.05M,2.8500,9.950918e-03,3.598848e-03
heavy,Γ+0.05M,2.8540,9.904578e-03,3.587085e-03
heavy,Γ+0.05M,2.8580,9.858610e-03,3.575383e-03
heavy,Γ+0.05M,2.8620,9.813009e-03,3.563742e-03
heavy,Γ+0.05M,2.8660,9.767772e-03,3.552160e-03
heavy,Γ+0.05M,2.8700,9.722894e-03,3.540638e-03
heavy,Γ+0.05M,2.8740,9.678371e-03,3.529175e-03
heavy,Γ+0.05M,2.8780,9.634198e-03,3.517770e-03
heavy,Γ+0.05M,2.8820,9.590373e-03,3.506424e-03
heavy,Γ+0.05M,2.8860,9.546890e-03,3.495136e-03
heavy,Γ+0.05M,2.8900,9.503746e-03,3.483905e-03
heavy,Γ+0.05M,2.8940,9.460937e-03,3.472731e-03
heavy,Γ+0.05M,2.8980,9.418460e-03,3.461613e-03
heavy,Γ+0.05M,2.9020,9.376310e-03,3.450552e-03
heavy,Γ+0.05M,2.9060,9.334485e-03,3.439547e-03
heavy,Γ+0.05M,2.9100,9.292979e-03,3.428597e-03
heavy,Γ+0.05M,2.9140,9.251791e-03,3.417702e-03
heavy,Γ+0.05M,2.9180,9.210916e-03,3.406861e-03
heavy,Γ+0.05M,2.9220,9.170350e-03,3.396075e-03
heavy,Γ+0.05M,2.9260,9.130091e-03,3.385343e-03
heavy,Γ+0.05M,2.9300,9.090135e-03,3.374664e-03
heavy,Γ+0.05M,2.9340,9.050479e-03,3.364039e-03
heavy,Γ+0.05M,2.9380,9.011119e-03,3.353466e-03
heavy,Γ+0.05M,2.9420,8.972052e-03,3.342945e-03
heavy,Γ+0.05M,2.9460,8.933276e-03,3.332477e-03
heavy,Γ+0.05M,2.9500,8.894786e-03,3.322060e-03
heavy,Γ+0.05M,2.9540,8.856581e-03,3.311694e-03
heavy,Γ+0.05M,2.9580,8.818656e-03,3.301379e-03
heavy,Γ+0.05M,2.9620,8.781009e-03,3.291115e-03
heavy,Γ+0.05M,2.9660,8.743637e-03,3.280902e-03
heavy,Γ+0.05M,2.9700,8.706537e-03,3.270738e-03
heavy,Γ+0.05M,2.9740,8.669706e-03,3.260624e-03
heavy,Γ+0.05M,2.9780,8.633141e-03,3.250559e-03
heavy,Γ+0.05M,2.9820,8.596840e-03,3.240542e-03
heavy,Γ+0.05M,2.9860,8.560799e-03,3.230575e-03
heavy,Γ+0.05M,2.9900,8.525016e-03,3.220655e-03
heavy,Γ+0.05M,2.9940,8.489489e-03,3.210784e-03
heavy,Γ+0.05M,2.9980,8.454214e-03,3.200960e-03
heavy,Γ+0.05M,3.0020,8.419190e-03,3.191184e-03
heavy,Γ+0.05M,3.0060,8.384413e-03,3.181454e-03
heavy,Γ+0.05M,3.0100,8.349880e-03,3.171771e-03
heavy,Γ+0.05M,3.0140,8.315591e-03,3.162134e-03
heavy,Γ+0.05M,3.0180,8.281541e-03,3.152544e-03
heavy,Γ+0.05M,3.0220,8.247729e-03,3.142999e-03
heavy,Γ+0.05M,3.0260,8.214152e-03,3.133499e-03
heavy,Γ+0.05M,3.0300,8.180807e-03,3.124045e-03
heavy,Γ+0.05M,3.0340,8.147693e-03,3.114635e-03
heavy,Γ+0.05M,3.0380,8.114808e-03,3.105270e-03
heavy,Γ+0.05M,3.0420,8.082148e-03,3.095949e-03
heavy,Γ+0.05M,3.0460,8.049711e-03,3.086672e-03
heavy,Γ+0.05M,3.0500,8.017496e-03,3.077439e-03
heavy,Γ+0.05M,3.0540,7.985500e-03,3.068249e-03
heavy,Γ+0.05M,3.0580,7.953721e-03,3.059102e-03
heavy,Γ+0.05M,3.0620,7.922157e-03,3.049998e-03
heavy,Γ+0.05M,3.0660,7.890806e-03,3.040937e-03
heavy,Γ+0.05M,3.0700,7.859665e-03,3.031917e-03
heavy,Γ+0.05M,3.0740,7.828733e-03,3.022940e-03
heavy,Γ+0.05M,3.0780,7.798008e-03,3.014004e-03
heavy,Γ+0.05M,3.0820,7.767487e-03,3.005110e-03
heavy,Γ+0.05M,3.0860,7.737169e-03,2.996257e-03
heavy,Γ+0.05M,3.0900,7.707051e-03,2.987445e-03
heavy,Γ+0.05M,3.0940,7.677132e-03,2.978673e-03
heavy,Γ+0.05M,3.0980,7.647410e-03,2.969942e-03
heavy,Γ+0.05M,3.1020,7.617883e-03,2.961251e-03
heavy,Γ+0.05M,3.1060,7.588549e-03,2.952600e-03
heavy,Γ+0.05M,3.1100,7.559406e-03,2.943988e-03
heavy,Γ+0.05M,3.1140,7.530453e-03,2.935416e-03
heavy,Γ+0.05M,3.1180,7.501688e-03,2.926883e-03
heavy,Γ+0.05M,3.1220,7.473108e-03,2.918388e-03
heavy,Γ+0.05M,3.1260,7.444713e-03,2.909933e-03
heavy,Γ+0.05M,3.1300,7.416500e-03,2.901515e-03
heavy,Γ+0.05M,3.1340,7.388467e-03,2.893136e-03
heavy,Γ+0.05M,3.1380,7.360614e-03,2.884795e-03
heavy,Γ+0.05M,3.1420,7.332938e-03,2.876491e-03
heavy,Γ+0.05M,3.1460,7.305438e-03,2.868224e-03
heavy,Γ+0.05M,3.1500,7.278112e-03,2.859995e-03
heavy,Γ+0.05M,3.1540,7.250959e-03,2.851803e-03
heavy,Γ+0.05M,3.1580,7.223977e-03,2.843648e-03
heavy,Γ+0.05M,3.1620,7.197164e-03,2.835529e-03
heavy,Γ+0.05M,3.1660,7.170519e-03,2.827446e-03
heavy,Γ+0.05M,3.1700,7.144040e-03,2.819399e-03
heavy,Γ+0.05M,3.1740,7.117726e-03,2.811388e-03
heavy,Γ+0.05M,3.1780,7.091576e-03,2.803413e-03
heavy,Γ+0.05M,3.1820,7.065587e-03,2.795473e-03
heavy,Γ+0.05M,3.1860,7.039759e-03,2.787568e-03
heavy,Γ+0.05M,3.1900,7.014090e-03,2.779698e-03
heavy,Γ+0.05M,3.1940,6.988578e-03,2.771863e-03
heavy,Γ+0.05M,3.1980,6.963223e-03,2.764062e-03
heavy,Γ+0.05M,3.2020,6.938022e-03,2.756296e-03
heavy,Γ+0.05M,3.2060,6.912975e-03,2.748564e-03
heavy,Γ+0.05M,3.2100,6.888080e-03,2.740865e-03
heavy,Γ+0.05M,3.2140,6.863336e-03,2.733200e-03
heavy,Γ+0.05M,3.2180,6.838741e-03,2.725569e-03
heavy,Γ+0.05M,3.2220,6.814294e-03,2.717971e-03
heavy,Γ+0.05M,3.2260,6.789994e-03,2.710406e-03
heavy,Γ+0.05M,3.2300,6.765839e-03,2.702874e-03
heavy,Γ+0.05M,3.2340,6.741829e-03,2.695375e-03
heavy,Γ+0.05M,3.2380,6.717962e-03,2.687908e-03
heavy,Γ+0.05M,3.2420,6.694237e-03,2.680473e-03
heavy,Γ+0.05M,3.2460,6.670652e-03,2.673071e-03
heavy,Γ+0.05M,3.2500,6.647207e-03,2.665700e-03
heavy,Γ+0.05M,3.2540,6.623900e-03,2.658361e-03
heavy,Γ+0.05M,3.2580,6.600730e-03,2.651054e-03
heavy,Γ+0.05M,3.2620,6.577695e-03,2.643778e-03
heavy,Γ+0.05M,3.2660,6.554796e-03,2.636533e-03
heavy,Γ+0.05M,3.2700,6.532030e-03,2.629319e-03
heavy,Γ+0.05M,3.2740,6.509396e-03,2.622135e-03
heavy,Γ+0.05M,3.2780,6.486894e-03,2.614983e-03
heavy,Γ+0.05M,3.2820,6.464522e-03,2.607861e-03
heavy,Γ+0.05M,3.2860,6.442279e-03,2.600769e-03
heavy,Γ+0.05M,3.2900,6.420164e-03,2.593707e-03
heavy,Γ+0.05M,3.2940,6.398176e-03,2.586675e-03
heavy,Γ+0.05M,3.2980,6.376314e-03,2.579672e-03
heavy,Γ+0.05M,3.3020,6.354577e-03,2.572699e-03
heavy,Γ+0.05M,3.3060,6.332963e-03,2.565756e-03
heavy,Γ+0.05M,3.3100,6.311473e-03,2.558842e-03
heavy,Γ+0.05M,3.3140,6.290104e-03,2.551956e-03
heavy,Γ+0.05M,3.3180,6.268856e-03,2.545100e-03
heavy,Γ+0.05M,3.3220,6.247728e-03,2.538272e-03
heavy,Γ+0.05M,3.3260,6.226719e-03,2.531473e-03
heavy,Γ+0.05M,3.3300,6.205828e-03,2.524702e-03
heavy,Γ+0.05M,3.3340,6.185054e-03,2.517960e-03
heavy,Γ+0.05M,3.3380,6.164395e-03,2.511245e-03
heavy,Γ+0.05M,3.3420,6.143852e-03,2.504558e-03
heavy,Γ+0.05M,3.3460,6.123423e-03,2.497899e-03
heavy,Γ+0.05M,3.3500,6.103107e-03,2.491268e-03
heavy,Γ+0.05M,3.3540,6.082904e-03,2.484664e-03
heavy,Γ+0.05M,3.3580,6.062811e-03,2.478087e-03
heavy,Γ+0.05M,3.3620,6.042830e-03,2.471537e-03
heavy,Γ+0.05M,3.3660,6.022958e-03,2.465014e-03
heavy,Γ+0.05M,3.3700,6.003195e-03,2.458518e-03
heavy,Γ+0.05M,3.3740,5.983539e-03,2.452048e-03
heavy,Γ+0.05M,3.3780,5.963991e-03,2.445605e-03
heavy,Γ+0.05M,3.3820,5.944549e-03,2.439189e-03
heavy,Γ+0.05M,3.3860,5.925213e-03,2.432798e-03
heavy,Γ+0.05M,3.3900,5.905981e-03,2.426434e-03
heavy,Γ+0.05M,3.3940,5.886852e-03,2.420095e-03
heavy,Γ+0.05M,3.3980,5.867827e-03,2.413782e-03
heavy,M,0.0020,4.982288e-07,5.943836e-06
heavy,M,0.0060,4.485399e-06,5.376729e-05
heavy,M,0.0100,1.246692e-05,1.507617e-04
heavy,M,0.0140,2.445729e-05,2.992452e-04
heavy,M,0.0180,4.047868e-05,5.020816e-04
heavy,M,0.0220,6.056126e-05,7.623513e-04
heavy,M,0.0260,8.474385e-05,1.083107e-03
heavy,M,0.0300,1.130744e-04,1.467194e-03
heavy,M,0.0340,1.456108e-04,1.917127e-03
heavy,M,0.0380,1.824218e-04,2.435045e-03
heavy,M,0.0420,2.235879e-04,3.022711e-03
heavy,M,0.0460,2.692026e-04,3.681591e-03
heavy,M,0.0500,3.193727e-04,4.412953e-03
heavy,M,0.0540,3.742225e-04,5.218006e-03
heavy,M,0.0580,4.338907e-04,6.098035e-03
heavy,M,0.0620,4.985386e-04,7.054539e-03
heavy,M,0.0660,5.683448e-04,8.089341e-03
heavy,M,0.0700,6.435150e-04,9.204688e-03
heavy,M,0.0740,7.242799e-04,1.040332e-02
heavy,M,0.0780,8.108967e-04,1.168854e-02
heavy,M,0.0820,9.036652e-04,1.306425e-02
heavy,M,0.0860,1.002905e-03,1.453498e-02
heavy,M,0.0900,1.109002e-03,1.610592e-02
heavy,M,0.0940,1.222357e-03,1.778298e-02
heavy,M,0.0980,1.343461e-03,1.957280e-02
heavy,M,0.1020,1.472828e-03,2.148277e-02
heavy,M,0.1060,1.611064e-03,2.352112e-02
heavy,M,0.1100,1.758845e-03,2.569697e-02
heavy,M,0.1140,1.916908e-03,2.802039e-02
heavy,M,0.1180,2.086150e-03,3.050247e-02
heavy,M,0.1220,2.267466e-03,3.315544e-02
heavy,M,0.1260,2.462027e-03,3.599280e-02
heavy,M,0.1300,2.670946e-03,3.902939e-02
heavy,M,0.1340,2.895710e-03,4.228161e-02
heavy,M,0.1380,3.137759e-03,4.576756e-02
heavy,M,0.1420,3.398903e-03,4.950725e-02
heavy,M,0.1460,3.681066e-03,5.352284e-02
heavy,M,0.1500,3.986385e-03,5.783889e-02
heavy,M,0.1540,4.317442e-03,6.248269e-02
heavy,M,0.1580,4.676719e-03,6.748464e-02
heavy,M,0.1620,5.067601e-03,7.287860e-02
heavy,M,0.1660,5.493000e-03,7.870246e-02
heavy,M,0.1700,5.957140e-03,8.499863e-02
heavy,M,0.1740,6.463538e-03,9.181476e-02
heavy,M,0.1780,7.017134e-03,9.920450e-02
heavy,M,0.1820,7.622284e-03,1.072284e-01
heavy,M,0.1860,8.284318e-03,1.159550e-01
heavy,M,0.1900,9.008627e-03,1.254621e-01
heavy,M,0.1940,9.800416e-03,1.358385e-01
heavy,M,0.1980,1.066608e-02,1.471853e-01
heavy,M,0.2020,1.161001e-02,1.596189e-01
heavy,M,0.2060,1.263910e-02,1.732728e-01
heavy,M,0.2100,1.375617e-02,1.883016e-01
heavy,M,0.2140,1.496750e-02,2.048845e-01
heavy,M,0.2180,1.627348e-02,2.232304e-01
heavy,M,0.2220,1.767801e-02,2.435839e-01
heavy,M,0.2260,1.917839e-02,2.662326e-01
heavy,M,0.2300,2.077407e-02,2.915168e-01
heavy,M,0.2340,2.245892e-02,3.198411e-01
heavy,M,0.2380,2.422625e-02,3.516896e-01
heavy,M,0.2420,2.606693e-02,3.876450e-01
heavy,M,0.2460,2.796762e-02,4.284140e-01
heavy,M,0.2500,2.991773e-02,4.748590e-01
heavy,M,0.2540,3.189854e-02,5.280418e-01
heavy,M,0.2580,3.390037e-02,5.892798e-01
heavy,M,0.2620,3.590213e-02,6.602230e-01
heavy,M,0.2660,3.789755e-02,7.429582e-01
heavy,M,0.2700,3.986704e-02,8.401529e-01
heavy,M,0.2740,4.180934e-02,9.552560e-01
heavy,M,0.2780,4.370972e-02,1.092783e+00
heavy,M,0.2820,4.557188e-02,1.258727e+00
heavy,M,0.2860,4.738817e-02,1.461158e+00
heavy,M,0.2900,4.916563e-02,1.711119e+00
heavy,M,0.2940,5.090438e-02,2.023981e+00
heavy,M,0.2980,5.261238e-02,2.421522e+00
heavy,M,0.3020,5.429708e-02,2.935186e+00
heavy,M,0.3060,5.596517e-02,3.611192e+00
heavy,M,0.3100,5.763024e-02,4.518515e+00
heavy,M,0.3140,5.929641e-02,5.760842e+00
heavy,M,0.3180,6.098178e-02,7.492023e+00
heavy,M,0.3220,6.268778e-02,9.925848e+00
heavy,M,0.3260,6.443520e-02,1.329661e+01
heavy,M,0.3300,6.622379e-02,1.762800e+01
heavy,M,0.3340,6.807508e-02,2.206373e+01
heavy,M,0.3380,6.998875e-02,2.421434e+01
heavy,M,0.3420,7.198530e-02,2.209252e+01
heavy,M,0.3460,7.406633e-02,1.735323e+01
heavy,M,0.3500,7.624988e-02,1.278491e+01
heavy,M,0.3540,7.854118e-02,9.379495e+00
heavy,M,0.3580,8.095494e-02,7.022619e+00
heavy,M,0.3620,8.350138e-02,5.400405e+00
heavy,M,0.3660,8.619172e-02,4.263213e+00
heavy,M,0.3700,8.904189e-02,3.445855e+00
heavy,M,0.3740,9.206027e-02,2.843325e+00
heavy,M,0.3780,9.526853e-02,2.388648e+00
heavy,M,0.3820,9.867360e-02,2.038319e+00
heavy,M,0.3860,1.023026e-01,1.763418e+00
heavy,M,0.3900,1.061628e-01,1.544269e+00
heavy,M,0.3940,1.102864e-01,1.367178e+00
heavy,M,0.3980,1.146834e-01,1.222424e+00
heavy,M,0.4020,1.193900e-01,1.102977e+00
heavy,M,0.4060,1.244223e-01,1.003676e+00
heavy,M,0.4100,1.298203e-01,9.206874e-01
heavy,M,0.4140,1.356084e-01,8.511413e-01
heavy,M,0.4180,1.418314e-01,7.928865e-01
heavy,M,0.4220,1.485250e-01,7.443265e-01
heavy,M,0.4260,1.557400e-01,7.043106e-01
heavy,M,0.4300,1.635270e-01,6.720684e-01
heavy,M,0.4340,1.719454e-01,6.471781e-01
heavy,M,0.4380,1.810647e-01,6.295638e-01
heavy,M,0.4420,1.909570e-01,6.195146e-01
heavy,M,0.4460,2.017160e-01,6.177004e-01
heavy,M,0.4500,2.134330e-01,6.251066e-01
heavy,M,0.4540,2.262330e-01,6.426413e-01
heavy,M,0.4580,2.402361e-01,6.697650e-01
heavy,M,0.4620,2.556085e-01,7.009009e-01
heavy,M,0.4660,2.725134e-01,7.195796e-01
heavy,M,0.4700,2.911739e-01,6.994524e-01
heavy,M,0.4740,3.118168e-01,6.290811e-01
heavy,M,0.4780,3.347464e-01,5.341943e-01
heavy,M,0.4820,3.602851e-01,4.495249e-01
heavy,M,0.4860,3.888567e-01,3.878968e-01
heavy,M,0.4900,4.209291e-01,3.458143e-01
heavy,M,0.4940,4.571083e-01,3.168139e-01
heavy,M,0.4980,4.980900e-01,2.962066e-01
heavy,M,0.5020,5.447669e-01,2.811441e-01
heavy,M,0.5060,5.982014e-01,2.699397e-01
heavy,M,0.5100,6.597562e-01,2.615779e-01
heavy,M,0.5140,7.311061e-01,2.554336e-01
heavy,M,0.5180,8.144161e-01,2.511201e-01
heavy,M,0.5220,9.124292e-01,2.484054e-01
heavy,M,0.5260,1.028746e+00,2.471700e-01
heavy,M,0.5300,1.168072e+00,2.473904e-01
heavy,M,0.5340,1.336722e+00,2.491445e-01
heavy,M,0.5380,1.543221e+00,2.526375e-01
heavy,M,0.5420,1.799348e+00,2.582226e-01
heavy,M,0.5460,2.121577e+00,2.662731e-01
heavy,M,0.5500,2.533464e+00,2.767024e-01
heavy,M,0.5540,3.069207e+00,2.888440e-01
heavy,M,0.5580,3.779402e+00,3.022854e-01
heavy,M,0.5620,4.739656e+00,3.171372e-01
heavy,M,0.5660,6.062995e+00,3.337201e-01
heavy,M,0.5700,7.912680e+00,3.523966e-01
heavy,M,0.5740,1.049763e+01,3.735448e-01
heavy,M,0.5780,1.397895e+01,3.975702e-01
heavy,M,0.5820,1.810945e+01,4.249229e-01
heavy,M,0.5860,2.153088e+01,4.561161e-01
heavy,M,0.5900,2.199166e+01,4.917457e-01
heavy,M,0.5940,1.909857e+01,5.325127e-01
heavy,M,0.5980,1.499411e+01,5.792519e-01
heavy,M,0.6020,1.137516e+01,6.329677e-01
heavy,M,0.6060,8.652342e+00,6.948821e-01
heavy,M,0.6100,6.695001e+00,7.664978e-01
heavy,M,0.6140,5.290243e+00,8.496847e-01
heavy,M,0.6180,4.267242e+00,9.467982e-01
heavy,M,0.6220,3.507258e+00,1.060843e+00
heavy,M,0.6260,2.930987e+00,1.195704e+00
heavy,M,0.6300,2.485359e+00,1.356475e+00
heavy,M,0.6340,2.134578e+00,1.549930e+00
heavy,M,0.6380,1.853930e+00,1.785228e+00
heavy,M,0.6420,1.626156e+00,2.074945e+00
heavy,M,0.6460,1.438857e+00,2.436667e+00
heavy,M,0.6500,1.283069e+00,2.895419e+00
heavy,M,0.6540,1.152112e+00,3.487483e+00
heavy,M,0.6580,1.041007e+00,4.266344e+00
heavy,M,0.6620,9.459301e-01,5.311811e+00
heavy,M,0.6660,8.639489e-01,6.742920e+00
heavy,M,0.6700,7.927586e-01,8.731546e+00
heavy,M,0.6740,7.305451e-01,1.149684e+01
heavy,M,0.6780,6.758589e-01,1.520197e+01
heavy,M,0.6820,6.275275e-01,1.954451e+01
heavy,M,0.6860,5.846069e-01,2.294280e+01
heavy,M,0.6900,5.463105e-01,2.287116e+01
heavy,M,0.6940,5.120048e-01,1.921360e+01
heavy,M,0.6980,4.811447e-01,1.461138e+01
heavy,M,0.7020,4.532933e-01,1.080742e+01
heavy,M,0.7060,4.280637e-01,8.065068e+00
heavy,M,0.7100,4.051460e-01,6.150515e+00
heavy,M,0.7140,3.842606e-01,4.804685e+00
heavy,M,0.7180,3.651813e-01,3.839403e+00
heavy,M,0.7220,3.477040e-01,3.130640e+00
heavy,M,0.7260,3.316581e-01,2.598125e+00
heavy,M,0.7300,3.168942e-01,2.189451e+00
heavy,M,0.7340,3.032796e-01,1.869769e+00
heavy,M,0.7380,2.907046e-01,1.615403e+00
heavy,M,0.7420,2.790641e-01,1.409917e+00
heavy,M,0.7460,2.682760e-01,1.241661e+00
heavy,M,0.7500,2.582572e-01,1.102221e+00
heavy,M,0.7540,2.489439e-01,9.854067e-01
heavy,M,0.7580,2.402717e-01,8.865917e-01
heavy,M,0.7620,2.321883e-01,8.022663e-01
heavy,M,0.7660,2.246453e-01,7.297314e-01
heavy,M,0.7700,2.175978e-01,6.668854e-01
heavy,M,0.7740,2.110100e-01,6.120729e-01
heavy,M,0.7780,2.048434e-01,5.639766e-01
heavy,M,0.7820,1.990707e-01,5.215378e-01
heavy,M,0.7860,1.936604e-01,4.838981e-01
heavy,M,0.7900,1.885893e-01,4.503559e-01
heavy,M,0.7940,1.838338e-01,4.203330e-01
heavy,M,0.7980,1.793724e-01,3.933497e-01
heavy,M,0.8020,1.751885e-01,3.690056e-01
heavy,M,0.8060,1.712625e-01,3.469638e-01
heavy,M,0.8100,1.675821e-01,3.269399e-01
heavy,M,0.8140,1.641316e-01,3.086920e-01
heavy,M,0.8180,1.608997e-01,2.920135e-01
heavy,M,0.8220,1.578761e-01,2.767270e-01
heavy,M,0.8260,1.550499e-01,2.626796e-01
heavy,M,0.8300,1.524153e-01,2.497389e-01
heavy,M,0.8340,1.499636e-01,2.377897e-01
heavy,M,0.8380,1.476914e-01,2.267317e-01
heavy,M,0.8420,1.455957e-01,2.164767e-01
heavy,M,0.8460,1.436750e-01,2.069474e-01
heavy,M,0.8500,1.419346e-01,1.980755e-01
heavy,M,0.8540,1.403816e-01,1.898008e-01
heavy,M,0.8580,1.390352e-01,1.820696e-01
heavy,M,0.8620,1.379306e-01,1.748343e-01
heavy,M,0.8660,1.371344e-01,1.680525e-01
heavy,M,0.8700,1.367863e-01,1.616859e-01
heavy,M,0.8740,1.371768e-01,1.557007e-01
heavy,M,0.8780,1.389114e-01,1.500661e-01
heavy,M,0.8820,1.429440e-01,1.447544e-01
heavy,M,0.8860,1.496924e-01,1.397409e-01
heavy,M,0.8900,1.578452e-01,1.350028e-01
heavy,M,0.8940,1.653655e-01,1.305198e-01
heavy,M,0.8980,1.709414e-01,1.262733e-01
heavy,M,0.9020,1.741280e-01,1.222464e-01
heavy,M,0.9060,1.750177e-01,1.184236e-01
heavy,M,0.9100,1.739709e-01,1.147908e-01
heavy,M,0.9140,1.714428e-01,1.113353e-01
heavy,M,0.9180,1.678722e-01,1.080451e-01
heavy,M,0.9220,1.636360e-01,1.049094e-01
heavy,M,0.9260,1.590358e-01,1.019183e-01
heavy,M,0.9300,1.542943e-01,9.906256e-02
heavy,M,0.9340,1.495693e-01,9.633372e-02
heavy,M,0.9380,1.449698e-01,9.372396e-02
heavy,M,0.9420,1.405644e-01,9.122604e-02
heavy,M,0.9460,1.363928e-01,8.883325e-02
heavy,M,0.9500,1.324773e-01,8.653936e-02
heavy,M,0.9540,1.288255e-01,8.433859e-02
heavy,M,0.9580,1.254355e-01,8.222554e-02
heavy,M,0.9620,1.223009e-01,8.019518e-02
heavy,M,0.9660,1.194120e-01,7.824280e-02
heavy,M,0.9700,1.167560e-01,7.636399e-02
heavy,M,0.9740,1.143202e-01,7.455458e-02
heavy,M,0.9780,1.120923e-01,7.281067e-02
heavy,M,0.9820,1.100594e-01,7.112853e-02
heavy,M,0.9860,1.082094e-01,6.950462e-02
heavy,M,0.9900,1.065314e-01,6.793553e-02
heavy,M,0.9940,1.050153e-01,6.641795e-02
heavy,M,0.9980,1.036513e-01,6.494861e-02
heavy,M,1.0020,1.024309e-01,6.352423e-02
heavy,M,1.0060,1.013465e-01,6.214145e-02
heavy,M,1.0100,1.003912e-01,6.079668e-02
heavy,M,1.0140,9.955871e-02,5.948602e-02
heavy,M,1.0180,9.884352e-02,5.820527e-02
heavy,M,1.0220,9.824093e-02,5.695064e-02
heavy,M,1.0260,9.774668e-02,5.572211e-02
heavy,M,1.0300,9.735705e-02,5.453202e-02
heavy,M,1.0340,9.706899e-02,5.340660e-02
heavy,M,1.0380,9.687995e-02,5.236066e-02
heavy,M,1.0420,9.678778e-02,5.138553e-02
heavy,M,1.0460,9.679075e-02,5.046611e-02
heavy,M,1.0500,9.688762e-02,4.959078e-02
heavy,M,1.0540,9.707757e-02,4.875191e-02
heavy,M,1.0580,9.736018e-02,4.794444e-02
heavy,M,1.0620,9.773535e-02,4.716490e-02
heavy,M,1.0660,9.820339e-02,4.641072e-02
heavy,M,1.0700,9.876498e-02,4.567993e-02
heavy,M,1.0740,9.942120e-02,4.497096e-02
heavy,M,1.0780,1.001735e-01,4.428248e-02
heavy,M,1.0820,1.010236e-01,4.361337e-02
heavy,M,1.0860,1.019738e-01,4.296262e-02
heavy,M,1.0900,1.030266e-01,4.232937e-02
heavy,M,1.0940,1.041851e-01,4.171281e-02
heavy,M,1.0980,1.054526e-01,4.111222e-02
heavy,M,1.1020,1.068331e-01,4.052693e-02
heavy,M,1.1060,1.083309e-01,3.995631e-02
heavy,M,1.1100,1.099509e-01,3.939980e-02
heavy,M,1.1140,1.116985e-01,3.885684e-02
heavy,M,1.1180,1.135796e-01,3.832694e-02
heavy,M,1.1220,1.156009e-01,3.780962e-02
heavy,M,1.1260,1.177697e-01,3.730442e-02
heavy,M,1.1300,1.200939e-01,3.681091e-02
heavy,M,1.1340,1.225824e-01,3.632869e-02
heavy,M,1.1380,1.252448e-01,3.585738e-02
heavy,M,1.1420,1.280918e-01,3.539662e-02
heavy,M,1.1460,1.311351e-01,3.494604e-02
heavy,M,1.1500,1.343875e-01,3.450532e-02
heavy,M,1.1540,1.378631e-01,3.407414e-02
heavy,M,1.1580,1.415774e-01,3.365220e-02
heavy,M,1.1620,1.455476e-01,3.323920e-02
heavy,M,1.1660,1.497925e-01,3.283488e-02
heavy,M,1.1700,1.543330e-01,3.243896e-02
heavy,M,1.1740,1.591919e-01,3.205119e-02
heavy,M,1.1780,1.643950e-01,3.167132e-02
heavy,M,1.1820,1.699703e-01,3.129912e-02
heavy,M,1.1860,1.759493e-01,3.093437e-02
heavy,M,1.1900,1.823671e-01,3.057685e-02
heavy,M,1.1940,1.892626e-01,3.022634e-02
heavy,M,1.1980,1.966795e-01,2.988266e-02
heavy,M,1.2020,2.046668e-01,2.954561e-02
heavy,M,1.2060,2.132796e-01,2.921500e-02
heavy,M,1.2100,2.225800e-01,2.889066e-02
heavy,M,1.2140,2.326382e-01,2.857241e-02
heavy,M,1.2180,2.435339e-01,2.826008e-02
heavy,M,1.2220,2.553578e-01,2.795353e-02
heavy,M,1.2260,2.682137e-01,2.765259e-02
heavy,M,1.2300,2.822205e-01,2.735712e-02
heavy,M,1.2340,2.975153e-01,2.706696e-02
heavy,M,1.2380,3.142566e-01,2.678200e-02
heavy,M,1.2420,3.326288e-01,2.650208e-02
heavy,M,1.2460,3.528470e-01,2.622709e-02
heavy,M,1.2500,3.751641e-01,2.595690e-02
heavy,M,1.2540,3.998786e-01,2.569138e-02
heavy,M,1.2580,4.273451e-01,2.543042e-02
heavy,M,1.2620,4.579876e-01,2.517391e-02
heavy,M,1.2660,4.923165e-01,2.492174e-02
heavy,M,1.2700,5.309507e-01,2.467381e-02
heavy,M,1.2740,5.746467e-01,2.443000e-02
heavy,M,1.2780,6.243374e-01,2.419023e-02
heavy,M,1.2820,6.811832e-01,2.395439e-02
heavy,M,1.2860,7.466430e-01,2.372240e-02
heavy,M,1.2900,8.225703e-01,2.349416e-02
heavy,M,1.2940,9.113486e-01,2.326958e-02
heavy,M,1.2980,1.016084e+00,2.304859e-02
heavy,M,1.3020,1.140882e+00,2.283110e-02
heavy,M,1.3060,1.291259e+00,2.261703e-02
heavy,M,1.3100,1.474756e+00,2.240630e-02
heavy,M,1.3140,1.701890e+00,2.219884e-02
heavy,M,1.3180,1.987656e+00,2.199458e-02
heavy,M,1.3220,2.353964e+00,2.179344e-02
heavy,M,1.3260,2.833706e+00,2.159536e-02
heavy,M,1.3300,3.477740e+00,2.140027e-02
heavy,M,1.3340,4.367106e+00,2.120810e-02
heavy,M,1.3380,5.634308e+00,2.101880e-02
heavy,M,1.3420,7.497183e+00,2.083230e-02
heavy,M,1.3460,1.029338e+01,2.064854e-02
heavy,M,1.3500,1.443711e+01,2.046747e-02
heavy,M,1.3540,2.007539e+01,2.028903e-02
heavy,M,1.3580,2.601805e+01,2.011316e-02
heavy,M,1.3620,2.837245e+01,1.993604e-02
heavy,M,1.3660,2.480774e+01,1.976519e-02
heavy,M,1.3700,1.773202e+01,1.959677e-02
heavy,M,1.3740,1.202081e+01,1.943072e-02
heavy,M,1.3780,8.312248e+00,1.926698e-02
heavy,M,1.3820,5.974459e+00,1.910553e-02
heavy,M,1.3860,4.463329e+00,1.894630e-02
heavy,M,1.3900,3.449090e+00,1.878926e-02
heavy,M,1.3940,2.742511e+00,1.863437e-02
heavy,M,1.3980,2.233568e+00,1.848157e-02
heavy,M,1.4020,1.856229e+00,1.833084e-02
heavy,M,1.4060,1.569435e+00,1.818213e-02
heavy,M,1.4100,1.346769e+00,1.803541e-02
heavy,M,1.4140,1.170696e+00,1.789063e-02
heavy,M,1.4180,1.029245e+00,1.774775e-02
heavy,M,1.4220,9.140392e-01,1.760675e-02
heavy,M,1.4260,8.190799e-01,1.746759e-02
heavy,M,1.4300,7.399892e-01,1.733023e-02
heavy,M,1.4340,6.735133e-01,1.719465e-02
heavy,M,1.4380,6.171952e-01,1.706080e-02
heavy,M,1.4420,5.691531e-01,1.692865e-02
heavy,M,1.4460,5.279268e-01,1.679818e-02
heavy,M,1.4500,4.923702e-01,1.666936e-02
heavy,M,1.4540,4.615746e-01,1.654215e-02
heavy,M,1.4580,4.348120e-01,1.641653e-02
heavy,M,1.4620,4.114950e-01,1.629247e-02
heavy,M,1.4660,3.911456e-01,1.616994e-02
heavy,M,1.4700,3.733727e-01,1.604892e-02
heavy,M,1.4740,3.578542e-01,1.592937e-02
heavy,M,1.4780,3.443236e-01,1.581127e-02
heavy,M,1.4820,3.325602e-01,1.569461e-02
heavy,M,1.4860,3.223800e-01,1.557934e-02
heavy,M,1.4900,3.136305e-01,1.546545e-02
heavy,M,1.4940,3.061848e-01,1.535292e-02
heavy,M,1.4980,2.999384e-01,1.524173e-02
heavy,M,1.5020,2.948056e-01,1.513184e-02
heavy,M,1.5060,2.907181e-01,1.502324e-02
heavy,M,1.5100,2.876225e-01,1.491591e-02
heavy,M,1.5140,2.854801e-01,1.480982e-02
heavy,M,1.5180,2.842665e-01,1.470496e-02
heavy,M,1.5220,2.839731e-01,1.460131e-02
heavy,M,1.5260,2.846092e-01,1.449884e-02
heavy,M,1.5300,2.862083e-01,1.439754e-02
heavy,M,1.5340,2.888385e-01,1.429738e-02
heavy,M,1.5380,2.926212e-01,1.419836e-02
heavy,M,1.5420,2.977497e-01,1.410044e-02
heavy,M,1.5460,3.044483e-01,1.400362e-02
heavy,M,1.5500,3.125533e-01,1.391037e-02
heavy,M,1.5540,3.218828e-01,1.381567e-02
heavy,M,1.5580,3.318630e-01,1.372201e-02
heavy,M,1.5620,3.424814e-01,1.362938e-02
heavy,M,1.5660,3.539257e-01,1.353776e-02
heavy,M,1.5700,3.664040e-01,1.344713e-02
heavy,M,1.5740,3.801132e-01,1.335748e-02
heavy,M,1.5780,3.952486e-01,1.326880e-02
heavy,M,1.5820,4.120183e-01,1.318107e-02
heavy,M,1.5860,4.306568e-01,1.309428e-02
heavy,M,1.5900,4.514386e-01,1.300840e-02
heavy,M,1.5940,4.746936e-01,1.292344e-02
heavy,M,1.5980,5.008277e-01,1.283937e-02
heavy,M,1.6020,5.303508e-01,1.275618e-02
heavy,M,1.6060,5.639171e-01,1.267386e-02
heavy,M,1.6100,6.023840e-01,1.259240e-02
heavy,M,1.6140,6.468935e-01,1.251177e-02
heavy,M,1.6180,6.989600e-01,1.243198e-02
heavy,M,1.6220,7.604471e-01,1.235301e-02
heavy,M,1.6260,8.330290e-01,1.227485e-02
heavy,M,1.6300,9.168693e-01,1.219748e-02
heavy,M,1.6340,1.010823e+00,1.212089e-02
heavy,M,1.6380,1.115467e+00,1.204508e-02
heavy,M,1.6420,1.233797e+00,1.197002e-02
heavy,M,1.6460,1.370085e+00,1.189572e-02
heavy,M,1.6500,1.529642e+00,1.182216e-02
heavy,M,1.6540,1.719236e+00,1.174933e-02
heavy,M,1.6580,1.947844e+00,1.167722e-02
heavy,M,1.6620,2.227782e+00,1.160582e-02
heavy,M,1.6660,2.576547e+00,1.153512e-02
heavy,M,1.6700,3.019954e+00,1.146510e-02
heavy,M,1.6740,3.597666e+00,1.139577e-02
heavy,M,1.6780,4.372014e+00,1.132711e-02
heavy,M,1.6820,5.438589e+00,1.125912e-02
heavy,M,1.6860,6.941199e+00,1.119177e-02
heavy,M,1.6900,9.104807e+00,1.112508e-02
heavy,M,1.6940,1.227600e+01,1.105901e-02
heavy,M,1.6980,1.689490e+01,1.099358e-02
heavy,M,1.7020,2.310328e+01,1.092876e-02
heavy,M,1.7060,2.942006e+01,1.086455e-02
heavy,M,1.7100,3.192437e+01,1.080095e-02
heavy,M,1.7140,2.915447e+01,1.073794e-02
heavy,M,1.7180,2.534042e+01,1.067552e-02
heavy,M,1.7220,2.405533e+01,1.061368e-02
heavy,M,1.7260,2.598177e+01,1.055241e-02
heavy,M,1.7300,2.997846e+01,1.049170e-02
heavy,M,1.7340,3.240235e+01,1.043155e-02
heavy,M,1.7380,2.938670e+01,1.037195e-02
heavy,M,1.7420,2.272513e+01,1.031290e-02
heavy,M,1.7460,1.645877e+01,1.025438e-02
heavy,M,1.7500,1.193533e+01,1.019638e-02
heavy,M,1.7540,8.885905e+00,1.013891e-02
heavy,M,1.7580,6.822764e+00,1.008196e-02
heavy,M,1.7620,5.389730e+00,1.002552e-02
heavy,M,1.7660,4.363031e+00,9.969576e-03
heavy,M,1.7700,3.605347e+00,9.914131e-03
heavy,M,1.7740,3.031189e+00,9.859177e-03
heavy,M,1.7780,2.585925e+00,9.804708e-03
heavy,M,1.7820,2.233622e+00,9.750717e-03
heavy,M,1.7860,1.949974e+00,9.697198e-03
heavy,M,1.7900,1.718106e+00,9.644146e-03
heavy,M,1.7940,1.526026e+00,9.591555e-03
heavy,M,1.7980,1.365025e+00,9.539420e-03
heavy,M,1.8020,1.228659e+00,9.487735e-03
heavy,M,1.8060,1.112075e+00,9.436494e-03
heavy,M,1.8100,1.011562e+00,9.385693e-03
heavy,M,1.8140,9.242421e-01,9.335325e-03
heavy,M,1.8180,8.478532e-01,9.285386e-03
heavy,M,1.8220,7.805965e-01,9.235871e-03
heavy,M,1.8260,7.210251e-01,9.186774e-03
heavy,M,1.8300,6.679620e-01,9.138092e-03
heavy,M,1.8340,6.204391e-01,9.089817e-03
heavy,M,1.8380,5.776499e-01,9.041947e-03
heavy,M,1.8420,5.389121e-01,8.994477e-03
heavy,M,1.8460,5.036382e-01,8.947401e-03
heavy,M,1.8500,4.713121e-01,8.900715e-03
heavy,M,1.8540,4.414835e-01,8.854415e-03
heavy,M,1.8580,4.138223e-01,8.808495e-03
heavy,M,1.8620,3.882937e-01,8.762953e-03
heavy,M,1.8660,3.653764e-01,8.716314e-03
heavy,M,1.8700,3.447300e-01,8.671520e-03
heavy,M,1.8740,3.263632e-01,8.627091e-03
heavy,M,1.8780,3.098473e-01,8.583021e-03
heavy,M,1.8820,2.948437e-01,8.539308e-03
heavy,M,1.8860,2.811089e-01,8.495946e-03
heavy,M,1.8900,2.684639e-01,8.452931e-03
heavy,M,1.8940,2.567715e-01,8.410261e-03
heavy,M,1.8980,2.459223e-01,8.367931e-03
heavy,M,1.9020,2.358262e-01,8.325937e-03
heavy,M,1.9060,2.264074e-01,8.284276e-03
heavy,M,1.9100,2.176013e-01,8.242943e-03
heavy,M,1.9140,2.093516e-01,8.201936e-03
heavy,M,1.9180,2.016093e-01,8.161251e-03
heavy,M,1.9220,1.943310e-01,8.120884e-03
heavy,M,1.9260,1.874785e-01,8.080832e-03
heavy,M,1.9300,1.810174e-01,8.041091e-03
heavy,M,1.9340,1.749170e-01,8.001658e-03
heavy,M,1.9380,1.691499e-01,7.962530e-03
heavy,M,1.9420,1.636912e-01,7.923703e-03
heavy,M,1.9460,1.585183e-01,7.885175e-03
heavy,M,1.9500,1.536109e-01,7.846941e-03
heavy,M,1.9540,1.489504e-01,7.809000e-03
heavy,M,1.9580,1.445198e-01,7.771347e-03
heavy,M,1.9620,1.403038e-01,7.733980e-03
heavy,M,1.9660,1.362882e-01,7.696895e-03
heavy,M,1.9700,1.324600e-01,7.660090e-03
heavy,M,1.9740,1.288073e-01,7.623563e-03
heavy,M,1.9780,1.253192e-01,7.587309e-03
heavy,M,1.9820,1.219856e-01,7.551326e-03
heavy,M,1.9860,1.187971e-01,7.515611e-03
heavy,M,1.9900,1.157452e-01,7.480162e-03
heavy,M,1.9940,1.128219e-01,7.444975e-03
heavy,M,1.9980,1.100198e-01,7.410049e-03
heavy,M,2.0020,1.073320e-01,7.375380e-03
heavy,M,2.0060,1.047521e-01,7.340965e-03
heavy,M,2.0100,1.022744e-01,7.306803e-03
heavy,M,2.0140,9.989318e-02,7.272890e-03
heavy,M,2.0180,9.760338e-02,7.239225e-03
heavy,M,2.0220,9.540020e-02,7.205804e-03
heavy,M,2.0260,9.327915e-02,7.172625e-03
heavy,M,2.0300,9.123605e-02,7.139685e-03
heavy,M,2.0340,8.926698e-02,7.106983e-03
heavy,M,2.0380,8.736827e-02,7.074516e-03
heavy,M,2.0420,8.553647e-02,7.042282e-03
heavy,M,2.0460,8.376836e-02,7.010277e-03
heavy,M,2.0500,8.206090e-02,6.978501e-03
heavy,M,2.0540,8.041124e-02,6.946950e-03
heavy,M,2.0580,7.881669e-02,6.915623e-03
heavy,M,2.0620,7.727472e-02,6.884517e-03
heavy,M,2.0660,7.578296e-02,6.853630e-03
heavy,M,2.0700,7.433916e-02,6.822961e-03
heavy,M,2.0740,7.294119e-02,6.792506e-03
heavy,M,2.0780,7.158707e-02,6.762264e-03
heavy,M,2.0820,7.027489e-02,6.732233e-03
heavy,M,2.0860,6.900288e-02,6.702410e-03
heavy,M,2.0900,6.776933e-02,6.672794e-03
heavy,M,2.0940,6.657264e-02,6.643383e-03
heavy,M,2.0980,6.541131e-02,6.614175e-03
heavy,M,2.1020,6.428388e-02,6.585167e-03
heavy,M,2.1060,6.318899e-02,6.556359e-03
heavy,M,2.1100,6.212535e-02,6.527747e-03
heavy,M,2.1140,6.109172e-02,6.499331e-03
heavy,M,2.1180,6.008694e-02,6.471108e-03
heavy,M,2.1220,5.910989e-02,6.443076e-03
heavy,M,2.1260,5.815952e-02,6.415235e-03
heavy,M,2.1300,5.723482e-02,6.387581e-03
heavy,M,2.1340,5.633482e-02,6.360113e-03
heavy,M,2.1380,5.545862e-02,6.332830e-03
heavy,M,2.1420,5.460535e-02,6.305730e-03
heavy,M,2.1460,5.377418e-02,6.278810e-03
heavy,M,2.1500,5.296430e-02,6.252070e-03
heavy,M,2.1540,5.217497e-02,6.225508e-03
heavy,M,2.1580,5.140546e-02,6.199122e-03
heavy,M,2.1620,5.065509e-02,6.172911e-03
heavy,M,2.1660,4.992319e-02,6.146872e-03
heavy,M,2.1700,4.920913e-02,6.121005e-03
heavy,M,2.1740,4.851231e-02,6.095307e-03
heavy,M,2.1780,4.783214e-02,6.069778e-03
heavy,M,2.1820,4.716809e-02,6.044415e-03
heavy,M,2.1860,4.651961e-02,6.019218e-03
heavy,M,2.1900,4.588620e-02,5.994184e-03
heavy,M,2.1940,4.526737e-02,5.969313e-03
heavy,M,2.1980,4.466265e-02,5.944602e-03
heavy,M,2.2020,4.407160e-02,5.920051e-03
heavy,M,2.2060,4.349379e-02,5.895658e-03
heavy,M,2.2100,4.292880e-02,5.871421e-03
heavy,M,2.2140,4.237624e-02,5.847340e-03
heavy,M,2.2180,4.183572e-02,5.823412e-03
heavy,M,2.2220,4.130689e-02,5.799637e-03
heavy,M,2.2260,4.078938e-02,5.776013e-03
heavy,M,2.2300,4.028286e-02,5.752538e-03
heavy,M,2.2340,3.978701e-02,5.729212e-03
heavy,M,2.2380,3.930151e-02,5.706034e-03
heavy,M,2.2420,3.882606e-02,5.683001e-03
heavy,M,2.2460,3.836036e-02,5.660113e-03
heavy,M,2.2500,3.790415e-02,5.637368e-03
heavy,M,2.2540,3.745714e-02,5.614766e-03
heavy,M,2.2580,3.701909e-02,5.592304e-03
heavy,M,2.2620,3.658973e-02,5.569982e-03
heavy,M,2.2660,3.616883e-02,5.547799e-03
heavy,M,2.2700,3.575616e-02,5.525753e-03
heavy,M,2.2740,3.535148e-02,5.503843e-03
heavy,M,2.2780,3.495459e-02,5.482068e-03
heavy,M,2.2820,3.456527e-02,5.460427e-03
heavy,M,2.2860,3.418332e-02,5.438919e-03
heavy,M,2.2900,3.380855e-02,5.417542e-03
heavy,M,2.2940,3.344076e-02,5.396296e-03
heavy,M,2.2980,3.307978e-02,5.375180e-03
heavy,M,2.3020,3.272543e-02,5.354191e-03
heavy,M,2.3060,3.237753e-02,5.333330e-03
heavy,M,2.3100,3.203592e-02,5.312595e-03
heavy,M,2.3140,3.170045e-02,5.291985e-03
heavy,M,2.3180,3.137095e-02,5.271500e-03
heavy,M,2.3220,3.104729e-02,5.251137e-03
heavy,M,2.3260,3.072930e-02,5.230897e-03
heavy,M,2.3300,3.041686e-02,5.210777e-03
heavy,M,2.3340,3.010983e-02,5.190778e-03
heavy,M,2.3380,2.980807e-02,5.170897e-03
heavy,M,2.3420,2.951147e-02,5.151135e-03
heavy,M,2.3460,2.921988e-02,5.131490e-03
heavy,M,2.3500,2.893321e-02,5.111961e-03
heavy,M,2.3540,2.865132e-02,5.092548e-03
heavy,M,2.3580,2.837411e-02,5.073248e-03
heavy,M,2.3620,2.810147e-02,5.054062e-03
heavy,M,2.3660,2.783329e-02,5.034989e-03
heavy,M,2.3700,2.756948e-02,5.016027e-03
heavy,M,2.3740,2.730992e-02,4.997176e-03
heavy,M,2.3780,2.705452e-02,4.978434e-03
heavy,M,2.3820,2.680319e-02,4.959802e-03
heavy,M,2.3860,2.655584e-02,4.941277e-03
heavy,M,2.3900,2.631238e-02,4.922860e-03
heavy,M,2.3940,2.607272e-02,4.904549e-03
heavy,M,2.3980,2.583679e-02,4.886343e-03
heavy,M,2.4020,2.560448e-02,4.868242e-03
heavy,M,2.4060,2.537574e-02,4.850245e-03
heavy,M,2.4100,2.515048e-02,4.832351e-03
heavy,M,2.4140,2.492863e-02,4.814559e-03
heavy,M,2.4180,2.471011e-02,4.796869e-03
heavy,M,2.4220,2.449486e-02,4.779279e-03
heavy,M,2.4260,2.428280e-02,4.761789e-03
heavy,M,2.4300,2.407387e-02,4.744398e-03
heavy,M,2.4340,2.386800e-02,4.727105e-03
heavy,M,2.4380,2.366513e-02,4.709910e-03
heavy,M,2.4420,2.346520e-02,4.692811e-03
heavy,M,2.4460,2.326815e-02,4.675809e-03
heavy,M,2.4500,2.307391e-02,4.658901e-03
heavy,M,2.4540,2.288244e-02,4.642089e-03
heavy,M,2.4580,2.269368e-02,4.625370e-03
heavy,M,2.4620,2.250757e-02,4.608744e-03
heavy,M,2.4660,2.232406e-02,4.592211e-03
heavy,M,2.4700,2.214310e-02,4.575769e-03
heavy,M,2.4740,2.196463e-02,4.559418e-03
heavy,M,2.4780,2.178862e-02,4.543158e-03
heavy,M,2.4820,2.161501e-02,4.526987e-03
heavy,M,2.4860,2.144376e-02,4.510905e-03
heavy,M,2.4900,2.127481e-02,4.494911e-03
heavy,M,2.4940,2.110814e-02,4.479005e-03
heavy,M,2.4980,2.094368e-02,4.463186e-03
heavy,M,2.5020,2.078141e-02,4.447454e-03
heavy,M,2.5060,2.062129e-02,4.431807e-03
heavy,M,2.5100,2.046326e-02,4.416244e-03
heavy,M,2.5140,2.030729e-02,4.400767e-03
heavy,M,2.5180,2.015335e-02,4.385373e-03
heavy,M,2.5220,2.000139e-02,4.370062e-03
heavy,M,2.5260,1.985139e-02,4.354834e-03
heavy,M,2.5300,1.970329e-02,4.339687e-03
heavy,M,2.5340,1.955708e-02,4.324622e-03
heavy,M,2.5380,1.941272e-02,4.309638e-03
heavy,M,2.5420,1.927017e-02,4.294734e-03
heavy,M,2.5460,1.912940e-02,4.279909e-03
heavy,M,2.5500,1.899038e-02,4.265163e-03
heavy,M,2.5540,1.885308e-02,4.250496e-03
heavy,M,2.5580,1.871747e-02,4.235906e-03
heavy,M,2.5620,1.858352e-02,4.221394e-03
heavy,M,2.5660,1.845120e-02,4.206958e-03
heavy,M,2.5700,1.832048e-02,4.192599e-03
heavy,M,2.5740,1.819133e-02,4.178315e-03
heavy,M,2.5780,1.806374e-02,4.164106e-03
heavy,M,2.5820,1.793766e-02,4.149971e-03
heavy,M,2.5860,1.781308e-02,4.135911e-03
heavy,M,2.5900,1.768997e-02,4.121924e-03
heavy,M,2.5940,1.756831e-02,4.108010e-03
heavy,M,2.5980,1.744807e-02,4.094168e-03
heavy,M,2.6020,1.732923e-02,4.080398e-03
heavy,M,2.6060,1.721177e-02,4.066700e-03
heavy,M,2.6100,1.709565e-02,4.053072e-03
heavy,M,2.6140,1.698087e-02,4.039515e-03
heavy,M,2.6180,1.686740e-02,4.026027e-03
heavy,M,2.6220,1.675521e-02,4.012609e-03
heavy,M,2.6260,1.664430e-02,3.999260e-03
heavy,M,2.6300,1.653462e-02,3.985979e-03
heavy,M,2.6340,1.642618e-02,3.972766e-03
heavy,M,2.6380,1.631894e-02,3.959621e-03
heavy,M,2.6420,1.621290e-02,3.946543e-03
heavy,M,2.6460,1.610802e-02,3.933531e-03
heavy,M,2.6500,1.600429e-02,3.920585e-03
heavy,M,2.6540,1.590170e-02,3.907705e-03
heavy,M,2.6580,1.580022e-02,3.894889e-03
heavy,M,2.6620,1.569984e-02,3.882139e-03
heavy,M,2.6660,1.560054e-02,3.869453e-03
heavy,M,2.6700,1.550231e-02,3.856830e-03
heavy,M,2.6740,1.540513e-02,3.844271e-03
heavy,M,2.6780,1.530898e-02,3.831775e-03
heavy,M,2.6820,1.521385e-02,3.819342e-03
heavy,M,2.6860,1.511972e-02,3.806970e-03
heavy,M,2.6900,1.502657e-02,3.794660e-03
heavy,M,2.6940,1.493440e-02,3.782412e-03
heavy,M,2.6980,1.484319e-02,3.770224e-03
heavy,M,2.7020,1.475292e-02,3.758096e-03
heavy,M,2.7060,1.466358e-02,3.746029e-03
heavy,M,2.7100,1.457516e-02,3.734021e-03
heavy,M,2.7140,1.448764e-02,3.722072e-03
heavy,M,2.7180,1.440101e-02,3.710182e-03
heavy,M,2.7220,1.431526e-02,3.698351e-03
heavy,M,2.7260,1.423037e-02,3.686577e-03
heavy,M,2.7300,1.414633e-02,3.674861e-03
heavy,M,2.7340,1.406314e-02,3.663203e-03
heavy,M,2.7380,1.398077e-02,3.651601e-03
heavy,M,2.7420,1.389921e-02,3.640056e-03
heavy,M,2.7460,1.381847e-02,3.628566e-03
heavy,M,2.7500,1.373851e-02,3.617133e-03
heavy,M,2.7540,1.365934e-02,3.605755e-03
heavy,M,2.7580,1.358094e-02,3.594431e-03
heavy,M,2.7620,1.350330e-02,3.583163e-03
heavy,M,2.7660,1.342641e-02,3.571949e-03
heavy,M,2.7700,1.335026e-02,3.560788e-03
heavy,M,2.7740,1.327484e-02,3.549681e-03
heavy,M,2.7780,1.320014e-02,3.538628e-03
heavy,M,2.7820,1.312616e-02,3.527627e-03
heavy,M,2.7860,1.305287e-02,3.516679e-03
heavy,M,2.7900,1.298027e-02,3.505783e-03
heavy,M,2.7940,1.290835e-02,3.494939e-03
heavy,M,2.7980,1.283711e-02,3.484146e-03
heavy,M,2.8020,1.276653e-02,3.473404e-03
heavy,M,2.8060,1.269661e-02,3.462714e-03
heavy,M,2.8100,1.262733e-02,3.452074e-03
heavy,M,2.8140,1.255869e-02,3.441484e-03
heavy,M,2.8180,1.249068e-02,3.430943e-03
heavy,M,2.8220,1.242329e-02,3.420453e-03
heavy,M,2.8260,1.235651e-02,3.410011e-03
heavy,M,2.8300,1.229034e-02,3.399619e-03
heavy,M,2.8340,1.222477e-02,3.389275e-03
heavy,M,2.8380,1.215978e-02,3.378979e-03
heavy,M,2.8420,1.209538e-02,3.368732e-03
heavy,M,2.8460,1.203155e-02,3.358532e-03
heavy,M,2.8500,1.196829e-02,3.348379e-03
heavy,M,2.8540,1.190560e-02,3.338274e-03
heavy,M,2.8580,1.184345e-02,3.328215e-03
heavy,M,2.8620,1.178185e-02,3.318203e-03
heavy,M,2.8660,1.172079e-02,3.308237e-03
heavy,M,2.8700,1.166026e-02,3.298317e-03
heavy,M,2.8740,1.160026e-02,3.288442e-03
heavy,M,2.8780,1.154078e-02,3.278613e-03
heavy,M,2.8820,1.148181e-02,3.268829e-03
heavy,M,2.8860,1.142335e-02,3.259090e-03
heavy,M,2.8900,1.136539e-02,3.249395e-03
heavy,M,2.8940,1.130792e-02,3.239744e-03
heavy,M,2.8980,1.125095e-02,3.230137e-03
heavy,M,2.9020,1.119445e-02,3.220574e-03
heavy,M,2.9060,1.113843e-02,3.211055e-03
heavy,M,2.9100,1.108289e-02,3.201578e-03
heavy,M,2.9140,1.102781e-02,3.192144e-03
heavy,M,2.9180,1.097318e-02,3.182753e-03
heavy,M,2.9220,1.091902e-02,3.173405e-03
heavy,M,2.9260,1.086530e-02,3.164098e-03
heavy,M,2.9300,1.081203e-02,3.154833e-03
heavy,M,2.9340,1.075919e-02,3.145610e-03
heavy,M,2.9380,1.070679e-02,3.136428e-03
heavy,M,2.9420,1.065482e-02,3.127287e-03
heavy,M,2.9460,1.060327e-02,3.118187e-03
heavy,M,2.9500,1.055213e-02,3.109127e-03
heavy,M,2.9540,1.050142e-02,3.100108e-03
heavy,M,2.9580,1.045111e-02,3.091129e-03
heavy,M,2.9620,1.040120e-02,3.082189e-03
heavy,M,2.9660,1.035170e-02,3.073289e-03
heavy,M,2.9700,1.030259e-02,3.064429e-03
heavy,M,2.9740,1.025387e-02,3.055608e-03
heavy,M,2.9780,1.020554e-02,3.046825e-03
heavy,M,2.9820,1.015758e-02,3.038081e-03
heavy,M,2.9860,1.011001e-02,3.029376e-03
heavy,M,2.9900,1.006281e-02,3.020709e-03
heavy,M,2.9940,1.001598e-02,3.012080e-03
heavy,M,2.9980,9.969511e-03,3.003488e-03
heavy,M,3.0020,9.923405e-03,2.994934e-03
heavy,M,3.0060,9.877656e-03,2.986417e-03
heavy,M,3.0100,9.832260e-03,2.977938e-03
heavy,M,3.0140,9.787213e-03,2.969495e-03
heavy,M,3.0180,9.742512e-03,2.961089e-03
heavy,M,3.0220,9.698152e-03,2.952719e-03
heavy,M,3.0260,9.654130e-03,2.944385e-03
heavy,M,3.0300,9.610442e-03,2.936088e-03
heavy,M,3.0340,9.567085e-03,2.927826e-03
heavy,M,3.0380,9.524054e-03,2.919600e-03
heavy,M,3.0420,9.481348e-03,2.911409e-03
heavy,M,3.0460,9.438961e-03,2.903253e-03
heavy,M,3.0500,9.396891e-03,2.895132e-03
heavy,M,3.0540,9.355134e-03,2.887046e-03
heavy,M,3.0580,9.313687e-03,2.878995e-03
heavy,M,3.0620,9.272547e-03,2.870977e-03
heavy,M,3.0660,9.231710e-03,2.862994e-03
heavy,M,3.0700,9.191173e-03,2.855045e-03
heavy,M,3.0740,9.150933e-03,2.847130e-03
heavy,M,3.0780,9.110988e-03,2.839248e-03
heavy,M,3.0820,9.071333e-03,2.831400e-03
heavy,M,3.0860,9.031967e-03,2.823584e-03
heavy,M,3.0900,8.992885e-03,2.815802e-03
heavy,M,3.0940,8.954086e-03,2.808053e-03
heavy,M,3.0980,8.915565e-03,2.800336e-03
heavy,M,3.1020,8.877321e-03,2.792651e-03
heavy,M,3.1060,8.839350e-03,2.784999e-03
heavy,M,3.1100,8.801650e-03,2.777379e-03
heavy,M,3.1140,8.764218e-03,2.769790e-03
heavy,M,3.1180,8.727051e-03,2.762234e-03
heavy,M,3.1220,8.690147e-03,2.754709e-03
heavy,M,3.1260,8.653502e-03,2.747215e-03
heavy,M,3.1300,8.617115e-03,2.739752e-03
heavy,M,3.1340,8.580983e-03,2.732320e-03
heavy,M,3.1380,8.545103e-03,2.724919e-03
heavy,M,3.1420,8.509472e-03,2.717549e-03
heavy,M,3.1460,8.474089e-03,2.710209e-03
heavy,M,3.1500,8.438950e-03,2.702900e-03
heavy,M,3.1540,8.404054e-03,2.695620e-03
heavy,M,3.1580,8.369398e-03,2.688371e-03
heavy,M,3.1620,8.334980e-03,2.681151e-03
heavy,M,3.1660,8.300797e-03,2.673961e-03
heavy,M,3.1700,8.266847e-03,2.666800e-03
heavy,M,3.1740,8.233127e-03,2.659669e-03
heavy,M,3.1780,8.199637e-03,2.652567e-03
heavy,M,3.1820,8.166372e-03,2.645494e-03
heavy,M,3.1860,8.133332e-03,2.638449e-03
heavy,M,3.1900,8.100514e-03,2.631433e-03
heavy,M,3.1940,8.067916e-03,2.624446e-03
heavy,M,3.1980,8.035536e-03,2.617487e-03
heavy,M,3.2020,8.003371e-03,2.610556e-03
heavy,M,3.2060,7.971420e-03,2.603653e-03
heavy,M,3.2100,7.939681e-03,2.596778e-03
heavy,M,3.2140,7.908151e-03,2.589931e-03
heavy,M,3.2180,7.876830e-03,2.583111e-03
heavy,M,3.2220,7.845714e-03,2.576319e-03
heavy,M,3.2260,7.814801e-03,2.569554e-03
heavy,M,3.2300,7.784091e-03,2.562816e-03
heavy,M,3.2340,7.753581e-03,2.556105e-03
heavy,M,3.2380,7.723269e-03,2.549421e-03
heavy,M,3.2420,7.693154e-03,2.542763e-03
heavy,M,3.2460,7.663233e-03,2.536132e-03
heavy,M,3.2500,7.633505e-03,2.529528e-03
heavy,M,3.2540,7.603968e-03,2.522950e-03
heavy,M,3.2580,7.574620e-03,2.516397e-03
heavy,M,3.2620,7.545460e-03,2.509871e-03
heavy,M,3.2660,7.516485e-03,2.503371e-03
heavy,M,3.2700,7.487695e-03,2.496896e-03
heavy,M,3.2740,7.459088e-03,2.490447e-03
heavy,M,3.2780,7.430661e-03,2.484023e-03
heavy,M,3.2820,7.402413e-03,2.477624e-03
heavy,M,3.2860,7.374344e-03,2.471251e-03
heavy,M,3.2900,7.346450e-03,2.464903e-03
heavy,M,3.2940,7.318731e-03,2.458579e-03
heavy,M,3.2980,7.291184e-03,2.452280e-03
heavy,M,3.3020,7.263809e-03,2.446006e-03
heavy,M,3.3060,7.236604e-03,2.439757e-03
heavy,M,3.3100,7.209568e-03,2.433531e-03
heavy,M,3.3140,7.182698e-03,2.427330e-03
heavy,M,3.3180,7.155994e-03,2.421153e-03
heavy,M,3.3220,7.129454e-03,2.415000e-03
heavy,M,3.3260,7.103076e-03,2.408871e-03
heavy,M,3.3300,7.076859e-03,2.402765e-03
heavy,M,3.3340,7.050803e-03,2.396683e-03
heavy,M,3.3380,7.024904e-03,2.390625e-03
heavy,M,3.3420,6.999163e-03,2.384590e-03
heavy,M,3.3460,6.973577e-03,2.378578e-03
heavy,M,3.3500,6.948146e-03,2.372589e-03
heavy,M,3.3540,6.922868e-03,2.366624e-03
heavy,M,3.3580,6.897741e-03,2.360681e-03
heavy,M,3.3620,6.872765e-03,2.354761e-03
heavy,M,3.3660,6.847938e-03,2.348863e-03
heavy,M,3.3700,6.823258e-03,2.342988e-03
heavy,M,3.3740,6.798726e-03,2.337135e-03
heavy,M,3.3780,6.774338e-03,2.331305e-03
heavy,M,3.3820,6.750095e-03,2.325497e-03
heavy,M,3.3860,6.725995e-03,2.319711e-03
heavy,M,3.3900,6.702037e-03,2.313946e-03
heavy,M,3.3940,6.678219e-03,2.308204e-03
heavy,M,3.3980,6.654541e-03,2.302483e-03
heavy,K,0.0020,1.300337e-07,2.192320e-06
heavy,K,0.0060,1.170637e-06,1.982672e-05
heavy,K,0.0100,3.253612e-06,5.557450e-05
heavy,K,0.0140,6.382477e-06,1.102796e-04
heavy,K,0.0180,1.056256e-05,1.850189e-04
heavy,K,0.0220,1.580105e-05,2.809937e-04
heavy,K,0.0260,2.210727e-05,3.994424e-04
heavy,K,0.0300,2.949269e-05,5.415670e-04
heavy,K,0.0340,3.797140e-05,7.084762e-04
heavy,K,0.0380,4.756021e-05,9.011468e-04
heavy,K,0.0420,5.827899e-05,1.120406e-03
heavy,K,0.0460,7.015137e-05,1.366938e-03
heavy,K,0.0500,8.320423e-05,1.641298e-03
heavy,K,0.0540,9.746989e-05,1.943953e-03
heavy,K,0.0580,1.129841e-04,2.275318e-03
heavy,K,0.0620,1.297898e-04,2.635797e-03
heavy,K,0.0660,1.479345e-04,3.025821e-03
heavy,K,0.0700,1.674738e-04,3.445883e-03
heavy,K,0.0740,1.884712e-04,3.896558e-03
heavy,K,0.0780,2.109969e-04,4.378532e-03
heavy,K,0.0820,2.351361e-04,4.892605e-03
heavy,K,0.0860,2.609767e-04,5.439706e-03
heavy,K,0.0900,2.886312e-04,6.020897e-03
heavy,K,0.0940,3.182116e-04,6.637375e-03
heavy,K,0.0980,3.498619e-04,7.290470e-03
heavy,K,0.1020,3.837294e-04,7.981653e-03
heavy,K,0.1060,4.199922e-04,8.712529e-03
heavy,K,0.1100,4.588493e-04,9.484841e-03
heavy,K,0.1140,5.005150e-04,1.030047e-02
heavy,K,0.1180,5.452592e-04,1.116144e-02
heavy,K,0.1220,5.933395e-04,1.206992e-02
heavy,K,0.1260,6.451128e-04,1.302821e-02
heavy,K,0.1300,7.008993e-04,1.403878e-02
heavy,K,0.1340,7.611497e-04,1.510424e-02
heavy,K,0.1380,8.262828e-04,1.622737e-02
heavy,K,0.1420,8.968397e-04,1.741112e-02
heavy,K,0.1460,9.733880e-04,1.865859e-02
heavy,K,0.1500,1.056550e-03,1.997309e-02
heavy,K,0.1540,1.147095e-03,2.135809e-02
heavy,K,0.1580,1.245725e-03,2.281728e-02
heavy,K,0.1620,1.353448e-03,2.435452e-02
heavy,K,0.1660,1.471064e-03,2.597392e-02
heavy,K,0.1700,1.599815e-03,2.767979e-02
heavy,K,0.1740,1.740649e-03,2.947665e-02
heavy,K,0.1780,1.894977e-03,3.136930e-02
heavy,K,0.1820,2.063964e-03,3.336276e-02
heavy,K,0.1860,2.249054e-03,3.546230e-02
heavy,K,0.1900,2.451681e-03,3.767346e-02
heavy,K,0.1940,2.673135e-03,4.000208e-02
heavy,K,0.1980,2.915084e-03,4.245424e-02
heavy,K,0.2020,3.178433e-03,4.503633e-02
heavy,K,0.2060,3.464904e-03,4.775505e-02
heavy,K,0.2100,3.774777e-03,5.061737e-02
heavy,K,0.2140,4.109458e-03,5.363062e-02
heavy,K,0.2180,4.468368e-03,5.680240e-02
heavy,K,0.2220,4.852047e-03,6.014067e-02
heavy,K,0.2260,5.258900e-03,6.365369e-02
heavy,K,0.2300,5.687993e-03,6.735005e-02
heavy,K,0.2340,6.136695e-03,7.123869e-02
heavy,K,0.2380,6.602144e-03,7.532884e-02
heavy,K,0.2420,7.080886e-03,7.963006e-02
heavy,K,0.2460,7.568083e-03,8.415220e-02
heavy,K,0.2500,8.059976e-03,8.890538e-02
heavy,K,0.2540,8.550247e-03,9.389998e-02
heavy,K,0.2580,9.035560e-03,9.914656e-02
heavy,K,0.2620,9.509089e-03,1.046558e-01
heavy,K,0.2660,9.968646e-03,1.104384e-01
heavy,K,0.2700,1.040807e-02,1.165049e-01
heavy,K,0.2740,1.082672e-02,1.228658e-01
heavy,K,0.2780,1.122006e-02,1.295306e-01
heavy,K,0.2820,1.158889e-02,1.365083e-01
heavy,K,0.2860,1.193090e-02,1.438061e-01
heavy,K,0.2900,1.224777e-02,1.514293e-01
heavy,K,0.2940,1.253948e-02,1.593799e-01
heavy,K,0.2980,1.280786e-02,1.676551e-01
heavy,K,0.3020,1.305490e-02,1.762453e-01
heavy,K,0.3060,1.328198e-02,1.851311e-01
heavy,K,0.3100,1.349259e-02,1.942781e-01
heavy,K,0.3140,1.368730e-02,2.036307e-01
heavy,K,0.3180,1.387055e-02,2.131024e-01
heavy,K,0.3220,1.404204e-02,2.225623e-01
heavy,K,0.3260,1.420658e-02,2.318255e-01
heavy,K,0.3300,1.436330e-02,2.406694e-01
heavy,K,0.3340,1.451675e-02,2.489780e-01
heavy,K,0.3380,1.466592e-02,2.572012e-01
heavy,K,0.3420,1.481464e-02,2.667780e-01
heavy,K,0.3460,1.496217e-02,2.791256e-01
heavy,K,0.3500,1.511131e-02,2.945074e-01
heavy,K,0.3540,1.526189e-02,3.126645e-01
heavy,K,0.3580,1.541549e-02,3.334473e-01
heavy,K,0.3620,1.557274e-02,3.569018e-01
heavy,K,0.3660,1.573400e-02,3.832231e-01
heavy,K,0.3700,1.590071e-02,4.127223e-01
heavy,K,0.3740,1.607215e-02,4.458157e-01
heavy,K,0.3780,1.625043e-02,4.830302e-01
heavy,K,0.3820,1.643407e-02,5.250193e-01
heavy,K,0.3860,1.662557e-02,5.725902e-01
heavy,K,0.3900,1.682305e-02,6.267418e-01
heavy,K,0.3940,1.702911e-02,6.887166e-01
heavy,K,0.3980,1.724179e-02,7.600730e-01
heavy,K,0.4020,1.746352e-02,8.427828e-01
heavy,K,0.4060,1.769258e-02,9.393684e-01
heavy,K,0.4100,1.793098e-02,1.053093e+00
heavy,K,0.4140,1.817748e-02,1.188237e+00
heavy,K,0.4180,1.843349e-02,1.350489e+00
heavy,K,0.4220,1.869840e-02,1.547534e+00
heavy,K,0.4260,1.897295e-02,1.789927e+00
heavy,K,0.4300,1.925723e-02,2.092431e+00
heavy,K,0.4340,1.955129e-02,2.476100e+00
heavy,K,0.4380,1.985588e-02,2.971580e+00
heavy,K,0.4420,2.017047e-02,3.624412e+00
heavy,K,0.4460,2.049635e-02,4.503647e+00
heavy,K,0.4500,2.083256e-02,5.715894e+00
heavy,K,0.4540,2.118078e-02,7.428092e+00
heavy,K,0.4580,2.153977e-02,9.902856e+00
heavy,K,0.4620,2.191146e-02,1.353794e+01
heavy,K,0.4660,2.229446e-02,1.878909e+01
heavy,K,0.4700,2.269085e-02,2.537668e+01
heavy,K,0.4740,2.309923e-02,3.012452e+01
heavy,K,0.4780,2.352165e-02,2.827276e+01
heavy,K,0.4820,2.395685e-02,2.152283e+01
heavy,K,0.4860,2.440676e-02,1.505002e+01
heavy,K,0.4900,2.487033e-02,1.061004e+01
heavy,K,0.4940,2.534932e-02,7.822020e+00
heavy,K,0.4980,2.584293e-02,6.081777e+00
heavy,K,0.5020,2.635271e-02,4.987690e+00
heavy,K,0.5060,2.687812e-02,4.309874e+00
heavy,K,0.5100,2.742050e-02,3.922775e+00
heavy,K,0.5140,2.797959e-02,3.763323e+00
heavy,K,0.5180,2.855650e-02,3.810496e+00
heavy,K,0.5220,2.915122e-02,4.079130e+00
heavy,K,0.5260,2.976464e-02,4.625497e+00
heavy,K,0.5300,3.039697e-02,5.567145e+00
heavy,K,0.5340,3.104892e-02,7.123972e+00
heavy,K,0.5380,3.172089e-02,9.682488e+00
heavy,K,0.5420,3.241339e-02,1.380588e+01
heavy,K,0.5460,3.312698e-02,1.972378e+01
heavy,K,0.5500,3.386208e-02,2.546444e+01
heavy,K,0.5540,3.461945e-02,2.654487e+01
heavy,K,0.5580,3.539967e-02,2.225486e+01
heavy,K,0.5620,3.620415e-02,1.657044e+01
heavy,K,0.5660,3.703470e-02,1.199151e+01
heavy,K,0.5700,3.789578e-02,8.804198e+00
heavy,K,0.5740,3.879599e-02,6.647574e+00
heavy,K,0.5780,3.975584e-02,5.169380e+00
heavy,K,0.5820,4.082066e-02,4.129784e+00
heavy,K,0.5860,4.208306e-02,3.377834e+00
heavy,K,0.5900,4.366131e-02,2.819213e+00
heavy,K,0.5940,4.557449e-02,2.394038e+00
heavy,K,0.5980,4.770548e-02,2.063363e+00
heavy,K,0.6020,4.994796e-02,1.801202e+00
heavy,K,0.6060,5.225701e-02,1.589782e+00
heavy,K,0.6100,5.462461e-02,1.416658e+00
heavy,K,0.6140,5.705406e-02,1.272930e+00
heavy,K,0.6180,5.955473e-02,1.152110e+00
heavy,K,0.6220,6.213509e-02,1.049383e+00
heavy,K,0.6260,6.480600e-02,9.611242e-01
heavy,K,0.6300,6.757621e-02,8.845616e-01
heavy,K,0.6340,7.045670e-02,8.175530e-01
heavy,K,0.6380,7.345662e-02,7.584222e-01
heavy,K,0.6420,7.658739e-02,7.058455e-01
heavy,K,0.6460,7.985917e-02,6.587670e-01
heavy,K,0.6500,8.328421e-02,6.163369e-01
heavy,K,0.6540,8.687437e-02,5.778653e-01
heavy,K,0.6580,9.064307e-02,5.427863e-01
heavy,K,0.6620,9.460460e-02,5.106307e-01
heavy,K,0.6660,9.877390e-02,4.810052e-01
heavy,K,0.6700,1.031685e-01,4.535759e-01
heavy,K,0.6740,1.078053e-01,4.280595e-01
heavy,K,0.6780,1.127058e-01,4.042283e-01
heavy,K,0.6820,1.178898e-01,3.819509e-01
heavy,K,0.6860,1.233836e-01,3.613014e-01
heavy,K,0.6900,1.292108e-01,3.426129e-01
heavy,K,0.6940,1.354035e-01,3.260739e-01
heavy,K,0.6980,1.419909e-01,3.113576e-01
heavy,K,0.7020,1.490117e-01,2.979963e-01
heavy,K,0.7060,1.565030e-01,2.856723e-01
heavy,K,0.7100,1.645115e-01,2.742002e-01
heavy,K,0.7140,1.730853e-01,2.634646e-01
heavy,K,0.7180,1.822808e-01,2.533850e-01
heavy,K,0.7220,1.921609e-01,2.438996e-01
heavy,K,0.7260,2.027948e-01,2.349576e-01
heavy,K,0.7300,2.142651e-01,2.265155e-01
heavy,K,0.7340,2.266587e-01,2.185350e-01
heavy,K,0.7380,2.400835e-01,2.109823e-01
heavy,K,0.7420,2.546522e-01,2.038265e-01
heavy,K,0.7460,2.705050e-01,1.970400e-01
heavy,K,0.7500,2.877932e-01,1.905974e-01
heavy,K,0.7540,3.066992e-01,1.844756e-01
heavy,K,0.7580,3.274306e-01,1.786534e-01
heavy,K,0.7620,3.502287e-01,1.731115e-01
heavy,K,0.7660,3.753815e-01,1.678319e-01
heavy,K,0.7700,4.032174e-01,1.627982e-01
heavy,K,0.7740,4.341390e-01,1.579952e-01
heavy,K,0.7780,4.686088e-01,1.534089e-01
heavy,K,0.7820,5.071951e-01,1.490264e-01
heavy,K,0.7860,5.505712e-01,1.448355e-01
heavy,K,0.7900,5.995564e-01,1.408252e-01
heavy,K,0.7940,6.551565e-01,1.369852e-01
heavy,K,0.7980,7.185929e-01,1.333058e-01
heavy,K,0.8020,7.914032e-01,1.297781e-01
heavy,K,0.8060,8.754856e-01,1.263937e-01
heavy,K,0.8100,9.732583e-01,1.231449e-01
heavy,K,0.8140,1.087797e+00,1.200245e-01
heavy,K,0.8180,1.223063e+00,1.170257e-01
heavy,K,0.8220,1.384248e+00,1.141421e-01
heavy,K,0.8260,1.578176e+00,1.113679e-01
heavy,K,0.8300,1.814020e+00,1.086975e-01
heavy,K,0.8340,2.104202e+00,1.061257e-01
heavy,K,0.8380,2.465803e+00,1.036476e-01
heavy,K,0.8420,2.922662e+00,1.012587e-01
heavy,K,0.8460,3.508275e+00,9.895471e-02
heavy,K,0.8500,4.270101e+00,9.673148e-02
heavy,K,0.8540,5.274761e+00,9.458525e-02
heavy,K,0.8580,6.612469e+00,9.251244e-02
heavy,K,0.8620,8.392964e+00,9.050968e-02
heavy,K,0.8660,1.070738e+01,8.857376e-02
heavy,K,0.8700,1.349629e+01,8.670169e-02
heavy,K,0.8740,1.625652e+01,8.489062e-02
heavy,K,0.8780,1.781357e+01,8.313786e-02
heavy,K,0.8820,1.710670e+01,8.144087e-02
heavy,K,0.8860,1.475953e+01,7.979724e-02
heavy,K,0.8900,1.229478e+01,7.820470e-02
heavy,K,0.8940,1.035452e+01,7.666109e-02
heavy,K,0.8980,8.895454e+00,7.516436e-02
heavy,K,0.9020,7.751912e+00,7.371257e-02
heavy,K,0.9060,6.801284e+00,7.230386e-02
heavy,K,0.9100,5.973736e+00,7.093650e-02
heavy,K,0.9140,5.235445e+00,6.960880e-02
heavy,K,0.9180,4.572905e+00,6.831918e-02
heavy,K,0.9220,3.981875e+00,6.706613e-02
heavy,K,0.9260,3.460468e+00,6.584822e-02
heavy,K,0.9300,3.005875e+00,6.466406e-02
heavy,K,0.9340,2.613590e+00,6.351235e-02
heavy,K,0.9380,2.277696e+00,6.239183e-02
heavy,K,0.9420,1.991517e+00,6.130131e-02
heavy,K,0.9460,1.748330e+00,6.023964e-02
heavy,K,0.9500,1.541816e+00,5.920573e-02
heavy,K,0.9540,1.366278e+00,5.819851e-02
heavy,K,0.9580,1.216752e+00,5.721698e-02
heavy,K,0.9620,1.089020e+00,5.626016e-02
heavy,K,0.9660,9.795275e-01,5.532711e-02
heavy,K,0.9700,8.853084e-01,5.441692e-02
heavy,K,0.9740,8.039100e-01,5.352870e-02
heavy,K,0.9780,7.333034e-01,5.266159e-02
heavy,K,0.9820,6.718077e-01,5.181474e-02
heavy,K,0.9860,6.180341e-01,5.098732e-02
heavy,K,0.9900,5.708332e-01,5.017848e-02
heavy,K,0.9940,5.292486e-01,4.938737e-02
heavy,K,0.9980,4.924822e-01,4.861313e-02
heavy,K,1.0020,4.598682e-01,4.785484e-02
heavy,K,1.0060,4.308480e-01,4.711151e-02
heavy,K,1.0100,4.049505e-01,4.638202e-02
heavy,K,1.0140,3.817772e-01,4.566514e-02
heavy,K,1.0180,3.609909e-01,4.495947e-02
heavy,K,1.0220,3.423044e-01,4.426386e-02
heavy,K,1.0260,3.254721e-01,4.357877e-02
heavy,K,1.0300,3.102831e-01,4.290994e-02
heavy,K,1.0340,2.965568e-01,4.226883e-02
heavy,K,1.0380,2.841372e-01,4.166184e-02
heavy,K,1.0420,2.728891e-01,4.108535e-02
heavy,K,1.0460,2.626953e-01,4.053302e-02
heavy,K,1.0500,2.534541e-01,3.999998e-02
heavy,K,1.0540,2.450768e-01,3.948310e-02
heavy,K,1.0580,2.374860e-01,3.898030e-02
heavy,K,1.0620,2.306138e-01,3.849020e-02
heavy,K,1.0660,2.244011e-01,3.801177e-02
heavy,K,1.0700,2.187958e-01,3.754425e-02
heavy,K,1.0740,2.137525e-01,3.708702e-02
heavy,K,1.0780,2.092314e-01,3.663959e-02
heavy,K,1.0820,2.051975e-01,3.620151e-02
heavy,K,1.0860,2.016203e-01,3.577241e-02
heavy,K,1.0900,1.984734e-01,3.535196e-02
heavy,K,1.0940,1.957336e-01,3.493985e-02
heavy,K,1.0980,1.933811e-01,3.453580e-02
heavy,K,1.1020,1.913991e-01,3.413956e-02
heavy,K,1.1060,1.897732e-01,3.375087e-02
heavy,K,1.1100,1.884915e-01,3.336951e-02
heavy,K,1.1140,1.875444e-01,3.299528e-02
heavy,K,1.1180,1.869246e-01,3.262796e-02
heavy,K,1.1220,1.866265e-01,3.226737e-02
heavy,K,1.1260,1.866467e-01,3.191332e-02
heavy,K,1.1300,1.869836e-01,3.156563e-02
heavy,K,1.1340,1.876375e-01,3.122414e-02
heavy,K,1.1380,1.886104e-01,3.088868e-02
heavy,K,1.1420,1.899062e-01,3.055910e-02
heavy,K,1.1460,1.915309e-01,3.023524e-02
heavy,K,1.1500,1.934922e-01,2.991698e-02
heavy,K,1.1540,1.957999e-01,2.960416e-02
heavy,K,1.1580,1.984658e-01,2.929666e-02
heavy,K,1.1620,2.015042e-01,2.899434e-02
heavy,K,1.1660,2.049317e-01,2.869707e-02
heavy,K,1.1700,2.087673e-01,2.840475e-02
heavy,K,1.1740,2.130332e-01,2.811725e-02
heavy,K,1.1780,2.177544e-01,2.783446e-02
heavy,K,1.1820,2.229597e-01,2.755627e-02
heavy,K,1.1860,2.286813e-01,2.728258e-02
heavy,K,1.1900,2.349561e-01,2.701327e-02
heavy,K,1.1940,2.418257e-01,2.674826e-02
heavy,K,1.1980,2.493369e-01,2.648745e-02
heavy,K,1.2020,2.575431e-01,2.623073e-02
heavy,K,1.2060,2.665045e-01,2.597803e-02
heavy,K,1.2100,2.762895e-01,2.572925e-02
heavy,K,1.2140,2.869761e-01,2.548431e-02
heavy,K,1.2180,2.986530e-01,2.524312e-02
heavy,K,1.2220,3.114215e-01,2.500561e-02
heavy,K,1.2260,3.253981e-01,2.477169e-02
heavy,K,1.2300,3.407165e-01,2.454130e-02
heavy,K,1.2340,3.575313e-01,2.431434e-02
heavy,K,1.2380,3.760219e-01,2.409077e-02
heavy,K,1.2420,3.963973e-01,2.387049e-02
heavy,K,1.2460,4.189021e-01,2.365345e-02
heavy,K,1.2500,4.438243e-01,2.343957e-02
heavy,K,1.2540,4.715050e-01,2.322880e-02
heavy,K,1.2580,5.023504e-01,2.302107e-02
heavy,K,1.2620,5.368476e-01,2.281632e-02
heavy,K,1.2660,5.755848e-01,2.261449e-02
heavy,K,1.2700,6.192780e-01,2.241552e-02
heavy,K,1.2740,6.688057e-01,2.221935e-02
heavy,K,1.2780,7.252558e-01,2.202594e-02
heavy,K,1.2820,7.899884e-01,2.183522e-02
heavy,K,1.2860,8.647227e-01,2.164714e-02
heavy,K,1.2900,9.516561e-01,2.146166e-02
heavy,K,1.2940,1.053634e+00,2.127872e-02
heavy,K,1.2980,1.174394e+00,2.109827e-02
heavy,K,1.3020,1.318919e+00,2.092027e-02
heavy,K,1.3060,1.493970e+00,2.074467e-02
heavy,K,1.3100,1.708900e+00,2.057143e-02
heavy,K,1.3140,1.976922e+00,2.040050e-02
heavy,K,1.3180,2.317165e+00,2.023184e-02
heavy,K,1.3220,2.758078e+00,2.006540e-02
heavy,K,1.3260,3.343276e+00,1.990115e-02
heavy,K,1.3300,4.141903e+00,1.973904e-02
heavy,K,1.3340,5.267573e+00,1.957904e-02
heavy,K,1.3380,6.913396e+00,1.942112e-02
heavy,K,1.3420,9.413228e+00,1.926522e-02
heavy,K,1.3460,1.331284e+01,1.911131e-02
heavy,K,1.3500,1.921853e+01,1.895937e-02
heavy,K,1.3540,2.644660e+01,1.880935e-02
heavy,K,1.3580,3.022665e+01,1.866123e-02
heavy,K,1.3620,2.602984e+01,1.851242e-02
heavy,K,1.3660,1.841892e+01,1.836799e-02
heavy,K,1.3700,1.247106e+01,1.822535e-02
heavy,K,1.3740,8.639539e+00,1.808448e-02
heavy,K,1.3780,6.228717e+00,1.794534e-02
heavy,K,1.3820,4.671440e+00,1.780791e-02
heavy,K,1.3860,3.627260e+00,1.767214e-02
heavy,K,1.3900,2.901135e+00,1.753803e-02
heavy,K,1.3940,2.379621e+00,1.740553e-02
heavy,K,1.3980,1.994587e+00,1.727462e-02
heavy,K,1.4020,1.703653e+00,1.714528e-02
heavy,K,1.4060,1.479558e+00,1.701748e-02
heavy,K,1.4100,1.304222e+00,1.689119e-02
heavy,K,1.4140,1.165331e+00,1.676639e-02
heavy,K,1.4180,1.054294e+00,1.664305e-02
heavy,K,1.4220,9.650017e-01,1.652115e-02
heavy,K,1.4260,8.930326e-01,1.640067e-02
heavy,K,1.4300,8.351504e-01,1.628158e-02
heavy,K,1.4340,7.889660e-01,1.616387e-02
heavy,K,1.4380,7.527129e-01,1.604750e-02
heavy,K,1.4420,7.250949e-01,1.593247e-02
heavy,K,1.4460,7.051821e-01,1.581874e-02
heavy,K,1.4500,6.923410e-01,1.570629e-02
heavy,K,1.4540,6.861895e-01,1.559512e-02
heavy,K,1.4580,6.865703e-01,1.548519e-02
heavy,K,1.4620,6.935417e-01,1.537648e-02
heavy,K,1.4660,7.073814e-01,1.526899e-02
heavy,K,1.4700,7.286076e-01,1.516269e-02
heavy,K,1.4740,7.580164e-01,1.505755e-02
heavy,K,1.4780,7.967427e-01,1.495357e-02
heavy,K,1.4820,8.463515e-01,1.485073e-02
heavy,K,1.4860,9.089727e-01,1.474901e-02
heavy,K,1.4900,9.874989e-01,1.464839e-02
heavy,K,1.4940,1.085881e+00,1.454885e-02
heavy,K,1.4980,1.209571e+00,1.445038e-02
heavy,K,1.5020,1.366209e+00,1.435297e-02
heavy,K,1.5060,1.566700e+00,1.425659e-02
heavy,K,1.5100,1.826955e+00,1.416124e-02
heavy,K,1.5140,2.170792e+00,1.406689e-02
heavy,K,1.5180,2.634913e+00,1.397354e-02
heavy,K,1.5220,3.277747e+00,1.388117e-02
heavy,K,1.5260,4.195650e+00,1.378976e-02
heavy,K,1.5300,5.553414e+00,1.369930e-02
heavy,K,1.5340,7.642007e+00,1.360977e-02
heavy,K,1.5380,1.098048e+01,1.352117e-02
heavy,K,1.5420,1.641236e+01,1.343348e-02
heavy,K,1.5460,2.442365e+01,1.334669e-02
heavy,K,1.5500,3.003691e+01,1.326271e-02
heavy,K,1.5540,2.786279e+01,1.317766e-02
heavy,K,1.5580,2.064758e+01,1.309347e-02
heavy,K,1.5620,1.413976e+01,1.301013e-02
heavy,K,1.5660,9.747559e+00,1.292763e-02
heavy,K,1.5700,6.953202e+00,1.284595e-02
heavy,K,1.5740,5.151200e+00,1.276508e-02
heavy,K,1.5780,3.949886e+00,1.268502e-02
heavy,K,1.5820,3.119917e+00,1.260574e-02
heavy,K,1.5860,2.527320e+00,1.252725e-02
heavy,K,1.5900,2.091832e+00,1.244952e-02
heavy,K,1.5940,1.763788e+00,1.237256e-02
heavy,K,1.5980,1.511448e+00,1.229634e-02
heavy,K,1.6020,1.313921e+00,1.222086e-02
heavy,K,1.6060,1.157097e+00,1.214611e-02
heavy,K,1.6100,1.031251e+00,1.207208e-02
heavy,K,1.6140,9.295818e-01,1.199876e-02
heavy,K,1.6180,8.472778e-01,1.192614e-02
heavy,K,1.6220,7.807823e-01,1.185421e-02
heavy,K,1.6260,7.268843e-01,1.178296e-02
heavy,K,1.6300,6.816456e-01,1.171238e-02
heavy,K,1.6340,6.410917e-01,1.164247e-02
heavy,K,1.6380,6.034660e-01,1.157322e-02
heavy,K,1.6420,5.687327e-01,1.150461e-02
heavy,K,1.6460,5.370671e-01,1.143664e-02
heavy,K,1.6500,5.084530e-01,1.136930e-02
heavy,K,1.6540,4.827370e-01,1.130258e-02
heavy,K,1.6580,4.597056e-01,1.123648e-02
heavy,K,1.6620,4.391301e-01,1.117098e-02
heavy,K,1.6660,4.207892e-01,1.110609e-02
heavy,K,1.6700,4.044898e-01,1.104178e-02
heavy,K,1.6740,3.901068e-01,1.097806e-02
heavy,K,1.6780,3.776628e-01,1.091492e-02
heavy,K,1.6820,3.673119e-01,1.085234e-02
heavy,K,1.6860,3.590276e-01,1.079033e-02
heavy,K,1.6900,3.525080e-01,1.072887e-02
heavy,K,1.6940,3.474244e-01,1.066796e-02
heavy,K,1.6980,3.435268e-01,1.060760e-02
heavy,K,1.7020,3.406271e-01,1.054777e-02
heavy,K,1.7060,3.386150e-01,1.048846e-02
heavy,K,1.7100,3.376126e-01,1.042968e-02
heavy,K,1.7140,3.381698e-01,1.037142e-02
heavy,K,1.7180,3.409214e-01,1.031367e-02
heavy,K,1.7220,3.458578e-01,1.025641e-02
heavy,K,1.7260,3.523984e-01,1.019966e-02
heavy,K,1.7300,3.600194e-01,1.014340e-02
heavy,K,1.7340,3.685807e-01,1.008762e-02
heavy,K,1.7380,3.784268e-01,1.003233e-02
heavy,K,1.7420,3.900936e-01,9.977504e-03
heavy,K,1.7460,4.038866e-01,9.923151e-03
heavy,K,1.7500,4.199812e-01,9.869260e-03
heavy,K,1.7540,4.386052e-01,9.815827e-03
heavy,K,1.7580,4.600737e-01,9.762847e-03
heavy,K,1.7620,4.847903e-01,9.710313e-03
heavy,K,1.7660,5.132556e-01,9.658221e-03
heavy,K,1.7700,5.460866e-01,9.606567e-03
heavy,K,1.7740,5.840454e-01,9.555343e-03
heavy,K,1.7780,6.280798e-01,9.504547e-03
heavy,K,1.7820,6.793777e-01,9.454172e-03
heavy,K,1.7860,7.394426e-01,9.404215e-03
heavy,K,1.7900,8.101978e-01,9.354669e-03
heavy,K,1.7940,8.941321e-01,9.305532e-03
heavy,K,1.7980,9.945089e-01,9.256797e-03
heavy,K,1.8020,1.115669e+00,9.208461e-03
heavy,K,1.8060,1.263480e+00,9.160518e-03
heavy,K,1.8100,1.446016e+00,9.112966e-03
heavy,K,1.8140,1.674605e+00,9.065798e-03
heavy,K,1.8180,1.965502e+00,9.019011e-03
heavy,K,1.8220,2.342598e+00,8.972601e-03
heavy,K,1.8260,2.841970e+00,8.926564e-03
heavy,K,1.8300,3.519693e+00,8.880895e-03
heavy,K,1.8340,4.465565e+00,8.835590e-03
heavy,K,1.8380,5.827369e+00,8.790646e-03
heavy,K,1.8420,7.851956e+00,8.746058e-03
heavy,K,1.8460,1.094119e+01,8.701822e-03
heavy,K,1.8500,1.564731e+01,8.657935e-03
heavy,K,1.8540,2.218413e+01,8.614394e-03
heavy,K,1.8580,2.843711e+01,8.571193e-03
heavy,K,1.8620,2.887167e+01,8.528330e-03
heavy,K,1.8660,2.245299e+01,8.484528e-03
heavy,K,1.8700,1.498771e+01,8.442335e-03
heavy,K,1.8740,1.012452e+01,8.400469e-03
heavy,K,1.8780,7.125848e+00,8.358927e-03
heavy,K,1.8820,5.225660e+00,8.317704e-03
heavy,K,1.8860,3.972138e+00,8.276797e-03
heavy,K,1.8900,3.112071e+00,8.236204e-03
heavy,K,1.8940,2.500791e+00,8.195921e-03
heavy,K,1.8980,2.052774e+00,8.155944e-03
heavy,K,1.9020,1.715578e+00,8.116271e-03
heavy,K,1.9060,1.455903e+00,8.076898e-03
heavy,K,1.9100,1.251911e+00,8.037822e-03
heavy,K,1.9140,1.088861e+00,7.999040e-03
heavy,K,1.9180,9.565405e-01,7.960549e-03
heavy,K,1.9220,8.477094e-01,7.922346e-03
heavy,K,1.9260,7.571270e-01,7.884428e-03
heavy,K,1.9300,6.809287e-01,7.846792e-03
heavy,K,1.9340,6.162170e-01,7.809436e-03
heavy,K,1.9380,5.607862e-01,7.772356e-03
heavy,K,1.9420,5.129341e-01,7.735549e-03
heavy,K,1.9460,4.713310e-01,7.699014e-03
heavy,K,1.9500,4.349259e-01,7.662746e-03
heavy,K,1.9540,4.028798e-01,7.626744e-03
heavy,K,1.9580,3.745162e-01,7.591005e-03
heavy,K,1.9620,3.492852e-01,7.555525e-03
heavy,K,1.9660,3.267357e-01,7.520304e-03
heavy,K,1.9700,3.064953e-01,7.485337e-03
heavy,K,1.9740,2.882540e-01,7.450623e-03
heavy,K,1.9780,2.717524e-01,7.416158e-03
heavy,K,1.9820,2.567720e-01,7.381941e-03
heavy,K,1.9860,2.431276e-01,7.347969e-03
heavy,K,1.9900,2.306614e-01,7.314240e-03
heavy,K,1.9940,2.192386e-01,7.280751e-03
heavy,K,1.9980,2.087431e-01,7.247500e-03
heavy,K,2.0020,1.990744e-01,7.214484e-03
heavy,K,2.0060,1.901457e-01,7.181702e-03
heavy,K,2.0100,1.818811e-01,7.149151e-03
heavy,K,2.0140,1.742144e-01,7.116829e-03
heavy,K,2.0180,1.670875e-01,7.084733e-03
heavy,K,2.0220,1.604492e-01,7.052862e-03
heavy,K,2.0260,1.542543e-01,7.021213e-03
heavy,K,2.0300,1.484628e-01,6.989784e-03
heavy,K,2.0340,1.430392e-01,6.958573e-03
heavy,K,2.0380,1.379517e-01,6.927578e-03
heavy,K,2.0420,1.331720e-01,6.896797e-03
heavy,K,2.0460,1.286748e-01,6.866228e-03
heavy,K,2.0500,1.244373e-01,6.835869e-03
heavy,K,2.0540,1.204390e-01,6.805718e-03
heavy,K,2.0580,1.166615e-01,6.775773e-03
heavy,K,2.0620,1.130880e-01,6.746032e-03
heavy,K,2.0660,1.097035e-01,6.716493e-03
heavy,K,2.0700,1.064941e-01,6.687155e-03
heavy,K,2.0740,1.034474e-01,6.658015e-03
heavy,K,2.0780,1.005520e-01,6.629071e-03
heavy,K,2.0820,9.779763e-02,6.600323e-03
heavy,K,2.0860,9.517467e-02,6.571767e-03
heavy,K,2.0900,9.267449e-02,6.543402e-03
heavy,K,2.0940,9.028911e-02,6.515227e-03
heavy,K,2.0980,8.801121e-02,6.487240e-03
heavy,K,2.1020,8.583406e-02,6.459439e-03
heavy,K,2.1060,8.375145e-02,6.431822e-03
heavy,K,2.1100,8.175766e-02,6.404388e-03
heavy,K,2.1140,7.984741e-02,6.377134e-03
heavy,K,2.1180,7.801580e-02,6.350060e-03
heavy,K,2.1220,7.625830e-02,6.323164e-03
heavy,K,2.1260,7.457072e-02,6.296444e-03
heavy,K,2.1300,7.294914e-02,6.269899e-03
heavy,K,2.1340,7.138996e-02,6.243527e-03
heavy,K,2.1380,6.988979e-02,6.217326e-03
heavy,K,2.1420,6.844550e-02,6.191295e-03
heavy,K,2.1460,6.705415e-02,6.165432e-03
heavy,K,2.1500,6.571300e-02,6.139737e-03
heavy,K,2.1540,6.441951e-02,6.114207e-03
heavy,K,2.1580,6.317128e-02,6.088841e-03
heavy,K,2.1620,6.196606e-02,6.063638e-03
heavy,K,2.1660,6.080177e-02,6.038595e-03
heavy,K,2.1700,5.967644e-02,6.013713e-03
heavy,K,2.1740,5.858821e-02,5.988989e-03
heavy,K,2.1780,5.753536e-02,5.964422e-03
heavy,K,2.1820,5.651625e-02,5.940010e-03
heavy,K,2.1860,5.552933e-02,5.915753e-03
heavy,K,2.1900,5.457318e-02,5.891649e-03
heavy,K,2.1940,5.364642e-02,5.867696e-03
heavy,K,2.1980,5.274776e-02,5.843894e-03
heavy,K,2.2020,5.187600e-02,5.820241e-03
heavy,K,2.2060,5.102998e-02,5.796735e-03
heavy,K,2.2100,5.020862e-02,5.773377e-03
heavy,K,2.2140,4.941089e-02,5.750163e-03
heavy,K,2.2180,4.863582e-02,5.727093e-03
heavy,K,2.2220,4.788250e-02,5.704166e-03
heavy,K,2.2260,4.715004e-02,5.681381e-03
heavy,K,2.2300,4.643762e-02,5.658736e-03
heavy,K,2.2340,4.574445e-02,5.636231e-03
heavy,K,2.2380,4.506980e-02,5.613863e-03
heavy,K,2.2420,4.441295e-02,5.591633e-03
heavy,K,2.2460,4.377322e-02,5.569538e-03
heavy,K,2.2500,4.314998e-02,5.547578e-03
heavy,K,2.2540,4.254262e-02,5.525751e-03
heavy,K,2.2580,4.195055e-02,5.504056e-03
heavy,K,2.2620,4.137322e-02,5.482493e-03
heavy,K,2.2660,4.081010e-02,5.461061e-03
heavy,K,2.2700,4.026070e-02,5.439757e-03
heavy,K,2.2740,3.972452e-02,5.418581e-03
heavy,K,2.2780,3.920112e-02,5.397533e-03
heavy,K,2.2820,3.869004e-02,5.376610e-03
heavy,K,2.2860,3.819089e-02,5.355813e-03
heavy,K,2.2900,3.770324e-02,5.335139e-03
heavy,K,2.2940,3.722673e-02,5.314588e-03
heavy,K,2.2980,3.676097e-02,5.294160e-03
heavy,K,2.3020,3.630564e-02,5.273852e-03
heavy,K,2.3060,3.586038e-02,5.253664e-03
heavy,K,2.3100,3.542487e-02,5.233595e-03
heavy,K,2.3140,3.499881e-02,5.213644e-03
heavy,K,2.3180,3.458190e-02,5.193811e-03
heavy,K,2.3220,3.417386e-02,5.174093e-03
heavy,K,2.3260,3.377441e-02,5.154491e-03
heavy,K,2.3300,3.338329e-02,5.135003e-03
heavy,K,2.3340,3.300026e-02,5.115629e-03
heavy,K,2.3380,3.262506e-02,5.096367e-03
heavy,K,2.3420,3.225747e-02,5.077217e-03
heavy,K,2.3460,3.189726e-02,5.058177e-03
heavy,K,2.3500,3.154422e-02,5.039247e-03
heavy,K,2.3540,3.119815e-02,5.020427e-03
heavy,K,2.3580,3.085883e-02,5.001714e-03
heavy,K,2.3620,3.052609e-02,4.983109e-03
heavy,K,2.3660,3.019974e-02,4.964610e-03
heavy,K,2.3700,2.987960e-02,4.946217e-03
heavy,K,2.3740,2.956549e-02,4.927929e-03
heavy,K,2.3780,2.925726e-02,4.909745e-03
heavy,K,2.3820,2.895474e-02,4.891663e-03
heavy,K,2.3860,2.865778e-02,4.873685e-03
heavy,K,2.3900,2.836624e-02,4.855808e-03
heavy,K,2.3940,2.807996e-02,4.838031e-03
heavy,K,2.3980,2.779882e-02,4.820355e-03
heavy,K,2.4020,2.752267e-02,4.802778e-03
heavy,K,2.4060,2.725139e-02,4.785300e-03
heavy,K,2.4100,2.698486e-02,4.767919e-03
heavy,K,2.4140,2.672295e-02,4.750636e-03
heavy,K,2.4180,2.646555e-02,4.733449e-03
heavy,K,2.4220,2.621254e-02,4.716357e-03
heavy,K,2.4260,2.596382e-02,4.699360e-03
heavy,K,2.4300,2.571927e-02,4.682457e-03
heavy,K,2.4340,2.547881e-02,4.665648e-03
heavy,K,2.4380,2.524232e-02,4.648931e-03
heavy,K,2.4420,2.500972e-02,4.632307e-03
heavy,K,2.4460,2.478091e-02,4.615773e-03
heavy,K,2.4500,2.455581e-02,4.599331e-03
heavy,K,2.4540,2.433431e-02,4.582978e-03
heavy,K,2.4580,2.411635e-02,4.566715e-03
heavy,K,2.4620,2.390183e-02,4.550540e-03
heavy,K,2.4660,2.369069e-02,4.534453e-03
heavy,K,2.4700,2.348284e-02,4.518454e-03
heavy,K,2.4740,2.327820e-02,4.502541e-03
heavy,K,2.4780,2.307671e-02,4.486714e-03
heavy,K,2.4820,2.287829e-02,4.470973e-03
heavy,K,2.4860,2.268289e-02,4.455316e-03
heavy,K,2.4900,2.249042e-02,4.439744e-03
heavy,K,2.4940,2.230083e-02,4.424255e-03
heavy,K,2.4980,2.211405e-02,4.408849e-03
heavy,K,2.5020,2.193003e-02,4.393526e-03
heavy,K,2.5060,2.174870e-02,4.378284e-03
heavy,K,2.5100,2.157000e-02,4.363123e-03
heavy,K,2.5140,2.139389e-02,4.348043e-03
heavy,K,2.5180,2.122031e-02,4.333043e-03
heavy,K,2.5220,2.104920e-02,4.318122e-03
heavy,K,2.5260,2.088051e-02,4.303280e-03
heavy,K,2.5300,2.071420e-02,4.288517e-03
heavy,K,2.5340,2.055021e-02,4.273831e-03
heavy,K,2.5380,2.038850e-02,4.259222e-03
heavy,K,2.5420,2.022902e-02,4.244690e-03
heavy,K,2.5460,2.007172e-02,4.230233e-03
heavy,K,2.5500,1.991657e-02,4.215853e-03
heavy,K,2.5540,1.976352e-02,4.201547e-03
heavy,K,2.5580,1.961253e-02,4.187316e-03
heavy,K,2.5620,1.946356e-02,4.173158e-03
heavy,K,2.5660,1.931657e-02,4.159074e-03
heavy,K,2.5700,1.917152e-02,4.145063e-03
heavy,K,2.5740,1.902838e-02,4.131124e-03
heavy,K,2.5780,1.888710e-02,4.117257e-03
heavy,K,2.5820,1.874766e-02,4.103462e-03
heavy,K,2.5860,1.861001e-02,4.089737e-03
heavy,K,2.5900,1.847413e-02,4.076083e-03
heavy,K,2.5940,1.833998e-02,4.062498e-03
heavy,K,2.5980,1.820753e-02,4.048983e-03
heavy,K,2.6020,1.807675e-02,4.035537e-03
heavy,K,2.6060,1.794761e-02,4.022159e-03
heavy,K,2.6100,1.782007e-02,4.008849e-03
heavy,K,2.6140,1.769412e-02,3.995607e-03
heavy,K,2.6180,1.756971e-02,3.982431e-03
heavy,K,2.6220,1.744683e-02,3.969322e-03
heavy,K,2.6260,1.732544e-02,3.956280e-03
heavy,K,2.6300,1.720553e-02,3.943303e-03
heavy,K,2.6340,1.708705e-02,3.930391e-03
heavy,K,2.6380,1.697000e-02,3.917544e-03
heavy,K,2.6420,1.685433e-02,3.904761e-03
heavy,K,2.6460,1.674004e-02,3.892042e-03
heavy,K,2.6500,1.662710e-02,3.879386e-03
heavy,K,2.6540,1.651547e-02,3.866794e-03
heavy,K,2.6580,1.640515e-02,3.854264e-03
heavy,K,2.6620,1.629610e-02,3.841796e-03
heavy,K,2.6660,1.618832e-02,3.829390e-03
heavy,K,2.6700,1.608177e-02,3.817045e-03
heavy,K,2.6740,1.597643e-02,3.804761e-03
heavy,K,2.6780,1.587229e-02,3.792538e-03
heavy,K,2.6820,1.576933e-02,3.780375e-03
heavy,K,2.6860,1.566752e-02,3.768272e-03
heavy,K,2.6900,1.556685e-02,3.756227e-03
heavy,K,2.6940,1.546730e-02,3.744242e-03
heavy,K,2.6980,1.536885e-02,3.732315e-03
heavy,K,2.7020,1.527148e-02,3.720447e-03
heavy,K,2.7060,1.517518e-02,3.708636e-03
heavy,K,2.7100,1.507993e-02,3.696882e-03
heavy,K,2.7140,1.498571e-02,3.685186e-03
heavy,K,2.7180,1.489251e-02,3.673546e-03
heavy,K,2.7220,1.480031e-02,3.661962e-03
heavy,K,2.7260,1.470909e-02,3.650435e-03
heavy,K,2.7300,1.461884e-02,3.638962e-03
heavy,K,2.7340,1.452955e-02,3.627545e-03
heavy,K,2.7380,1.444120e-02,3.616183e-03
heavy,K,2.7420,1.435377e-02,3.604875e-03
heavy,K,2.7460,1.426726e-02,3.593621e-03
heavy,K,2.7500,1.418164e-02,3.582421e-03
heavy,K,2.7540,1.409691e-02,3.571274e-03
heavy,K,2.7580,1.401305e-02,3.560181e-03
heavy,K,2.7620,1.393005e-02,3.549140e-03
heavy,K,2.7660,1.384789e-02,3.538151e-03
heavy,K,2.7700,1.376657e-02,3.527214e-03
heavy,K,2.7740,1.368607e-02,3.516329e-03
heavy,K,2.7780,1.360638e-02,3.505496e-03
heavy,K,2.7820,1.352748e-02,3.494713e-03
heavy,K,2.7860,1.344937e-02,3.483981e-03
heavy,K,2.7900,1.337203e-02,3.473300e-03
heavy,K,2.7940,1.329546e-02,3.462668e-03
heavy,K,2.7980,1.321964e-02,3.452086e-03
heavy,K,2.8020,1.314456e-02,3.441554e-03
heavy,K,2.8060,1.307021e-02,3.431071e-03
heavy,K,2.8100,1.299658e-02,3.420636e-03
heavy,K,2.8140,1.292367e-02,3.410250e-03
heavy,K,2.8180,1.285145e-02,3.399913e-03
heavy,K,2.8220,1.277992e-02,3.389623e-03
heavy,K,2.8260,1.270908e-02,3.379380e-03
heavy,K,2.8300,1.263891e-02,3.369185e-03
heavy,K,2.8340,1.256940e-02,3.359037e-03
heavy,K,2.8380,1.250054e-02,3.348936e-03
heavy,K,2.8420,1.243233e-02,3.338881e-03
heavy,K,2.8460,1.236476e-02,3.328872e-03
heavy,K,2.8500,1.229781e-02,3.318909e-03
heavy,K,2.8540,1.223149e-02,3.308991e-03
heavy,K,2.8580,1.216577e-02,3.299119e-03
heavy,K,2.8620,1.210066e-02,3.289292e-03
heavy,K,2.8660,1.203614e-02,3.279509e-03
heavy,K,2.8700,1.197221e-02,3.269771e-03
heavy,K,2.8740,1.190885e-02,3.260077e-03
heavy,K,2.8780,1.184607e-02,3.250427e-03
heavy,K,2.8820,1.178386e-02,3.240821e-03
heavy,K,2.8860,1.172220e-02,3.231258e-03
heavy,K,2.8900,1.166109e-02,3.221737e-03
heavy,K,2.8940,1.160052e-02,3.212260e-03
heavy,K,2.8980,1.154049e-02,3.202825e-03
heavy,K,2.9020,1.148098e-02,3.193433e-03
heavy,K,2.9060,1.142200e-02,3.184083e-03
heavy,K,2.9100,1.136354e-02,3.174774e-03
heavy,K,2.9140,1.130558e-02,3.165507e-03
heavy,K,2.9180,1.124813e-02,3.156281e-03
heavy,K,2.9220,1.119117e-02,3.147097e-03
heavy,K,2.9260,1.113470e-02,3.137953e-03
heavy,K,2.9300,1.107872e-02,3.128849e-03
heavy,K,2.9340,1.102321e-02,3.119786e-03
heavy,K,2.9380,1.096818e-02,3.110763e-03
heavy,K,2.9420,1.091361e-02,3.101780e-03
heavy,K,2.9460,1.085950e-02,3.092836e-03
heavy,K,2.9500,1.080585e-02,3.083932e-03
heavy,K,2.9540,1.075265e-02,3.075067e-03
heavy,K,2.9580,1.069989e-02,3.066240e-03
heavy,K,2.9620,1.064758e-02,3.057453e-03
heavy,K,2.9660,1.059569e-02,3.048703e-03
heavy,K,2.9700,1.054423e-02,3.039992e-03
heavy,K,2.9740,1.049320e-02,3.031319e-03
heavy,K,2.9780,1.044258e-02,3.022684e-03
heavy,K,2.9820,1.039238e-02,3.014086e-03
heavy,K,2.9860,1.034259e-02,3.005525e-03
heavy,K,2.9900,1.029320e-02,2.997002e-03
heavy,K,2.9940,1.024421e-02,2.988515e-03
heavy,K,2.9980,1.019561e-02,2.980065e-03
heavy,K,3.0020,1.014740e-02,2.971651e-03
heavy,K,3.0060,1.009958e-02,2.963274e-03
heavy,K,3.0100,1.005214e-02,2.954933e-03
heavy,K,3.0140,1.000507e-02,2.946627e-03
heavy,K,3.0180,9.958382e-03,2.938357e-03
heavy,K,3.0220,9.912057e-03,2.930123e-03
heavy,K,3.0260,9.866096e-03,2.921923e-03
heavy,K,3.0300,9.820494e-03,2.913759e-03
heavy,K,3.0340,9.775249e-03,2.905629e-03
heavy,K,3.0380,9.730354e-03,2.897534e-03
heavy,K,3.0420,9.685808e-03,2.889473e-03
heavy,K,3.0460,9.641605e-03,2.881447e-03
heavy,K,3.0500,9.597742e-03,2.873454e-03
heavy,K,3.0540,9.554215e-03,2.865495e-03
heavy,K,3.0580,9.511021e-03,2.857570e-03
heavy,K,3.0620,9.468156e-03,2.849678e-03
heavy,K,3.0660,9.425616e-03,2.841820e-03
heavy,K,3.0700,9.383397e-03,2.833994e-03
heavy,K,3.0740,9.341497e-03,2.826202e-03
heavy,K,3.0780,9.299911e-03,2.818442e-03
heavy,K,3.0820,9.258637e-03,2.810714e-03
heavy,K,3.0860,9.217671e-03,2.803019e-03
heavy,K,3.0900,9.177010e-03,2.795355e-03
heavy,K,3.0940,9.136650e-03,2.787724e-03
heavy,K,3.0980,9.096588e-03,2.780124e-03
heavy,K,3.1020,9.056822e-03,2.772556e-03
heavy,K,3.1060,9.017347e-03,2.765020e-03
heavy,K,3.1100,8.978161e-03,2.757514e-03
heavy,K,3.1140,8.939261e-03,2.750040e-03
heavy,K,3.1180,8.900644e-03,2.742596e-03
heavy,K,3.1220,8.862307e-03,2.735183e-03
heavy,K,3.1260,8.824247e-03,2.727801e-03
heavy,K,3.1300,8.786460e-03,2.720449e-03
heavy,K,3.1340,8.748945e-03,2.713127e-03
heavy,K,3.1380,8.711699e-03,2.705835e-03
heavy,K,3.1420,8.674718e-03,2.698573e-03
heavy,K,3.1460,8.638001e-03,2.691341e-03
heavy,K,3.1500,8.601543e-03,2.684138e-03
heavy,K,3.1540,8.565344e-03,2.676965e-03
heavy,K,3.1580,8.529399e-03,2.669821e-03
heavy,K,3.1620,8.493707e-03,2.662705e-03
heavy,K,3.1660,8.458265e-03,2.655619e-03
heavy,K,3.1700,8.423070e-03,2.648561e-03
heavy,K,3.1740,8.388120e-03,2.641532e-03
heavy,K,3.1780,8.353413e-03,2.634531e-03
heavy,K,3.1820,8.318946e-03,2.627559e-03
heavy,K,3.1860,8.284716e-03,2.620614e-03
heavy,K,3.1900,8.250722e-03,2.613698e-03
heavy,K,3.1940,8.216961e-03,2.606809e-03
heavy,K,3.1980,8.183431e-03,2.599948e-03
heavy,K,3.2020,8.150129e-03,2.593115e-03
heavy,K,3.2060,8.117053e-03,2.586309e-03
heavy,K,3.2100,8.084202e-03,2.579529e-03
heavy,K,3.2140,8.051572e-03,2.572777e-03
heavy,K,3.2180,8.019162e-03,2.566052e-03
heavy,K,3.2220,7.986970e-03,2.559354e-03
heavy,K,3.2260,7.954993e-03,2.552682e-03
heavy,K,3.2300,7.923230e-03,2.546037e-03
heavy,K,3.2340,7.891678e-03,2.539418e-03
heavy,K,3.2380,7.860336e-03,2.532825e-03
heavy,K,3.2420,7.829201e-03,2.526258e-03
heavy,K,3.2460,7.798271e-03,2.519717e-03
heavy,K,3.2500,7.767545e-03,2.513202e-03
heavy,K,3.2540,7.737020e-03,2.506713e-03
heavy,K,3.2580,7.706696e-03,2.500249e-03
heavy,K,3.2620,7.676569e-03,2.493810e-03
heavy,K,3.2660,7.646638e-03,2.487397e-03
heavy,K,3.2700,7.616901e-03,2.481009e-03
heavy,K,3.2740,7.587357e-03,2.474645e-03
heavy,K,3.2780,7.558003e-03,2.468307e-03
heavy,K,3.2820,7.528838e-03,2.461993e-03
heavy,K,3.2860,7.499860e-03,2.455703e-03
heavy,K,3.2900,7.471068e-03,2.449439e-03
heavy,K,3.2940,7.442459e-03,2.443198e-03
heavy,K,3.2980,7.414032e-03,2.436982e-03
heavy,K,3.3020,7.385785e-03,2.430789e-03
heavy,K,3.3060,7.357718e-03,2.424621e-03
heavy,K,3.3100,7.329827e-03,2.418476e-03
heavy,K,3.3140,7.302112e-03,2.412355e-03
heavy,K,3.3180,7.274570e-03,2.406258e-03
heavy,K,3.3220,7.247201e-03,2.400184e-03
heavy,K,3.3260,7.220003e-03,2.394133e-03
heavy,K,3.3300,7.192975e-03,2.388106e-03
heavy,K,3.3340,7.166114e-03,2.382102e-03
heavy,K,3.3380,7.139419e-03,2.376120e-03
heavy,K,3.3420,7.112889e-03,2.370162e-03
heavy,K,3.3460,7.086522e-03,2.364226e-03
heavy,K,3.3500,7.060318e-03,2.358312e-03
heavy,K,3.3540,7.034274e-03,2.352422e-03
heavy,K,3.3580,7.008389e-03,2.346553e-03
heavy,K,3.3620,6.982662e-03,2.340707e-03
heavy,K,3.3660,6.957091e-03,2.334883e-03
heavy,K,3.3700,6.931675e-03,2.329081e-03
heavy,K,3.3740,6.906413e-03,2.323301e-03
heavy,K,3.3780,6.881303e-03,2.317542e-03
heavy,K,3.3820,6.856344e-03,2.311806e-03
heavy,K,3.3860,6.831535e-03,2.306091e-03
heavy,K,3.3900,6.806875e-03,2.300397e-03
heavy,K,3.3940,6.782361e-03,2.294725e-03
heavy,K,3.3980,6.757994e-03,2.289074e-03
