defect,omega,rho_x,rho_z
light,0.00500,1.768967e-04,1.191314e-02
light,0.00750,3.665438e-04,2.492514e-02
light,0.01000,5.913873e-04,4.035857e-02
light,0.01249,8.361582e-04,5.656608e-02
light,0.01499,1.096448e-03,7.233243e-02
light,0.01749,1.374782e-03,8.691985e-02
light,0.01999,1.675005e-03,9.997961e-02
light,0.02249,1.997645e-03,1.114265e-01
light,0.02498,2.337683e-03,1.213290e-01
light,0.02748,2.685604e-03,1.298313e-01
light,0.02998,3.031653e-03,1.371051e-01
light,0.03248,3.371342e-03,1.433221e-01
light,0.03498,3.708832e-03,1.486405e-01
light,0.03748,4.055939e-03,1.532005e-01
light,0.03997,4.427395e-03,1.571223e-01
light,0.04247,4.834978e-03,1.605078e-01
light,0.04497,5.282974e-03,1.634426e-01
light,0.04747,5.766412e-03,1.659982e-01
light,0.04997,6.272355e-03,1.682341e-01
light,0.05246,6.783439e-03,1.701998e-01
light,0.05496,7.281954e-03,1.719370e-01
light,0.05746,7.753286e-03,1.734804e-01
light,0.05996,8.188661e-03,1.748584e-01
light,0.06246,8.587213e-03,1.760954e-01
light,0.06495,8.956141e-03,1.772128e-01
light,0.06745,9.307468e-03,1.782276e-01
light,0.06995,9.651970e-03,1.791535e-01
light,0.07245,9.993593e-03,1.800033e-01
light,0.07495,1.032842e-02,1.807890e-01
light,0.07745,1.064941e-02,1.815196e-01
light,0.07994,1.095371e-02,1.822012e-01
light,0.08244,1.124732e-02,1.828403e-01
light,0.08494,1.154467e-02,1.834447e-01
light,0.08744,1.186495e-02,1.840208e-01
light,0.08994,1.222742e-02,1.845704e-01
light,0.09243,1.264645e-02,1.850954e-01
light,0.09493,1.312593e-02,1.856008e-01
light,0.09743,1.365507e-02,1.860931e-01
light,0.09993,1.420886e-02,1.865742e-01
light,0.10243,1.475488e-02,1.870420e-01
light,0.10492,1.526446e-02,1.874971e-01
light,0.10742,1.572309e-02,1.879451e-01
light,0.10992,1.613444e-02,1.883917e-01
light,0.11242,1.651634e-02,1.888366e-01
light,0.11492,1.689145e-02,1.892747e-01
light,0.11741,1.727700e-02,1.897054e-01
light,0.11991,1.767713e-02,1.901355e-01
light,0.12241,1.808009e-02,1.905718e-01
light,0.12491,1.846215e-02,1.910127e-01
light,0.12741,1.879810e-02,1.914509e-01
light,0.12991,1.907398e-02,1.918835e-01
light,0.13240,1.929570e-02,1.923174e-01
light,0.13490,1.948917e-02,1.927617e-01
light,0.13740,1.969226e-02,1.932171e-01
light,0.13990,1.994269e-02,1.936747e-01
light,0.14240,2.026701e-02,1.941270e-01
light,0.14489,2.067449e-02,1.945780e-01
light,0.14739,2.115667e-02,1.950399e-01
light,0.14989,2.169105e-02,1.955189e-01
light,0.15239,2.224804e-02,1.960081e-01
light,0.15489,2.279899e-02,1.964950e-01
light,0.15738,2.332260e-02,1.969763e-01
light,0.15988,2.380758e-02,1.974624e-01
light,0.16238,2.425223e-02,1.979669e-01
light,0.16488,2.466261e-02,1.984920e-01
light,0.16738,2.504942e-02,1.990251e-01
light,0.16987,2.542299e-02,1.995524e-01
light,0.17237,2.578758e-02,2.000747e-01
light,0.17487,2.613833e-02,2.006072e-01
light,0.17737,2.646338e-02,2.011642e-01
light,0.17987,2.675070e-02,2.017446e-01
light,0.18237,2.699565e-02,2.023318e-01
light,0.18486,2.720546e-02,2.029114e-01
light,0.18736,2.739970e-02,2.034860e-01
light,0.18986,2.760715e-02,2.040741e-01
light,0.19236,2.785880e-02,2.046919e-01
light,0.19486,2.817713e-02,2.053374e-01
light,0.19735,2.856659e-02,2.059918e-01
light,0.19985,2.901166e-02,2.066378e-01
light,0.20235,2.948480e-02,2.072776e-01
light,0.20485,2.996012e-02,2.079315e-01
light,0.20735,3.042430e-02,2.086196e-01
light,0.20984,3.087913e-02,2.093424e-01
light,0.21234,3.133604e-02,2.100801e-01
light,0.21484,3.180743e-02,2.108115e-01
light,0.21734,3.229880e-02,2.115346e-01
light,0.21984,3.280253e-02,2.122694e-01
light,0.22234,3.329455e-02,2.130410e-01
light,0.22483,3.373770e-02,2.138566e-01
light,0.22733,3.409453e-02,2.146989e-01
light,0.22983,3.434471e-02,2.155420e-01
light,0.23233,3.449704e-02,2.163759e-01
light,0.23483,3.458862e-02,2.172168e-01
light,0.23732,3.467275e-02,2.180940e-01
light,0.23982,3.480263e-02,2.190249e-01
light,0.24232,3.501749e-02,2.200003e-01
light,0.24482,3.533348e-02,2.209922e-01
light,0.24732,3.573999e-02,2.219798e-01
light,0.24981,3.620290e-02,2.229700e-01
light,0.25231,3.667657e-02,2.239932e-01
light,0.25481,3.712177e-02,2.250782e-01
light,0.25731,3.752191e-02,2.262295e-01
light,0.25981,3.788837e-02,2.274242e-01
light,0.26230,3.825217e-02,2.286331e-01
light,0.26480,3.864770e-02,2.298481e-01
light,0.26730,3.909798e-02,2.310926e-01
light,0.26980,3.960682e-02,2.324054e-01
light,0.27230,4.015679e-02,2.338101e-01
light,0.27480,4.071059e-02,2.352981e-01
light,0.27729,4.121692e-02,2.368394e-01
light,0.27979,4.162385e-02,2.384118e-01
light,0.28229,4.189795e-02,2.400244e-01
light,0.28479,4.204006e-02,2.417172e-01
light,0.28729,4.208872e-02,2.435347e-01
light,0.28978,4.210951e-02,2.454952e-01
light,0.29228,4.217505e-02,2.475831e-01
light,0.29478,4.234290e-02,2.497707e-01
light,0.29728,4.263808e-02,2.520525e-01
light,0.29978,4.304569e-02,2.544639e-01
light,0.30227,4.351754e-02,2.570680e-01
light,0.30477,4.399249e-02,2.599220e-01
light,0.30727,4.442317e-02,2.630509e-01
light,0.30977,4.479663e-02,2.664493e-01
light,0.31227,4.513786e-02,2.701147e-01
light,0.31476,4.549487e-02,2.740853e-01
light,0.31726,4.591461e-02,2.784525e-01
light,0.31976,4.642100e-02,2.833342e-01
light,0.32226,4.700219e-02,2.888326e-01
light,0.32476,4.760931e-02,2.950092e-01
light,0.32726,4.816951e-02,3.018948e-01
light,0.32975,4.861274e-02,3.095248e-01
light,0.33225,4.890269e-02,3.179654e-01
light,0.33475,4.905399e-02,3.272922e-01
light,0.33725,4.912454e-02,3.375204e-01
light,0.33975,4.918984e-02,3.485336e-01
light,0.34224,4.931592e-02,3.600748e-01
light,0.34474,4.954143e-02,3.718174e-01
light,0.34724,4.986941e-02,3.834669e-01
light,0.34974,5.026745e-02,3.948201e-01
light,0.35224,5.067911e-02,4.057443e-01
light,0.35473,5.104798e-02,4.161095e-01
light,0.35723,5.134640e-02,4.257514e-01
light,0.35973,5.159236e-02,4.345064e-01
light,0.36223,5.184365e-02,4.422818e-01
light,0.36473,5.217297e-02,4.490875e-01
light,0.36723,5.263668e-02,4.549944e-01
light,0.36972,5.324925e-02,4.600527e-01
light,0.37222,5.397177e-02,4.642393e-01
light,0.37472,5.471943e-02,4.674784e-01
light,0.37722,5.538728e-02,4.697143e-01
light,0.37972,5.588631e-02,4.709670e-01
light,0.38221,5.617673e-02,4.713179e-01
light,0.38471,5.628484e-02,4.708391e-01
light,0.38721,5.629501e-02,4.695354e-01
light,0.38971,5.631864e-02,4.673520e-01
light,0.39221,5.645267e-02,4.642383e-01
light,0.39470,5.674491e-02,4.602055e-01
light,0.39720,5.717878e-02,4.553273e-01
light,0.39970,5.768231e-02,4.496852e-01
light,0.40220,5.815892e-02,4.433104e-01
light,0.40470,5.853137e-02,4.361797e-01
light,0.40719,5.878033e-02,4.282669e-01
light,0.40969,5.895614e-02,4.195983e-01
light,0.41219,5.915505e-02,4.102549e-01
light,0.41469,5.947388e-02,4.003268e-01
light,0.41719,5.996808e-02,3.898674e-01
light,0.41969,6.063057e-02,3.788913e-01
light,0.42218,6.139515e-02,3.674112e-01
light,0.42468,6.216114e-02,3.554762e-01
light,0.42718,6.283133e-02,3.431737e-01
light,0.42968,6.334892e-02,3.305968e-01
light,0.43218,6.371575e-02,3.178117e-01
light,0.43467,6.398213e-02,3.048560e-01
light,0.43717,6.421584e-02,2.917679e-01
light,0.43967,6.446907e-02,2.786119e-01
light,0.44217,6.476081e-02,2.654726e-01
light,0.44467,6.508067e-02,2.524270e-01
light,0.44716,6.540803e-02,2.395302e-01
light,0.44966,6.573230e-02,2.268256e-01
light,0.45216,6.606143e-02,2.143630e-01
light,0.45466,6.641532e-02,2.022017e-01
light,0.45716,6.681233e-02,1.904008e-01
light,0.45966,6.725996e-02,1.790106e-01
light,0.46215,6.775486e-02,1.680732e-01
light,0.46465,6.829001e-02,1.576282e-01
light,0.46715,6.886261e-02,1.477148e-01
light,0.46965,6.947639e-02,1.383704e-01
light,0.47215,7.013553e-02,1.296264e-01
light,0.47464,7.083268e-02,1.215066e-01
light,0.47714,7.154002e-02,1.140253e-01
light,0.47964,7.221354e-02,1.071860e-01
light,0.48214,7.281197e-02,1.009795e-01
light,0.48464,7.331916e-02,9.538376e-02
light,0.48713,7.375401e-02,9.036558e-02
light,0.48963,7.416039e-02,8.588360e-02
light,0.49213,7.458418e-02,8.189246e-02
light,0.49463,7.505193e-02,7.834639e-02
light,0.49713,7.556163e-02,7.520198e-02
light,0.49962,7.608956e-02,7.241991e-02
light,0.50212,7.660992e-02,6.996581e-02
light,0.50462,7.711615e-02,6.781053e-02
light,0.50712,7.762919e-02,6.593009e-02
light,0.50962,7.818722e-02,6.430545e-02
light,0.51212,7.882719e-02,6.292226e-02
light,0.51461,7.957212e-02,6.177060e-02
light,0.51711,8.042768e-02,6.084486e-02
light,0.51961,8.138179e-02,6.014359e-02
light,0.52211,8.240425e-02,5.966949e-02
light,0.52461,8.345055e-02,5.942929e-02
light,0.52710,8.447365e-02,5.943359e-02
light,0.52960,8.543965e-02,5.969639e-02
light,0.53210,8.633929e-02,6.023403e-02
light,0.53460,8.719013e-02,6.106321e-02
light,0.53710,8.802851e-02,6.219773e-02
light,0.53959,8.889504e-02,6.364363e-02
light,0.54209,8.982141e-02,6.539332e-02
light,0.54459,9.082566e-02,6.742016e-02
light,0.54709,9.191451e-02,6.967603e-02
light,0.54959,9.308608e-02,7.209447e-02
light,0.55208,9.433110e-02,7.459936e-02
light,0.55458,9.563861e-02,7.711666e-02
light,0.55708,9.700846e-02,7.958494e-02
light,0.55958,9.846177e-02,8.196121e-02
light,0.56208,1.000385e-01,8.422075e-02
light,0.56458,1.017842e-01,8.635243e-02
light,0.56707,1.037355e-01,8.835336e-02
light,0.56957,1.059112e-01,9.022633e-02
light,0.57207,1.083050e-01,9.197982e-02
light,0.57457,1.108825e-01,9.362722e-02
light,0.57707,1.135858e-01,9.518251e-02
light,0.57956,1.163478e-01,9.665440e-02
light,0.58206,1.191046e-01,9.804553e-02
light,0.58456,1.217987e-01,9.935919e-02
light,0.58706,1.243755e-01,1.006058e-01
light,0.58956,1.267802e-01,1.018005e-01
light,0.59205,1.289590e-01,1.029540e-01
light,0.59455,1.308637e-01,1.040658e-01
light,0.59705,1.324581e-01,1.051292e-01
light,0.59955,1.337269e-01,1.061428e-01
light,0.60205,1.346783e-01,1.071166e-01
light,0.60455,1.353402e-01,1.080657e-01
light,0.60704,1.357573e-01,1.089984e-01
light,0.60954,1.359871e-01,1.099108e-01
light,0.61204,1.360882e-01,1.107928e-01
light,0.61454,1.361047e-01,1.116385e-01
light,0.61704,1.360589e-01,1.124541e-01
light,0.61953,1.359581e-01,1.132551e-01
light,0.62203,1.358015e-01,1.140546e-01
light,0.62453,1.355798e-01,1.148524e-01
light,0.62703,1.352737e-01,1.156356e-01
light,0.62953,1.348638e-01,1.163924e-01
light,0.63202,1.343441e-01,1.171244e-01
light,0.63452,1.337274e-01,1.178471e-01
light,0.63702,1.330402e-01,1.185791e-01
light,0.63952,1.323114e-01,1.193285e-01
light,0.64202,1.315628e-01,1.200878e-01
light,0.64451,1.308027e-01,1.208419e-01
light,0.64701,1.300259e-01,1.215849e-01
light,0.64951,1.292276e-01,1.223292e-01
light,0.65201,1.284244e-01,1.231000e-01
light,0.65451,1.276647e-01,1.239197e-01
light,0.65701,1.270135e-01,1.247956e-01
light,0.65950,1.265198e-01,1.257211e-01
light,0.66200,1.261876e-01,1.266896e-01
light,0.66450,1.259650e-01,1.277113e-01
light,0.66700,1.257592e-01,1.288207e-01
light,0.66950,1.254756e-01,1.300651e-01
light,0.67199,1.250605e-01,1.314860e-01
light,0.67449,1.245201e-01,1.331079e-01
light,0.67699,1.239050e-01,1.349435e-01
light,0.67949,1.232755e-01,1.370096e-01
light,0.68199,1.226724e-01,1.393410e-01
light,0.68448,1.221033e-01,1.419852e-01
light,0.68698,1.215436e-01,1.449765e-01
light,0.68948,1.209550e-01,1.483057e-01
light,0.69198,1.203140e-01,1.519091e-01
light,0.69448,1.196354e-01,1.556900e-01
light,0.69697,1.189697e-01,1.595567e-01
light,0.69947,1.183791e-01,1.634494e-01
light,0.70197,1.179081e-01,1.673382e-01
light,0.70447,1.175684e-01,1.711991e-01
light,0.70697,1.173386e-01,1.749914e-01
light,0.70947,1.171750e-01,1.786588e-01
light,0.71196,1.170287e-01,1.821544e-01
light,0.71446,1.168615e-01,1.854665e-01
light,0.71696,1.166515e-01,1.886198e-01
light,0.71946,1.163900e-01,1.916515e-01
light,0.72196,1.160762e-01,1.945808e-01
light,0.72445,1.157112e-01,1.973951e-01
light,0.72695,1.152922e-01,2.000628e-01
light,0.72945,1.148108e-01,2.025645e-01
light,0.73195,1.142645e-01,2.049146e-01
light,0.73445,1.136736e-01,2.071537e-01
light,0.73694,1.130854e-01,2.093186e-01
light,0.73944,1.125598e-01,2.114176e-01
light,0.74194,1.121490e-01,2.134279e-01
light,0.74444,1.118806e-01,2.153182e-01
light,0.74694,1.117474e-01,2.170787e-01
light,0.74944,1.117057e-01,2.187343e-01
light,0.75193,1.116899e-01,2.203262e-01
light,0.75443,1.116408e-01,2.218804e-01
light,0.75693,1.115312e-01,2.233890e-01
light,0.75943,1.113721e-01,2.248210e-01
light,0.76193,1.111983e-01,2.261496e-01
light,0.76442,1.110415e-01,2.273779e-01
light,0.76692,1.109073e-01,2.285383e-01
light,0.76942,1.107660e-01,2.296676e-01
light,0.77192,1.105674e-01,2.307764e-01
light,0.77442,1.102727e-01,2.318430e-01
light,0.77691,1.098837e-01,2.328341e-01
light,0.77941,1.094484e-01,2.337348e-01
light,0.78191,1.090405e-01,2.345620e-01
light,0.78441,1.087282e-01,2.353519e-01
light,0.78691,1.085504e-01,2.361294e-01
light,0.78940,1.085114e-01,2.368881e-01
light,0.79190,1.085899e-01,2.375967e-01
light,0.79440,1.087525e-01,2.382291e-01
light,0.79690,1.089617e-01,2.387872e-01
light,0.79940,1.091777e-01,2.392992e-01
light,0.80190,1.093614e-01,2.397964e-01
light,0.80439,1.094816e-01,2.402858e-01
light,0.80689,1.095207e-01,2.407450e-01
light,0.80939,1.094792e-01,2.411432e-01
light,0.81189,1.093762e-01,2.414706e-01
light,0.81439,1.092458e-01,2.417464e-01
light,0.81688,1.091263e-01,2.420015e-01
light,0.81938,1.090478e-01,2.422511e-01
light,0.82188,1.090265e-01,2.424819e-01
light,0.82438,1.090688e-01,2.426649e-01
light,0.82688,1.091773e-01,2.427832e-01
light,0.82937,1.093549e-01,2.428480e-01
light,0.83187,1.096050e-01,2.428873e-01
light,0.83437,1.099314e-01,2.429194e-01
light,0.83687,1.103362e-01,2.429370e-01
light,0.83937,1.108122e-01,2.429148e-01
light,0.84187,1.113371e-01,2.428343e-01
light,0.84436,1.118755e-01,2.427015e-01
light,0.84686,1.123871e-01,2.425408e-01
light,0.84936,1.128351e-01,2.423703e-01
light,0.85186,1.131917e-01,2.421846e-01
light,0.85436,1.134424e-01,2.419617e-01
light,0.85685,1.135887e-01,2.416850e-01
light,0.85935,1.136484e-01,2.413596e-01
light,0.86185,1.136501e-01,2.410064e-01
light,0.86435,1.136177e-01,2.406404e-01
light,0.86685,1.135486e-01,2.402553e-01
light,0.86934,1.133977e-01,2.398311e-01
light,0.87184,1.130736e-01,2.393558e-01
light,0.87434,1.124466e-01,2.388367e-01
light,0.87684,1.113648e-01,2.382915e-01
light,0.87934,1.096872e-01,2.377295e-01
light,0.88183,1.073270e-01,2.371411e-01
light,0.88433,1.042920e-01,2.365095e-01
light,0.88683,1.006989e-01,2.358290e-01
light,0.88933,9.674679e-02,2.351104e-01
light,0.89183,9.266090e-02,2.343669e-01
light,0.89433,8.863377e-02,2.335993e-01
light,0.89682,8.479347e-02,2.327956e-01
light,0.89932,8.120791e-02,2.319446e-01
light,0.90182,7.791178e-02,2.310488e-01
light,0.90432,7.493124e-02,2.301193e-01
light,0.90682,7.228894e-02,2.291614e-01
light,0.90931,6.999241e-02,2.281682e-01
light,0.91181,6.802085e-02,2.271292e-01
light,0.91431,6.632255e-02,2.260424e-01
light,0.91681,6.482404e-02,2.249151e-01
light,0.91931,6.344568e-02,2.237527e-01
light,0.92180,6.211797e-02,2.225511e-01
light,0.92430,6.079452e-02,2.213016e-01
light,0.92680,5.945912e-02,2.200017e-01
light,0.92930,5.812650e-02,2.186558e-01
light,0.93180,5.683717e-02,2.172671e-01
light,0.93429,5.564534e-02,2.158318e-01
light,0.93679,5.460077e-02,2.143435e-01
light,0.93929,5.373072e-02,2.128001e-01
light,0.94179,5.303105e-02,2.112043e-01
light,0.94429,5.246990e-02,2.095564e-01
light,0.94679,5.199994e-02,2.078517e-01
light,0.94928,5.157175e-02,2.060858e-01
light,0.95178,5.114396e-02,2.042575e-01
light,0.95428,5.068969e-02,2.023669e-01
light,0.95678,5.019974e-02,2.004114e-01
light,0.95928,4.968150e-02,1.983862e-01
light,0.96177,4.915274e-02,1.962880e-01
light,0.96427,4.863173e-02,1.941150e-01
light,0.96677,4.812878e-02,1.918643e-01
light,0.96927,4.764535e-02,1.895310e-01
light,0.97177,4.718247e-02,1.871106e-01
light,0.97426,4.675103e-02,1.845993e-01
light,0.97676,4.637363e-02,1.819926e-01
light,0.97926,4.607435e-02,1.792846e-01
light,0.98176,4.586343e-02,1.764694e-01
light,0.98426,4.572725e-02,1.735411e-01
light,0.98676,4.562941e-02,1.704928e-01
light,0.98925,4.552174e-02,1.673169e-01
light,0.99175,4.536025e-02,1.640054e-01
light,0.99425,4.511947e-02,1.605497e-01
light,0.99675,4.479996e-02,1.569404e-01
light,0.99925,4.442761e-02,1.531679e-01
light,1.00174,4.404620e-02,1.492223e-01
light,1.00424,4.370440e-02,1.450937e-01
light,1.00674,4.343981e-02,1.407731e-01
light,1.00924,4.326633e-02,1.362533e-01
light,1.01174,4.317128e-02,1.315306e-01
light,1.01423,4.312305e-02,1.266066e-01
light,1.01673,4.308416e-02,1.214921e-01
light,1.01923,4.302345e-02,1.162105e-01
light,1.02173,4.292354e-02,1.108023e-01
light,1.02423,4.278261e-02,1.053280e-01
light,1.02672,4.261116e-02,9.986905e-02
light,1.02922,4.242494e-02,9.452204e-02
light,1.03172,4.223694e-02,8.938832e-02
light,1.03422,4.205274e-02,8.455935e-02
light,1.03672,4.187315e-02,8.010366e-02
light,1.03922,4.170239e-02,7.606003e-02
light,1.04171,4.155357e-02,7.243813e-02
light,1.04421,4.144484e-02,6.922477e-02
light,1.04671,4.138805e-02,6.639189e-02
light,1.04921,4.137825e-02,6.390398e-02
light,1.05171,4.139162e-02,6.172337e-02
light,1.05420,4.139297e-02,5.981367e-02
light,1.05670,4.134905e-02,5.814145e-02
light,1.05920,4.124180e-02,5.667701e-02
light,1.06170,4.107620e-02,5.539448e-02
light,1.06420,4.087962e-02,5.427156e-02
light,1.06669,4.069243e-02,5.328915e-02
light,1.06919,4.055279e-02,5.243097e-02
light,1.07169,4.048134e-02,5.168313e-02
light,1.07419,4.047305e-02,5.103379e-02
light,1.07669,4.050066e-02,5.047282e-02
light,1.07918,4.052775e-02,4.999156e-02
light,1.08168,4.052416e-02,4.958257e-02
light,1.08418,4.047688e-02,4.923945e-02
light,1.08668,4.039225e-02,4.895666e-02
light,1.08918,4.028942e-02,4.872944e-02
light,1.09168,4.018878e-02,4.855365e-02
light,1.09417,4.010223e-02,4.842569e-02
light,1.09667,4.003094e-02,4.834242e-02
light,1.09917,3.997115e-02,4.830114e-02
light,1.10167,3.992228e-02,4.829946e-02
light,1.10417,3.988942e-02,4.833531e-02
light,1.10666,3.987804e-02,4.840689e-02
light,1.10916,3.988631e-02,4.851263e-02
light,1.11166,3.990172e-02,4.865117e-02
light,1.11416,3.990437e-02,4.882133e-02
light,1.11666,3.987535e-02,4.902210e-02
light,1.11915,3.980714e-02,4.925259e-02
light,1.12165,3.971068e-02,4.951207e-02
light,1.12415,3.961336e-02,4.979993e-02
light,1.12665,3.954671e-02,5.011564e-02
light,1.12915,3.953008e-02,5.045881e-02
light,1.13165,3.955968e-02,5.082909e-02
light,1.13414,3.960993e-02,5.122626e-02
light,1.13664,3.964672e-02,5.165016e-02
light,1.13914,3.964556e-02,5.210069e-02
light,1.14164,3.960375e-02,5.257785e-02
light,1.14414,3.953957e-02,5.308168e-02
light,1.14663,3.947986e-02,5.361229e-02
light,1.14913,3.944437e-02,5.416985e-02
light,1.15163,3.943680e-02,5.475460e-02
light,1.15413,3.944714e-02,5.536681e-02
light,1.15663,3.946171e-02,5.600682e-02
light,1.15912,3.947236e-02,5.667504e-02
light,1.16162,3.947877e-02,5.737192e-02
light,1.16412,3.948424e-02,5.809794e-02
light,1.16662,3.948935e-02,5.885367e-02
light,1.16912,3.948929e-02,5.963972e-02
light,1.17161,3.947798e-02,6.045676e-02
light,1.17411,3.945626e-02,6.130550e-02
light,1.17661,3.943594e-02,6.218671e-02
light,1.17911,3.943386e-02,6.310124e-02
light,1.18161,3.945953e-02,6.404997e-02
light,1.18411,3.950626e-02,6.503385e-02
light,1.18660,3.955345e-02,6.605391e-02
light,1.18910,3.957984e-02,6.711122e-02
light,1.19160,3.957839e-02,6.820694e-02
light,1.19410,3.956159e-02,6.934227e-02
light,1.19660,3.955251e-02,7.051852e-02
light,1.19909,3.956860e-02,7.173705e-02
light,1.20159,3.961037e-02,7.299932e-02
light,1.20409,3.966305e-02,7.430686e-02
light,1.20659,3.970901e-02,7.566129e-02
light,1.20909,3.974045e-02,7.706432e-02
light,1.21158,3.976261e-02,7.851779e-02
light,1.21408,3.978631e-02,8.002360e-02
light,1.21658,3.981814e-02,8.158379e-02
light,1.21908,3.985727e-02,8.320050e-02
light,1.22158,3.990036e-02,8.487600e-02
light,1.22408,3.994716e-02,8.661270e-02
light,1.22657,4.000036e-02,8.841314e-02
light,1.22907,4.006054e-02,9.028000e-02
light,1.23157,4.012284e-02,9.221613e-02
light,1.23407,4.018052e-02,9.422454e-02
light,1.23657,4.023230e-02,9.630843e-02
light,1.23906,4.028539e-02,9.847119e-02
light,1.24156,4.035000e-02,1.007164e-01
light,1.24406,4.043004e-02,1.030478e-01
light,1.24656,4.051949e-02,1.054696e-01
light,1.24906,4.060839e-02,1.079859e-01
light,1.25155,4.069222e-02,1.106013e-01
light,1.25405,4.077539e-02,1.133208e-01
light,1.25655,4.086613e-02,1.161493e-01
light,1.25905,4.096905e-02,1.190925e-01
light,1.26155,4.108275e-02,1.221561e-01
light,1.26404,4.120315e-02,1.253464e-01
light,1.26654,4.132792e-02,1.286700e-01
light,1.26904,4.145759e-02,1.321340e-01
light,1.27154,4.159424e-02,1.357460e-01
light,1.27404,4.174013e-02,1.395140e-01
light,1.27654,4.189730e-02,1.434468e-01
light,1.27903,4.206712e-02,1.475535e-01
light,1.28153,4.224960e-02,1.518442e-01
light,1.28403,4.244397e-02,1.563295e-01
light,1.28653,4.265036e-02,1.610208e-01
light,1.28903,4.287097e-02,1.659305e-01
light,1.29152,4.310924e-02,1.710717e-01
light,1.29402,4.336809e-02,1.764588e-01
light,1.29652,4.364895e-02,1.821070e-01
light,1.29902,4.395273e-02,1.880331e-01
light,1.30152,4.428154e-02,1.942548e-01
light,1.30401,4.463942e-02,2.007915e-01
light,1.30651,4.503137e-02,2.076643e-01
light,1.30901,4.546205e-02,2.148959e-01
light,1.31151,4.593586e-02,2.225109e-01
light,1.31401,4.645830e-02,2.305363e-01
light,1.31650,4.703664e-02,2.390011e-01
light,1.31900,4.767958e-02,2.479373e-01
light,1.32150,4.839679e-02,2.573795e-01
light,1.32400,4.919891e-02,2.673658e-01
light,1.32650,5.009785e-02,2.779377e-01
light,1.32900,5.110658e-02,2.891408e-01
light,1.33149,5.223816e-02,3.010250e-01
light,1.33399,5.350373e-02,3.136455e-01
light,1.33649,5.490930e-02,3.270629e-01
light,1.33899,5.645082e-02,3.413441e-01
light,1.34149,5.810673e-02,3.565631e-01
light,1.34398,5.982847e-02,3.728020e-01
light,1.34648,6.153039e-02,3.901517e-01
light,1.34898,6.308201e-02,4.087136e-01
light,1.35148,6.430669e-02,4.286005e-01
light,1.35398,6.499183e-02,4.499386e-01
light,1.35647,6.491641e-02,4.728690e-01
light,1.35897,6.389858e-02,4.975504e-01
light,1.36147,6.185527e-02,5.241609e-01
light,1.36397,5.884758e-02,5.529018e-01
light,1.36647,5.508083e-02,5.840005e-01
light,1.36897,5.085106e-02,6.177149e-01
light,1.37146,4.646567e-02,6.543386e-01
light,1.37396,4.217871e-02,6.942059e-01
light,1.37646,3.816194e-02,7.376996e-01
light,1.37896,3.450763e-02,7.852588e-01
light,1.38146,3.124752e-02,8.373890e-01
light,1.38395,2.837437e-02,8.946741e-01
light,1.38645,2.585963e-02,9.577905e-01
light,1.38895,2.366547e-02,1.027525e+00
light,1.39145,2.175206e-02,1.104795e+00
light,1.39395,2.008148e-02,1.190677e+00
light,1.39644,1.861947e-02,1.286432e+00
light,1.39894,1.733609e-02,1.393551e+00
light,1.40144,1.620556e-02,1.513796e+00
light,1.40394,1.520599e-02,1.649259e+00
light,1.40644,1.431887e-02,1.802428e+00
light,1.40893,1.352858e-02,1.976273e+00
light,1.41143,1.282196e-02,2.174339e+00
light,1.41393,1.218791e-02,2.400865e+00
light,1.41643,1.161705e-02,2.660903e+00
light,1.41893,1.110141e-02,2.960457e+00
light,1.42143,1.063425e-02,3.306601e+00
light,1.42392,1.020980e-02,3.707552e+00
light,1.42642,9.823132e-03,4.172629e+00
light,1.42892,9.470009e-03,4.711968e+00
light,1.43142,9.146790e-03,5.335805e+00
light,1.43392,8.850328e-03,6.052982e+00
light,1.43641,8.577895e-03,6.868255e+00
light,1.43891,8.327121e-03,7.777895e+00
light,1.44141,8.095941e-03,8.763336e+00
light,1.44391,7.882553e-03,9.783604e+00
light,1.44641,7.685377e-03,1.076925e+01
light,1.44890,7.503030e-03,1.162321e+01
light,1.45140,7.334297e-03,1.223505e+01
light,1.45390,7.178112e-03,1.250982e+01
light,1.45640,7.033535e-03,1.240135e+01
light,1.45890,6.899745e-03,1.193073e+01
light,1.46139,6.776018e-03,1.117736e+01
light,1.46389,6.661724e-03,1.024886e+01
light,1.46639,6.556312e-03,9.248985e+00
light,1.46889,6.459308e-03,8.257769e+00
light,1.47139,6.370306e-03,7.326373e+00
light,1.47389,6.288963e-03,6.481203e+00
light,1.47638,6.214997e-03,5.731231e+00
light,1.47888,6.148182e-03,5.074831e+00
light,1.48138,6.088350e-03,4.504822e+00
light,1.48388,6.035389e-03,4.011715e+00
light,1.48638,5.989242e-03,3.585582e+00
light,1.48887,5.949913e-03,3.217029e+00
light,1.49137,5.917463e-03,2.897625e+00
light,1.49387,5.892022e-03,2.620030e+00
light,1.49637,5.873792e-03,2.377967e+00
light,1.49887,5.863054e-03,2.166123e+00
light,1.50136,5.860177e-03,1.980029e+00
light,1.50386,5.865636e-03,1.815933e+00
light,1.50636,5.880021e-03,1.670690e+00
light,1.50886,5.904062e-03,1.541656e+00
light,1.51136,5.938650e-03,1.426612e+00
light,1.51386,5.984862e-03,1.323682e+00
light,1.51635,6.043999e-03,1.231283e+00
light,1.51885,6.117618e-03,1.148071e+00
light,1.52135,6.207576e-03,1.072901e+00
light,1.52385,6.316061e-03,1.004797e+00
light,1.52635,6.445626e-03,9.429194e-01
light,1.52884,6.599183e-03,8.865491e-01
light,1.53134,6.779961e-03,8.350639e-01
light,1.53384,6.991354e-03,7.879252e-01
light,1.53634,7.236638e-03,7.446652e-01
light,1.53884,7.518471e-03,7.048760e-01
light,1.54133,7.838179e-03,6.682010e-01
light,1.54383,8.194873e-03,6.343277e-01
light,1.54633,8.584662e-03,6.029809e-01
light,1.54883,9.000336e-03,5.739181e-01
light,1.55133,9.431875e-03,5.469247e-01
light,1.55382,9.867818e-03,5.218105e-01
light,1.55632,1.029702e-02,4.984063e-01
light,1.55882,1.071017e-02,4.765614e-01
light,1.56132,1.110053e-02,4.561411e-01
light,1.56382,1.146402e-02,4.370249e-01
light,1.56632,1.179874e-02,4.191046e-01
light,1.56881,1.210443e-02,4.022828e-01
light,1.57131,1.238183e-02,3.864719e-01
light,1.57381,1.263228e-02,3.715927e-01
light,1.57631,1.285743e-02,3.575736e-01
light,1.57881,1.305900e-02,3.443497e-01
light,1.58130,1.323868e-02,3.318620e-01
light,1.58380,1.339807e-02,3.200569e-01
light,1.58630,1.353872e-02,3.088856e-01
light,1.58880,1.366202e-02,2.983035e-01
light,1.59130,1.376921e-02,2.882699e-01
light,1.59379,1.386149e-02,2.787475e-01
light,1.59629,1.394007e-02,2.697021e-01
light,1.59879,1.400604e-02,2.611022e-01
light,1.60129,1.406049e-02,2.529191e-01
light,1.60379,1.410459e-02,2.451262e-01
light,1.60629,1.413962e-02,2.376990e-01
light,1.60878,1.416698e-02,2.306148e-01
light,1.61128,1.418821e-02,2.238529e-01
light,1.61378,1.420512e-02,2.173938e-01
light,1.61628,1.421975e-02,2.112197e-01
light,1.61878,1.423430e-02,2.053140e-01
light,1.62127,1.425101e-02,1.996613e-01
light,1.62377,1.427191e-02,1.942472e-01
light,1.62627,1.429846e-02,1.890584e-01
light,1.62877,1.433124e-02,1.840826e-01
light,1.63127,1.436968e-02,1.793081e-01
light,1.63376,1.441217e-02,1.747242e-01
light,1.63626,1.445635e-02,1.703208e-01
light,1.63876,1.449963e-02,1.660885e-01
light,1.64126,1.453958e-02,1.620184e-01
light,1.64376,1.457426e-02,1.581024e-01
light,1.64625,1.460230e-02,1.543326e-01
light,1.64875,1.462293e-02,1.507018e-01
light,1.65125,1.463603e-02,1.472033e-01
light,1.65375,1.464203e-02,1.438306e-01
light,1.65625,1.464189e-02,1.405776e-01
light,1.65875,1.463722e-02,1.374389e-01
light,1.66124,1.463027e-02,1.344089e-01
light,1.66374,1.462408e-02,1.314827e-01
light,1.66624,1.462243e-02,1.286556e-01
light,1.66874,1.462992e-02,1.259231e-01
light,1.67124,1.465180e-02,1.232809e-01
light,1.67373,1.469348e-02,1.207251e-01
light,1.67623,1.475987e-02,1.182520e-01
light,1.67873,1.485454e-02,1.158579e-01
light,1.68123,1.497903e-02,1.135395e-01
light,1.68373,1.513255e-02,1.112936e-01
light,1.68622,1.531232e-02,1.091172e-01
light,1.68872,1.551439e-02,1.070074e-01
light,1.69122,1.573465e-02,1.049614e-01
light,1.69372,1.596960e-02,1.029767e-01
light,1.69622,1.621694e-02,1.010509e-01
light,1.69871,1.647596e-02,9.918158e-02
light,1.70121,1.674780e-02,9.736654e-02
light,1.70371,1.703544e-02,9.560366e-02
light,1.70621,1.734341e-02,9.389096e-02
light,1.70871,1.767699e-02,9.222650e-02
light,1.71121,1.804069e-02,9.060848e-02
light,1.71370,1.843614e-02,8.903516e-02
light,1.71620,1.885996e-02,8.750488e-02
light,1.71870,1.930244e-02,8.601606e-02
light,1.72120,1.974810e-02,8.456719e-02
light,1.72370,2.017802e-02,8.315685e-02
light,1.72619,2.057331e-02,8.178365e-02
light,1.72869,2.091867e-02,8.044627e-02
light,1.73119,2.120512e-02,7.914348e-02
light,1.73369,2.143117e-02,7.787405e-02
light,1.73619,2.160219e-02,7.663685e-02
light,1.73868,2.172833e-02,7.543078e-02
light,1.74118,2.182162e-02,7.425477e-02
light,1.74368,2.189333e-02,7.310784e-02
light,1.74618,2.195234e-02,7.198900e-02
light,1.74868,2.200474e-02,7.089733e-02
light,1.75118,2.205405e-02,6.983195e-02
light,1.75367,2.210188e-02,6.879199e-02
light,1.75617,2.214864e-02,6.777665e-02
light,1.75867,2.219403e-02,6.678515e-02
light,1.76117,2.223736e-02,6.581671e-02
light,1.76367,2.227776e-02,6.487063e-02
light,1.76616,2.231433e-02,6.394621e-02
light,1.76866,2.234621e-02,6.304277e-02
light,1.77116,2.237258e-02,6.215968e-02
light,1.77366,2.239259e-02,6.129632e-02
light,1.77616,2.240553e-02,6.045209e-02
light,1.77865,2.241072e-02,5.962642e-02
light,1.78115,2.240744e-02,5.881876e-02
light,1.78365,2.239502e-02,5.802858e-02
light,1.78615,2.237282e-02,5.725537e-02
light,1.78865,2.234019e-02,5.649863e-02
light,1.79114,2.229642e-02,5.575789e-02
light,1.79364,2.224083e-02,5.503270e-02
light,1.79614,2.217269e-02,5.432261e-02
light,1.79864,2.209125e-02,5.362720e-02
light,1.80114,2.199567e-02,5.294605e-02
light,1.80364,2.188510e-02,5.227878e-02
light,1.80613,2.175860e-02,5.162499e-02
light,1.80863,2.161516e-02,5.098433e-02
light,1.81113,2.145368e-02,5.035642e-02
light,1.81363,2.127298e-02,4.974094e-02
light,1.81613,2.107173e-02,4.913754e-02
light,1.81862,2.084852e-02,4.854591e-02
light,1.82112,2.060178e-02,4.796573e-02
light,1.82362,2.032979e-02,4.739670e-02
light,1.82612,2.003066e-02,4.683854e-02
light,1.82862,1.970236e-02,4.629095e-02
light,1.83111,1.934267e-02,4.575368e-02
light,1.83361,1.894922e-02,4.522645e-02
light,1.83611,1.851955e-02,4.470901e-02
light,1.83861,1.805117e-02,4.420111e-02
light,1.84111,1.754172e-02,4.370252e-02
light,1.84361,1.698921e-02,4.321301e-02
light,1.84610,1.639244e-02,4.273234e-02
light,1.84860,1.575152e-02,4.226030e-02
light,1.85110,1.506864e-02,4.179669e-02
light,1.85360,1.434892e-02,4.134129e-02
light,1.85610,1.360117e-02,4.089391e-02
light,1.85859,1.283813e-02,4.045436e-02
light,1.86109,1.207589e-02,4.002245e-02
light,1.86359,1.133204e-02,3.959800e-02
light,1.86609,1.062316e-02,3.918083e-02
light,1.86859,9.962330e-03,3.877078e-02
light,1.87108,9.357764e-03,3.836768e-02
light,1.87358,8.812678e-03,3.797136e-02
light,1.87608,8.326244e-03,3.758168e-02
light,1.87858,7.894920e-03,3.719848e-02
light,1.88108,7.513706e-03,3.682162e-02
light,1.88357,7.177075e-03,3.645095e-02
light,1.88607,6.879575e-03,3.608633e-02
light,1.88857,6.616149e-03,3.572764e-02
light,1.89107,6.382280e-03,3.537473e-02
light,1.89357,6.174021e-03,3.502748e-02
light,1.89607,5.987969e-03,3.468577e-02
light,1.89856,5.821214e-03,3.434947e-02
light,1.90106,5.671274e-03,3.401847e-02
light,1.90356,5.536035e-03,3.369266e-02
light,1.90606,5.413697e-03,3.337193e-02
light,1.90856,5.302723e-03,3.305615e-02
light,1.91105,5.201796e-03,3.274525e-02
light,1.91355,5.109788e-03,3.243910e-02
light,1.91605,5.025726e-03,3.213761e-02
light,1.91855,4.948768e-03,3.184068e-02
light,1.92105,4.878186e-03,3.154822e-02
light,1.92354,4.813345e-03,3.126014e-02
light,1.92604,4.753689e-03,3.097635e-02
light,1.92854,4.698732e-03,3.069675e-02
light,1.93104,4.648046e-03,3.042127e-02
light,1.93354,4.601254e-03,3.014982e-02
light,1.93603,4.558021e-03,2.988233e-02
light,1.93853,4.518050e-03,2.961870e-02
light,1.94103,4.481076e-03,2.935887e-02
light,1.94353,4.446864e-03,2.910276e-02
light,1.94603,4.415201e-03,2.885031e-02
light,1.94853,4.385898e-03,2.860142e-02
light,1.95102,4.358783e-03,2.835605e-02
light,1.95352,4.333703e-03,2.811411e-02
light,1.95602,4.310516e-03,2.787555e-02
light,1.95852,4.289098e-03,2.764030e-02
light,1.96102,4.269332e-03,2.740829e-02
light,1.96351,4.251114e-03,2.717947e-02
light,1.96601,4.234349e-03,2.695377e-02
light,1.96851,4.218949e-03,2.673115e-02
light,1.97101,4.204835e-03,2.651152e-02
light,1.97351,4.191934e-03,2.629486e-02
light,1.97600,4.180177e-03,2.608109e-02
light,1.97850,4.169505e-03,2.587017e-02
light,1.98100,4.159859e-03,2.566204e-02
light,1.98350,4.151187e-03,2.545666e-02
light,1.98600,4.143441e-03,2.525396e-02
light,1.98850,4.136576e-03,2.505392e-02
light,1.99099,4.130551e-03,2.485647e-02
light,1.99349,4.125326e-03,2.466157e-02
light,1.99599,4.120866e-03,2.446918e-02
light,1.99849,4.117139e-03,2.427925e-02
light,2.00099,4.114113e-03,2.409174e-02
light,2.00348,4.111759e-03,2.390660e-02
light,2.00598,4.110051e-03,2.372380e-02
light,2.00848,4.108963e-03,2.354329e-02
light,2.01098,4.108473e-03,2.336504e-02
light,2.01348,4.108559e-03,2.318900e-02
light,2.01597,4.109199e-03,2.301514e-02
light,2.01847,4.110376e-03,2.284343e-02
light,2.02097,4.112072e-03,2.267381e-02
light,2.02347,4.114269e-03,2.250627e-02
light,2.02597,4.116952e-03,2.234076e-02
light,2.02846,4.120106e-03,2.217725e-02
light,2.03096,4.123717e-03,2.201571e-02
light,2.03346,4.127774e-03,2.185610e-02
light,2.03596,4.132262e-03,2.169839e-02
light,2.03846,4.137172e-03,2.154256e-02
light,2.04096,4.142491e-03,2.138857e-02
light,2.04345,4.148211e-03,2.123639e-02
light,2.04595,4.154321e-03,2.108598e-02
light,2.04845,4.160813e-03,2.093734e-02
light,2.05095,4.167678e-03,2.079041e-02
light,2.05345,4.174908e-03,2.064519e-02
light,2.05594,4.182496e-03,2.050163e-02
light,2.05844,4.190435e-03,2.035972e-02
light,2.06094,4.198718e-03,2.021942e-02
light,2.06344,4.207339e-03,2.008072e-02
light,2.06594,4.216292e-03,1.994359e-02
light,2.06843,4.225572e-03,1.980799e-02
light,2.07093,4.235174e-03,1.967392e-02
light,2.07343,4.245092e-03,1.954134e-02
light,2.07593,4.255322e-03,1.941023e-02
light,2.07843,4.265859e-03,1.928058e-02
light,2.08092,4.276701e-03,1.915235e-02
light,2.08342,4.287843e-03,1.902552e-02
light,2.08592,4.299281e-03,1.890008e-02
light,2.08842,4.311012e-03,1.877601e-02
light,2.09092,4.323033e-03,1.865328e-02
light,2.09342,4.335342e-03,1.853187e-02
light,2.09591,4.347935e-03,1.841177e-02
light,2.09841,4.360810e-03,1.829294e-02
light,2.10091,4.373965e-03,1.817539e-02
light,2.10341,4.387397e-03,1.805908e-02
light,2.10591,4.401105e-03,1.794400e-02
light,2.10840,4.415087e-03,1.783013e-02
light,2.11090,4.429341e-03,1.771745e-02
light,2.11340,4.443865e-03,1.760595e-02
light,2.11590,4.458659e-03,1.749560e-02
light,2.11840,4.473720e-03,1.738640e-02
light,2.12089,4.489049e-03,1.727833e-02
light,2.12339,4.504642e-03,1.717136e-02
light,2.12589,4.520501e-03,1.706548e-02
light,2.12839,4.536624e-03,1.696069e-02
light,2.13089,4.553011e-03,1.685696e-02
light,2.13339,4.569660e-03,1.675427e-02
light,2.13588,4.586571e-03,1.665262e-02
light,2.13838,4.603745e-03,1.655199e-02
light,2.14088,4.621181e-03,1.645236e-02
light,2.14338,4.638878e-03,1.635373e-02
light,2.14588,4.656837e-03,1.625607e-02
light,2.14837,4.675057e-03,1.615937e-02
light,2.15087,4.693539e-03,1.606363e-02
light,2.15337,4.712283e-03,1.596882e-02
light,2.15587,4.731289e-03,1.587494e-02
light,2.15837,4.750558e-03,1.578197e-02
light,2.16086,4.770089e-03,1.568990e-02
light,2.16336,4.789884e-03,1.559872e-02
light,2.16586,4.809944e-03,1.550842e-02
light,2.16836,4.830267e-03,1.541898e-02
light,2.17086,4.850856e-03,1.533039e-02
light,2.17335,4.871712e-03,1.524265e-02
light,2.17585,4.892834e-03,1.515573e-02
light,2.17835,4.914225e-03,1.506964e-02
light,2.18085,4.935884e-03,1.498435e-02
light,2.18335,4.957813e-03,1.489987e-02
light,2.18585,4.980014e-03,1.481617e-02
light,2.18834,5.002487e-03,1.473325e-02
light,2.19084,5.025234e-03,1.465110e-02
light,2.19334,5.048256e-03,1.456970e-02
light,2.19584,5.071554e-03,1.448906e-02
light,2.19834,5.095129e-03,1.440915e-02
light,2.20083,5.118985e-03,1.432997e-02
light,2.20333,5.143121e-03,1.425151e-02
light,2.20583,5.167539e-03,1.417377e-02
light,2.20833,5.192242e-03,1.409672e-02
light,2.21083,5.217230e-03,1.402037e-02
light,2.21332,5.242506e-03,1.394470e-02
light,2.21582,5.268072e-03,1.386971e-02
light,2.21832,5.293930e-03,1.379539e-02
light,2.22082,5.320080e-03,1.372172e-02
light,2.22332,5.346527e-03,1.364871e-02
light,2.22582,5.373271e-03,1.357634e-02
light,2.22831,5.400314e-03,1.350461e-02
light,2.23081,5.427660e-03,1.343350e-02
light,2.23331,5.455310e-03,1.336302e-02
light,2.23581,5.483266e-03,1.329314e-02
light,2.23831,5.511531e-03,1.322387e-02
light,2.24080,5.540108e-03,1.315520e-02
light,2.24330,5.568998e-03,1.308712e-02
light,2.24580,5.598205e-03,1.301963e-02
light,2.24830,5.627731e-03,1.295271e-02
light,2.25080,5.657578e-03,1.288636e-02
light,2.25329,5.687750e-03,1.282057e-02
light,2.25579,5.718250e-03,1.275534e-02
light,2.25829,5.749079e-03,1.269066e-02
light,2.26079,5.780241e-03,1.262652e-02
light,2.26329,5.811740e-03,1.256292e-02
light,2.26578,5.843577e-03,1.249985e-02
light,2.26828,5.875756e-03,1.243731e-02
light,2.27078,5.908281e-03,1.237528e-02
light,2.27328,5.941154e-03,1.231376e-02
light,2.27578,5.974379e-03,1.225276e-02
light,2.27828,6.007959e-03,1.219225e-02
light,2.28077,6.041898e-03,1.213224e-02
light,2.28327,6.076198e-03,1.207272e-02
light,2.28577,6.110864e-03,1.201368e-02
light,2.28827,6.145900e-03,1.195512e-02
light,2.29077,6.181308e-03,1.189703e-02
light,2.29326,6.217093e-03,1.183941e-02
light,2.29576,6.253258e-03,1.178225e-02
light,2.29826,6.289808e-03,1.172555e-02
light,2.30076,6.326746e-03,1.166931e-02
light,2.30326,6.364076e-03,1.161351e-02
light,2.30575,6.401803e-03,1.155815e-02
light,2.30825,6.439930e-03,1.150323e-02
light,2.31075,6.478462e-03,1.144874e-02
light,2.31325,6.517404e-03,1.139468e-02
light,2.31575,6.556759e-03,1.134104e-02
light,2.31824,6.596532e-03,1.128782e-02
light,2.32074,6.636728e-03,1.123502e-02
light,2.32324,6.677351e-03,1.118262e-02
light,2.32574,6.718406e-03,1.113063e-02
light,2.32824,6.759898e-03,1.107904e-02
light,2.33074,6.801831e-03,1.102784e-02
light,2.33323,6.844212e-03,1.097704e-02
light,2.33573,6.887044e-03,1.092663e-02
light,2.33823,6.930333e-03,1.087660e-02
light,2.34073,6.974084e-03,1.082695e-02
light,2.34323,7.018303e-03,1.077767e-02
light,2.34572,7.062994e-03,1.072877e-02
light,2.34822,7.108164e-03,1.068023e-02
light,2.35072,7.153818e-03,1.063206e-02
light,2.35322,7.199962e-03,1.058425e-02
light,2.35572,7.246601e-03,1.053679e-02
light,2.35821,7.293742e-03,1.048969e-02
light,2.36071,7.341391e-03,1.044293e-02
light,2.36321,7.389553e-03,1.039653e-02
light,2.36571,7.438234e-03,1.035046e-02
light,2.36821,7.487442e-03,1.030473e-02
light,2.37071,7.537183e-03,1.025934e-02
light,2.37320,7.587463e-03,1.021427e-02
light,2.37570,7.638288e-03,1.016954e-02
light,2.37820,7.689666e-03,1.012513e-02
light,2.38070,7.741604e-03,1.008104e-02
light,2.38320,7.794108e-03,1.003727e-02
light,2.38569,7.847186e-03,9.993814e-03
light,2.38819,7.900844e-03,9.950670e-03
light,2.39069,7.955091e-03,9.907835e-03
light,2.39319,8.009933e-03,9.865305e-03
light,2.39569,8.065379e-03,9.823078e-03
light,2.39818,8.121437e-03,9.781150e-03
light,2.40068,8.178113e-03,9.739519e-03
light,2.40318,8.235417e-03,9.698181e-03
light,2.40568,8.293356e-03,9.657134e-03
light,2.40818,8.351938e-03,9.616375e-03
light,2.41067,8.411173e-03,9.575901e-03
light,2.41317,8.471069e-03,9.535709e-03
light,2.41567,8.531634e-03,9.495797e-03
light,2.41817,8.592878e-03,9.456161e-03
light,2.42067,8.654810e-03,9.416799e-03
light,2.42317,8.717438e-03,9.377709e-03
light,2.42566,8.780773e-03,9.338888e-03
light,2.42816,8.844824e-03,9.300332e-03
light,2.43066,8.909601e-03,9.262041e-03
light,2.43316,8.975113e-03,9.224010e-03
light,2.43566,9.041372e-03,9.186239e-03
light,2.43815,9.108386e-03,9.148723e-03
light,2.44065,9.176167e-03,9.111461e-03
light,2.44315,9.244725e-03,9.074451e-03
light,2.44565,9.314072e-03,9.037689e-03
light,2.44815,9.384218e-03,9.001174e-03
light,2.45064,9.455175e-03,8.964904e-03
light,2.45314,9.526953e-03,8.928875e-03
light,2.45564,9.599566e-03,8.893086e-03
light,2.45814,9.673024e-03,8.857535e-03
light,2.46064,9.747340e-03,8.822219e-03
light,2.46313,9.822526e-03,8.787136e-03
light,2.46563,9.898595e-03,8.752285e-03
light,2.46813,9.975560e-03,8.717662e-03
light,2.47063,1.005343e-02,8.683266e-03
light,2.47313,1.013223e-02,8.649094e-03
light,2.47563,1.021196e-02,8.615145e-03
light,2.47812,1.029264e-02,8.581417e-03
light,2.48062,1.037429e-02,8.547908e-03
light,2.48312,1.045691e-02,8.514614e-03
light,2.48562,1.054052e-02,8.481536e-03
light,2.48812,1.062514e-02,8.448670e-03
light,2.49061,1.071079e-02,8.416016e-03
light,2.49311,1.079747e-02,8.383570e-03
light,2.49561,1.088521e-02,8.351331e-03
light,2.49811,1.097402e-02,8.319297e-03
light,2.50061,1.106391e-02,8.287466e-03
light,2.50310,1.115491e-02,8.255837e-03
light,2.50560,1.124702e-02,8.224408e-03
light,2.50810,1.134028e-02,8.193177e-03
light,2.51060,1.143469e-02,8.162142e-03
light,2.51310,1.153027e-02,8.131302e-03
light,2.51560,1.162705e-02,8.100654e-03
light,2.51809,1.172503e-02,8.070197e-03
light,2.52059,1.182425e-02,8.039930e-03
light,2.52309,1.192471e-02,8.009851e-03
light,2.52559,1.202645e-02,7.979958e-03
light,2.52809,1.212948e-02,7.950249e-03
light,2.53058,1.223381e-02,7.920724e-03
light,2.53308,1.233948e-02,7.891379e-03
light,2.53558,1.244650e-02,7.862215e-03
light,2.53808,1.255490e-02,7.833229e-03
light,2.54058,1.266469e-02,7.804419e-03
light,2.54307,1.277591e-02,7.775785e-03
light,2.54557,1.288857e-02,7.747324e-03
light,2.54807,1.300270e-02,7.719036e-03
light,2.55057,1.311833e-02,7.690919e-03
light,2.55307,1.323547e-02,7.662970e-03
light,2.55556,1.335416e-02,7.635190e-03
light,2.55806,1.347441e-02,7.607576e-03
light,2.56056,1.359626e-02,7.580128e-03
light,2.56306,1.371974e-02,7.552843e-03
light,2.56556,1.384487e-02,7.525720e-03
light,2.56806,1.397168e-02,7.498759e-03
light,2.57055,1.410020e-02,7.471957e-03
light,2.57305,1.423045e-02,7.445313e-03
light,2.57555,1.436248e-02,7.418827e-03
light,2.57805,1.449630e-02,7.392496e-03
light,2.58055,1.463196e-02,7.366319e-03
light,2.58304,1.476948e-02,7.340296e-03
light,2.58554,1.490890e-02,7.314425e-03
light,2.58804,1.505025e-02,7.288704e-03
light,2.59054,1.519356e-02,7.263133e-03
light,2.59304,1.533888e-02,7.237709e-03
light,2.59553,1.548623e-02,7.212433e-03
light,2.59803,1.563566e-02,7.187303e-03
light,2.60053,1.578720e-02,7.162317e-03
light,2.60303,1.594088e-02,7.137475e-03
light,2.60553,1.609676e-02,7.112775e-03
light,2.60803,1.625487e-02,7.088217e-03
light,2.61052,1.641525e-02,7.063798e-03
light,2.61302,1.657794e-02,7.039518e-03
light,2.61552,1.674299e-02,7.015376e-03
light,2.61802,1.691044e-02,6.991371e-03
light,2.62052,1.708034e-02,6.967502e-03
light,2.62301,1.725274e-02,6.943767e-03
light,2.62551,1.742767e-02,6.920165e-03
light,2.62801,1.760520e-02,6.896696e-03
light,2.63051,1.778536e-02,6.873358e-03
light,2.63301,1.796822e-02,6.850151e-03
light,2.63550,1.815381e-02,6.827073e-03
light,2.63800,1.834221e-02,6.804123e-03
light,2.64050,1.853346e-02,6.781300e-03
light,2.64300,1.872761e-02,6.758604e-03
light,2.64550,1.892473e-02,6.736034e-03
light,2.64799,1.912488e-02,6.713587e-03
light,2.65049,1.932811e-02,6.691264e-03
light,2.65299,1.953449e-02,6.669064e-03
light,2.65549,1.974408e-02,6.646985e-03
light,2.65799,1.995695e-02,6.625026e-03
light,2.66049,2.017316e-02,6.603188e-03
light,2.66298,2.039279e-02,6.581467e-03
light,2.66548,2.061589e-02,6.559865e-03
light,2.66798,2.084256e-02,6.538380e-03
light,2.67048,2.107285e-02,6.517011e-03
light,2.67298,2.130684e-02,6.495757e-03
light,2.67547,2.154462e-02,6.474617e-03
light,2.67797,2.178627e-02,6.453591e-03
light,2.68047,2.203186e-02,6.432677e-03
light,2.68297,2.228148e-02,6.411875e-03
light,2.68547,2.253521e-02,6.391184e-03
light,2.68796,2.279315e-02,6.370603e-03
light,2.69046,2.305539e-02,6.350131e-03
light,2.69296,2.332203e-02,6.329768e-03
light,2.69546,2.359315e-02,6.309512e-03
light,2.69796,2.386885e-02,6.289363e-03
light,2.70045,2.414925e-02,6.269321e-03
light,2.70295,2.443444e-02,6.249383e-03
light,2.70545,2.472453e-02,6.229550e-03
light,2.70795,2.501964e-02,6.209820e-03
light,2.71045,2.531987e-02,6.190194e-03
light,2.71295,2.562534e-02,6.170670e-03
light,2.71544,2.593618e-02,6.151247e-03
light,2.71794,2.625250e-02,6.131925e-03
light,2.72044,2.657445e-02,6.112702e-03
light,2.72294,2.690213e-02,6.093579e-03
light,2.72544,2.723570e-02,6.074555e-03
light,2.72793,2.757529e-02,6.055628e-03
light,2.73043,2.792104e-02,6.036799e-03
light,2.73293,2.827311e-02,6.018066e-03
light,2.73543,2.863164e-02,5.999428e-03
light,2.73793,2.899678e-02,5.980886e-03
light,2.74042,2.936871e-02,5.962438e-03
light,2.74292,2.974758e-02,5.944083e-03
light,2.74542,3.013357e-02,5.925822e-03
light,2.74792,3.052686e-02,5.907653e-03
light,2.75042,3.092762e-02,5.889576e-03
light,2.75292,3.133604e-02,5.871589e-03
light,2.75541,3.175232e-02,5.853693e-03
light,2.75791,3.217666e-02,5.835887e-03
light,2.76041,3.260926e-02,5.818170e-03
light,2.76291,3.305033e-02,5.800542e-03
light,2.76541,3.350010e-02,5.783001e-03
light,2.76790,3.395879e-02,5.765547e-03
light,2.77040,3.442663e-02,5.748181e-03
light,2.77290,3.490387e-02,5.730900e-03
light,2.77540,3.539076e-02,5.713705e-03
light,2.77790,3.588755e-02,5.696594e-03
light,2.78039,3.639450e-02,5.679568e-03
light,2.78289,3.691191e-02,5.662625e-03
light,2.78539,3.744004e-02,5.645766e-03
light,2.78789,3.797919e-02,5.628989e-03
light,2.79039,3.852968e-02,5.612294e-03
light,2.79288,3.909181e-02,5.595680e-03
light,2.79538,3.966591e-02,5.579148e-03
light,2.79788,4.025232e-02,5.562695e-03
light,2.80038,4.085138e-02,5.546322e-03
light,2.80288,4.146346e-02,5.530029e-03
light,2.80538,4.208894e-02,5.513814e-03
light,2.80787,4.272820e-02,5.497677e-03
light,2.81037,4.338164e-02,5.481618e-03
light,2.81287,4.404969e-02,5.465636e-03
light,2.81537,4.473277e-02,5.449731e-03
light,2.81787,4.543134e-02,5.433901e-03
light,2.82036,4.614585e-02,5.418147e-03
light,2.82286,4.687680e-02,5.402468e-03
light,2.82536,4.762468e-02,5.386864e-03
light,2.82786,4.839001e-02,5.371333e-03
light,2.83036,4.917334e-02,5.355876e-03
light,2.83285,4.997522e-02,5.340493e-03
light,2.83535,5.079624e-02,5.325181e-03
light,2.83785,5.163701e-02,5.309942e-03
light,2.84035,5.249816e-02,5.294774e-03
light,2.84285,5.338034e-02,5.279678e-03
light,2.84534,5.428424e-02,5.264652e-03
light,2.84784,5.521056e-02,5.249696e-03
light,2.85034,5.616005e-02,5.234810e-03
light,2.85284,5.713347e-02,5.219994e-03
light,2.85534,5.813163e-02,5.205246e-03
light,2.85784,5.915536e-02,5.190566e-03
light,2.86033,6.020553e-02,5.175955e-03
light,2.86283,6.128306e-02,5.161411e-03
light,2.86533,6.238889e-02,5.146934e-03
light,2.86783,6.352401e-02,5.132523e-03
light,2.87033,6.468945e-02,5.118179e-03
light,2.87282,6.588629e-02,5.103900e-03
light,2.87532,6.711565e-02,5.089687e-03
light,2.87782,6.837871e-02,5.075539e-03
light,2.88032,6.967671e-02,5.061455e-03
light,2.88282,7.101092e-02,5.047435e-03
light,2.88531,7.238270e-02,5.033479e-03
light,2.88781,7.379344e-02,5.019587e-03
light,2.89031,7.524464e-02,5.005757e-03
light,2.89281,7.673782e-02,4.991989e-03
light,2.89531,7.827462e-02,4.978284e-03
light,2.89781,7.985673e-02,4.964640e-03
light,2.90030,8.148592e-02,4.951057e-03
light,2.90280,8.316407e-02,4.937536e-03
light,2.90530,8.489314e-02,4.924075e-03
light,2.90780,8.667519e-02,4.910674e-03
light,2.91030,8.851238e-02,4.897333e-03
light,2.91279,9.040700e-02,4.884051e-03
light,2.91529,9.236142e-02,4.870828e-03
light,2.91779,9.437818e-02,4.857664e-03
light,2.92029,9.645993e-02,4.844558e-03
light,2.92279,9.860946e-02,4.831510e-03
light,2.92528,1.008297e-01,4.818520e-03
light,2.92778,1.031238e-01,4.805586e-03
light,2.93028,1.054950e-01,4.792710e-03
light,2.93278,1.079468e-01,4.779890e-03
light,2.93528,1.104828e-01,4.767126e-03
light,2.93777,1.131069e-01,4.754418e-03
light,2.94027,1.158232e-01,4.741766e-03
light,2.94277,1.186360e-01,4.729168e-03
light,2.94527,1.215499e-01,4.716625e-03
light,2.94777,1.245698e-01,4.704137e-03
light,2.95027,1.277007e-01,4.691703e-03
light,2.95276,1.309482e-01,4.679323e-03
light,2.95526,1.343181e-01,4.666996e-03
light,2.95776,1.378166e-01,4.654722e-03
light,2.96026,1.414501e-01,4.642501e-03
light,2.96276,1.452257e-01,4.630333e-03
light,2.96525,1.491508e-01,4.618216e-03
light,2.96775,1.532334e-01,4.606152e-03
light,2.97025,1.574818e-01,4.594139e-03
light,2.97275,1.619052e-01,4.582177e-03
light,2.97525,1.665130e-01,4.570266e-03
light,2.97774,1.713158e-01,4.558406e-03
light,2.98024,1.763244e-01,4.546596e-03
light,2.98274,1.815507e-01,4.534837e-03
light,2.98524,1.870075e-01,4.523127e-03
light,2.98774,1.927082e-01,4.511466e-03
light,2.99024,1.986675e-01,4.499854e-03
light,2.99273,2.049011e-01,4.488292e-03
light,2.99523,2.114260e-01,4.476778e-03
light,2.99773,2.182605e-01,4.465312e-03
light,3.00023,2.254240e-01,4.453894e-03
light,3.00273,2.329381e-01,4.442524e-03
light,3.00522,2.408255e-01,4.431201e-03
light,3.00772,2.491113e-01,4.419925e-03
light,3.01022,2.578223e-01,4.408696e-03
light,3.01272,2.669879e-01,4.397514e-03
light,3.01522,2.766399e-01,4.386378e-03
light,3.01771,2.868130e-01,4.375289e-03
light,3.02021,2.975448e-01,4.364245e-03
light,3.02271,3.088766e-01,4.353246e-03
light,3.02521,3.208534e-01,4.342293e-03
light,3.02771,3.335244e-01,4.331385e-03
light,3.03020,3.469436e-01,4.320521e-03
light,3.03270,3.611705e-01,4.309702e-03
light,3.03520,3.762702e-01,4.298927e-03
light,3.03770,3.923146e-01,4.288196e-03
light,3.04020,4.093830e-01,4.277509e-03
light,3.04270,4.275633e-01,4.266866e-03
light,3.04519,4.469526e-01,4.256265e-03
light,3.04769,4.676589e-01,4.245708e-03
light,3.05019,4.898023e-01,4.235193e-03
light,3.05269,5.135166e-01,4.224720e-03
light,3.05519,5.389514e-01,4.214290e-03
light,3.05768,5.662743e-01,4.203902e-03
light,3.06018,5.956731e-01,4.193556e-03
light,3.06268,6.273596e-01,4.183251e-03
light,3.06518,6.615723e-01,4.172988e-03
light,3.06768,6.985814e-01,4.162765e-03
light,3.07017,7.386929e-01,4.152584e-03
light,3.07267,7.822551e-01,4.142443e-03
light,3.07517,8.296653e-01,4.132342e-03
light,3.07767,8.813782e-01,4.122282e-03
light,3.08017,9.379153e-01,4.112261e-03
light,3.08266,9.998774e-01,4.102280e-03
light,3.08516,1.067958e+00,4.092339e-03
light,3.08766,1.142963e+00,4.082437e-03
light,3.09016,1.225826e+00,4.072574e-03
light,3.09266,1.317640e+00,4.062749e-03
light,3.09516,1.419684e+00,4.052964e-03
light,3.09765,1.533461e+00,4.043217e-03
light,3.10015,1.660744e+00,4.033507e-03
light,3.10265,1.803631e+00,4.023836e-03
light,3.10515,1.964612e+00,4.014203e-03
light,3.10765,2.146652e+00,4.004607e-03
light,3.11014,2.353283e+00,3.995049e-03
light,3.11264,2.588726e+00,3.985528e-03
light,3.11514,2.858017e+00,3.976043e-03
light,3.11764,3.167158e+00,3.966596e-03
light,3.12014,3.523264e+00,3.957185e-03
light,3.12263,3.934694e+00,3.947810e-03
light,3.12513,4.411113e+00,3.938472e-03
light,3.12763,4.963403e+00,3.929169e-03
light,3.13013,5.603252e+00,3.919902e-03
light,3.13263,6.342193e+00,3.910671e-03
light,3.13513,7.189662e+00,3.901475e-03
light,3.13762,8.149573e+00,3.892314e-03
light,3.14012,9.214840e+00,3.883189e-03
light,3.14262,1.035971e+01,3.874098e-03
light,3.14512,1.153109e+01,3.865042e-03
light,3.14762,1.264249e+01,3.856020e-03
light,3.15011,1.357747e+01,3.847032e-03
light,3.15261,1.420936e+01,3.838079e-03
light,3.15511,1.443681e+01,3.829159e-03
light,3.15761,1.422073e+01,3.820273e-03
light,3.16011,1.360014e+01,3.811421e-03
light,3.16260,1.267612e+01,3.802602e-03
light,3.16510,1.157483e+01,3.793816e-03
light,3.16760,1.041221e+01,3.785063e-03
light,3.17010,9.274398e+00,3.776343e-03
light,3.17260,8.214425e+00,3.767656e-03
light,3.17509,7.258151e+00,3.759001e-03
light,3.17759,6.412892e+00,3.750378e-03
light,3.18009,5.675006e+00,3.741788e-03
light,3.18259,5.035315e+00,3.733230e-03
light,3.18509,4.482517e+00,3.724703e-03
light,3.18759,4.005107e+00,3.716208e-03
light,3.19008,3.592351e+00,3.707744e-03
light,3.19258,3.234698e+00,3.699312e-03
light,3.19508,2.923872e+00,3.690911e-03
light,3.19758,2.652819e+00,3.682541e-03
light,3.20008,2.415584e+00,3.674202e-03
light,3.20257,2.207161e+00,3.665893e-03
light,3.20507,2.023354e+00,3.657615e-03
light,3.20757,1.860644e+00,3.649367e-03
light,3.21007,1.716078e+00,3.641150e-03
light,3.21257,1.587173e+00,3.632962e-03
light,3.21506,1.471833e+00,3.624805e-03
light,3.21756,1.368288e+00,3.616677e-03
light,3.22006,1.275034e+00,3.608579e-03
light,3.22256,1.190792e+00,3.600510e-03
light,3.22506,1.114468e+00,3.592470e-03
light,3.22755,1.045124e+00,3.584460e-03
light,3.23005,9.819552e-01,3.576478e-03
light,3.23255,9.242641e-01,3.568525e-03
light,3.23505,8.714479e-01,3.560602e-03
light,3.23755,8.229824e-01,3.552706e-03
light,3.24005,7.784106e-01,3.544839e-03
light,3.24254,7.373330e-01,3.537000e-03
light,3.24504,6.993990e-01,3.529190e-03
light,3.24754,6.643002e-01,3.521407e-03
light,3.25004,6.317645e-01,3.513652e-03
light,3.25254,6.015514e-01,3.505925e-03
light,3.25503,5.734473e-01,3.498226e-03
light,3.25753,5.472625e-01,3.490553e-03
light,3.26003,5.228278e-01,3.482908e-03
light,3.26253,4.999922e-01,3.475291e-03
light,3.26503,4.786202e-01,3.467700e-03
light,3.26752,4.585903e-01,3.460136e-03
light,3.27002,4.397934e-01,3.452599e-03
light,3.27252,4.221310e-01,3.445088e-03
light,3.27502,4.055141e-01,3.437604e-03
light,3.27752,3.898624e-01,3.430147e-03
light,3.28002,3.751030e-01,3.422715e-03
light,3.28251,3.611696e-01,3.415310e-03
light,3.28501,3.480020e-01,3.407930e-03
light,3.28751,3.355454e-01,3.400577e-03
light,3.29001,3.237497e-01,3.393249e-03
light,3.29251,3.125692e-01,3.385946e-03
light,3.29500,3.019619e-01,3.378669e-03
light,3.29750,2.918894e-01,3.371418e-03
light,3.30000,2.823166e-01,3.364191e-03
heavy,0.00500,4.979930e-03,3.879541e-01
heavy,0.00750,1.037030e-02,8.161718e-01
heavy,0.01000,1.684128e-02,1.330880e+00
heavy,0.01249,2.399359e-02,1.880448e+00
heavy,0.01499,3.171853e-02,2.425244e+00
heavy,0.01749,4.009249e-02,2.939419e+00
heavy,0.01999,4.922596e-02,3.408730e+00
heavy,0.02249,5.913912e-02,3.827125e+00
heavy,0.02498,6.970277e-02,4.193653e+00
heavy,0.02748,8.066897e-02,4.510199e+00
heavy,0.02998,9.178924e-02,4.780032e+00
heavy,0.03248,1.029654e-01,5.006939e+00
heavy,0.03498,1.143399e-01,5.194771e+00
heavy,0.03748,1.262648e-01,5.347215e+00
heavy,0.03997,1.391669e-01,5.467702e+00
heavy,0.04247,1.533816e-01,5.559389e+00
heavy,0.04497,1.690252e-01,5.625166e+00
heavy,0.04747,1.859466e-01,5.667681e+00
heavy,0.04997,2.037668e-01,5.689363e+00
heavy,0.05246,2.219842e-01,5.692456e+00
heavy,0.05496,2.400957e-01,5.679030e+00
heavy,0.05746,2.576989e-01,5.650985e+00
heavy,0.05996,2.745744e-01,5.610086e+00
heavy,0.06246,2.907442e-01,5.557975e+00
heavy,0.06495,3.064671e-01,5.496145e+00
heavy,0.06745,3.221306e-01,5.425957e+00
heavy,0.06995,3.380625e-01,5.348684e+00
heavy,0.07245,3.543714e-01,5.265494e+00
heavy,0.07495,3.709365e-01,5.177418e+00
heavy,0.07745,3.875755e-01,5.085373e+00
heavy,0.07994,4.042763e-01,4.990219e+00
heavy,0.08244,4.213275e-01,4.892749e+00
heavy,0.08494,4.392833e-01,4.793628e+00
heavy,0.08744,4.588267e-01,4.693406e+00
heavy,0.08994,4.806050e-01,4.592611e+00
heavy,0.09243,5.050464e-01,4.491753e+00
heavy,0.09493,5.321656e-01,4.391242e+00
heavy,0.09743,5.614371e-01,4.291368e+00
heavy,0.09993,5.918613e-01,4.192388e+00
heavy,0.10243,6.222694e-01,4.094596e+00
heavy,0.10492,6.517611e-01,3.998257e+00
heavy,0.10742,6.800512e-01,3.903521e+00
heavy,0.10992,7.075342e-01,3.810458e+00
heavy,0.11242,7.350449e-01,3.719159e+00
heavy,0.11492,7.634549e-01,3.629785e+00
heavy,0.11741,7.932864e-01,3.542461e+00
heavy,0.11991,8.244713e-01,3.457191e+00
heavy,0.12241,8.563429e-01,3.373915e+00
heavy,0.12491,8.879197e-01,3.292643e+00
heavy,0.12741,9.184175e-01,3.213464e+00
heavy,0.12991,9.477528e-01,3.136437e+00
heavy,0.13240,9.767609e-01,3.061505e+00
heavy,0.13490,1.007016e+00,2.988546e+00
heavy,0.13740,1.040350e+00,2.917506e+00
heavy,0.13990,1.078273e+00,2.848431e+00
heavy,0.14240,1.121534e+00,2.781378e+00
heavy,0.14489,1.169939e+00,2.716287e+00
heavy,0.14739,1.222441e+00,2.653009e+00
heavy,0.14989,1.277459e+00,2.591431e+00
heavy,0.15239,1.333326e+00,2.531564e+00
heavy,0.15489,1.388737e+00,2.473472e+00
heavy,0.15738,1.443009e+00,2.417140e+00
heavy,0.15988,1.496088e+00,2.362439e+00
heavy,0.16238,1.548400e+00,2.309215e+00
heavy,0.16488,1.600639e+00,2.257408e+00
heavy,0.16738,1.653499e+00,2.207071e+00
heavy,0.16987,1.707371e+00,2.158254e+00
heavy,0.17237,1.762148e+00,2.110899e+00
heavy,0.17487,1.817320e+00,2.064849e+00
heavy,0.17737,1.872380e+00,2.019972e+00
heavy,0.17987,1.927312e+00,1.976257e+00
heavy,0.18237,1.982874e+00,1.933776e+00
heavy,0.18486,2.040537e+00,1.892564e+00
heavy,0.18736,2.102149e+00,1.852541e+00
heavy,0.18986,2.169398e+00,1.813551e+00
heavy,0.19236,2.243135e+00,1.775486e+00
heavy,0.19486,2.322772e+00,1.738357e+00
heavy,0.19735,2.406228e+00,1.702243e+00
heavy,0.19985,2.490687e+00,1.667181e+00
heavy,0.20235,2.573798e+00,1.633087e+00
heavy,0.20485,2.654547e+00,1.599815e+00
heavy,0.20735,2.733224e+00,1.567265e+00
heavy,0.20984,2.810637e+00,1.535455e+00
heavy,0.21234,2.887169e+00,1.504469e+00
heavy,0.21484,2.962221e+00,1.474350e+00
heavy,0.21734,3.034156e+00,1.445031e+00
heavy,0.21984,3.100719e+00,1.416377e+00
heavy,0.22234,3.159962e+00,1.388287e+00
heavy,0.22483,3.211481e+00,1.360767e+00
heavy,0.22733,3.257249e+00,1.333901e+00
heavy,0.22983,3.301298e+00,1.307748e+00
heavy,0.23233,3.348281e+00,1.282268e+00
heavy,0.23483,3.401664e+00,1.257340e+00
heavy,0.23732,3.462407e+00,1.232857e+00
heavy,0.23982,3.528512e+00,1.208804e+00
heavy,0.24232,3.595490e+00,1.185252e+00
heavy,0.24482,3.657601e+00,1.162276e+00
heavy,0.24732,3.709715e+00,1.139872e+00
heavy,0.24981,3.749158e+00,1.117943e+00
heavy,0.25231,3.776589e+00,1.096375e+00
heavy,0.25481,3.795228e+00,1.075126e+00
heavy,0.25731,3.808806e+00,1.054242e+00
heavy,0.25981,3.819454e+00,1.033806e+00
heavy,0.26230,3.826715e+00,1.013849e+00
heavy,0.26480,3.828054e+00,9.943102e-01
heavy,0.26730,3.820345e+00,9.750819e-01
heavy,0.26980,3.801432e+00,9.560896e-01
heavy,0.27230,3.771163e+00,9.373468e-01
heavy,0.27480,3.731753e+00,9.189278e-01
heavy,0.27729,3.687462e+00,9.008906e-01
heavy,0.27979,3.643479e+00,8.832177e-01
heavy,0.28229,3.604264e+00,8.658223e-01
heavy,0.28479,3.571989e+00,8.486124e-01
heavy,0.28729,3.545710e+00,8.315593e-01
heavy,0.28978,3.521571e+00,8.147111e-01
heavy,0.29228,3.494031e+00,7.981394e-01
heavy,0.29478,3.457873e+00,7.818673e-01
heavy,0.29728,3.410308e+00,7.658425e-01
heavy,0.29978,3.352108e+00,7.499748e-01
heavy,0.30227,3.287026e+00,7.342040e-01
heavy,0.30477,3.219809e+00,7.185413e-01
heavy,0.30727,3.153975e+00,7.030516e-01
heavy,0.30977,3.090503e+00,6.877922e-01
heavy,0.31227,3.027956e+00,6.727615e-01
heavy,0.31476,2.963762e+00,6.579009e-01
heavy,0.31726,2.895907e+00,6.431494e-01
heavy,0.31976,2.824173e+00,6.285054e-01
heavy,0.32226,2.750435e+00,6.140424e-01
heavy,0.32476,2.678001e+00,5.998727e-01
heavy,0.32726,2.610324e+00,5.860940e-01
heavy,0.32975,2.549613e+00,5.727635e-01
heavy,0.33225,2.495940e+00,5.599215e-01
heavy,0.33475,2.447260e+00,5.476421e-01
heavy,0.33725,2.400322e+00,5.360619e-01
heavy,0.33975,2.351990e+00,5.253492e-01
heavy,0.34224,2.300347e+00,5.156331e-01
heavy,0.34474,2.245187e+00,5.069479e-01
heavy,0.34724,2.187868e+00,4.992314e-01
heavy,0.34974,2.130653e+00,4.923727e-01
heavy,0.35224,2.075713e+00,4.862717e-01
heavy,0.35473,2.024174e+00,4.808698e-01
heavy,0.35723,1.975633e+00,4.761341e-01
heavy,0.35973,1.928428e+00,4.720199e-01
heavy,0.36223,1.880542e+00,4.684499e-01
heavy,0.36473,1.830663e+00,4.653287e-01
heavy,0.36723,1.778905e+00,4.625787e-01
heavy,0.36972,1.726821e+00,4.601692e-01
heavy,0.37222,1.676765e+00,4.581140e-01
heavy,0.37472,1.630941e+00,4.564401e-01
heavy,0.37722,1.590614e+00,4.551513e-01
heavy,0.37972,1.555722e+00,4.542174e-01
heavy,0.38221,1.524922e+00,4.535965e-01
heavy,0.38471,1.495994e+00,4.532712e-01
heavy,0.38721,1.466556e+00,4.532668e-01
heavy,0.38971,1.434917e+00,4.536352e-01
heavy,0.39221,1.400715e+00,4.544212e-01
heavy,0.39470,1.364971e+00,4.556375e-01
heavy,0.39720,1.329497e+00,4.572716e-01
heavy,0.39970,1.296027e+00,4.593172e-01
heavy,0.40220,1.265474e+00,4.618048e-01
heavy,0.40470,1.237607e+00,4.648037e-01
heavy,0.40719,1.211214e+00,4.683924e-01
heavy,0.40969,1.184710e+00,4.726261e-01
heavy,0.41219,1.156931e+00,4.775316e-01
heavy,0.41469,1.127699e+00,4.831349e-01
heavy,0.41719,1.097849e+00,4.894952e-01
heavy,0.41969,1.068767e+00,4.967154e-01
heavy,0.42218,1.041753e+00,5.049201e-01
heavy,0.42468,1.017541e+00,5.142222e-01
heavy,0.42718,9.961032e-01,5.247097e-01
heavy,0.42968,9.767565e-01,5.364649e-01
heavy,0.43218,9.584963e-01,5.495986e-01
heavy,0.43467,9.404159e-01,5.642639e-01
heavy,0.43717,9.220271e-01,5.806265e-01
heavy,0.43967,9.033328e-01,5.988123e-01
heavy,0.44217,8.846455e-01,6.188788e-01
heavy,0.44467,8.662963e-01,6.408206e-01
heavy,0.44716,8.484224e-01,6.645675e-01
heavy,0.44966,8.309393e-01,6.899247e-01
heavy,0.45216,8.136686e-01,7.164600e-01
heavy,0.45466,7.964939e-01,7.433892e-01
heavy,0.45716,7.794331e-01,7.694986e-01
heavy,0.45966,7.626023e-01,7.931056e-01
heavy,0.46215,7.461280e-01,8.120704e-01
heavy,0.46465,7.300824e-01,8.239280e-01
heavy,0.46715,7.144823e-01,8.262293e-01
heavy,0.46965,6.993426e-01,8.170877e-01
heavy,0.47215,6.847384e-01,7.957697e-01
heavy,0.47464,6.708188e-01,7.630633e-01
heavy,0.47714,6.577407e-01,7.212073e-01
heavy,0.47964,6.455549e-01,6.733779e-01
heavy,0.48214,6.341274e-01,6.229550e-01
heavy,0.48464,6.231639e-01,5.728748e-01
heavy,0.48713,6.123344e-01,5.252714e-01
heavy,0.48963,6.014206e-01,4.814238e-01
heavy,0.49213,5.903957e-01,4.418996e-01
heavy,0.49463,5.793936e-01,4.067687e-01
heavy,0.49713,5.686014e-01,3.758024e-01
heavy,0.49962,5.581360e-01,3.486221e-01
heavy,0.50212,5.479737e-01,3.247966e-01
heavy,0.50462,5.379703e-01,3.038987e-01
heavy,0.50712,5.279585e-01,2.855337e-01
heavy,0.50962,5.178512e-01,2.693512e-01
heavy,0.51212,5.076787e-01,2.550481e-01
heavy,0.51461,4.975581e-01,2.423657e-01
heavy,0.51711,4.876443e-01,2.310857e-01
heavy,0.51961,4.780963e-01,2.210249e-01
heavy,0.52211,4.690489e-01,2.120302e-01
heavy,0.52461,4.605744e-01,2.039745e-01
heavy,0.52710,4.526516e-01,1.967522e-01
heavy,0.52960,4.451679e-01,1.902762e-01
heavy,0.53210,4.379560e-01,1.844740e-01
heavy,0.53460,4.308504e-01,1.792848e-01
heavy,0.53710,4.237382e-01,1.746560e-01
heavy,0.53959,4.165829e-01,1.705388e-01
heavy,0.54209,4.094129e-01,1.668845e-01
heavy,0.54459,4.022866e-01,1.636405e-01
heavy,0.54709,3.952637e-01,1.607485e-01
heavy,0.54959,3.883921e-01,1.581453e-01
heavy,0.55208,3.816987e-01,1.557667e-01
heavy,0.55458,3.751751e-01,1.535528e-01
heavy,0.55708,3.687739e-01,1.514534e-01
heavy,0.55958,3.624334e-01,1.494305e-01
heavy,0.56208,3.561180e-01,1.474583e-01
heavy,0.56458,3.498430e-01,1.455206e-01
heavy,0.56707,3.436724e-01,1.436075e-01
heavy,0.56957,3.377024e-01,1.417131e-01
heavy,0.57207,3.320435e-01,1.398354e-01
heavy,0.57457,3.268002e-01,1.379755e-01
heavy,0.57707,3.220475e-01,1.361361e-01
heavy,0.57956,3.178194e-01,1.343194e-01
heavy,0.58206,3.141170e-01,1.325248e-01
heavy,0.58456,3.109259e-01,1.307511e-01
heavy,0.58706,3.082277e-01,1.289994e-01
heavy,0.58956,3.060009e-01,1.272732e-01
heavy,0.59205,3.042177e-01,1.255759e-01
heavy,0.59455,3.028421e-01,1.239078e-01
heavy,0.59705,3.018249e-01,1.222660e-01
heavy,0.59955,3.011023e-01,1.206478e-01
heavy,0.60205,3.005988e-01,1.190537e-01
heavy,0.60455,3.002343e-01,1.174868e-01
heavy,0.60704,2.999288e-01,1.159499e-01
heavy,0.60954,2.996105e-01,1.144424e-01
heavy,0.61204,2.992321e-01,1.129611e-01
heavy,0.61454,2.987811e-01,1.115024e-01
heavy,0.61704,2.982725e-01,1.100657e-01
heavy,0.61953,2.977314e-01,1.086532e-01
heavy,0.62203,2.971853e-01,1.072680e-01
heavy,0.62453,2.966668e-01,1.059107e-01
heavy,0.62703,2.962101e-01,1.045785e-01
heavy,0.62953,2.958349e-01,1.032672e-01
heavy,0.63202,2.955344e-01,1.019750e-01
heavy,0.63452,2.952813e-01,1.007032e-01
heavy,0.63702,2.950438e-01,9.945478e-02
heavy,0.63952,2.947990e-01,9.823185e-02
heavy,0.64202,2.945392e-01,9.703333e-02
heavy,0.64451,2.942713e-01,9.585567e-02
heavy,0.64701,2.940063e-01,9.469570e-02
heavy,0.64951,2.937341e-01,9.355325e-02
heavy,0.65201,2.933987e-01,9.243111e-02
heavy,0.65451,2.929023e-01,9.133269e-02
heavy,0.65701,2.921508e-01,9.025939e-02
heavy,0.65950,2.911128e-01,8.920979e-02
heavy,0.66200,2.898518e-01,8.818121e-02
heavy,0.66450,2.885116e-01,8.717255e-02
heavy,0.66700,2.872605e-01,8.618622e-02
heavy,0.66950,2.862208e-01,8.522741e-02
heavy,0.67199,2.854209e-01,8.430140e-02
heavy,0.67449,2.847986e-01,8.341134e-02
heavy,0.67699,2.842504e-01,8.255811e-02
heavy,0.67949,2.836891e-01,8.174230e-02
heavy,0.68199,2.830789e-01,8.096641e-02
heavy,0.68448,2.824408e-01,8.023533e-02
heavy,0.68698,2.818328e-01,7.955411e-02
heavy,0.68948,2.813090e-01,7.892409e-02
heavy,0.69198,2.808731e-01,7.834058e-02
heavy,0.69448,2.804580e-01,7.779402e-02
heavy,0.69697,2.799539e-01,7.727381e-02
heavy,0.69947,2.792648e-01,7.677190e-02
heavy,0.70197,2.783536e-01,7.628385e-02
heavy,0.70447,2.772487e-01,7.580703e-02
heavy,0.70697,2.760231e-01,7.533793e-02
heavy,0.70947,2.747629e-01,7.487114e-02
heavy,0.71196,2.735391e-01,7.440089e-02
heavy,0.71446,2.723935e-01,7.392380e-02
heavy,0.71696,2.713456e-01,7.344016e-02
heavy,0.71946,2.704074e-01,7.295273e-02
heavy,0.72196,2.695923e-01,7.246405e-02
heavy,0.72445,2.689159e-01,7.197431e-02
heavy,0.72695,2.683939e-01,7.148125e-02
heavy,0.72945,2.680296e-01,7.098223e-02
heavy,0.73195,2.677894e-01,7.047682e-02
heavy,0.73445,2.675875e-01,6.996731e-02
heavy,0.73694,2.673047e-01,6.945709e-02
heavy,0.73944,2.668312e-01,6.894823e-02
heavy,0.74194,2.661069e-01,6.844023e-02
heavy,0.74444,2.651390e-01,6.793084e-02
heavy,0.74694,2.640011e-01,6.741821e-02
heavy,0.74944,2.628100e-01,6.690281e-02
heavy,0.75193,2.616809e-01,6.638728e-02
heavy,0.75443,2.606809e-01,6.587436e-02
heavy,0.75693,2.598094e-01,6.536494e-02
heavy,0.75943,2.590182e-01,6.485770e-02
heavy,0.76193,2.582537e-01,6.435043e-02
heavy,0.76442,2.574959e-01,6.384213e-02
heavy,0.76692,2.567786e-01,6.333397e-02
heavy,0.76942,2.561773e-01,6.282848e-02
heavy,0.77192,2.557673e-01,6.232748e-02
heavy,0.77442,2.555688e-01,6.183075e-02
heavy,0.77691,2.555187e-01,6.133648e-02
heavy,0.77941,2.554886e-01,6.084297e-02
heavy,0.78191,2.553394e-01,6.035014e-02
heavy,0.78441,2.549755e-01,5.985966e-02
heavy,0.78691,2.543704e-01,5.937360e-02
heavy,0.78940,2.535569e-01,5.889267e-02
heavy,0.79190,2.525987e-01,5.841579e-02
heavy,0.79440,2.515687e-01,5.794117e-02
heavy,0.79690,2.505456e-01,5.746798e-02
heavy,0.79940,2.496140e-01,5.699701e-02
heavy,0.80190,2.488539e-01,5.653000e-02
heavy,0.80439,2.483219e-01,5.606816e-02
heavy,0.80689,2.480356e-01,5.561115e-02
heavy,0.80939,2.479686e-01,5.515746e-02
heavy,0.81189,2.480544e-01,5.470591e-02
heavy,0.81439,2.482043e-01,5.425666e-02
heavy,0.81688,2.483375e-01,5.381099e-02
heavy,0.81938,2.484069e-01,5.337018e-02
heavy,0.82188,2.484032e-01,5.293435e-02
heavy,0.82438,2.483374e-01,5.250242e-02
heavy,0.82688,2.482196e-01,5.207318e-02
heavy,0.82937,2.480506e-01,5.164639e-02
heavy,0.83187,2.478255e-01,5.122298e-02
heavy,0.83437,2.475448e-01,5.080408e-02
heavy,0.83687,2.472295e-01,5.038998e-02
heavy,0.83937,2.469336e-01,4.997993e-02
heavy,0.84187,2.467388e-01,4.957286e-02
heavy,0.84436,2.467343e-01,4.916843e-02
heavy,0.84686,2.469983e-01,4.876728e-02
heavy,0.84936,2.475904e-01,4.837036e-02
heavy,0.85186,2.485493e-01,4.797794e-02
heavy,0.85436,2.498860e-01,4.758943e-02
heavy,0.85685,2.515743e-01,4.720396e-02
heavy,0.85935,2.535486e-01,4.682126e-02
heavy,0.86185,2.557211e-01,4.644183e-02
heavy,0.86435,2.580196e-01,4.606640e-02
heavy,0.86685,2.604282e-01,4.569512e-02
heavy,0.86934,2.630070e-01,4.532745e-02
heavy,0.87184,2.658870e-01,4.496274e-02
heavy,0.87434,2.692506e-01,4.460086e-02
heavy,0.87684,2.733037e-01,4.424228e-02
heavy,0.87934,2.782351e-01,4.388749e-02
heavy,0.88183,2.841635e-01,4.353645e-02
heavy,0.88433,2.910819e-01,4.318865e-02
heavy,0.88683,2.988175e-01,4.284366e-02
heavy,0.88933,3.070315e-01,4.250157e-02
heavy,0.89183,3.152786e-01,4.216278e-02
heavy,0.89433,3.231086e-01,4.182751e-02
heavy,0.89682,3.301527e-01,4.149553e-02
heavy,0.89932,3.361314e-01,4.116643e-02
heavy,0.90182,3.407953e-01,4.084005e-02
heavy,0.90432,3.438902e-01,4.051662e-02
heavy,0.90682,3.452222e-01,4.019639e-02
heavy,0.90931,3.447868e-01,3.987929e-02
heavy,0.91181,3.428386e-01,3.956501e-02
heavy,0.91431,3.398292e-01,3.925336e-02
heavy,0.91681,3.362537e-01,3.894444e-02
heavy,0.91931,3.324999e-01,3.863842e-02
heavy,0.92180,3.287586e-01,3.833527e-02
heavy,0.92430,3.250062e-01,3.803480e-02
heavy,0.92680,3.210445e-01,3.773684e-02
heavy,0.92930,3.165788e-01,3.744142e-02
heavy,0.93180,3.113254e-01,3.714864e-02
heavy,0.93429,3.051362e-01,3.685847e-02
heavy,0.93679,2.980907e-01,3.657076e-02
heavy,0.93929,2.904891e-01,3.628538e-02
heavy,0.94179,2.827385e-01,3.600237e-02
heavy,0.94429,2.752073e-01,3.572174e-02
heavy,0.94679,2.681299e-01,3.544344e-02
heavy,0.94928,2.615875e-01,3.516733e-02
heavy,0.95178,2.555360e-01,3.489337e-02
heavy,0.95428,2.498505e-01,3.462154e-02
heavy,0.95678,2.443741e-01,3.435182e-02
heavy,0.95928,2.389675e-01,3.408410e-02
heavy,0.96177,2.335477e-01,3.381830e-02
heavy,0.96427,2.280995e-01,3.355439e-02
heavy,0.96677,2.226496e-01,3.329231e-02
heavy,0.96927,2.172221e-01,3.303199e-02
heavy,0.97177,2.118148e-01,3.277333e-02
heavy,0.97426,2.064209e-01,3.251626e-02
heavy,0.97676,2.010755e-01,3.226071e-02
heavy,0.97926,1.958788e-01,3.200659e-02
heavy,0.98176,1.909675e-01,3.175379e-02
heavy,0.98426,1.864556e-01,3.150222e-02
heavy,0.98676,1.823823e-01,3.125178e-02
heavy,0.98925,1.786936e-01,3.100234e-02
heavy,0.99175,1.752607e-01,3.075377e-02
heavy,0.99425,1.719214e-01,3.050596e-02
heavy,0.99675,1.685294e-01,3.025875e-02
heavy,0.99925,1.649951e-01,3.001200e-02
heavy,1.00174,1.613112e-01,2.976555e-02
heavy,1.00424,1.575541e-01,2.951926e-02
heavy,1.00674,1.538541e-01,2.927299e-02
heavy,1.00924,1.503431e-01,2.902660e-02
heavy,1.01174,1.471059e-01,2.878004e-02
heavy,1.01423,1.441589e-01,2.853330e-02
heavy,1.01673,1.414600e-01,2.828652e-02
heavy,1.01923,1.389340e-01,2.803999e-02
heavy,1.02173,1.365011e-01,2.779426e-02
heavy,1.02423,1.340991e-01,2.755017e-02
heavy,1.02672,1.316957e-01,2.730886e-02
heavy,1.02922,1.292890e-01,2.707169e-02
heavy,1.03172,1.268950e-01,2.684007e-02
heavy,1.03422,1.245292e-01,2.661528e-02
heavy,1.03672,1.221957e-01,2.639824e-02
heavy,1.03922,1.198943e-01,2.618944e-02
heavy,1.04171,1.176377e-01,2.598890e-02
heavy,1.04421,1.154615e-01,2.579633e-02
heavy,1.04671,1.134117e-01,2.561120e-02
heavy,1.04921,1.115210e-01,2.543290e-02
heavy,1.05171,1.097872e-01,2.526078e-02
heavy,1.05420,1.081697e-01,2.509420e-02
heavy,1.05670,1.066020e-01,2.493260e-02
heavy,1.05920,1.050150e-01,2.477547e-02
heavy,1.06170,1.033625e-01,2.462236e-02
heavy,1.06420,1.016382e-01,2.447288e-02
heavy,1.06669,9.987870e-02,2.432671e-02
heavy,1.06919,9.814868e-02,2.418356e-02
heavy,1.07169,9.651358e-02,2.404317e-02
heavy,1.07419,9.501203e-02,2.390534e-02
heavy,1.07669,9.364243e-02,2.376987e-02
heavy,1.07918,9.236867e-02,2.363661e-02
heavy,1.08168,9.113926e-02,2.350541e-02
heavy,1.08418,8.990910e-02,2.337615e-02
heavy,1.08668,8.865530e-02,2.324872e-02
heavy,1.08918,8.738091e-02,2.312302e-02
heavy,1.09168,8.610608e-02,2.299896e-02
heavy,1.09417,8.485263e-02,2.287648e-02
heavy,1.09667,8.363240e-02,2.275549e-02
heavy,1.09917,8.244666e-02,2.263594e-02
heavy,1.10167,8.129483e-02,2.251777e-02
heavy,1.10417,8.018236e-02,2.240092e-02
heavy,1.10666,7.911943e-02,2.228536e-02
heavy,1.10916,7.811218e-02,2.217103e-02
heavy,1.11166,7.715453e-02,2.205790e-02
heavy,1.11416,7.622662e-02,2.194593e-02
heavy,1.11666,7.530063e-02,2.183509e-02
heavy,1.11915,7.435249e-02,2.172535e-02
heavy,1.12165,7.337487e-02,2.161667e-02
heavy,1.12415,7.238383e-02,2.150903e-02
heavy,1.12665,7.141289e-02,2.140241e-02
heavy,1.12915,7.049622e-02,2.129677e-02
heavy,1.13165,6.965063e-02,2.119210e-02
heavy,1.13414,6.886684e-02,2.108838e-02
heavy,1.13664,6.811498e-02,2.098558e-02
heavy,1.13914,6.736087e-02,2.088369e-02
heavy,1.14164,6.658369e-02,2.078269e-02
heavy,1.14414,6.578480e-02,2.068256e-02
heavy,1.14663,6.498328e-02,2.058329e-02
heavy,1.14913,6.420225e-02,2.048486e-02
heavy,1.15163,6.345555e-02,2.038725e-02
heavy,1.15413,6.274303e-02,2.029045e-02
heavy,1.15663,6.205559e-02,2.019444e-02
heavy,1.15912,6.138378e-02,2.009922e-02
heavy,1.16162,6.072314e-02,2.000477e-02
heavy,1.16412,6.007371e-02,1.991108e-02
heavy,1.16662,5.943567e-02,1.981814e-02
heavy,1.16912,5.880549e-02,1.972593e-02
heavy,1.17161,5.817672e-02,1.963445e-02
heavy,1.17411,5.754607e-02,1.954368e-02
heavy,1.17661,5.691914e-02,1.945361e-02
heavy,1.17911,5.630917e-02,1.936424e-02
heavy,1.18161,5.572848e-02,1.927556e-02
heavy,1.18411,5.517884e-02,1.918754e-02
heavy,1.18660,5.464873e-02,1.910020e-02
heavy,1.18910,5.412007e-02,1.901351e-02
heavy,1.19160,5.358029e-02,1.892747e-02
heavy,1.19410,5.303074e-02,1.884207e-02
heavy,1.19660,5.248501e-02,1.875730e-02
heavy,1.19909,5.195869e-02,1.867316e-02
heavy,1.20159,5.145863e-02,1.858963e-02
heavy,1.20409,5.097952e-02,1.850671e-02
heavy,1.20659,5.050947e-02,1.842439e-02
heavy,1.20909,5.003933e-02,1.834267e-02
heavy,1.21158,4.956805e-02,1.826154e-02
heavy,1.21408,4.910072e-02,1.818098e-02
heavy,1.21658,4.864246e-02,1.810100e-02
heavy,1.21908,4.819455e-02,1.802159e-02
heavy,1.22158,4.775570e-02,1.794273e-02
heavy,1.22408,4.732544e-02,1.786444e-02
heavy,1.22657,4.690507e-02,1.778669e-02
heavy,1.22907,4.649520e-02,1.770948e-02
heavy,1.23157,4.609325e-02,1.763281e-02
heavy,1.23407,4.569460e-02,1.755667e-02
heavy,1.23657,4.529678e-02,1.748105e-02
heavy,1.23906,4.490248e-02,1.740595e-02
heavy,1.24156,4.451759e-02,1.733137e-02
heavy,1.24406,4.414587e-02,1.725729e-02
heavy,1.24656,4.378547e-02,1.718372e-02
heavy,1.24906,4.343084e-02,1.711065e-02
heavy,1.25155,4.307793e-02,1.703807e-02
heavy,1.25405,4.272737e-02,1.696597e-02
heavy,1.25655,4.238296e-02,1.689436e-02
heavy,1.25905,4.204777e-02,1.682323e-02
heavy,1.26155,4.172192e-02,1.675257e-02
heavy,1.26404,4.140353e-02,1.668238e-02
heavy,1.26654,4.109084e-02,1.661265e-02
heavy,1.26904,4.078334e-02,1.654338e-02
heavy,1.27154,4.048143e-02,1.647456e-02
heavy,1.27404,4.018598e-02,1.640620e-02
heavy,1.27654,3.989796e-02,1.633828e-02
heavy,1.27903,3.961804e-02,1.627080e-02
heavy,1.28153,3.934611e-02,1.620376e-02
heavy,1.28403,3.908141e-02,1.613716e-02
heavy,1.28653,3.882345e-02,1.607098e-02
heavy,1.28903,3.857270e-02,1.600523e-02
heavy,1.29152,3.833036e-02,1.593989e-02
heavy,1.29402,3.809749e-02,1.587498e-02
heavy,1.29652,3.787442e-02,1.581048e-02
heavy,1.29902,3.766103e-02,1.574639e-02
heavy,1.30152,3.745758e-02,1.568270e-02
heavy,1.30401,3.726506e-02,1.561941e-02
heavy,1.30651,3.708492e-02,1.555653e-02
heavy,1.30901,3.691844e-02,1.549404e-02
heavy,1.31151,3.676659e-02,1.543193e-02
heavy,1.31401,3.663055e-02,1.537022e-02
heavy,1.31650,3.651202e-02,1.530889e-02
heavy,1.31900,3.641309e-02,1.524794e-02
heavy,1.32150,3.633600e-02,1.518737e-02
heavy,1.32400,3.628297e-02,1.512717e-02
heavy,1.32650,3.625628e-02,1.506735e-02
heavy,1.32900,3.625807e-02,1.500789e-02
heavy,1.33149,3.628993e-02,1.494879e-02
heavy,1.33399,3.635197e-02,1.489006e-02
heavy,1.33649,3.644162e-02,1.483168e-02
heavy,1.33899,3.655186e-02,1.477366e-02
heavy,1.34149,3.666898e-02,1.471598e-02
heavy,1.34398,3.677015e-02,1.465866e-02
heavy,1.34648,3.682186e-02,1.460169e-02
heavy,1.34898,3.678051e-02,1.454505e-02
heavy,1.35148,3.659656e-02,1.448876e-02
heavy,1.35398,3.622260e-02,1.443280e-02
heavy,1.35647,3.562451e-02,1.437718e-02
heavy,1.35897,3.479282e-02,1.432188e-02
heavy,1.36147,3.374964e-02,1.426692e-02
heavy,1.36397,3.254675e-02,1.421228e-02
heavy,1.36647,3.125388e-02,1.415797e-02
heavy,1.36897,2.994218e-02,1.410397e-02
heavy,1.37146,2.867047e-02,1.405030e-02
heavy,1.37396,2.747858e-02,1.399693e-02
heavy,1.37646,2.638768e-02,1.394388e-02
heavy,1.37896,2.540450e-02,1.389115e-02
heavy,1.38146,2.452630e-02,1.383871e-02
heavy,1.38395,2.374516e-02,1.378659e-02
heavy,1.38645,2.305090e-02,1.373476e-02
heavy,1.38895,2.243290e-02,1.368323e-02
heavy,1.39145,2.188109e-02,1.363201e-02
heavy,1.39395,2.138635e-02,1.358107e-02
heavy,1.39644,2.094072e-02,1.353043e-02
heavy,1.39894,2.053735e-02,1.348008e-02
heavy,1.40144,2.017038e-02,1.343002e-02
heavy,1.40394,1.983487e-02,1.338025e-02
heavy,1.40644,1.952662e-02,1.333075e-02
heavy,1.40893,1.924209e-02,1.328154e-02
heavy,1.41143,1.897830e-02,1.323261e-02
heavy,1.41393,1.873269e-02,1.318396e-02
heavy,1.41643,1.850311e-02,1.313558e-02
heavy,1.41893,1.828770e-02,1.308747e-02
heavy,1.42143,1.808489e-02,1.303963e-02
heavy,1.42392,1.789333e-02,1.299206e-02
heavy,1.42642,1.771183e-02,1.294476e-02
heavy,1.42892,1.753939e-02,1.289772e-02
heavy,1.43142,1.737512e-02,1.285094e-02
heavy,1.43392,1.721826e-02,1.280442e-02
heavy,1.43641,1.706813e-02,1.275816e-02
heavy,1.43891,1.692415e-02,1.271216e-02
heavy,1.44141,1.678579e-02,1.266641e-02
heavy,1.44391,1.665260e-02,1.262092e-02
heavy,1.44641,1.652416e-02,1.257567e-02
heavy,1.44890,1.640013e-02,1.253067e-02
heavy,1.45140,1.628018e-02,1.248592e-02
heavy,1.45390,1.616403e-02,1.244141e-02
heavy,1.45640,1.605141e-02,1.239715e-02
heavy,1.45890,1.594210e-02,1.235313e-02
heavy,1.46139,1.583590e-02,1.230934e-02
heavy,1.46389,1.573262e-02,1.226580e-02
heavy,1.46639,1.563209e-02,1.222248e-02
heavy,1.46889,1.553418e-02,1.217941e-02
heavy,1.47139,1.543875e-02,1.213656e-02
heavy,1.47389,1.534567e-02,1.209395e-02
heavy,1.47638,1.525485e-02,1.205156e-02
heavy,1.47888,1.516620e-02,1.200940e-02
heavy,1.48138,1.507962e-02,1.196747e-02
heavy,1.48388,1.499506e-02,1.192576e-02
heavy,1.48638,1.491246e-02,1.188427e-02
heavy,1.48887,1.483176e-02,1.184300e-02
heavy,1.49137,1.475293e-02,1.180196e-02
heavy,1.49387,1.467593e-02,1.176112e-02
heavy,1.49637,1.460077e-02,1.172051e-02
heavy,1.49887,1.452742e-02,1.168011e-02
heavy,1.50136,1.445590e-02,1.163992e-02
heavy,1.50386,1.438625e-02,1.159994e-02
heavy,1.50636,1.431848e-02,1.156017e-02
heavy,1.50886,1.425268e-02,1.152061e-02
heavy,1.51136,1.418892e-02,1.148126e-02
heavy,1.51386,1.412730e-02,1.144211e-02
heavy,1.51635,1.406797e-02,1.140316e-02
heavy,1.51885,1.401109e-02,1.136442e-02
heavy,1.52135,1.395688e-02,1.132587e-02
heavy,1.52385,1.390557e-02,1.128753e-02
heavy,1.52635,1.385748e-02,1.124939e-02
heavy,1.52884,1.381292e-02,1.121144e-02
heavy,1.53134,1.377227e-02,1.117368e-02
heavy,1.53384,1.373590e-02,1.113612e-02
heavy,1.53634,1.370413e-02,1.109875e-02
heavy,1.53884,1.367716e-02,1.106158e-02
heavy,1.54133,1.365496e-02,1.102459e-02
heavy,1.54383,1.363712e-02,1.098779e-02
heavy,1.54633,1.362278e-02,1.095118e-02
heavy,1.54883,1.361058e-02,1.091475e-02
heavy,1.55133,1.359880e-02,1.087851e-02
heavy,1.55382,1.358564e-02,1.084245e-02
heavy,1.55632,1.356944e-02,1.080658e-02
heavy,1.55882,1.354897e-02,1.077088e-02
heavy,1.56132,1.352349e-02,1.073536e-02
heavy,1.56382,1.349270e-02,1.070002e-02
heavy,1.56632,1.345667e-02,1.066486e-02
heavy,1.56881,1.341568e-02,1.062988e-02
heavy,1.57131,1.337016e-02,1.059507e-02
heavy,1.57381,1.332062e-02,1.056043e-02
heavy,1.57631,1.326756e-02,1.052596e-02
heavy,1.57881,1.321150e-02,1.049167e-02
heavy,1.58130,1.315294e-02,1.045755e-02
heavy,1.58380,1.309235e-02,1.042359e-02
heavy,1.58630,1.303021e-02,1.038980e-02
heavy,1.58880,1.296698e-02,1.035618e-02
heavy,1.59130,1.290312e-02,1.032273e-02
heavy,1.59379,1.283910e-02,1.028943e-02
heavy,1.59629,1.277541e-02,1.025630e-02
heavy,1.59879,1.271258e-02,1.022334e-02
heavy,1.60129,1.265116e-02,1.019053e-02
heavy,1.60379,1.259176e-02,1.015789e-02
heavy,1.60629,1.253504e-02,1.012540e-02
heavy,1.60878,1.248170e-02,1.009307e-02
heavy,1.61128,1.243247e-02,1.006090e-02
heavy,1.61378,1.238808e-02,1.002888e-02
heavy,1.61628,1.234918e-02,9.997023e-03
heavy,1.61878,1.231626e-02,9.965315e-03
heavy,1.62127,1.228950e-02,9.933760e-03
heavy,1.62377,1.226866e-02,9.902357e-03
heavy,1.62627,1.225297e-02,9.871105e-03
heavy,1.62877,1.224113e-02,9.840002e-03
heavy,1.63127,1.223145e-02,9.809048e-03
heavy,1.63376,1.222217e-02,9.778242e-03
heavy,1.63626,1.221167e-02,9.747583e-03
heavy,1.63876,1.219870e-02,9.717069e-03
heavy,1.64126,1.218243e-02,9.686701e-03
heavy,1.64376,1.216246e-02,9.656477e-03
heavy,1.64625,1.213868e-02,9.626395e-03
heavy,1.64875,1.211120e-02,9.596456e-03
heavy,1.65125,1.208029e-02,9.566659e-03
heavy,1.65375,1.204627e-02,9.537001e-03
heavy,1.65625,1.200954e-02,9.507483e-03
heavy,1.65875,1.197054e-02,9.478104e-03
heavy,1.66124,1.192975e-02,9.448863e-03
heavy,1.66374,1.188768e-02,9.419758e-03
heavy,1.66624,1.184490e-02,9.390789e-03
heavy,1.66874,1.180202e-02,9.361955e-03
heavy,1.67124,1.175966e-02,9.333256e-03
heavy,1.67373,1.171845e-02,9.304690e-03
heavy,1.67623,1.167890e-02,9.276257e-03
heavy,1.67873,1.164136e-02,9.247955e-03
heavy,1.68123,1.160592e-02,9.219784e-03
heavy,1.68373,1.157242e-02,9.191743e-03
heavy,1.68622,1.154047e-02,9.163832e-03
heavy,1.68872,1.150954e-02,9.136049e-03
heavy,1.69122,1.147905e-02,9.108394e-03
heavy,1.69372,1.144849e-02,9.080866e-03
heavy,1.69622,1.141747e-02,9.053463e-03
heavy,1.69871,1.138575e-02,9.026186e-03
heavy,1.70121,1.135330e-02,8.999034e-03
heavy,1.70371,1.132034e-02,8.972005e-03
heavy,1.70621,1.128728e-02,8.945100e-03
heavy,1.70871,1.125477e-02,8.918316e-03
heavy,1.71121,1.122348e-02,8.891654e-03
heavy,1.71370,1.119404e-02,8.865113e-03
heavy,1.71620,1.116679e-02,8.838692e-03
heavy,1.71870,1.114167e-02,8.812390e-03
heavy,1.72120,1.111818e-02,8.786207e-03
heavy,1.72370,1.109555e-02,8.760142e-03
heavy,1.72619,1.107285e-02,8.734193e-03
heavy,1.72869,1.104926e-02,8.708362e-03
heavy,1.73119,1.102417e-02,8.682645e-03
heavy,1.73369,1.099731e-02,8.657044e-03
heavy,1.73619,1.096870e-02,8.631557e-03
heavy,1.73868,1.093856e-02,8.606184e-03
heavy,1.74118,1.090721e-02,8.580924e-03
heavy,1.74368,1.087495e-02,8.555776e-03
heavy,1.74618,1.084200e-02,8.530739e-03
heavy,1.74868,1.080852e-02,8.505814e-03
heavy,1.75118,1.077457e-02,8.480998e-03
heavy,1.75367,1.074017e-02,8.456292e-03
heavy,1.75617,1.070534e-02,8.431696e-03
heavy,1.75867,1.067006e-02,8.407207e-03
heavy,1.76117,1.063431e-02,8.382826e-03
heavy,1.76367,1.059810e-02,8.358552e-03
heavy,1.76616,1.056141e-02,8.334385e-03
heavy,1.76866,1.052425e-02,8.310323e-03
heavy,1.77116,1.048660e-02,8.286367e-03
heavy,1.77366,1.044848e-02,8.262515e-03
heavy,1.77616,1.040987e-02,8.238766e-03
heavy,1.77865,1.037078e-02,8.215121e-03
heavy,1.78115,1.033121e-02,8.191579e-03
heavy,1.78365,1.029116e-02,8.168139e-03
heavy,1.78615,1.025062e-02,8.144800e-03
heavy,1.78865,1.020960e-02,8.121562e-03
heavy,1.79114,1.016809e-02,8.098425e-03
heavy,1.79364,1.012608e-02,8.075387e-03
heavy,1.79614,1.008356e-02,8.052448e-03
heavy,1.79864,1.004052e-02,8.029608e-03
heavy,1.80114,9.996943e-03,8.006866e-03
heavy,1.80364,9.952819e-03,7.984221e-03
heavy,1.80613,9.908127e-03,7.961673e-03
heavy,1.80863,9.862841e-03,7.939222e-03
heavy,1.81113,9.816936e-03,7.916866e-03
heavy,1.81363,9.770380e-03,7.894605e-03
heavy,1.81613,9.723138e-03,7.872439e-03
heavy,1.81862,9.675170e-03,7.850367e-03
heavy,1.82112,9.626429e-03,7.828389e-03
heavy,1.82362,9.576864e-03,7.806504e-03
heavy,1.82612,9.526417e-03,7.784711e-03
heavy,1.82862,9.475024e-03,7.763010e-03
heavy,1.83111,9.422615e-03,7.741401e-03
heavy,1.83361,9.369115e-03,7.719882e-03
heavy,1.83611,9.314444e-03,7.698454e-03
heavy,1.83861,9.258526e-03,7.677116e-03
heavy,1.84111,9.201288e-03,7.655868e-03
heavy,1.84361,9.142679e-03,7.634708e-03
heavy,1.84610,9.082677e-03,7.613636e-03
heavy,1.84860,9.021320e-03,7.592653e-03
heavy,1.85110,8.958731e-03,7.571757e-03
heavy,1.85360,8.895157e-03,7.550947e-03
heavy,1.85610,8.830993e-03,7.530225e-03
heavy,1.85859,8.766795e-03,7.509588e-03
heavy,1.86109,8.703246e-03,7.489036e-03
heavy,1.86359,8.641085e-03,7.468570e-03
heavy,1.86609,8.580990e-03,7.448188e-03
heavy,1.86859,8.523484e-03,7.427890e-03
heavy,1.87108,8.468878e-03,7.407676e-03
heavy,1.87358,8.417267e-03,7.387545e-03
heavy,1.87608,8.368576e-03,7.367497e-03
heavy,1.87858,8.322617e-03,7.347530e-03
heavy,1.88108,8.279145e-03,7.327646e-03
heavy,1.88357,8.237895e-03,7.307843e-03
heavy,1.88607,8.198609e-03,7.288120e-03
heavy,1.88857,8.161051e-03,7.268478e-03
heavy,1.89107,8.125009e-03,7.248916e-03
heavy,1.89357,8.090298e-03,7.229434e-03
heavy,1.89607,8.056759e-03,7.210030e-03
heavy,1.89856,8.024256e-03,7.190705e-03
heavy,1.90106,7.992671e-03,7.171459e-03
heavy,1.90356,7.961905e-03,7.152290e-03
heavy,1.90606,7.931872e-03,7.133199e-03
heavy,1.90856,7.902500e-03,7.114185e-03
heavy,1.91105,7.873726e-03,7.095247e-03
heavy,1.91355,7.845495e-03,7.076385e-03
heavy,1.91605,7.817760e-03,7.057599e-03
heavy,1.91855,7.790481e-03,7.038888e-03
heavy,1.92105,7.763622e-03,7.020253e-03
heavy,1.92354,7.737152e-03,7.001691e-03
heavy,1.92604,7.711043e-03,6.983204e-03
heavy,1.92854,7.685272e-03,6.964791e-03
heavy,1.93104,7.659816e-03,6.946450e-03
heavy,1.93354,7.634657e-03,6.928183e-03
heavy,1.93603,7.609777e-03,6.909988e-03
heavy,1.93853,7.585162e-03,6.891866e-03
heavy,1.94103,7.560798e-03,6.873815e-03
heavy,1.94353,7.536672e-03,6.855836e-03
heavy,1.94603,7.512773e-03,6.837927e-03
heavy,1.94853,7.489091e-03,6.820089e-03
heavy,1.95102,7.465617e-03,6.802322e-03
heavy,1.95352,7.442343e-03,6.784624e-03
heavy,1.95602,7.419260e-03,6.766996e-03
heavy,1.95852,7.396362e-03,6.749436e-03
heavy,1.96102,7.373643e-03,6.731946e-03
heavy,1.96351,7.351096e-03,6.714524e-03
heavy,1.96601,7.328716e-03,6.697170e-03
heavy,1.96851,7.306498e-03,6.679884e-03
heavy,1.97101,7.284437e-03,6.662665e-03
heavy,1.97351,7.262528e-03,6.645513e-03
heavy,1.97600,7.240768e-03,6.628428e-03
heavy,1.97850,7.219153e-03,6.611409e-03
heavy,1.98100,7.197679e-03,6.594456e-03
heavy,1.98350,7.176344e-03,6.577569e-03
heavy,1.98600,7.155142e-03,6.560746e-03
heavy,1.98850,7.134073e-03,6.543989e-03
heavy,1.99099,7.113133e-03,6.527297e-03
heavy,1.99349,7.092319e-03,6.510668e-03
heavy,1.99599,7.071629e-03,6.494104e-03
heavy,1.99849,7.051061e-03,6.477603e-03
heavy,2.00099,7.030612e-03,6.461165e-03
heavy,2.00348,7.010280e-03,6.444790e-03
heavy,2.00598,6.990063e-03,6.428478e-03
heavy,2.00848,6.969960e-03,6.412228e-03
heavy,2.01098,6.949968e-03,6.396040e-03
heavy,2.01348,6.930086e-03,6.379914e-03
heavy,2.01597,6.910312e-03,6.363849e-03
heavy,2.01847,6.890644e-03,6.347845e-03
heavy,2.02097,6.871082e-03,6.331902e-03
heavy,2.02347,6.851622e-03,6.316019e-03
heavy,2.02597,6.832265e-03,6.300197e-03
heavy,2.02846,6.813009e-03,6.284434e-03
heavy,2.03096,6.793852e-03,6.268731e-03
heavy,2.03346,6.774793e-03,6.253086e-03
heavy,2.03596,6.755831e-03,6.237501e-03
heavy,2.03846,6.736965e-03,6.221974e-03
heavy,2.04096,6.718193e-03,6.206506e-03
heavy,2.04345,6.699515e-03,6.191095e-03
heavy,2.04595,6.680929e-03,6.175743e-03
heavy,2.04845,6.662435e-03,6.160447e-03
heavy,2.05095,6.644031e-03,6.145209e-03
heavy,2.05345,6.625717e-03,6.130028e-03
heavy,2.05594,6.607491e-03,6.114903e-03
heavy,2.05844,6.589353e-03,6.099834e-03
heavy,2.06094,6.571301e-03,6.084822e-03
heavy,2.06344,6.553336e-03,6.069865e-03
heavy,2.06594,6.535455e-03,6.054964e-03
heavy,2.06843,6.517659e-03,6.040117e-03
heavy,2.07093,6.499946e-03,6.025326e-03
heavy,2.07343,6.482315e-03,6.010589e-03
heavy,2.07593,6.464767e-03,5.995907e-03
heavy,2.07843,6.447299e-03,5.981279e-03
heavy,2.08092,6.429912e-03,5.966704e-03
heavy,2.08342,6.412605e-03,5.952183e-03
heavy,2.08592,6.395376e-03,5.937716e-03
heavy,2.08842,6.378226e-03,5.923301e-03
heavy,2.09092,6.361153e-03,5.908939e-03
heavy,2.09342,6.344158e-03,5.894630e-03
heavy,2.09591,6.327238e-03,5.880372e-03
heavy,2.09841,6.310395e-03,5.866167e-03
heavy,2.10091,6.293626e-03,5.852014e-03
heavy,2.10341,6.276932e-03,5.837912e-03
heavy,2.10591,6.260312e-03,5.823861e-03
heavy,2.10840,6.243765e-03,5.809861e-03
heavy,2.11090,6.227291e-03,5.795912e-03
heavy,2.11340,6.210889e-03,5.782014e-03
heavy,2.11590,6.194559e-03,5.768165e-03
heavy,2.11840,6.178299e-03,5.754367e-03
heavy,2.12089,6.162111e-03,5.740618e-03
heavy,2.12339,6.145992e-03,5.726919e-03
heavy,2.12589,6.129943e-03,5.713270e-03
heavy,2.12839,6.113962e-03,5.699669e-03
heavy,2.13089,6.098051e-03,5.686117e-03
heavy,2.13339,6.082207e-03,5.672613e-03
heavy,2.13588,6.066430e-03,5.659158e-03
heavy,2.13838,6.050721e-03,5.645751e-03
heavy,2.14088,6.035078e-03,5.632392e-03
heavy,2.14338,6.019502e-03,5.619081e-03
heavy,2.14588,6.003991e-03,5.605817e-03
heavy,2.14837,5.988545e-03,5.592600e-03
heavy,2.15087,5.973163e-03,5.579430e-03
heavy,2.15337,5.957846e-03,5.566307e-03
heavy,2.15587,5.942593e-03,5.553230e-03
heavy,2.15837,5.927404e-03,5.540199e-03
heavy,2.16086,5.912277e-03,5.527215e-03
heavy,2.16336,5.897213e-03,5.514277e-03
heavy,2.16586,5.882211e-03,5.501384e-03
heavy,2.16836,5.867271e-03,5.488536e-03
heavy,2.17086,5.852392e-03,5.475734e-03
heavy,2.17335,5.837574e-03,5.462977e-03
heavy,2.17585,5.822816e-03,5.450265e-03
heavy,2.17835,5.808119e-03,5.437597e-03
heavy,2.18085,5.793481e-03,5.424973e-03
heavy,2.18335,5.778903e-03,5.412394e-03
heavy,2.18585,5.764384e-03,5.399858e-03
heavy,2.18834,5.749924e-03,5.387367e-03
heavy,2.19084,5.735522e-03,5.374919e-03
heavy,2.19334,5.721177e-03,5.362514e-03
heavy,2.19584,5.706891e-03,5.350152e-03
heavy,2.19834,5.692661e-03,5.337833e-03
heavy,2.20083,5.678488e-03,5.325557e-03
heavy,2.20333,5.664372e-03,5.313324e-03
heavy,2.20583,5.650312e-03,5.301133e-03
heavy,2.20833,5.636308e-03,5.288984e-03
heavy,2.21083,5.622359e-03,5.276877e-03
heavy,2.21332,5.608465e-03,5.264811e-03
heavy,2.21582,5.594627e-03,5.252788e-03
heavy,2.21832,5.580842e-03,5.240805e-03
heavy,2.22082,5.567112e-03,5.228864e-03
heavy,2.22332,5.553436e-03,5.216964e-03
heavy,2.22582,5.539813e-03,5.205104e-03
heavy,2.22831,5.526243e-03,5.193285e-03
heavy,2.23081,5.512726e-03,5.181507e-03
heavy,2.23331,5.499262e-03,5.169769e-03
heavy,2.23581,5.485850e-03,5.158071e-03
heavy,2.23831,5.472490e-03,5.146412e-03
heavy,2.24080,5.459182e-03,5.134794e-03
heavy,2.24330,5.445925e-03,5.123215e-03
heavy,2.24580,5.432719e-03,5.111675e-03
heavy,2.24830,5.419564e-03,5.100174e-03
heavy,2.25080,5.406459e-03,5.088713e-03
heavy,2.25329,5.393405e-03,5.077290e-03
heavy,2.25579,5.380400e-03,5.065905e-03
heavy,2.25829,5.367446e-03,5.054560e-03
heavy,2.26079,5.354540e-03,5.043252e-03
heavy,2.26329,5.341684e-03,5.031983e-03
heavy,2.26578,5.328876e-03,5.020751e-03
heavy,2.26828,5.316117e-03,5.009557e-03
heavy,2.27078,5.303406e-03,4.998401e-03
heavy,2.27328,5.290743e-03,4.987282e-03
heavy,2.27578,5.278128e-03,4.976201e-03
heavy,2.27828,5.265560e-03,4.965156e-03
heavy,2.28077,5.253040e-03,4.954149e-03
heavy,2.28327,5.240566e-03,4.943178e-03
heavy,2.28577,5.228140e-03,4.932244e-03
heavy,2.28827,5.215759e-03,4.921346e-03
heavy,2.29077,5.203425e-03,4.910485e-03
heavy,2.29326,5.191137e-03,4.899659e-03
heavy,2.29576,5.178894e-03,4.888870e-03
heavy,2.29826,5.166697e-03,4.878116e-03
heavy,2.30076,5.154545e-03,4.867398e-03
heavy,2.30326,5.142438e-03,4.856715e-03
heavy,2.30575,5.130376e-03,4.846068e-03
heavy,2.30825,5.118358e-03,4.835455e-03
heavy,2.31075,5.106384e-03,4.824878e-03
heavy,2.31325,5.094454e-03,4.814336e-03
heavy,2.31575,5.082568e-03,4.803828e-03
heavy,2.31824,5.070726e-03,4.793355e-03
heavy,2.32074,5.058927e-03,4.782916e-03
heavy,2.32324,5.047171e-03,4.772511e-03
heavy,2.32574,5.035458e-03,4.762141e-03
heavy,2.32824,5.023787e-03,4.751804e-03
heavy,2.33074,5.012159e-03,4.741501e-03
heavy,2.33323,5.000573e-03,4.731232e-03
heavy,2.33573,4.989029e-03,4.720996e-03
heavy,2.33823,4.977527e-03,4.710794e-03
heavy,2.34073,4.966066e-03,4.700625e-03
heavy,2.34323,4.954647e-03,4.690489e-03
heavy,2.34572,4.943268e-03,4.680385e-03
heavy,2.34822,4.931931e-03,4.670315e-03
heavy,2.35072,4.920634e-03,4.660277e-03
heavy,2.35322,4.909378e-03,4.650272e-03
heavy,2.35572,4.898162e-03,4.640299e-03
heavy,2.35821,4.886986e-03,4.630358e-03
heavy,2.36071,4.875849e-03,4.620449e-03
heavy,2.36321,4.864753e-03,4.610572e-03
heavy,2.36571,4.853696e-03,4.600727e-03
heavy,2.36821,4.842678e-03,4.590913e-03
heavy,2.37071,4.831699e-03,4.581131e-03
heavy,2.37320,4.820759e-03,4.571381e-03
heavy,2.37570,4.809858e-03,4.561662e-03
heavy,2.37820,4.798995e-03,4.551973e-03
heavy,2.38070,4.788170e-03,4.542316e-03
heavy,2.38320,4.777384e-03,4.532689e-03
heavy,2.38569,4.766635e-03,4.523094e-03
heavy,2.38819,4.755924e-03,4.513529e-03
heavy,2.39069,4.745251e-03,4.503994e-03
heavy,2.39319,4.734615e-03,4.494489e-03
heavy,2.39569,4.724016e-03,4.485015e-03
heavy,2.39818,4.713454e-03,4.475571e-03
heavy,2.40068,4.702929e-03,4.466157e-03
heavy,2.40318,4.692440e-03,4.456772e-03
heavy,2.40568,4.681988e-03,4.447417e-03
heavy,2.40818,4.671572e-03,4.438092e-03
heavy,2.41067,4.661192e-03,4.428796e-03
heavy,2.41317,4.650848e-03,4.419530e-03
heavy,2.41567,4.640540e-03,4.410293e-03
heavy,2.41817,4.630267e-03,4.401084e-03
heavy,2.42067,4.620030e-03,4.391905e-03
heavy,2.42317,4.609827e-03,4.382754e-03
heavy,2.42566,4.599660e-03,4.373633e-03
heavy,2.42816,4.589528e-03,4.364539e-03
heavy,2.43066,4.579430e-03,4.355475e-03
heavy,2.43316,4.569367e-03,4.346438e-03
heavy,2.43566,4.559338e-03,4.337430e-03
heavy,2.43815,4.549344e-03,4.328450e-03
heavy,2.44065,4.539383e-03,4.319497e-03
heavy,2.44315,4.529456e-03,4.310573e-03
heavy,2.44565,4.519563e-03,4.301676e-03
heavy,2.44815,4.509704e-03,4.292807e-03
heavy,2.45064,4.499878e-03,4.283966e-03
heavy,2.45314,4.490085e-03,4.275152e-03
heavy,2.45564,4.480325e-03,4.266365e-03
heavy,2.45814,4.470598e-03,4.257605e-03
heavy,2.46064,4.460904e-03,4.248873e-03
heavy,2.46313,4.451242e-03,4.240167e-03
heavy,2.46563,4.441613e-03,4.231489e-03
heavy,2.46813,4.432016e-03,4.222837e-03
heavy,2.47063,4.422451e-03,4.214211e-03
heavy,2.47313,4.412918e-03,4.205612e-03
heavy,2.47563,4.403417e-03,4.197040e-03
heavy,2.47812,4.393948e-03,4.188493e-03
heavy,2.48062,4.384511e-03,4.179973e-03
heavy,2.48312,4.375104e-03,4.171479e-03
heavy,2.48562,4.365729e-03,4.163011e-03
heavy,2.48812,4.356385e-03,4.154569e-03
heavy,2.49061,4.347072e-03,4.146153e-03
heavy,2.49311,4.337790e-03,4.137762e-03
heavy,2.49561,4.328539e-03,4.129397e-03
heavy,2.49811,4.319318e-03,4.121057e-03
heavy,2.50061,4.310127e-03,4.112743e-03
heavy,2.50310,4.300967e-03,4.104454e-03
heavy,2.50560,4.291837e-03,4.096190e-03
heavy,2.50810,4.282736e-03,4.087951e-03
heavy,2.51060,4.273666e-03,4.079736e-03
heavy,2.51310,4.264625e-03,4.071547e-03
heavy,2.51560,4.255614e-03,4.063383e-03
heavy,2.51809,4.246632e-03,4.055243e-03
heavy,2.52059,4.237680e-03,4.047127e-03
heavy,2.52309,4.228757e-03,4.039036e-03
heavy,2.52559,4.219863e-03,4.030970e-03
heavy,2.52809,4.210997e-03,4.022927e-03
heavy,2.53058,4.202161e-03,4.014909e-03
heavy,2.53308,4.193353e-03,4.006915e-03
heavy,2.53558,4.184574e-03,3.998945e-03
heavy,2.53808,4.175823e-03,3.990998e-03
heavy,2.54058,4.167100e-03,3.983076e-03
heavy,2.54307,4.158405e-03,3.975177e-03
heavy,2.54557,4.149739e-03,3.967301e-03
heavy,2.54807,4.141100e-03,3.959449e-03
heavy,2.55057,4.132489e-03,3.951621e-03
heavy,2.55307,4.123906e-03,3.943815e-03
heavy,2.55556,4.115350e-03,3.936033e-03
heavy,2.55806,4.106822e-03,3.928274e-03
heavy,2.56056,4.098321e-03,3.920538e-03
heavy,2.56306,4.089847e-03,3.912825e-03
heavy,2.56556,4.081400e-03,3.905135e-03
heavy,2.56806,4.072979e-03,3.897467e-03
heavy,2.57055,4.064586e-03,3.889822e-03
heavy,2.57305,4.056220e-03,3.882200e-03
heavy,2.57555,4.047880e-03,3.874600e-03
heavy,2.57805,4.039566e-03,3.867023e-03
heavy,2.58055,4.031279e-03,3.859467e-03
heavy,2.58304,4.023017e-03,3.851934e-03
heavy,2.58554,4.014782e-03,3.844423e-03
heavy,2.58804,4.006573e-03,3.836934e-03
heavy,2.59054,3.998390e-03,3.829468e-03
heavy,2.59304,3.990233e-03,3.822022e-03
heavy,2.59553,3.982101e-03,3.814599e-03
heavy,2.59803,3.973995e-03,3.807197e-03
heavy,2.60053,3.965914e-03,3.799817e-03
heavy,2.60303,3.957858e-03,3.792459e-03
heavy,2.60553,3.949828e-03,3.785122e-03
heavy,2.60803,3.941823e-03,3.777806e-03
heavy,2.61052,3.933842e-03,3.770512e-03
heavy,2.61302,3.925887e-03,3.763238e-03
heavy,2.61552,3.917956e-03,3.755986e-03
heavy,2.61802,3.910050e-03,3.748755e-03
heavy,2.62052,3.902169e-03,3.741545e-03
heavy,2.62301,3.894312e-03,3.734355e-03
heavy,2.62551,3.886479e-03,3.727186e-03
heavy,2.62801,3.878671e-03,3.720039e-03
heavy,2.63051,3.870886e-03,3.712911e-03
heavy,2.63301,3.863126e-03,3.705804e-03
heavy,2.63550,3.855390e-03,3.698718e-03
heavy,2.63800,3.847677e-03,3.691652e-03
heavy,2.64050,3.839989e-03,3.684607e-03
heavy,2.64300,3.832323e-03,3.677581e-03
heavy,2.64550,3.824682e-03,3.670576e-03
heavy,2.64799,3.817064e-03,3.663591e-03
heavy,2.65049,3.809469e-03,3.656625e-03
heavy,2.65299,3.801897e-03,3.649680e-03
heavy,2.65549,3.794349e-03,3.642754e-03
heavy,2.65799,3.786823e-03,3.635849e-03
heavy,2.66049,3.779321e-03,3.628963e-03
heavy,2.66298,3.771841e-03,3.622096e-03
heavy,2.66548,3.764384e-03,3.615249e-03
heavy,2.66798,3.756950e-03,3.608422e-03
heavy,2.67048,3.749538e-03,3.601614e-03
heavy,2.67298,3.742149e-03,3.594825e-03
heavy,2.67547,3.734782e-03,3.588056e-03
heavy,2.67797,3.727437e-03,3.581305e-03
heavy,2.68047,3.720115e-03,3.574574e-03
heavy,2.68297,3.712814e-03,3.567862e-03
heavy,2.68547,3.705536e-03,3.561169e-03
heavy,2.68796,3.698279e-03,3.554494e-03
heavy,2.69046,3.691045e-03,3.547839e-03
heavy,2.69296,3.683832e-03,3.541202e-03
heavy,2.69546,3.676640e-03,3.534584e-03
heavy,2.69796,3.669471e-03,3.527984e-03
heavy,2.70045,3.662322e-03,3.521403e-03
heavy,2.70295,3.655196e-03,3.514840e-03
heavy,2.70545,3.648090e-03,3.508296e-03
heavy,2.70795,3.641005e-03,3.501770e-03
heavy,2.71045,3.633942e-03,3.495263e-03
heavy,2.71295,3.626900e-03,3.488773e-03
heavy,2.71544,3.619878e-03,3.482302e-03
heavy,2.71794,3.612878e-03,3.475849e-03
heavy,2.72044,3.605898e-03,3.469413e-03
heavy,2.72294,3.598939e-03,3.462996e-03
heavy,2.72544,3.592001e-03,3.456596e-03
heavy,2.72793,3.585083e-03,3.450214e-03
heavy,2.73043,3.578185e-03,3.443850e-03
heavy,2.73293,3.571308e-03,3.437504e-03
heavy,2.73543,3.564451e-03,3.431175e-03
heavy,2.73793,3.557614e-03,3.424864e-03
heavy,2.74042,3.550798e-03,3.418570e-03
heavy,2.74292,3.544001e-03,3.412293e-03
heavy,2.74542,3.537224e-03,3.406034e-03
heavy,2.74792,3.530468e-03,3.399792e-03
heavy,2.75042,3.523731e-03,3.393568e-03
heavy,2.75292,3.517013e-03,3.387360e-03
heavy,2.75541,3.510316e-03,3.381170e-03
heavy,2.75791,3.503637e-03,3.374996e-03
heavy,2.76041,3.496979e-03,3.368840e-03
heavy,2.76291,3.490339e-03,3.362700e-03
heavy,2.76541,3.483719e-03,3.356577e-03
heavy,2.76790,3.477119e-03,3.350471e-03
heavy,2.77040,3.470537e-03,3.344382e-03
heavy,2.77290,3.463975e-03,3.338309e-03
heavy,2.77540,3.457431e-03,3.332253e-03
heavy,2.77790,3.450906e-03,3.326213e-03
heavy,2.78039,3.444401e-03,3.320190e-03
heavy,2.78289,3.437914e-03,3.314183e-03
heavy,2.78539,3.431446e-03,3.308193e-03
heavy,2.78789,3.424996e-03,3.302218e-03
heavy,2.79039,3.418565e-03,3.296260e-03
heavy,2.79288,3.412152e-03,3.290319e-03
heavy,2.79538,3.405758e-03,3.284393e-03
heavy,2.79788,3.399382e-03,3.278483e-03
heavy,2.80038,3.393025e-03,3.272589e-03
heavy,2.80288,3.386685e-03,3.266712e-03
heavy,2.80538,3.380364e-03,3.260850e-03
heavy,2.80787,3.374061e-03,3.255004e-03
heavy,2.81037,3.367776e-03,3.249173e-03
heavy,2.81287,3.361509e-03,3.243359e-03
heavy,2.81537,3.355259e-03,3.237560e-03
heavy,2.81787,3.349028e-03,3.231776e-03
heavy,2.82036,3.342814e-03,3.226008e-03
heavy,2.82286,3.336617e-03,3.220256e-03
heavy,2.82536,3.330439e-03,3.214519e-03
heavy,2.82786,3.324277e-03,3.208797e-03
heavy,2.83036,3.318134e-03,3.203091e-03
heavy,2.83285,3.312007e-03,3.197400e-03
heavy,2.83535,3.305898e-03,3.191724e-03
heavy,2.83785,3.299806e-03,3.186063e-03
heavy,2.84035,3.293731e-03,3.180418e-03
heavy,2.84285,3.287674e-03,3.174787e-03
heavy,2.84534,3.281633e-03,3.169171e-03
heavy,2.84784,3.275610e-03,3.163571e-03
heavy,2.85034,3.269603e-03,3.157985e-03
heavy,2.85284,3.263613e-03,3.152414e-03
heavy,2.85534,3.257640e-03,3.146858e-03
heavy,2.85784,3.251684e-03,3.141316e-03
heavy,2.86033,3.245744e-03,3.135789e-03
heavy,2.86283,3.239821e-03,3.130277e-03
heavy,2.86533,3.233914e-03,3.124779e-03
heavy,2.86783,3.228024e-03,3.119296e-03
heavy,2.87033,3.222150e-03,3.113828e-03
heavy,2.87282,3.216293e-03,3.108373e-03
heavy,2.87532,3.210451e-03,3.102933e-03
heavy,2.87782,3.204626e-03,3.097508e-03
heavy,2.88032,3.198818e-03,3.092096e-03
heavy,2.88282,3.193025e-03,3.086699e-03
heavy,2.88531,3.187248e-03,3.081316e-03
heavy,2.88781,3.181487e-03,3.075947e-03
heavy,2.89031,3.175742e-03,3.070593e-03
heavy,2.89281,3.170013e-03,3.065252e-03
heavy,2.89531,3.164300e-03,3.059925e-03
heavy,2.89781,3.158603e-03,3.054612e-03
heavy,2.90030,3.152921e-03,3.049313e-03
heavy,2.90280,3.147255e-03,3.044028e-03
heavy,2.90530,3.141604e-03,3.038756e-03
heavy,2.90780,3.135969e-03,3.033498e-03
heavy,2.91030,3.130349e-03,3.028254e-03
heavy,2.91279,3.124745e-03,3.023024e-03
heavy,2.91529,3.119156e-03,3.017807e-03
heavy,2.91779,3.113582e-03,3.012603e-03
heavy,2.92029,3.108023e-03,3.007413e-03
heavy,2.92279,3.102480e-03,3.002237e-03
heavy,2.92528,3.096952e-03,2.997074e-03
heavy,2.92778,3.091438e-03,2.991924e-03
heavy,2.93028,3.085940e-03,2.986788e-03
heavy,2.93278,3.080457e-03,2.981665e-03
heavy,2.93528,3.074988e-03,2.976555e-03
heavy,2.93777,3.069534e-03,2.971458e-03
heavy,2.94027,3.064095e-03,2.966374e-03
heavy,2.94277,3.058671e-03,2.961303e-03
heavy,2.94527,3.053262e-03,2.956246e-03
heavy,2.94777,3.047867e-03,2.951201e-03
heavy,2.95027,3.042486e-03,2.946170e-03
heavy,2.95276,3.037120e-03,2.941151e-03
heavy,2.95526,3.031769e-03,2.936145e-03
heavy,2.95776,3.026432e-03,2.931152e-03
heavy,2.96026,3.021109e-03,2.926171e-03
heavy,2.96276,3.015800e-03,2.921204e-03
heavy,2.96525,3.010506e-03,2.916249e-03
heavy,2.96775,3.005226e-03,2.911306e-03
heavy,2.97025,2.999960e-03,2.906376e-03
heavy,2.97275,2.994708e-03,2.901459e-03
heavy,2.97525,2.989470e-03,2.896554e-03
heavy,2.97774,2.984246e-03,2.891662e-03
heavy,2.98024,2.979036e-03,2.886782e-03
heavy,2.98274,2.973840e-03,2.881915e-03
heavy,2.98524,2.968658e-03,2.877060e-03
heavy,2.98774,2.963489e-03,2.872217e-03
heavy,2.99024,2.958334e-03,2.867386e-03
heavy,2.99273,2.953193e-03,2.862568e-03
heavy,2.99523,2.948066e-03,2.857761e-03
heavy,2.99773,2.942952e-03,2.852967e-03
heavy,3.00023,2.937851e-03,2.848185e-03
heavy,3.00273,2.932764e-03,2.843415e-03
heavy,3.00522,2.927691e-03,2.838657e-03
heavy,3.00772,2.922631e-03,2.833911e-03
heavy,3.01022,2.917584e-03,2.829177e-03
heavy,3.01272,2.912550e-03,2.824455e-03
heavy,3.01522,2.907530e-03,2.819745e-03
heavy,3.01771,2.902523e-03,2.815046e-03
heavy,3.02021,2.897529e-03,2.810359e-03
heavy,3.02271,2.892548e-03,2.805684e-03
heavy,3.02521,2.887580e-03,2.801021e-03
heavy,3.02771,2.882625e-03,2.796369e-03
heavy,3.03020,2.877684e-03,2.791729e-03
heavy,3.03270,2.872755e-03,2.787100e-03
heavy,3.03520,2.867839e-03,2.782483e-03
heavy,3.03770,2.862935e-03,2.777878e-03
heavy,3.04020,2.858045e-03,2.773283e-03
heavy,3.04270,2.853167e-03,2.768701e-03
heavy,3.04519,2.848302e-03,2.764129e-03
heavy,3.04769,2.843449e-03,2.759569e-03
heavy,3.05019,2.838610e-03,2.755021e-03
heavy,3.05269,2.833782e-03,2.750483e-03
heavy,3.05519,2.828967e-03,2.745957e-03
heavy,3.05768,2.824165e-03,2.741442e-03
heavy,3.06018,2.819375e-03,2.736938e-03
heavy,3.06268,2.814597e-03,2.732446e-03
heavy,3.06518,2.809832e-03,2.727964e-03
heavy,3.06768,2.805079e-03,2.723493e-03
heavy,3.07017,2.800339e-03,2.719034e-03
heavy,3.07267,2.795610e-03,2.714585e-03
heavy,3.07517,2.790894e-03,2.710147e-03
heavy,3.07767,2.786189e-03,2.705721e-03
heavy,3.08017,2.781497e-03,2.701305e-03
heavy,3.08266,2.776817e-03,2.696900e-03
heavy,3.08516,2.772149e-03,2.692505e-03
heavy,3.08766,2.767493e-03,2.688122e-03
heavy,3.09016,2.762848e-03,2.683749e-03
heavy,3.09266,2.758216e-03,2.679387e-03
heavy,3.09516,2.753595e-03,2.675035e-03
heavy,3.09765,2.748987e-03,2.670694e-03
heavy,3.10015,2.744389e-03,2.666364e-03
heavy,3.10265,2.739804e-03,2.662044e-03
heavy,3.10515,2.735230e-03,2.657735e-03
heavy,3.10765,2.730668e-03,2.653436e-03
heavy,3.11014,2.726118e-03,2.649148e-03
heavy,3.11264,2.721579e-03,2.644870e-03
heavy,3.11514,2.717051e-03,2.640603e-03
heavy,3.11764,2.712535e-03,2.636346e-03
heavy,3.12014,2.708031e-03,2.632099e-03
heavy,3.12263,2.703537e-03,2.627862e-03
heavy,3.12513,2.699056e-03,2.623636e-03
heavy,3.12763,2.694585e-03,2.619420e-03
heavy,3.13013,2.690126e-03,2.615214e-03
heavy,3.13263,2.685678e-03,2.611018e-03
heavy,3.13513,2.681241e-03,2.606832e-03
heavy,3.13762,2.676815e-03,2.602657e-03
heavy,3.14012,2.672400e-03,2.598491e-03
heavy,3.14262,2.667997e-03,2.594335e-03
heavy,3.14512,2.663604e-03,2.590190e-03
heavy,3.14762,2.659223e-03,2.586054e-03
heavy,3.15011,2.654852e-03,2.581929e-03
heavy,3.15261,2.650493e-03,2.577813e-03
heavy,3.15511,2.646144e-03,2.573707e-03
heavy,3.15761,2.641806e-03,2.569611e-03
heavy,3.16011,2.637479e-03,2.565524e-03
heavy,3.16260,2.633163e-03,2.561448e-03
heavy,3.16510,2.628857e-03,2.557381e-03
heavy,3.16760,2.624562e-03,2.553324e-03
heavy,3.17010,2.620278e-03,2.549276e-03
heavy,3.17260,2.616005e-03,2.545239e-03
heavy,3.17509,2.611742e-03,2.541210e-03
heavy,3.17759,2.607489e-03,2.537192e-03
heavy,3.18009,2.603248e-03,2.533183e-03
heavy,3.18259,2.599016e-03,2.529183e-03
heavy,3.18509,2.594795e-03,2.525193e-03
heavy,3.18759,2.590585e-03,2.521212e-03
heavy,3.19008,2.586385e-03,2.517241e-03
heavy,3.19258,2.582195e-03,2.513279e-03
heavy,3.19508,2.578016e-03,2.509327e-03
heavy,3.19758,2.573846e-03,2.505384e-03
heavy,3.20008,2.569688e-03,2.501450e-03
heavy,3.20257,2.565539e-03,2.497525e-03
heavy,3.20507,2.561400e-03,2.493610e-03
heavy,3.20757,2.557272e-03,2.489704e-03
heavy,3.21007,2.553154e-03,2.485807e-03
heavy,3.21257,2.549046e-03,2.481919e-03
heavy,3.21506,2.544948e-03,2.478041e-03
heavy,3.21756,2.540860e-03,2.474171e-03
heavy,3.22006,2.536781e-03,2.470311e-03
heavy,3.22256,2.532713e-03,2.466459e-03
heavy,3.22506,2.528655e-03,2.462617e-03
heavy,3.22755,2.524607e-03,2.458784e-03
heavy,3.23005,2.520568e-03,2.454959e-03
heavy,3.23255,2.516539e-03,2.451144e-03
heavy,3.23505,2.512521e-03,2.447337e-03
heavy,3.23755,2.508511e-03,2.443540e-03
heavy,3.24005,2.504512e-03,2.439751e-03
heavy,3.24254,2.500522e-03,2.435971e-03
heavy,3.24504,2.496542e-03,2.432200e-03
heavy,3.24754,2.492572e-03,2.428437e-03
heavy,3.25004,2.488611e-03,2.424684e-03
heavy,3.25254,2.484659e-03,2.420939e-03
heavy,3.25503,2.480718e-03,2.417202e-03
heavy,3.25753,2.476785e-03,2.413475e-03
heavy,3.26003,2.472863e-03,2.409756e-03
heavy,3.26253,2.468949e-03,2.406045e-03
heavy,3.26503,2.465045e-03,2.402344e-03
heavy,3.26752,2.461151e-03,2.398650e-03
heavy,3.27002,2.457265e-03,2.394966e-03
heavy,3.27252,2.453389e-03,2.391290e-03
heavy,3.27502,2.449523e-03,2.387622e-03
heavy,3.27752,2.445665e-03,2.383962e-03
heavy,3.28002,2.441817e-03,2.380312e-03
heavy,3.28251,2.437978e-03,2.376669e-03
heavy,3.28501,2.434149e-03,2.373035e-03
heavy,3.28751,2.430328e-03,2.369409e-03
heavy,3.29001,2.426516e-03,2.365792e-03
heavy,3.29251,2.422714e-03,2.362183e-03
heavy,3.29500,2.418920e-03,2.358582e-03
heavy,3.29750,2.415136e-03,2.354989e-03
heavy,3.30000,2.411361e-03,2.351405e-03
