host,defect,source,omega,rho_x,rho_z
non-polar,light,upfolded,0.00500,4.732639e-04,1.191310e-02
non-polar,light,upfolded,0.00750,9.313800e-04,2.492499e-02
non-polar,light,upfolded,0.01000,1.396380e-03,4.035864e-02
non-polar,light,upfolded,0.01249,1.795675e-03,5.656699e-02
non-polar,light,upfolded,0.01499,2.101038e-03,7.233331e-02
non-polar,light,upfolded,0.01749,2.317523e-03,8.691779e-02
non-polar,light,upfolded,0.01999,2.467310e-03,9.997444e-02
non-polar,light,upfolded,0.02249,2.577549e-03,1.114253e-01
non-polar,light,upfolded,0.02498,2.673945e-03,1.213393e-01
non-polar,light,upfolded,0.02748,2.778511e-03,1.298469e-01
non-polar,light,upfolded,0.02998,2.909567e-03,1.371055e-01
non-polar,light,upfolded,0.03248,3.082544e-03,1.432949e-01
non-polar,light,upfolded,0.03498,3.310838e-03,1.486035e-01
non-polar,light,upfolded,0.03748,3.606210e-03,1.531932e-01
non-polar,light,upfolded,0.03997,3.978412e-03,1.571690e-01
non-polar,light,upfolded,0.04247,4.433691e-03,1.605843e-01
non-polar,light,upfolded,0.04497,4.971873e-03,1.634849e-01
non-polar,light,upfolded,0.04747,5.582097e-03,1.659530e-01
non-polar,light,upfolded,0.04997,6.238230e-03,1.681114e-01
non-polar,light,upfolded,0.05246,6.896627e-03,1.700791e-01
non-polar,light,upfolded,0.05496,7.500162e-03,1.719152e-01
non-polar,light,upfolded,0.05746,7.991020e-03,1.735999e-01
non-polar,light,upfolded,0.05996,8.329045e-03,1.750672e-01
non-polar,light,upfolded,0.06246,8.506221e-03,1.762692e-01
non-polar,light,upfolded,0.06495,8.548460e-03,1.772269e-01
non-polar,light,upfolded,0.06745,8.504598e-03,1.780389e-01
non-polar,light,upfolded,0.06995,8.430707e-03,1.788408e-01
non-polar,light,upfolded,0.07245,8.378035e-03,1.797353e-01
non-polar,light,upfolded,0.07495,8.387592e-03,1.807319e-01
non-polar,light,upfolded,0.07745,8.489875e-03,1.817377e-01
non-polar,light,upfolded,0.07994,8.706842e-03,1.826121e-01
non-polar,light,upfolded,0.08244,9.053880e-03,1.832508e-01
non-polar,light,upfolded,0.08494,9.540470e-03,1.836459e-01
non-polar,light,upfolded,0.08744,1.016905e-02,1.838893e-01
non-polar,light,upfolded,0.08994,1.093221e-02,1.841303e-01
non-polar,light,upfolded,0.09243,1.180927e-02,1.845162e-01
non-polar,light,upfolded,0.09493,1.276475e-02,1.851338e-01
non-polar,light,upfolded,0.09743,1.375201e-02,1.859662e-01
non-polar,light,upfolded,0.09993,1.472362e-02,1.868844e-01
non-polar,light,upfolded,0.10243,1.564486e-02,1.876977e-01
non-polar,light,upfolded,0.10492,1.650137e-02,1.882439e-01
non-polar,light,upfolded,0.10742,1.729437e-02,1.884715e-01
non-polar,light,upfolded,0.10992,1.802619e-02,1.884638e-01
non-polar,light,upfolded,0.11242,1.868769e-02,1.883981e-01
non-polar,light,upfolded,0.11492,1.925665e-02,1.884684e-01
non-polar,light,upfolded,0.11741,1.970646e-02,1.888139e-01
non-polar,light,upfolded,0.11991,2.001707e-02,1.894785e-01
non-polar,light,upfolded,0.12241,2.018179e-02,1.904001e-01
non-polar,light,upfolded,0.12491,2.021135e-02,1.914254e-01
non-polar,light,upfolded,0.12741,2.013777e-02,1.923505e-01
non-polar,light,upfolded,0.12991,2.001540e-02,1.929908e-01
non-polar,light,upfolded,0.13240,1.991414e-02,1.932537e-01
non-polar,light,upfolded,0.13490,1.990561e-02,1.931800e-01
non-polar,light,upfolded,0.13740,2.004771e-02,1.929349e-01
non-polar,light,upfolded,0.13990,2.037255e-02,1.927523e-01
non-polar,light,upfolded,0.14240,2.087852e-02,1.928521e-01
non-polar,light,upfolded,0.14489,2.152603e-02,1.933616e-01
non-polar,light,upfolded,0.14739,2.223892e-02,1.942712e-01
non-polar,light,upfolded,0.14989,2.291644e-02,1.954439e-01
non-polar,light,upfolded,0.15239,2.345850e-02,1.966667e-01
non-polar,light,upfolded,0.15489,2.379802e-02,1.977193e-01
non-polar,light,upfolded,0.15738,2.392302e-02,1.984355e-01
non-polar,light,upfolded,0.15988,2.387373e-02,1.987435e-01
non-polar,light,upfolded,0.16238,2.371621e-02,1.986820e-01
non-polar,light,upfolded,0.16488,2.351029e-02,1.983919e-01
non-polar,light,upfolded,0.16738,2.329064e-02,1.980875e-01
non-polar,light,upfolded,0.16987,2.306834e-02,1.980082e-01
non-polar,light,upfolded,0.17237,2.284804e-02,1.983533e-01
non-polar,light,upfolded,0.17487,2.264726e-02,1.992108e-01
non-polar,light,upfolded,0.17737,2.250542e-02,2.005098e-01
non-polar,light,upfolded,0.17987,2.247894e-02,2.020331e-01
non-polar,light,upfolded,0.18237,2.262855e-02,2.034943e-01
non-polar,light,upfolded,0.18486,2.300707e-02,2.046428e-01
non-polar,light,upfolded,0.18736,2.365118e-02,2.053390e-01
non-polar,light,upfolded,0.18986,2.457621e-02,2.055744e-01
non-polar,light,upfolded,0.19236,2.577102e-02,2.054488e-01
non-polar,light,upfolded,0.19486,2.719239e-02,2.051346e-01
non-polar,light,upfolded,0.19735,2.876096e-02,2.048428e-01
non-polar,light,upfolded,0.19985,3.036396e-02,2.047924e-01
non-polar,light,upfolded,0.20235,3.186903e-02,2.051746e-01
non-polar,light,upfolded,0.20485,3.314925e-02,2.061021e-01
non-polar,light,upfolded,0.20735,3.411182e-02,2.075552e-01
non-polar,light,upfolded,0.20984,3.471808e-02,2.093555e-01
non-polar,light,upfolded,0.21234,3.498521e-02,2.112038e-01
non-polar,light,upfolded,0.21484,3.497084e-02,2.127802e-01
non-polar,light,upfolded,0.21734,3.475138e-02,2.138599e-01
non-polar,light,upfolded,0.21984,3.440445e-02,2.143783e-01
non-polar,light,upfolded,0.22234,3.399957e-02,2.144222e-01
non-polar,light,upfolded,0.22483,3.359755e-02,2.141771e-01
non-polar,light,upfolded,0.22733,3.325707e-02,2.138720e-01
non-polar,light,upfolded,0.22983,3.304244e-02,2.137398e-01
non-polar,light,upfolded,0.23233,3.302395e-02,2.139882e-01
non-polar,light,upfolded,0.23483,3.326821e-02,2.147713e-01
non-polar,light,upfolded,0.23732,3.382251e-02,2.161526e-01
non-polar,light,upfolded,0.23982,3.469958e-02,2.180651e-01
non-polar,light,upfolded,0.24232,3.586596e-02,2.202962e-01
non-polar,light,upfolded,0.24482,3.723634e-02,2.225263e-01
non-polar,light,upfolded,0.24732,3.867708e-02,2.244251e-01
non-polar,light,upfolded,0.24981,4.002258e-02,2.257629e-01
non-polar,light,upfolded,0.25231,4.110425e-02,2.264790e-01
non-polar,light,upfolded,0.25481,4.178494e-02,2.266771e-01
non-polar,light,upfolded,0.25731,4.198839e-02,2.265698e-01
non-polar,light,upfolded,0.25981,4.171501e-02,2.264177e-01
non-polar,light,upfolded,0.26230,4.104057e-02,2.264848e-01
non-polar,light,upfolded,0.26480,4.009673e-02,2.270073e-01
non-polar,light,upfolded,0.26730,3.903703e-02,2.281604e-01
non-polar,light,upfolded,0.26980,3.799964e-02,2.300184e-01
non-polar,light,upfolded,0.27230,3.708163e-02,2.325152e-01
non-polar,light,upfolded,0.27480,3.633396e-02,2.354297e-01
non-polar,light,upfolded,0.27729,3.577599e-02,2.384256e-01
non-polar,light,upfolded,0.27979,3.541926e-02,2.411461e-01
non-polar,light,upfolded,0.28229,3.528705e-02,2.433255e-01
non-polar,light,upfolded,0.28479,3.541956e-02,2.448605e-01
non-polar,light,upfolded,0.28729,3.586460e-02,2.458156e-01
non-polar,light,upfolded,0.28978,3.666069e-02,2.463856e-01
non-polar,light,upfolded,0.29228,3.781973e-02,2.468485e-01
non-polar,light,upfolded,0.29478,3.931236e-02,2.475258e-01
non-polar,light,upfolded,0.29728,4.105785e-02,2.487423e-01
non-polar,light,upfolded,0.29978,4.292305e-02,2.507751e-01
non-polar,light,upfolded,0.30227,4.473731e-02,2.537886e-01
non-polar,light,upfolded,0.30477,4.632646e-02,2.577791e-01
non-polar,light,upfolded,0.30727,4.755758e-02,2.625585e-01
non-polar,light,upfolded,0.30977,4.837563e-02,2.677962e-01
non-polar,light,upfolded,0.31227,4.881448e-02,2.731081e-01
non-polar,light,upfolded,0.31476,4.897642e-02,2.781603e-01
non-polar,light,upfolded,0.31726,4.898772e-02,2.827555e-01
non-polar,light,upfolded,0.31976,4.894859e-02,2.868862e-01
non-polar,light,upfolded,0.32226,4.890000e-02,2.907523e-01
non-polar,light,upfolded,0.32476,4.882403e-02,2.947410e-01
non-polar,light,upfolded,0.32726,4.867866e-02,2.993730e-01
non-polar,light,upfolded,0.32975,4.844840e-02,3.052193e-01
non-polar,light,upfolded,0.33225,4.817998e-02,3.127960e-01
non-polar,light,upfolded,0.33475,4.798177e-02,3.224396e-01
non-polar,light,upfolded,0.33725,4.799071e-02,3.341783e-01
non-polar,light,upfolded,0.33975,4.832847e-02,3.476377e-01
non-polar,light,upfolded,0.34224,4.906565e-02,3.620383e-01
non-polar,light,upfolded,0.34474,5.019918e-02,3.763363e-01
non-polar,light,upfolded,0.34724,5.164138e-02,3.894972e-01
non-polar,light,upfolded,0.34974,5.322259e-02,4.008046e-01
non-polar,light,upfolded,0.35224,5.471481e-02,4.100541e-01
non-polar,light,upfolded,0.35473,5.588185e-02,4.175468e-01
non-polar,light,upfolded,0.35723,5.654545e-02,4.239178e-01
non-polar,light,upfolded,0.35973,5.663815e-02,4.299049e-01
non-polar,light,upfolded,0.36223,5.621307e-02,4.361386e-01
non-polar,light,upfolded,0.36473,5.540515e-02,4.429883e-01
non-polar,light,upfolded,0.36723,5.437007e-02,4.504722e-01
non-polar,light,upfolded,0.36972,5.323786e-02,4.582311e-01
non-polar,light,upfolded,0.37222,5.210218e-02,4.655778e-01
non-polar,light,upfolded,0.37472,5.103895e-02,4.716421e-01
non-polar,light,upfolded,0.37722,5.013033e-02,4.756088e-01
non-polar,light,upfolded,0.37972,4.947404e-02,4.769898e-01
non-polar,light,upfolded,0.38221,4.917363e-02,4.758138e-01
non-polar,light,upfolded,0.38471,4.931908e-02,4.726180e-01
non-polar,light,upfolded,0.38721,4.996773e-02,4.682366e-01
non-polar,light,upfolded,0.38971,5.112910e-02,4.635089e-01
non-polar,light,upfolded,0.39221,5.275185e-02,4.590489e-01
non-polar,light,upfolded,0.39470,5.471301e-02,4.551291e-01
non-polar,light,upfolded,0.39720,5.681592e-02,4.516571e-01
non-polar,light,upfolded,0.39970,5.880857e-02,4.482291e-01
non-polar,light,upfolded,0.40220,6.043147e-02,4.442517e-01
non-polar,light,upfolded,0.40470,6.148735e-02,4.391108e-01
non-polar,light,upfolded,0.40719,6.190263e-02,4.323407e-01
non-polar,light,upfolded,0.40969,6.174502e-02,4.237398e-01
non-polar,light,upfolded,0.41219,6.118621e-02,4.134011e-01
non-polar,light,upfolded,0.41469,6.043549e-02,4.016796e-01
non-polar,light,upfolded,0.41719,5.968375e-02,3.891255e-01
non-polar,light,upfolded,0.41969,5.907964e-02,3.763697e-01
non-polar,light,upfolded,0.42218,5.873290e-02,3.639537e-01
non-polar,light,upfolded,0.42468,5.872830e-02,3.521645e-01
non-polar,light,upfolded,0.42718,5.913600e-02,3.409608e-01
non-polar,light,upfolded,0.42968,6.001002e-02,3.300209e-01
non-polar,light,upfolded,0.43218,6.137290e-02,3.188700e-01
non-polar,light,upfolded,0.43467,6.319178e-02,3.070468e-01
non-polar,light,upfolded,0.43717,6.535733e-02,2.942783e-01
non-polar,light,upfolded,0.43967,6.767902e-02,2.806082e-01
non-polar,light,upfolded,0.44217,6.990768e-02,2.663981e-01
non-polar,light,upfolded,0.44467,7.178431e-02,2.521789e-01
non-polar,light,upfolded,0.44716,7.309720e-02,2.384335e-01
non-polar,light,upfolded,0.44966,7.372117e-02,2.254334e-01
non-polar,light,upfolded,0.45216,7.362725e-02,2.131971e-01
non-polar,light,upfolded,0.45466,7.287406e-02,2.015650e-01
non-polar,light,upfolded,0.45716,7.159729e-02,1.903282e-01
non-polar,light,upfolded,0.45966,6.999863e-02,1.793408e-01
non-polar,light,upfolded,0.46215,6.832278e-02,1.685703e-01
non-polar,light,upfolded,0.46465,6.681867e-02,1.580863e-01
non-polar,light,upfolded,0.46715,6.569690e-02,1.480162e-01
non-polar,light,upfolded,0.46965,6.509874e-02,1.384918e-01
non-polar,light,upfolded,0.47215,6.508228e-02,1.296107e-01
non-polar,light,upfolded,0.47464,6.562237e-02,1.214200e-01
non-polar,light,upfolded,0.47714,6.662099e-02,1.139240e-01
non-polar,light,upfolded,0.47964,6.792827e-02,1.071021e-01
non-polar,light,upfolded,0.48214,6.937350e-02,1.009232e-01
non-polar,light,upfolded,0.48464,7.079873e-02,9.535278e-02
non-polar,light,upfolded,0.48713,7.208326e-02,9.035283e-02
non-polar,light,upfolded,0.48963,7.315452e-02,8.588214e-02
non-polar,light,upfolded,0.49213,7.399085e-02,8.189704e-02
non-polar,light,upfolded,0.49463,7.462043e-02,7.835358e-02
non-polar,light,upfolded,0.49713,7.511072e-02,7.520976e-02
non-polar,light,upfolded,0.49962,7.554514e-02,7.242716e-02
non-polar,light,upfolded,0.50212,7.599704e-02,6.997197e-02
non-polar,light,upfolded,0.50462,7.651521e-02,6.781535e-02
non-polar,light,upfolded,0.50712,7.712280e-02,6.593347e-02
non-polar,light,upfolded,0.50962,7.782105e-02,6.430738e-02
non-polar,light,upfolded,0.51212,7.859268e-02,6.292272e-02
non-polar,light,upfolded,0.51461,7.940826e-02,6.176961e-02
non-polar,light,upfolded,0.51711,8.023870e-02,6.084242e-02
non-polar,light,upfolded,0.51961,8.106940e-02,6.013973e-02
non-polar,light,upfolded,0.52211,8.190611e-02,5.966431e-02
non-polar,light,upfolded,0.52461,8.276839e-02,5.942305e-02
non-polar,light,upfolded,0.52710,8.367842e-02,5.942687e-02
non-polar,light,upfolded,0.52960,8.465822e-02,5.969031e-02
non-polar,light,upfolded,0.53210,8.573664e-02,6.023061e-02
non-polar,light,upfolded,0.53460,8.695176e-02,6.106577e-02
non-polar,light,upfolded,0.53710,8.833686e-02,6.221107e-02
non-polar,light,upfolded,0.53959,8.989714e-02,6.367358e-02
non-polar,light,upfolded,0.54209,9.159726e-02,6.544446e-02
non-polar,light,upfolded,0.54459,9.337123e-02,6.749078e-02
non-polar,light,upfolded,0.54709,9.514785e-02,6.975072e-02
non-polar,light,upfolded,0.54959,9.687334e-02,7.213861e-02
non-polar,light,upfolded,0.55208,9.851656e-02,7.456442e-02
non-polar,light,upfolded,0.55458,1.000581e-01,7.696274e-02
non-polar,light,upfolded,0.55708,1.014774e-01,7.931405e-02
non-polar,light,upfolded,0.55958,1.027515e-01,8.163983e-02
non-polar,light,upfolded,0.56208,1.038674e-01,8.397081e-02
non-polar,light,upfolded,0.56458,1.048437e-01,8.630869e-02
non-polar,light,upfolded,0.56707,1.057444e-01,8.860501e-02
non-polar,light,upfolded,0.56957,1.066752e-01,9.076642e-02
non-polar,light,upfolded,0.57207,1.077554e-01,9.268212e-02
non-polar,light,upfolded,0.57457,1.090843e-01,9.426600e-02
non-polar,light,upfolded,0.57707,1.107199e-01,9.550295e-02
non-polar,light,upfolded,0.57956,1.126766e-01,9.647675e-02
non-polar,light,upfolded,0.58206,1.149338e-01,9.735510e-02
non-polar,light,upfolded,0.58456,1.174431e-01,9.833034e-02
non-polar,light,upfolded,0.58706,1.201236e-01,9.954516e-02
non-polar,light,upfolded,0.58956,1.228561e-01,1.010394e-01
non-polar,light,upfolded,0.59205,1.254907e-01,1.027384e-01
non-polar,light,upfolded,0.59455,1.278788e-01,1.044834e-01
non-polar,light,upfolded,0.59705,1.299176e-01,1.060890e-01
non-polar,light,upfolded,0.59955,1.315806e-01,1.074024e-01
non-polar,light,upfolded,0.60205,1.329143e-01,1.083461e-01
non-polar,light,upfolded,0.60455,1.340028e-01,1.089363e-01
non-polar,light,upfolded,0.60704,1.349204e-01,1.092767e-01
non-polar,light,upfolded,0.60954,1.356931e-01,1.095265e-01
non-polar,light,upfolded,0.61204,1.362826e-01,1.098495e-01
non-polar,light,upfolded,0.61454,1.366043e-01,1.103677e-01
non-polar,light,upfolded,0.61704,1.365810e-01,1.111413e-01
non-polar,light,upfolded,0.61953,1.362134e-01,1.121745e-01
non-polar,light,upfolded,0.62203,1.356176e-01,1.134263e-01
non-polar,light,upfolded,0.62453,1.349973e-01,1.148171e-01
non-polar,light,upfolded,0.62703,1.345614e-01,1.162325e-01
non-polar,light,upfolded,0.62953,1.344391e-01,1.175390e-01
non-polar,light,upfolded,0.63202,1.346394e-01,1.186108e-01
non-polar,light,upfolded,0.63452,1.350670e-01,1.193629e-01
non-polar,light,upfolded,0.63702,1.355693e-01,1.197767e-01
non-polar,light,upfolded,0.63952,1.359780e-01,1.199103e-01
non-polar,light,upfolded,0.64202,1.361319e-01,1.198882e-01
non-polar,light,upfolded,0.64451,1.358909e-01,1.198770e-01
non-polar,light,upfolded,0.64701,1.351622e-01,1.200508e-01
non-polar,light,upfolded,0.64951,1.339386e-01,1.205513e-01
non-polar,light,upfolded,0.65201,1.323248e-01,1.214541e-01
non-polar,light,upfolded,0.65451,1.305212e-01,1.227526e-01
non-polar,light,upfolded,0.65701,1.287572e-01,1.243626e-01
non-polar,light,upfolded,0.65950,1.272077e-01,1.261422e-01
non-polar,light,upfolded,0.66200,1.259403e-01,1.279227e-01
non-polar,light,upfolded,0.66450,1.249190e-01,1.295448e-01
non-polar,light,upfolded,0.66700,1.240552e-01,1.308963e-01
non-polar,light,upfolded,0.66950,1.232729e-01,1.319413e-01
non-polar,light,upfolded,0.67199,1.225535e-01,1.327353e-01
non-polar,light,upfolded,0.67449,1.219373e-01,1.334211e-01
non-polar,light,upfolded,0.67699,1.214874e-01,1.342090e-01
non-polar,light,upfolded,0.67949,1.212397e-01,1.353444e-01
non-polar,light,upfolded,0.68199,1.211628e-01,1.370670e-01
non-polar,light,upfolded,0.68448,1.211409e-01,1.395635e-01
non-polar,light,upfolded,0.68698,1.209918e-01,1.429204e-01
non-polar,light,upfolded,0.68948,1.205204e-01,1.470845e-01
non-polar,light,upfolded,0.69198,1.195942e-01,1.518502e-01
non-polar,light,upfolded,0.69448,1.182093e-01,1.568864e-01
non-polar,light,upfolded,0.69697,1.165167e-01,1.618087e-01
non-polar,light,upfolded,0.69947,1.147894e-01,1.662790e-01
non-polar,light,upfolded,0.70197,1.133406e-01,1.700935e-01
non-polar,light,upfolded,0.70447,1.124301e-01,1.732242e-01
non-polar,light,upfolded,0.70697,1.121968e-01,1.758034e-01
non-polar,light,upfolded,0.70947,1.126367e-01,1.780698e-01
non-polar,light,upfolded,0.71196,1.136228e-01,1.803023e-01
non-polar,light,upfolded,0.71446,1.149557e-01,1.827604e-01
non-polar,light,upfolded,0.71696,1.164270e-01,1.856379e-01
non-polar,light,upfolded,0.71946,1.178731e-01,1.890256e-01
non-polar,light,upfolded,0.72196,1.191973e-01,1.928812e-01
non-polar,light,upfolded,0.72445,1.203521e-01,1.970163e-01
non-polar,light,upfolded,0.72695,1.212962e-01,2.011242e-01
non-polar,light,upfolded,0.72945,1.219542e-01,2.048582e-01
non-polar,light,upfolded,0.73195,1.222059e-01,2.079360e-01
non-polar,light,upfolded,0.73445,1.219140e-01,2.102200e-01
non-polar,light,upfolded,0.73694,1.209757e-01,2.117388e-01
non-polar,light,upfolded,0.73944,1.193723e-01,2.126567e-01
non-polar,light,upfolded,0.74194,1.171961e-01,2.132228e-01
non-polar,light,upfolded,0.74444,1.146479e-01,2.137255e-01
non-polar,light,upfolded,0.74694,1.120083e-01,2.144526e-01
non-polar,light,upfolded,0.74944,1.095851e-01,2.156467e-01
non-polar,light,upfolded,0.75193,1.076488e-01,2.174478e-01
non-polar,light,upfolded,0.75443,1.063781e-01,2.198410e-01
non-polar,light,upfolded,0.75693,1.058333e-01,2.226404e-01
non-polar,light,upfolded,0.75943,1.059618e-01,2.255312e-01
non-polar,light,upfolded,0.76193,1.066272e-01,2.281617e-01
non-polar,light,upfolded,0.76442,1.076421e-01,2.302432e-01
non-polar,light,upfolded,0.76692,1.087918e-01,2.316160e-01
non-polar,light,upfolded,0.76942,1.098468e-01,2.322681e-01
non-polar,light,upfolded,0.77192,1.105812e-01,2.323182e-01
non-polar,light,upfolded,0.77442,1.108160e-01,2.319845e-01
non-polar,light,upfolded,0.77691,1.104784e-01,2.315500e-01
non-polar,light,upfolded,0.77941,1.096378e-01,2.313228e-01
non-polar,light,upfolded,0.78191,1.084844e-01,2.315772e-01
non-polar,light,upfolded,0.78441,1.072593e-01,2.324797e-01
non-polar,light,upfolded,0.78691,1.061855e-01,2.340265e-01
non-polar,light,upfolded,0.78940,1.054338e-01,2.360278e-01
non-polar,light,upfolded,0.79190,1.051228e-01,2.381583e-01
non-polar,light,upfolded,0.79440,1.053226e-01,2.400601e-01
non-polar,light,upfolded,0.79690,1.060456e-01,2.414470e-01
non-polar,light,upfolded,0.79940,1.072275e-01,2.421669e-01
non-polar,light,upfolded,0.80190,1.087182e-01,2.422130e-01
non-polar,light,upfolded,0.80439,1.102976e-01,2.417031e-01
non-polar,light,upfolded,0.80689,1.117188e-01,2.408482e-01
non-polar,light,upfolded,0.80939,1.127700e-01,2.399198e-01
non-polar,light,upfolded,0.81189,1.133340e-01,2.392131e-01
non-polar,light,upfolded,0.81439,1.134194e-01,2.389932e-01
non-polar,light,upfolded,0.81688,1.131496e-01,2.394201e-01
non-polar,light,upfolded,0.81938,1.127125e-01,2.404780e-01
non-polar,light,upfolded,0.82188,1.122924e-01,2.419526e-01
non-polar,light,upfolded,0.82438,1.120187e-01,2.434889e-01
non-polar,light,upfolded,0.82688,1.119472e-01,2.447142e-01
non-polar,light,upfolded,0.82937,1.120681e-01,2.453637e-01
non-polar,light,upfolded,0.83187,1.123197e-01,2.453434e-01
non-polar,light,upfolded,0.83437,1.125995e-01,2.447204e-01
non-polar,light,upfolded,0.83687,1.127796e-01,2.436755e-01
non-polar,light,upfolded,0.83937,1.127337e-01,2.424520e-01
non-polar,light,upfolded,0.84187,1.123751e-01,2.413140e-01
non-polar,light,upfolded,0.84436,1.116887e-01,2.405090e-01
non-polar,light,upfolded,0.84686,1.107444e-01,2.402230e-01
non-polar,light,upfolded,0.84936,1.096783e-01,2.405221e-01
non-polar,light,upfolded,0.85186,1.086517e-01,2.413020e-01
non-polar,light,upfolded,0.85436,1.078067e-01,2.422874e-01
non-polar,light,upfolded,0.85685,1.072462e-01,2.431104e-01
non-polar,light,upfolded,0.85935,1.070386e-01,2.434463e-01
non-polar,light,upfolded,0.86185,1.072259e-01,2.431340e-01
non-polar,light,upfolded,0.86435,1.078176e-01,2.422134e-01
non-polar,light,upfolded,0.86685,1.087713e-01,2.408804e-01
non-polar,light,upfolded,0.86934,1.099763e-01,2.394054e-01
non-polar,light,upfolded,0.87184,1.112467e-01,2.380594e-01
non-polar,light,upfolded,0.87434,1.123237e-01,2.370572e-01
non-polar,light,upfolded,0.87684,1.128985e-01,2.365187e-01
non-polar,light,upfolded,0.87934,1.126666e-01,2.364427e-01
non-polar,light,upfolded,0.88183,1.114103e-01,2.366964e-01
non-polar,light,upfolded,0.88433,1.090795e-01,2.370318e-01
non-polar,light,upfolded,0.88683,1.058166e-01,2.371475e-01
non-polar,light,upfolded,0.88933,1.018991e-01,2.367901e-01
non-polar,light,upfolded,0.89183,9.762784e-02,2.358561e-01
non-polar,light,upfolded,0.89433,9.322934e-02,2.344323e-01
non-polar,light,upfolded,0.89682,8.882576e-02,2.327537e-01
non-polar,light,upfolded,0.89932,8.447292e-02,2.311100e-01
non-polar,light,upfolded,0.90182,8.022440e-02,2.297464e-01
non-polar,light,upfolded,0.90432,7.617124e-02,2.287903e-01
non-polar,light,upfolded,0.90682,7.243600e-02,2.282207e-01
non-polar,light,upfolded,0.90931,6.913689e-02,2.278855e-01
non-polar,light,upfolded,0.91181,6.635108e-02,2.275571e-01
non-polar,light,upfolded,0.91431,6.409488e-02,2.270032e-01
non-polar,light,upfolded,0.91681,6.232243e-02,2.260542e-01
non-polar,light,upfolded,0.91931,6.093783e-02,2.246599e-01
non-polar,light,upfolded,0.92180,5.981444e-02,2.229146e-01
non-polar,light,upfolded,0.92430,5.881638e-02,2.210283e-01
non-polar,light,upfolded,0.92680,5.781989e-02,2.192447e-01
non-polar,light,upfolded,0.92930,5.673601e-02,2.177412e-01
non-polar,light,upfolded,0.93180,5.553322e-02,2.165555e-01
non-polar,light,upfolded,0.93429,5.424915e-02,2.155743e-01
non-polar,light,upfolded,0.93679,5.297901e-02,2.145908e-01
non-polar,light,upfolded,0.93929,5.184248e-02,2.134003e-01
non-polar,light,upfolded,0.94179,5.094564e-02,2.118813e-01
non-polar,light,upfolded,0.94429,5.035417e-02,2.100303e-01
non-polar,light,upfolded,0.94679,5.008368e-02,2.079510e-01
non-polar,light,upfolded,0.94928,5.010412e-02,2.058107e-01
non-polar,light,upfolded,0.95178,5.035200e-02,2.037700e-01
non-polar,light,upfolded,0.95428,5.074410e-02,2.019097e-01
non-polar,light,upfolded,0.95678,5.118874e-02,2.001897e-01
non-polar,light,upfolded,0.95928,5.159482e-02,1.984706e-01
non-polar,light,upfolded,0.96177,5.188115e-02,1.965906e-01
non-polar,light,upfolded,0.96427,5.198498e-02,1.944522e-01
non-polar,light,upfolded,0.96677,5.186683e-02,1.920640e-01
non-polar,light,upfolded,0.96927,5.151289e-02,1.895190e-01
non-polar,light,upfolded,0.97177,5.093710e-02,1.869337e-01
non-polar,light,upfolded,0.97426,5.017769e-02,1.843828e-01
non-polar,light,upfolded,0.97676,4.928172e-02,1.818617e-01
non-polar,light,upfolded,0.97926,4.828318e-02,1.792941e-01
non-polar,light,upfolded,0.98176,4.719284e-02,1.765812e-01
non-polar,light,upfolded,0.98426,4.601111e-02,1.736631e-01
non-polar,light,upfolded,0.98676,4.475581e-02,1.705479e-01
non-polar,light,upfolded,0.98925,4.348242e-02,1.672902e-01
non-polar,light,upfolded,0.99175,4.228143e-02,1.639394e-01
non-polar,light,upfolded,0.99425,4.125690e-02,1.605006e-01
non-polar,light,upfolded,0.99675,4.050191e-02,1.569354e-01
non-polar,light,upfolded,0.99925,4.008261e-02,1.531938e-01
non-polar,light,upfolded,1.00174,4.003187e-02,1.492481e-01
non-polar,light,upfolded,1.00424,4.034758e-02,1.451005e-01
non-polar,light,upfolded,1.00674,4.099163e-02,1.407647e-01
non-polar,light,upfolded,1.00924,4.188863e-02,1.362439e-01
non-polar,light,upfolded,1.01174,4.292728e-02,1.315280e-01
non-polar,light,upfolded,1.01423,4.396856e-02,1.266089e-01
non-polar,light,upfolded,1.01673,4.486451e-02,1.214944e-01
non-polar,light,upfolded,1.01923,4.548749e-02,1.162110e-01
non-polar,light,upfolded,1.02173,4.576260e-02,1.108018e-01
non-polar,light,upfolded,1.02423,4.568797e-02,1.053277e-01
non-polar,light,upfolded,1.02672,4.532790e-02,9.986899e-02
non-polar,light,upfolded,1.02922,4.477927e-02,9.452207e-02
non-polar,light,upfolded,1.03172,4.413057e-02,8.938834e-02
non-polar,light,upfolded,1.03422,4.343851e-02,8.455935e-02
non-polar,light,upfolded,1.03672,4.273287e-02,8.010366e-02
non-polar,light,upfolded,1.03922,4.203964e-02,7.606003e-02
non-polar,light,upfolded,1.04171,4.140035e-02,7.243813e-02
non-polar,light,upfolded,1.04421,4.087147e-02,6.922477e-02
non-polar,light,upfolded,1.04671,4.050534e-02,6.639189e-02
non-polar,light,upfolded,1.04921,4.032677e-02,6.390398e-02
non-polar,light,upfolded,1.05171,4.031906e-02,6.172337e-02
non-polar,light,upfolded,1.05420,4.042554e-02,5.981367e-02
non-polar,light,upfolded,1.05670,4.056530e-02,5.814145e-02
non-polar,light,upfolded,1.05920,4.065645e-02,5.667701e-02
non-polar,light,upfolded,1.06170,4.063856e-02,5.539448e-02
non-polar,light,upfolded,1.06420,4.048867e-02,5.427156e-02
non-polar,light,upfolded,1.06669,4.022828e-02,5.328915e-02
non-polar,light,upfolded,1.06919,3.991815e-02,5.243097e-02
non-polar,light,upfolded,1.07169,3.963953e-02,5.168313e-02
non-polar,light,upfolded,1.07419,3.946812e-02,5.103379e-02
non-polar,light,upfolded,1.07669,3.945248e-02,5.047282e-02
non-polar,light,upfolded,1.07918,3.960523e-02,4.999156e-02
non-polar,light,upfolded,1.08168,3.990681e-02,4.958257e-02
non-polar,light,upfolded,1.08418,4.031579e-02,4.923945e-02
non-polar,light,upfolded,1.08668,4.077997e-02,4.895666e-02
non-polar,light,upfolded,1.08918,4.124480e-02,4.872944e-02
non-polar,light,upfolded,1.09168,4.165741e-02,4.855365e-02
non-polar,light,upfolded,1.09417,4.196656e-02,4.842569e-02
non-polar,light,upfolded,1.09667,4.212340e-02,4.834242e-02
non-polar,light,upfolded,1.09917,4.208821e-02,4.830114e-02
non-polar,light,upfolded,1.10167,4.184066e-02,4.829946e-02
non-polar,light,upfolded,1.10417,4.138532e-02,4.833531e-02
non-polar,light,upfolded,1.10666,4.075032e-02,4.840689e-02
non-polar,light,upfolded,1.10916,3.998542e-02,4.851263e-02
non-polar,light,upfolded,1.11166,3.916302e-02,4.865117e-02
non-polar,light,upfolded,1.11416,3.837609e-02,4.882133e-02
non-polar,light,upfolded,1.11666,3.772676e-02,4.902210e-02
non-polar,light,upfolded,1.11915,3.730794e-02,4.925259e-02
non-polar,light,upfolded,1.12165,3.718609e-02,4.951207e-02
non-polar,light,upfolded,1.12415,3.738960e-02,4.979993e-02
non-polar,light,upfolded,1.12665,3.790195e-02,5.011564e-02
non-polar,light,upfolded,1.12915,3.865818e-02,5.045881e-02
non-polar,light,upfolded,1.13165,3.954659e-02,5.082909e-02
non-polar,light,upfolded,1.13414,4.042173e-02,5.122626e-02
non-polar,light,upfolded,1.13664,4.113339e-02,5.165016e-02
non-polar,light,upfolded,1.13914,4.156600e-02,5.210069e-02
non-polar,light,upfolded,1.14164,4.167011e-02,5.257785e-02
non-polar,light,upfolded,1.14414,4.146704e-02,5.308168e-02
non-polar,light,upfolded,1.14663,4.102630e-02,5.361229e-02
non-polar,light,upfolded,1.14913,4.043592e-02,5.416985e-02
non-polar,light,upfolded,1.15163,3.978562e-02,5.475460e-02
non-polar,light,upfolded,1.15413,3.916377e-02,5.536681e-02
non-polar,light,upfolded,1.15663,3.865536e-02,5.600682e-02
non-polar,light,upfolded,1.15912,3.833150e-02,5.667504e-02
non-polar,light,upfolded,1.16162,3.823315e-02,5.737192e-02
non-polar,light,upfolded,1.16412,3.835762e-02,5.809794e-02
non-polar,light,upfolded,1.16662,3.865468e-02,5.885367e-02
non-polar,light,upfolded,1.16912,3.903649e-02,5.963972e-02
non-polar,light,upfolded,1.17161,3.940137e-02,6.045676e-02
non-polar,light,upfolded,1.17411,3.966566e-02,6.130550e-02
non-polar,light,upfolded,1.17661,3.978948e-02,6.218671e-02
non-polar,light,upfolded,1.17911,3.978294e-02,6.310124e-02
non-polar,light,upfolded,1.18161,3.969081e-02,6.404997e-02
non-polar,light,upfolded,1.18411,3.956810e-02,6.503385e-02
non-polar,light,upfolded,1.18660,3.946208e-02,6.605391e-02
non-polar,light,upfolded,1.18910,3.940699e-02,6.711122e-02
non-polar,light,upfolded,1.19160,3.942663e-02,6.820694e-02
non-polar,light,upfolded,1.19410,3.953488e-02,6.934227e-02
non-polar,light,upfolded,1.19660,3.972842e-02,7.051852e-02
non-polar,light,upfolded,1.19909,3.997513e-02,7.173705e-02
non-polar,light,upfolded,1.20159,4.021015e-02,7.299932e-02
non-polar,light,upfolded,1.20409,4.035021e-02,7.430686e-02
non-polar,light,upfolded,1.20659,4.032530e-02,7.566129e-02
non-polar,light,upfolded,1.20909,4.011327e-02,7.706432e-02
non-polar,light,upfolded,1.21158,3.975688e-02,7.851779e-02
non-polar,light,upfolded,1.21408,3.935238e-02,8.002360e-02
non-polar,light,upfolded,1.21658,3.901635e-02,8.158379e-02
non-polar,light,upfolded,1.21908,3.884860e-02,8.320050e-02
non-polar,light,upfolded,1.22158,3.890576e-02,8.487600e-02
non-polar,light,upfolded,1.22408,3.919016e-02,8.661270e-02
non-polar,light,upfolded,1.22657,3.965145e-02,8.841314e-02
non-polar,light,upfolded,1.22907,4.019775e-02,9.028000e-02
non-polar,light,upfolded,1.23157,4.071446e-02,9.221613e-02
non-polar,light,upfolded,1.23407,4.109007e-02,9.422454e-02
non-polar,light,upfolded,1.23657,4.124577e-02,9.630843e-02
non-polar,light,upfolded,1.23906,4.116060e-02,9.847119e-02
non-polar,light,upfolded,1.24156,4.088088e-02,1.007164e-01
non-polar,light,upfolded,1.24406,4.050687e-02,1.030478e-01
non-polar,light,upfolded,1.24656,4.016087e-02,1.054696e-01
non-polar,light,upfolded,1.24906,3.994995e-02,1.079859e-01
non-polar,light,upfolded,1.25155,3.993716e-02,1.106013e-01
non-polar,light,upfolded,1.25405,4.012821e-02,1.133208e-01
non-polar,light,upfolded,1.25655,4.047441e-02,1.161493e-01
non-polar,light,upfolded,1.25905,4.088986e-02,1.190925e-01
non-polar,light,upfolded,1.26155,4.127896e-02,1.221561e-01
non-polar,light,upfolded,1.26404,4.156686e-02,1.253464e-01
non-polar,light,upfolded,1.26654,4.172233e-02,1.286700e-01
non-polar,light,upfolded,1.26904,4.176440e-02,1.321340e-01
non-polar,light,upfolded,1.27154,4.175016e-02,1.357460e-01
non-polar,light,upfolded,1.27404,4.174881e-02,1.395140e-01
non-polar,light,upfolded,1.27654,4.181306e-02,1.434468e-01
non-polar,light,upfolded,1.27903,4.196014e-02,1.475535e-01
non-polar,light,upfolded,1.28153,4.217109e-02,1.518442e-01
non-polar,light,upfolded,1.28403,4.240748e-02,1.563295e-01
non-polar,light,upfolded,1.28653,4.263598e-02,1.610208e-01
non-polar,light,upfolded,1.28903,4.284682e-02,1.659305e-01
non-polar,light,upfolded,1.29152,4.305650e-02,1.710717e-01
non-polar,light,upfolded,1.29402,4.329482e-02,1.764588e-01
non-polar,light,upfolded,1.29652,4.358589e-02,1.821070e-01
non-polar,light,upfolded,1.29902,4.393478e-02,1.880331e-01
non-polar,light,upfolded,1.30152,4.432619e-02,1.942548e-01
non-polar,light,upfolded,1.30401,4.473440e-02,2.007915e-01
non-polar,light,upfolded,1.30651,4.513902e-02,2.076643e-01
non-polar,light,upfolded,1.30901,4.553831e-02,2.148959e-01
non-polar,light,upfolded,1.31151,4.595271e-02,2.225109e-01
non-polar,light,upfolded,1.31401,4.641627e-02,2.305363e-01
non-polar,light,upfolded,1.31650,4.696139e-02,2.390011e-01
non-polar,light,upfolded,1.31900,4.760671e-02,2.479373e-01
non-polar,light,upfolded,1.32150,4.835455e-02,2.573795e-01
non-polar,light,upfolded,1.32400,4.919732e-02,2.673658e-01
non-polar,light,upfolded,1.32650,5.012773e-02,2.779377e-01
non-polar,light,upfolded,1.32900,5.114722e-02,2.891408e-01
non-polar,light,upfolded,1.33149,5.226896e-02,3.010250e-01
non-polar,light,upfolded,1.33399,5.351405e-02,3.136455e-01
non-polar,light,upfolded,1.33649,5.490157e-02,3.270629e-01
non-polar,light,upfolded,1.33899,5.643576e-02,3.413441e-01
non-polar,light,upfolded,1.34149,5.809483e-02,3.565631e-01
non-polar,light,upfolded,1.34398,5.982404e-02,3.728020e-01
non-polar,light,upfolded,1.34648,6.153160e-02,3.901517e-01
non-polar,light,upfolded,1.34898,6.308495e-02,4.087136e-01
non-polar,light,upfolded,1.35148,6.430888e-02,4.286005e-01
non-polar,light,upfolded,1.35398,6.499283e-02,4.499386e-01
non-polar,light,upfolded,1.35647,6.491665e-02,4.728690e-01
non-polar,light,upfolded,1.35897,6.389849e-02,4.975504e-01
non-polar,light,upfolded,1.36147,6.185509e-02,5.241609e-01
non-polar,light,upfolded,1.36397,5.884743e-02,5.529018e-01
non-polar,light,upfolded,1.36647,5.508074e-02,5.840005e-01
non-polar,light,upfolded,1.36897,5.085102e-02,6.177149e-01
non-polar,light,upfolded,1.37146,4.646566e-02,6.543386e-01
non-polar,light,upfolded,1.37396,4.217871e-02,6.942059e-01
non-polar,light,upfolded,1.37646,3.816194e-02,7.376996e-01
non-polar,light,upfolded,1.37896,3.450763e-02,7.852588e-01
non-polar,light,upfolded,1.38146,3.124752e-02,8.373890e-01
non-polar,light,upfolded,1.38395,2.837437e-02,8.946741e-01
non-polar,light,upfolded,1.38645,2.585963e-02,9.577905e-01
non-polar,light,upfolded,1.38895,2.366547e-02,1.027525e+00
non-polar,light,upfolded,1.39145,2.175206e-02,1.104795e+00
non-polar,light,upfolded,1.39395,2.008148e-02,1.190677e+00
non-polar,light,upfolded,1.39644,1.861947e-02,1.286432e+00
non-polar,light,upfolded,1.39894,1.733609e-02,1.393551e+00
non-polar,light,upfolded,1.40144,1.620556e-02,1.513796e+00
non-polar,light,upfolded,1.40394,1.520599e-02,1.649259e+00
non-polar,light,upfolded,1.40644,1.431887e-02,1.802428e+00
non-polar,light,upfolded,1.40893,1.352858e-02,1.976273e+00
non-polar,light,upfolded,1.41143,1.282196e-02,2.174339e+00
non-polar,light,upfolded,1.41393,1.218791e-02,2.400865e+00
non-polar,light,upfolded,1.41643,1.161705e-02,2.660903e+00
non-polar,light,upfolded,1.41893,1.110141e-02,2.960457e+00
non-polar,light,upfolded,1.42143,1.063425e-02,3.306601e+00
non-polar,light,upfolded,1.42392,1.020980e-02,3.707552e+00
non-polar,light,upfolded,1.42642,9.823132e-03,4.172629e+00
non-polar,light,upfolded,1.42892,9.470009e-03,4.711968e+00
non-polar,light,upfolded,1.43142,9.146790e-03,5.335805e+00
non-polar,light,upfolded,1.43392,8.850328e-03,6.052982e+00
non-polar,light,upfolded,1.43641,8.577895e-03,6.868255e+00
non-polar,light,upfolded,1.43891,8.327121e-03,7.777895e+00
non-polar,light,upfolded,1.44141,8.095941e-03,8.763336e+00
non-polar,light,upfolded,1.44391,7.882553e-03,9.783604e+00
non-polar,light,upfolded,1.44641,7.685377e-03,1.076925e+01
non-polar,light,upfolded,1.44890,7.503030e-03,1.162321e+01
non-polar,light,upfolded,1.45140,7.334297e-03,1.223505e+01
non-polar,light,upfolded,1.45390,7.178112e-03,1.250982e+01
non-polar,light,upfolded,1.45640,7.033535e-03,1.240135e+01
non-polar,light,upfolded,1.45890,6.899745e-03,1.193073e+01
non-polar,light,upfolded,1.46139,6.776018e-03,1.117736e+01
non-polar,light,upfolded,1.46389,6.661724e-03,1.024886e+01
non-polar,light,upfolded,1.46639,6.556312e-03,9.248985e+00
non-polar,light,upfolded,1.46889,6.459308e-03,8.257769e+00
non-polar,light,upfolded,1.47139,6.370306e-03,7.326373e+00
non-polar,light,upfolded,1.47389,6.288963e-03,6.481203e+00
non-polar,light,upfolded,1.47638,6.214997e-03,5.731231e+00
non-polar,light,upfolded,1.47888,6.148182e-03,5.074831e+00
non-polar,light,upfolded,1.48138,6.088350e-03,4.504822e+00
non-polar,light,upfolded,1.48388,6.035389e-03,4.011715e+00
non-polar,light,upfolded,1.48638,5.989242e-03,3.585582e+00
non-polar,light,upfolded,1.48887,5.949913e-03,3.217029e+00
non-polar,light,upfolded,1.49137,5.917463e-03,2.897625e+00
non-polar,light,upfolded,1.49387,5.892022e-03,2.620030e+00
non-polar,light,upfolded,1.49637,5.873792e-03,2.377967e+00
non-polar,light,upfolded,1.49887,5.863054e-03,2.166123e+00
non-polar,light,upfolded,1.50136,5.860177e-03,1.980029e+00
non-polar,light,upfolded,1.50386,5.865636e-03,1.815933e+00
non-polar,light,upfolded,1.50636,5.880021e-03,1.670690e+00
non-polar,light,upfolded,1.50886,5.904063e-03,1.541656e+00
non-polar,light,upfolded,1.51136,5.938650e-03,1.426612e+00
non-polar,light,upfolded,1.51386,5.984862e-03,1.323682e+00
non-polar,light,upfolded,1.51635,6.043999e-03,1.231283e+00
non-polar,light,upfolded,1.51885,6.117618e-03,1.148071e+00
non-polar,light,upfolded,1.52135,6.207576e-03,1.072901e+00
non-polar,light,upfolded,1.52385,6.316061e-03,1.004797e+00
non-polar,light,upfolded,1.52635,6.445624e-03,9.429194e-01
non-polar,light,upfolded,1.52884,6.599180e-03,8.865491e-01
non-polar,light,upfolded,1.53134,6.779954e-03,8.350639e-01
non-polar,light,upfolded,1.53384,6.991341e-03,7.879252e-01
non-polar,light,upfolded,1.53634,7.236613e-03,7.446652e-01
non-polar,light,upfolded,1.53884,7.518430e-03,7.048760e-01
non-polar,light,upfolded,1.54133,7.838120e-03,6.682010e-01
non-polar,light,upfolded,1.54383,8.194815e-03,6.343277e-01
non-polar,light,upfolded,1.54633,8.584678e-03,6.029809e-01
non-polar,light,upfolded,1.54883,9.000580e-03,5.739181e-01
non-polar,light,upfolded,1.55133,9.432526e-03,5.469247e-01
non-polar,light,upfolded,1.55382,9.868825e-03,5.218105e-01
non-polar,light,upfolded,1.55632,1.029775e-02,4.984063e-01
non-polar,light,upfolded,1.55882,1.070939e-02,4.765614e-01
non-polar,light,upfolded,1.56132,1.109740e-02,4.561411e-01
non-polar,light,upfolded,1.56382,1.145948e-02,4.370249e-01
non-polar,light,upfolded,1.56632,1.179598e-02,4.191046e-01
non-polar,light,upfolded,1.56881,1.210695e-02,4.022828e-01
non-polar,light,upfolded,1.57131,1.239023e-02,3.864719e-01
non-polar,light,upfolded,1.57381,1.264249e-02,3.715927e-01
non-polar,light,upfolded,1.57631,1.286254e-02,3.575736e-01
non-polar,light,upfolded,1.57881,1.305400e-02,3.443497e-01
non-polar,light,upfolded,1.58130,1.322474e-02,3.318620e-01
non-polar,light,upfolded,1.58380,1.338284e-02,3.200569e-01
non-polar,light,upfolded,1.58630,1.353174e-02,3.088856e-01
non-polar,light,upfolded,1.58880,1.366830e-02,2.983035e-01
non-polar,light,upfolded,1.59130,1.378567e-02,2.882699e-01
non-polar,light,upfolded,1.59379,1.387870e-02,2.787475e-01
non-polar,light,upfolded,1.59629,1.394809e-02,2.697021e-01
non-polar,light,upfolded,1.59879,1.400048e-02,2.611022e-01
non-polar,light,upfolded,1.60129,1.404500e-02,2.529191e-01
non-polar,light,upfolded,1.60379,1.408848e-02,2.451262e-01
non-polar,light,upfolded,1.60629,1.413211e-02,2.376990e-01
non-polar,light,upfolded,1.60878,1.417163e-02,2.306148e-01
non-polar,light,upfolded,1.61128,1.420108e-02,2.238529e-01
non-polar,light,upfolded,1.61378,1.421774e-02,2.173938e-01
non-polar,light,upfolded,1.61628,1.422477e-02,2.112197e-01
non-polar,light,upfolded,1.61878,1.422982e-02,2.053140e-01
non-polar,light,upfolded,1.62127,1.424104e-02,1.996613e-01
non-polar,light,upfolded,1.62377,1.426326e-02,1.942472e-01
non-polar,light,upfolded,1.62627,1.429638e-02,1.890584e-01
non-polar,light,upfolded,1.62877,1.433634e-02,1.840826e-01
non-polar,light,upfolded,1.63127,1.437795e-02,1.793081e-01
non-polar,light,upfolded,1.63376,1.441779e-02,1.747242e-01
non-polar,light,upfolded,1.63626,1.445569e-02,1.703208e-01
non-polar,light,upfolded,1.63876,1.449350e-02,1.660885e-01
non-polar,light,upfolded,1.64126,1.453239e-02,1.620184e-01
non-polar,light,upfolded,1.64376,1.457078e-02,1.581024e-01
non-polar,light,upfolded,1.64625,1.460455e-02,1.543326e-01
non-polar,light,upfolded,1.64875,1.462920e-02,1.507018e-01
non-polar,light,upfolded,1.65125,1.464231e-02,1.472033e-01
non-polar,light,upfolded,1.65375,1.464464e-02,1.438306e-01
non-polar,light,upfolded,1.65625,1.463960e-02,1.405776e-01
non-polar,light,upfolded,1.65875,1.463164e-02,1.374389e-01
non-polar,light,upfolded,1.66124,1.462462e-02,1.344089e-01
non-polar,light,upfolded,1.66374,1.462126e-02,1.314827e-01
non-polar,light,upfolded,1.66624,1.462365e-02,1.286556e-01
non-polar,light,upfolded,1.66874,1.463434e-02,1.259231e-01
non-polar,light,upfolded,1.67124,1.465713e-02,1.232809e-01
non-polar,light,upfolded,1.67373,1.469716e-02,1.207251e-01
non-polar,light,upfolded,1.67623,1.476022e-02,1.182520e-01
non-polar,light,upfolded,1.67873,1.485142e-02,1.158579e-01
non-polar,light,upfolded,1.68123,1.497385e-02,1.135395e-01
non-polar,light,upfolded,1.68373,1.512770e-02,1.112936e-01
non-polar,light,upfolded,1.68622,1.531024e-02,1.091172e-01
non-polar,light,upfolded,1.68872,1.551640e-02,1.070074e-01
non-polar,light,upfolded,1.69122,1.574002e-02,1.049614e-01
non-polar,light,upfolded,1.69372,1.597557e-02,1.029767e-01
non-polar,light,upfolded,1.69622,1.622004e-02,1.010509e-01
non-polar,light,upfolded,1.69871,1.647423e-02,9.918158e-02
non-polar,light,upfolded,1.70121,1.674230e-02,9.736654e-02
non-polar,light,upfolded,1.70371,1.702975e-02,9.560366e-02
non-polar,light,upfolded,1.70621,1.734102e-02,9.389096e-02
non-polar,light,upfolded,1.70871,1.767872e-02,9.222650e-02
non-polar,light,upfolded,1.71121,1.804441e-02,9.060848e-02
non-polar,light,upfolded,1.71370,1.843904e-02,8.903516e-02
non-polar,light,upfolded,1.71620,1.886103e-02,8.750488e-02
non-polar,light,upfolded,1.71870,1.930278e-02,8.601606e-02
non-polar,light,upfolded,1.72120,1.974893e-02,8.456719e-02
non-polar,light,upfolded,1.72370,2.017868e-02,8.315685e-02
non-polar,light,upfolded,1.72619,2.057164e-02,8.178365e-02
non-polar,light,upfolded,1.72869,2.091366e-02,8.044627e-02
non-polar,light,upfolded,1.73119,2.119903e-02,7.914348e-02
non-polar,light,upfolded,1.73369,2.142870e-02,7.787405e-02
non-polar,light,upfolded,1.73619,2.160679e-02,7.663685e-02
non-polar,light,upfolded,1.73868,2.173868e-02,7.543078e-02
non-polar,light,upfolded,1.74118,2.183143e-02,7.425477e-02
non-polar,light,upfolded,1.74368,2.189533e-02,7.310784e-02
non-polar,light,upfolded,1.74618,2.194382e-02,7.198900e-02
non-polar,light,upfolded,1.74868,2.199023e-02,7.089733e-02
non-polar,light,upfolded,1.75118,2.204286e-02,6.983195e-02
non-polar,light,upfolded,1.75367,2.210192e-02,6.879199e-02
non-polar,light,upfolded,1.75617,2.216069e-02,6.777665e-02
non-polar,light,upfolded,1.75867,2.221075e-02,6.678515e-02
non-polar,light,upfolded,1.76117,2.224784e-02,6.581671e-02
non-polar,light,upfolded,1.76367,2.227489e-02,6.487063e-02
non-polar,light,upfolded,1.76616,2.229979e-02,6.394621e-02
non-polar,light,upfolded,1.76866,2.232950e-02,6.304277e-02
non-polar,light,upfolded,1.77116,2.236458e-02,6.215968e-02
non-polar,light,upfolded,1.77366,2.239837e-02,6.129632e-02
non-polar,light,upfolded,1.77616,2.242099e-02,6.045209e-02
non-polar,light,upfolded,1.77865,2.242546e-02,5.962642e-02
non-polar,light,upfolded,1.78115,2.241183e-02,5.881876e-02
non-polar,light,upfolded,1.78365,2.238668e-02,5.802858e-02
non-polar,light,upfolded,1.78615,2.235805e-02,5.725537e-02
non-polar,light,upfolded,1.78865,2.232930e-02,5.649863e-02
non-polar,light,upfolded,1.79114,2.229638e-02,5.575789e-02
non-polar,light,upfolded,1.79364,2.225061e-02,5.503270e-02
non-polar,light,upfolded,1.79614,2.218464e-02,5.432261e-02
non-polar,light,upfolded,1.79864,2.209697e-02,5.362720e-02
non-polar,light,upfolded,1.80114,2.199201e-02,5.294605e-02
non-polar,light,upfolded,1.80364,2.187590e-02,5.227878e-02
non-polar,light,upfolded,1.80613,2.175121e-02,5.162499e-02
non-polar,light,upfolded,1.80863,2.161459e-02,5.098433e-02
non-polar,light,upfolded,1.81113,2.145908e-02,5.035642e-02
non-polar,light,upfolded,1.81363,2.127916e-02,4.974094e-02
non-polar,light,upfolded,1.81613,2.107393e-02,4.913754e-02
non-polar,light,upfolded,1.81862,2.084604e-02,4.854591e-02
non-polar,light,upfolded,1.82112,2.059773e-02,4.796573e-02
non-polar,light,upfolded,1.82362,2.032777e-02,4.739670e-02
non-polar,light,upfolded,1.82612,2.003165e-02,4.683854e-02
non-polar,light,upfolded,1.82862,1.970455e-02,4.629095e-02
non-polar,light,upfolded,1.83111,1.934383e-02,4.575368e-02
non-polar,light,upfolded,1.83361,1.894880e-02,4.522645e-02
non-polar,light,upfolded,1.83611,1.851857e-02,4.470901e-02
non-polar,light,upfolded,1.83861,1.805073e-02,4.420111e-02
non-polar,light,upfolded,1.84111,1.754192e-02,4.370252e-02
non-polar,light,upfolded,1.84361,1.698953e-02,4.321301e-02
non-polar,light,upfolded,1.84610,1.639253e-02,4.273234e-02
non-polar,light,upfolded,1.84860,1.575145e-02,4.226030e-02
non-polar,light,upfolded,1.85110,1.506858e-02,4.179669e-02
non-polar,light,upfolded,1.85360,1.434892e-02,4.134129e-02
non-polar,light,upfolded,1.85610,1.360118e-02,4.089391e-02
non-polar,light,upfolded,1.85859,1.283814e-02,4.045436e-02
non-polar,light,upfolded,1.86109,1.207589e-02,4.002245e-02
non-polar,light,upfolded,1.86359,1.133204e-02,3.959800e-02
non-polar,light,upfolded,1.86609,1.062316e-02,3.918083e-02
non-polar,light,upfolded,1.86859,9.962330e-03,3.877078e-02
non-polar,light,upfolded,1.87108,9.357764e-03,3.836768e-02
non-polar,light,upfolded,1.87358,8.812678e-03,3.797136e-02
non-polar,light,upfolded,1.87608,8.326244e-03,3.758168e-02
non-polar,light,upfolded,1.87858,7.894920e-03,3.719848e-02
non-polar,light,upfolded,1.88108,7.513706e-03,3.682162e-02
non-polar,light,upfolded,1.88357,7.177075e-03,3.645095e-02
non-polar,light,upfolded,1.88607,6.879575e-03,3.608633e-02
non-polar,light,upfolded,1.88857,6.616149e-03,3.572764e-02
non-polar,light,upfolded,1.89107,6.382280e-03,3.537473e-02
non-polar,light,upfolded,1.89357,6.174021e-03,3.502748e-02
non-polar,light,upfolded,1.89607,5.987969e-03,3.468577e-02
non-polar,light,upfolded,1.89856,5.821214e-03,3.434947e-02
non-polar,light,upfolded,1.90106,5.671274e-03,3.401847e-02
non-polar,light,upfolded,1.90356,5.536035e-03,3.369266e-02
non-polar,light,upfolded,1.90606,5.413697e-03,3.337193e-02
non-polar,light,upfolded,1.90856,5.302723e-03,3.305615e-02
non-polar,light,upfolded,1.91105,5.201796e-03,3.274525e-02
non-polar,light,upfolded,1.91355,5.109788e-03,3.243910e-02
non-polar,light,upfolded,1.91605,5.025726e-03,3.213761e-02
non-polar,light,upfolded,1.91855,4.948768e-03,3.184068e-02
non-polar,light,upfolded,1.92105,4.878186e-03,3.154822e-02
non-polar,light,upfolded,1.92354,4.813345e-03,3.126014e-02
non-polar,light,upfolded,1.92604,4.753689e-03,3.097635e-02
non-polar,light,upfolded,1.92854,4.698732e-03,3.069675e-02
non-polar,light,upfolded,1.93104,4.648046e-03,3.042127e-02
non-polar,light,upfolded,1.93354,4.601254e-03,3.014982e-02
non-polar,light,upfolded,1.93603,4.558021e-03,2.988233e-02
non-polar,light,upfolded,1.93853,4.518050e-03,2.961870e-02
non-polar,light,upfolded,1.94103,4.481076e-03,2.935887e-02
non-polar,light,upfolded,1.94353,4.446864e-03,2.910276e-02
non-polar,light,upfolded,1.94603,4.415201e-03,2.885031e-02
non-polar,light,upfolded,1.94853,4.385898e-03,2.860142e-02
non-polar,light,upfolded,1.95102,4.358783e-03,2.835605e-02
non-polar,light,upfolded,1.95352,4.333703e-03,2.811411e-02
non-polar,light,upfolded,1.95602,4.310516e-03,2.787555e-02
non-polar,light,upfolded,1.95852,4.289098e-03,2.764030e-02
non-polar,light,upfolded,1.96102,4.269332e-03,2.740829e-02
non-polar,light,upfolded,1.96351,4.251114e-03,2.717947e-02
non-polar,light,upfolded,1.96601,4.234349e-03,2.695377e-02
non-polar,light,upfolded,1.96851,4.218949e-03,2.673115e-02
non-polar,light,upfolded,1.97101,4.204835e-03,2.651152e-02
non-polar,light,upfolded,1.97351,4.191934e-03,2.629486e-02
non-polar,light,upfolded,1.97600,4.180177e-03,2.608109e-02
non-polar,light,upfolded,1.97850,4.169505e-03,2.587017e-02
non-polar,light,upfolded,1.98100,4.159859e-03,2.566204e-02
non-polar,light,upfolded,1.98350,4.151187e-03,2.545666e-02
non-polar,light,upfolded,1.98600,4.143441e-03,2.525396e-02
non-polar,light,upfolded,1.98850,4.136576e-03,2.505392e-02
non-polar,light,upfolded,1.99099,4.130551e-03,2.485647e-02
non-polar,light,upfolded,1.99349,4.125326e-03,2.466157e-02
non-polar,light,upfolded,1.99599,4.120866e-03,2.446918e-02
non-polar,light,upfolded,1.99849,4.117139e-03,2.427925e-02
non-polar,light,upfolded,2.00099,4.114113e-03,2.409174e-02
non-polar,light,upfolded,2.00348,4.111759e-03,2.390660e-02
non-polar,light,upfolded,2.00598,4.110051e-03,2.372380e-02
non-polar,light,upfolded,2.00848,4.108963e-03,2.354329e-02
non-polar,light,upfolded,2.01098,4.108473e-03,2.336504e-02
non-polar,light,upfolded,2.01348,4.108559e-03,2.318900e-02
non-polar,light,upfolded,2.01597,4.109199e-03,2.301514e-02
non-polar,light,upfolded,2.01847,4.110376e-03,2.284343e-02
non-polar,light,upfolded,2.02097,4.112072e-03,2.267381e-02
non-polar,light,upfolded,2.02347,4.114269e-03,2.250627e-02
non-polar,light,upfolded,2.02597,4.116952e-03,2.234076e-02
non-polar,light,upfolded,2.02846,4.120106e-03,2.217725e-02
non-polar,light,upfolded,2.03096,4.123717e-03,2.201571e-02
non-polar,light,upfolded,2.03346,4.127774e-03,2.185610e-02
non-polar,light,upfolded,2.03596,4.132262e-03,2.169839e-02
non-polar,light,upfolded,2.03846,4.137172e-03,2.154256e-02
non-polar,light,upfolded,2.04096,4.142491e-03,2.138857e-02
non-polar,light,upfolded,2.04345,4.148211e-03,2.123639e-02
non-polar,light,upfolded,2.04595,4.154321e-03,2.108598e-02
non-polar,light,upfolded,2.04845,4.160813e-03,2.093734e-02
non-polar,light,upfolded,2.05095,4.167678e-03,2.079041e-02
non-polar,light,upfolded,2.05345,4.174908e-03,2.064519e-02
non-polar,light,upfolded,2.05594,4.182496e-03,2.050163e-02
non-polar,light,upfolded,2.05844,4.190435e-03,2.035972e-02
non-polar,light,upfolded,2.06094,4.198718e-03,2.021942e-02
non-polar,light,upfolded,2.06344,4.207339e-03,2.008072e-02
non-polar,light,upfolded,2.06594,4.216292e-03,1.994359e-02
non-polar,light,upfolded,2.06843,4.225572e-03,1.980799e-02
non-polar,light,upfolded,2.07093,4.235174e-03,1.967392e-02
non-polar,light,upfolded,2.07343,4.245092e-03,1.954134e-02
non-polar,light,upfolded,2.07593,4.255322e-03,1.941023e-02
non-polar,light,upfolded,2.07843,4.265859e-03,1.928058e-02
non-polar,light,upfolded,2.08092,4.276701e-03,1.915235e-02
non-polar,light,upfolded,2.08342,4.287843e-03,1.902552e-02
non-polar,light,upfolded,2.08592,4.299281e-03,1.890008e-02
non-polar,light,upfolded,2.08842,4.311012e-03,1.877601e-02
non-polar,light,upfolded,2.09092,4.323033e-03,1.865328e-02
non-polar,light,upfolded,2.09342,4.335342e-03,1.853187e-02
non-polar,light,upfolded,2.09591,4.347935e-03,1.841177e-02
non-polar,light,upfolded,2.09841,4.360810e-03,1.829294e-02
non-polar,light,upfolded,2.10091,4.373965e-03,1.817539e-02
non-polar,light,upfolded,2.10341,4.387397e-03,1.805908e-02
non-polar,light,upfolded,2.10591,4.401105e-03,1.794400e-02
non-polar,light,upfolded,2.10840,4.415087e-03,1.783013e-02
non-polar,light,upfolded,2.11090,4.429341e-03,1.771745e-02
non-polar,light,upfolded,2.11340,4.443865e-03,1.760595e-02
non-polar,light,upfolded,2.11590,4.458659e-03,1.749560e-02
non-polar,light,upfolded,2.11840,4.473720e-03,1.738640e-02
non-polar,light,upfolded,2.12089,4.489049e-03,1.727833e-02
non-polar,light,upfolded,2.12339,4.504642e-03,1.717136e-02
non-polar,light,upfolded,2.12589,4.520501e-03,1.706548e-02
non-polar,light,upfolded,2.12839,4.536624e-03,1.696069e-02
non-polar,light,upfolded,2.13089,4.553011e-03,1.685696e-02
non-polar,light,upfolded,2.13339,4.569660e-03,1.675427e-02
non-polar,light,upfolded,2.13588,4.586571e-03,1.665262e-02
non-polar,light,upfolded,2.13838,4.603745e-03,1.655199e-02
non-polar,light,upfolded,2.14088,4.621181e-03,1.645236e-02
non-polar,light,upfolded,2.14338,4.638878e-03,1.635373e-02
non-polar,light,upfolded,2.14588,4.656837e-03,1.625607e-02
non-polar,light,upfolded,2.14837,4.675057e-03,1.615937e-02
non-polar,light,upfolded,2.15087,4.693539e-03,1.606363e-02
non-polar,light,upfolded,2.15337,4.712283e-03,1.596882e-02
non-polar,light,upfolded,2.15587,4.731289e-03,1.587494e-02
non-polar,light,upfolded,2.15837,4.750558e-03,1.578197e-02
non-polar,light,upfolded,2.16086,4.770089e-03,1.568990e-02
non-polar,light,upfolded,2.16336,4.789884e-03,1.559872e-02
non-polar,light,upfolded,2.16586,4.809944e-03,1.550842e-02
non-polar,light,upfolded,2.16836,4.830267e-03,1.541898e-02
non-polar,light,upfolded,2.17086,4.850856e-03,1.533039e-02
non-polar,light,upfolded,2.17335,4.871712e-03,1.524265e-02
non-polar,light,upfolded,2.17585,4.892834e-03,1.515573e-02
non-polar,light,upfolded,2.17835,4.914225e-03,1.506964e-02
non-polar,light,upfolded,2.18085,4.935884e-03,1.498435e-02
non-polar,light,upfolded,2.18335,4.957813e-03,1.489987e-02
non-polar,light,upfolded,2.18585,4.980014e-03,1.481617e-02
non-polar,light,upfolded,2.18834,5.002487e-03,1.473325e-02
non-polar,light,upfolded,2.19084,5.025234e-03,1.465110e-02
non-polar,light,upfolded,2.19334,5.048256e-03,1.456970e-02
non-polar,light,upfolded,2.19584,5.071554e-03,1.448906e-02
non-polar,light,upfolded,2.19834,5.095129e-03,1.440915e-02
non-polar,light,upfolded,2.20083,5.118985e-03,1.432997e-02
non-polar,light,upfolded,2.20333,5.143121e-03,1.425151e-02
non-polar,light,upfolded,2.20583,5.167539e-03,1.417377e-02
non-polar,light,upfolded,2.20833,5.192242e-03,1.409672e-02
non-polar,light,upfolded,2.21083,5.217230e-03,1.402037e-02
non-polar,light,upfolded,2.21332,5.242506e-03,1.394470e-02
non-polar,light,upfolded,2.21582,5.268072e-03,1.386971e-02
non-polar,light,upfolded,2.21832,5.293930e-03,1.379539e-02
non-polar,light,upfolded,2.22082,5.320080e-03,1.372172e-02
non-polar,light,upfolded,2.22332,5.346527e-03,1.364871e-02
non-polar,light,upfolded,2.22582,5.373271e-03,1.357634e-02
non-polar,light,upfolded,2.22831,5.400314e-03,1.350461e-02
non-polar,light,upfolded,2.23081,5.427660e-03,1.343350e-02
non-polar,light,upfolded,2.23331,5.455310e-03,1.336302e-02
non-polar,light,upfolded,2.23581,5.483266e-03,1.329314e-02
non-polar,light,upfolded,2.23831,5.511531e-03,1.322387e-02
non-polar,light,upfolded,2.24080,5.540108e-03,1.315520e-02
non-polar,light,upfolded,2.24330,5.568998e-03,1.308712e-02
non-polar,light,upfolded,2.24580,5.598205e-03,1.301963e-02
non-polar,light,upfolded,2.24830,5.627731e-03,1.295271e-02
non-polar,light,upfolded,2.25080,5.657578e-03,1.288636e-02
non-polar,light,upfolded,2.25329,5.687750e-03,1.282057e-02
non-polar,light,upfolded,2.25579,5.718250e-03,1.275534e-02
non-polar,light,upfolded,2.25829,5.749079e-03,1.269066e-02
non-polar,light,upfolded,2.26079,5.780241e-03,1.262652e-02
non-polar,light,upfolded,2.26329,5.811740e-03,1.256292e-02
non-polar,light,upfolded,2.26578,5.843577e-03,1.249985e-02
non-polar,light,upfolded,2.26828,5.875756e-03,1.243731e-02
non-polar,light,upfolded,2.27078,5.908281e-03,1.237528e-02
non-polar,light,upfolded,2.27328,5.941154e-03,1.231376e-02
non-polar,light,upfolded,2.27578,5.974379e-03,1.225276e-02
non-polar,light,upfolded,2.27828,6.007959e-03,1.219225e-02
non-polar,light,upfolded,2.28077,6.041898e-03,1.213224e-02
non-polar,light,upfolded,2.28327,6.076198e-03,1.207272e-02
non-polar,light,upfolded,2.28577,6.110864e-03,1.201368e-02
non-polar,light,upfolded,2.28827,6.145900e-03,1.195512e-02
non-polar,light,upfolded,2.29077,6.181308e-03,1.189703e-02
non-polar,light,upfolded,2.29326,6.217093e-03,1.183941e-02
non-polar,light,upfolded,2.29576,6.253258e-03,1.178225e-02
non-polar,light,upfolded,2.29826,6.289808e-03,1.172555e-02
non-polar,light,upfolded,2.30076,6.326746e-03,1.166931e-02
non-polar,light,upfolded,2.30326,6.364076e-03,1.161351e-02
non-polar,light,upfolded,2.30575,6.401803e-03,1.155815e-02
non-polar,light,upfolded,2.30825,6.439930e-03,1.150323e-02
non-polar,light,upfolded,2.31075,6.478462e-03,1.144874e-02
non-polar,light,upfolded,2.31325,6.517404e-03,1.139468e-02
non-polar,light,upfolded,2.31575,6.556759e-03,1.134104e-02
non-polar,light,upfolded,2.31824,6.596532e-03,1.128782e-02
non-polar,light,upfolded,2.32074,6.636728e-03,1.123502e-02
non-polar,light,upfolded,2.32324,6.677351e-03,1.118262e-02
non-polar,light,upfolded,2.32574,6.718406e-03,1.113063e-02
non-polar,light,upfolded,2.32824,6.759898e-03,1.107904e-02
non-polar,light,upfolded,2.33074,6.801831e-03,1.102784e-02
non-polar,light,upfolded,2.33323,6.844212e-03,1.097704e-02
non-polar,light,upfolded,2.33573,6.887044e-03,1.092663e-02
non-polar,light,upfolded,2.33823,6.930333e-03,1.087660e-02
non-polar,light,upfolded,2.34073,6.974084e-03,1.082695e-02
non-polar,light,upfolded,2.34323,7.018303e-03,1.077767e-02
non-polar,light,upfolded,2.34572,7.062994e-03,1.072877e-02
non-polar,light,upfolded,2.34822,7.108164e-03,1.068023e-02
non-polar,light,upfolded,2.35072,7.153818e-03,1.063206e-02
non-polar,light,upfolded,2.35322,7.199962e-03,1.058425e-02
non-polar,light,upfolded,2.35572,7.246601e-03,1.053679e-02
non-polar,light,upfolded,2.35821,7.293742e-03,1.048969e-02
non-polar,light,upfolded,2.36071,7.341391e-03,1.044293e-02
non-polar,light,upfolded,2.36321,7.389553e-03,1.039653e-02
non-polar,light,upfolded,2.36571,7.438234e-03,1.035046e-02
non-polar,light,upfolded,2.36821,7.487442e-03,1.030473e-02
non-polar,light,upfolded,2.37071,7.537183e-03,1.025934e-02
non-polar,light,upfolded,2.37320,7.587463e-03,1.021427e-02
non-polar,light,upfolded,2.37570,7.638288e-03,1.016954e-02
non-polar,light,upfolded,2.37820,7.689666e-03,1.012513e-02
non-polar,light,upfolded,2.38070,7.741604e-03,1.008104e-02
non-polar,light,upfolded,2.38320,7.794108e-03,1.003727e-02
non-polar,light,upfolded,2.38569,7.847186e-03,9.993814e-03
non-polar,light,upfolded,2.38819,7.900844e-03,9.950670e-03
non-polar,light,upfolded,2.39069,7.955091e-03,9.907835e-03
non-polar,light,upfolded,2.39319,8.009933e-03,9.865305e-03
non-polar,light,upfolded,2.39569,8.065379e-03,9.823078e-03
non-polar,light,upfolded,2.39818,8.121437e-03,9.781150e-03
non-polar,light,upfolded,2.40068,8.178113e-03,9.739519e-03
non-polar,light,upfolded,2.40318,8.235417e-03,9.698181e-03
non-polar,light,upfolded,2.40568,8.293356e-03,9.657134e-03
non-polar,light,upfolded,2.40818,8.351938e-03,9.616375e-03
non-polar,light,upfolded,2.41067,8.411173e-03,9.575901e-03
non-polar,light,upfolded,2.41317,8.471069e-03,9.535709e-03
non-polar,light,upfolded,2.41567,8.531634e-03,9.495797e-03
non-polar,light,upfolded,2.41817,8.592878e-03,9.456161e-03
non-polar,light,upfolded,2.42067,8.654810e-03,9.416799e-03
non-polar,light,upfolded,2.42317,8.717438e-03,9.377709e-03
non-polar,light,upfolded,2.42566,8.780773e-03,9.338888e-03
non-polar,light,upfolded,2.42816,8.844824e-03,9.300332e-03
non-polar,light,upfolded,2.43066,8.909601e-03,9.262041e-03
non-polar,light,upfolded,2.43316,8.975113e-03,9.224010e-03
non-polar,light,upfolded,2.43566,9.041372e-03,9.186239e-03
non-polar,light,upfolded,2.43815,9.108386e-03,9.148723e-03
non-polar,light,upfolded,2.44065,9.176167e-03,9.111461e-03
non-polar,light,upfolded,2.44315,9.244725e-03,9.074451e-03
non-polar,light,upfolded,2.44565,9.314072e-03,9.037689e-03
non-polar,light,upfolded,2.44815,9.384218e-03,9.001174e-03
non-polar,light,upfolded,2.45064,9.455175e-03,8.964904e-03
non-polar,light,upfolded,2.45314,9.526953e-03,8.928875e-03
non-polar,light,upfolded,2.45564,9.599566e-03,8.893086e-03
non-polar,light,upfolded,2.45814,9.673024e-03,8.857535e-03
non-polar,light,upfolded,2.46064,9.747340e-03,8.822219e-03
non-polar,light,upfolded,2.46313,9.822526e-03,8.787136e-03
non-polar,light,upfolded,2.46563,9.898595e-03,8.752285e-03
non-polar,light,upfolded,2.46813,9.975560e-03,8.717662e-03
non-polar,light,upfolded,2.47063,1.005343e-02,8.683266e-03
non-polar,light,upfolded,2.47313,1.013223e-02,8.649094e-03
non-polar,light,upfolded,2.47563,1.021196e-02,8.615145e-03
non-polar,light,upfolded,2.47812,1.029264e-02,8.581417e-03
non-polar,light,upfolded,2.48062,1.037429e-02,8.547908e-03
non-polar,light,upfolded,2.48312,1.045691e-02,8.514614e-03
non-polar,light,upfolded,2.48562,1.054052e-02,8.481536e-03
non-polar,light,upfolded,2.48812,1.062514e-02,8.448670e-03
non-polar,light,upfolded,2.49061,1.071079e-02,8.416016e-03
non-polar,light,upfolded,2.49311,1.079747e-02,8.383570e-03
non-polar,light,upfolded,2.49561,1.088521e-02,8.351331e-03
non-polar,light,upfolded,2.49811,1.097402e-02,8.319297e-03
non-polar,light,upfolded,2.50061,1.106391e-02,8.287466e-03
non-polar,light,upfolded,2.50310,1.115491e-02,8.255837e-03
non-polar,light,upfolded,2.50560,1.124702e-02,8.224408e-03
non-polar,light,upfolded,2.50810,1.134028e-02,8.193177e-03
non-polar,light,upfolded,2.51060,1.143469e-02,8.162142e-03
non-polar,light,upfolded,2.51310,1.153027e-02,8.131302e-03
non-polar,light,upfolded,2.51560,1.162705e-02,8.100654e-03
non-polar,light,upfolded,2.51809,1.172503e-02,8.070197e-03
non-polar,light,upfolded,2.52059,1.182425e-02,8.039930e-03
non-polar,light,upfolded,2.52309,1.192471e-02,8.009851e-03
non-polar,light,upfolded,2.52559,1.202645e-02,7.979958e-03
non-polar,light,upfolded,2.52809,1.212948e-02,7.950249e-03
non-polar,light,upfolded,2.53058,1.223381e-02,7.920724e-03
non-polar,light,upfolded,2.53308,1.233948e-02,7.891379e-03
non-polar,light,upfolded,2.53558,1.244650e-02,7.862215e-03
non-polar,light,upfolded,2.53808,1.255490e-02,7.833229e-03
non-polar,light,upfolded,2.54058,1.266469e-02,7.804419e-03
non-polar,light,upfolded,2.54307,1.277591e-02,7.775785e-03
non-polar,light,upfolded,2.54557,1.288857e-02,7.747324e-03
non-polar,light,upfolded,2.54807,1.300270e-02,7.719036e-03
non-polar,light,upfolded,2.55057,1.311833e-02,7.690919e-03
non-polar,light,upfolded,2.55307,1.323547e-02,7.662970e-03
non-polar,light,upfolded,2.55556,1.335416e-02,7.635190e-03
non-polar,light,upfolded,2.55806,1.347441e-02,7.607576e-03
non-polar,light,upfolded,2.56056,1.359626e-02,7.580128e-03
non-polar,light,upfolded,2.56306,1.371974e-02,7.552843e-03
non-polar,light,upfolded,2.56556,1.384487e-02,7.525720e-03
non-polar,light,upfolded,2.56806,1.397168e-02,7.498759e-03
non-polar,light,upfolded,2.57055,1.410020e-02,7.471957e-03
non-polar,light,upfolded,2.57305,1.423045e-02,7.445313e-03
non-polar,light,upfolded,2.57555,1.436248e-02,7.418827e-03
non-polar,light,upfolded,2.57805,1.449630e-02,7.392496e-03
non-polar,light,upfolded,2.58055,1.463196e-02,7.366319e-03
non-polar,light,upfolded,2.58304,1.476948e-02,7.340296e-03
non-polar,light,upfolded,2.58554,1.490890e-02,7.314425e-03
non-polar,light,upfolded,2.58804,1.505025e-02,7.288704e-03
non-polar,light,upfolded,2.59054,1.519356e-02,7.263133e-03
non-polar,light,upfolded,2.59304,1.533888e-02,7.237709e-03
non-polar,light,upfolded,2.59553,1.548623e-02,7.212433e-03
non-polar,light,upfolded,2.59803,1.563566e-02,7.187303e-03
non-polar,light,upfolded,2.60053,1.578720e-02,7.162317e-03
non-polar,light,upfolded,2.60303,1.594088e-02,7.137475e-03
non-polar,light,upfolded,2.60553,1.609676e-02,7.112775e-03
non-polar,light,upfolded,2.60803,1.625487e-02,7.088217e-03
non-polar,light,upfolded,2.61052,1.641525e-02,7.063798e-03
non-polar,light,upfolded,2.61302,1.657794e-02,7.039518e-03
non-polar,light,upfolded,2.61552,1.674299e-02,7.015376e-03
non-polar,light,upfolded,2.61802,1.691044e-02,6.991371e-03
non-polar,light,upfolded,2.62052,1.708034e-02,6.967502e-03
non-polar,light,upfolded,2.62301,1.725274e-02,6.943767e-03
non-polar,light,upfolded,2.62551,1.742767e-02,6.920165e-03
non-polar,light,upfolded,2.62801,1.760520e-02,6.896696e-03
non-polar,light,upfolded,2.63051,1.778536e-02,6.873358e-03
non-polar,light,upfolded,2.63301,1.796822e-02,6.850151e-03
non-polar,light,upfolded,2.63550,1.815381e-02,6.827073e-03
non-polar,light,upfolded,2.63800,1.834221e-02,6.804123e-03
non-polar,light,upfolded,2.64050,1.853346e-02,6.781300e-03
non-polar,light,upfolded,2.64300,1.872761e-02,6.758604e-03
non-polar,light,upfolded,2.64550,1.892473e-02,6.736034e-03
non-polar,light,upfolded,2.64799,1.912488e-02,6.713587e-03
non-polar,light,upfolded,2.65049,1.932811e-02,6.691264e-03
non-polar,light,upfolded,2.65299,1.953449e-02,6.669064e-03
non-polar,light,upfolded,2.65549,1.974408e-02,6.646985e-03
non-polar,light,upfolded,2.65799,1.995695e-02,6.625026e-03
non-polar,light,upfolded,2.66049,2.017316e-02,6.603188e-03
non-polar,light,upfolded,2.66298,2.039279e-02,6.581467e-03
non-polar,light,upfolded,2.66548,2.061589e-02,6.559865e-03
non-polar,light,upfolded,2.66798,2.084256e-02,6.538380e-03
non-polar,light,upfolded,2.67048,2.107285e-02,6.517011e-03
non-polar,light,upfolded,2.67298,2.130684e-02,6.495757e-03
non-polar,light,upfolded,2.67547,2.154462e-02,6.474617e-03
non-polar,light,upfolded,2.67797,2.178627e-02,6.453591e-03
non-polar,light,upfolded,2.68047,2.203186e-02,6.432677e-03
non-polar,light,upfolded,2.68297,2.228148e-02,6.411875e-03
non-polar,light,upfolded,2.68547,2.253521e-02,6.391184e-03
non-polar,light,upfolded,2.68796,2.279315e-02,6.370603e-03
non-polar,light,upfolded,2.69046,2.305539e-02,6.350131e-03
non-polar,light,upfolded,2.69296,2.332203e-02,6.329768e-03
non-polar,light,upfolded,2.69546,2.359315e-02,6.309512e-03
non-polar,light,upfolded,2.69796,2.386885e-02,6.289363e-03
non-polar,light,upfolded,2.70045,2.414925e-02,6.269321e-03
non-polar,light,upfolded,2.70295,2.443444e-02,6.249383e-03
non-polar,light,upfolded,2.70545,2.472453e-02,6.229550e-03
non-polar,light,upfolded,2.70795,2.501964e-02,6.209820e-03
non-polar,light,upfolded,2.71045,2.531987e-02,6.190194e-03
non-polar,light,upfolded,2.71295,2.562534e-02,6.170670e-03
non-polar,light,upfolded,2.71544,2.593618e-02,6.151247e-03
non-polar,light,upfolded,2.71794,2.625250e-02,6.131925e-03
non-polar,light,upfolded,2.72044,2.657445e-02,6.112702e-03
non-polar,light,upfolded,2.72294,2.690213e-02,6.093579e-03
non-polar,light,upfolded,2.72544,2.723570e-02,6.074555e-03
non-polar,light,upfolded,2.72793,2.757529e-02,6.055628e-03
non-polar,light,upfolded,2.73043,2.792104e-02,6.036799e-03
non-polar,light,upfolded,2.73293,2.827311e-02,6.018066e-03
non-polar,light,upfolded,2.73543,2.863164e-02,5.999428e-03
non-polar,light,upfolded,2.73793,2.899678e-02,5.980886e-03
non-polar,light,upfolded,2.74042,2.936871e-02,5.962438e-03
non-polar,light,upfolded,2.74292,2.974758e-02,5.944083e-03
non-polar,light,upfolded,2.74542,3.013357e-02,5.925822e-03
non-polar,light,upfolded,2.74792,3.052686e-02,5.907653e-03
non-polar,light,upfolded,2.75042,3.092762e-02,5.889576e-03
non-polar,light,upfolded,2.75292,3.133604e-02,5.871589e-03
non-polar,light,upfolded,2.75541,3.175232e-02,5.853693e-03
non-polar,light,upfolded,2.75791,3.217666e-02,5.835887e-03
non-polar,light,upfolded,2.76041,3.260926e-02,5.818170e-03
non-polar,light,upfolded,2.76291,3.305033e-02,5.800542e-03
non-polar,light,upfolded,2.76541,3.350010e-02,5.783001e-03
non-polar,light,upfolded,2.76790,3.395879e-02,5.765547e-03
non-polar,light,upfolded,2.77040,3.442663e-02,5.748181e-03
non-polar,light,upfolded,2.77290,3.490387e-02,5.730900e-03
non-polar,light,upfolded,2.77540,3.539076e-02,5.713705e-03
non-polar,light,upfolded,2.77790,3.588755e-02,5.696594e-03
non-polar,light,upfolded,2.78039,3.639450e-02,5.679568e-03
non-polar,light,upfolded,2.78289,3.691191e-02,5.662625e-03
non-polar,light,upfolded,2.78539,3.744004e-02,5.645766e-03
non-polar,light,upfolded,2.78789,3.797919e-02,5.628989e-03
non-polar,light,upfolded,2.79039,3.852968e-02,5.612294e-03
non-polar,light,upfolded,2.79288,3.909181e-02,5.595680e-03
non-polar,light,upfolded,2.79538,3.966591e-02,5.579148e-03
non-polar,light,upfolded,2.79788,4.025232e-02,5.562695e-03
non-polar,light,upfolded,2.80038,4.085138e-02,5.546322e-03
non-polar,light,upfolded,2.80288,4.146346e-02,5.530029e-03
non-polar,light,upfolded,2.80538,4.208894e-02,5.513814e-03
non-polar,light,upfolded,2.80787,4.272820e-02,5.497677e-03
non-polar,light,upfolded,2.81037,4.338164e-02,5.481618e-03
non-polar,light,upfolded,2.81287,4.404969e-02,5.465636e-03
non-polar,light,upfolded,2.81537,4.473277e-02,5.449731e-03
non-polar,light,upfolded,2.81787,4.543134e-02,5.433901e-03
non-polar,light,upfolded,2.82036,4.614585e-02,5.418147e-03
non-polar,light,upfolded,2.82286,4.687680e-02,5.402468e-03
non-polar,light,upfolded,2.82536,4.762468e-02,5.386864e-03
non-polar,light,upfolded,2.82786,4.839001e-02,5.371333e-03
non-polar,light,upfolded,2.83036,4.917334e-02,5.355876e-03
non-polar,light,upfolded,2.83285,4.997522e-02,5.340493e-03
non-polar,light,upfolded,2.83535,5.079624e-02,5.325181e-03
non-polar,light,upfolded,2.83785,5.163701e-02,5.309942e-03
non-polar,light,upfolded,2.84035,5.249816e-02,5.294774e-03
non-polar,light,upfolded,2.84285,5.338034e-02,5.279678e-03
non-polar,light,upfolded,2.84534,5.428424e-02,5.264652e-03
non-polar,light,upfolded,2.84784,5.521056e-02,5.249696e-03
non-polar,light,upfolded,2.85034,5.616005e-02,5.234810e-03
non-polar,light,upfolded,2.85284,5.713347e-02,5.219994e-03
non-polar,light,upfolded,2.85534,5.813163e-02,5.205246e-03
non-polar,light,upfolded,2.85784,5.915536e-02,5.190566e-03
non-polar,light,upfolded,2.86033,6.020553e-02,5.175955e-03
non-polar,light,upfolded,2.86283,6.128306e-02,5.161411e-03
non-polar,light,upfolded,2.86533,6.238889e-02,5.146934e-03
non-polar,light,upfolded,2.86783,6.352401e-02,5.132523e-03
non-polar,light,upfolded,2.87033,6.468945e-02,5.118179e-03
non-polar,light,upfolded,2.87282,6.588629e-02,5.103900e-03
non-polar,light,upfolded,2.87532,6.711565e-02,5.089687e-03
non-polar,light,upfolded,2.87782,6.837871e-02,5.075539e-03
non-polar,light,upfolded,2.88032,6.967671e-02,5.061455e-03
non-polar,light,upfolded,2.88282,7.101092e-02,5.047435e-03
non-polar,light,upfolded,2.88531,7.238270e-02,5.033479e-03
non-polar,light,upfolded,2.88781,7.379344e-02,5.019587e-03
non-polar,light,upfolded,2.89031,7.524464e-02,5.005757e-03
non-polar,light,upfolded,2.89281,7.673782e-02,4.991989e-03
non-polar,light,upfolded,2.89531,7.827462e-02,4.978284e-03
non-polar,light,upfolded,2.89781,7.985673e-02,4.964640e-03
non-polar,light,upfolded,2.90030,8.148592e-02,4.951057e-03
non-polar,light,upfolded,2.90280,8.316407e-02,4.937536e-03
non-polar,light,upfolded,2.90530,8.489314e-02,4.924075e-03
non-polar,light,upfolded,2.90780,8.667519e-02,4.910674e-03
non-polar,light,upfolded,2.91030,8.851238e-02,4.897333e-03
non-polar,light,upfolded,2.91279,9.040700e-02,4.884051e-03
non-polar,light,upfolded,2.91529,9.236142e-02,4.870828e-03
non-polar,light,upfolded,2.91779,9.437818e-02,4.857664e-03
non-polar,light,upfolded,2.92029,9.645993e-02,4.844558e-03
non-polar,light,upfolded,2.92279,9.860946e-02,4.831510e-03
non-polar,light,upfolded,2.92528,1.008297e-01,4.818520e-03
non-polar,light,upfolded,2.92778,1.031238e-01,4.805586e-03
non-polar,light,upfolded,2.93028,1.054950e-01,4.792710e-03
non-polar,light,upfolded,2.93278,1.079468e-01,4.779890e-03
non-polar,light,upfolded,2.93528,1.104828e-01,4.767126e-03
non-polar,light,upfolded,2.93777,1.131069e-01,4.754418e-03
non-polar,light,upfolded,2.94027,1.158232e-01,4.741766e-03
non-polar,light,upfolded,2.94277,1.186360e-01,4.729168e-03
non-polar,light,upfolded,2.94527,1.215499e-01,4.716625e-03
non-polar,light,upfolded,2.94777,1.245698e-01,4.704137e-03
non-polar,light,upfolded,2.95027,1.277007e-01,4.691703e-03
non-polar,light,upfolded,2.95276,1.309482e-01,4.679323e-03
non-polar,light,upfolded,2.95526,1.343181e-01,4.666996e-03
non-polar,light,upfolded,2.95776,1.378166e-01,4.654722e-03
non-polar,light,upfolded,2.96026,1.414501e-01,4.642501e-03
non-polar,light,upfolded,2.96276,1.452257e-01,4.630333e-03
non-polar,light,upfolded,2.96525,1.491508e-01,4.618216e-03
non-polar,light,upfolded,2.96775,1.532334e-01,4.606152e-03
non-polar,light,upfolded,2.97025,1.574818e-01,4.594139e-03
non-polar,light,upfolded,2.97275,1.619052e-01,4.582177e-03
non-polar,light,upfolded,2.97525,1.665130e-01,4.570266e-03
non-polar,light,upfolded,2.97774,1.713158e-01,4.558406e-03
non-polar,light,upfolded,2.98024,1.763244e-01,4.546596e-03
non-polar,light,upfolded,2.98274,1.815507e-01,4.534837e-03
non-polar,light,upfolded,2.98524,1.870075e-01,4.523127e-03
non-polar,light,upfolded,2.98774,1.927082e-01,4.511466e-03
non-polar,light,upfolded,2.99024,1.986675e-01,4.499854e-03
non-polar,light,upfolded,2.99273,2.049011e-01,4.488292e-03
non-polar,light,upfolded,2.99523,2.114260e-01,4.476778e-03
non-polar,light,upfolded,2.99773,2.182605e-01,4.465312e-03
non-polar,light,upfolded,3.00023,2.254240e-01,4.453894e-03
non-polar,light,upfolded,3.00273,2.329381e-01,4.442524e-03
non-polar,light,upfolded,3.00522,2.408255e-01,4.431201e-03
non-polar,light,upfolded,3.00772,2.491113e-01,4.419925e-03
non-polar,light,upfolded,3.01022,2.578223e-01,4.408696e-03
non-polar,light,upfolded,3.01272,2.669879e-01,4.397514e-03
non-polar,light,upfolded,3.01522,2.766399e-01,4.386378e-03
non-polar,light,upfolded,3.01771,2.868130e-01,4.375289e-03
non-polar,light,upfolded,3.02021,2.975448e-01,4.364245e-03
non-polar,light,upfolded,3.02271,3.088766e-01,4.353246e-03
non-polar,light,upfolded,3.02521,3.208534e-01,4.342293e-03
non-polar,light,upfolded,3.02771,3.335244e-01,4.331385e-03
non-polar,light,upfolded,3.03020,3.469436e-01,4.320521e-03
non-polar,light,upfolded,3.03270,3.611705e-01,4.309702e-03
non-polar,light,upfolded,3.03520,3.762702e-01,4.298927e-03
non-polar,light,upfolded,3.03770,3.923146e-01,4.288196e-03
non-polar,light,upfolded,3.04020,4.093830e-01,4.277509e-03
non-polar,light,upfolded,3.04270,4.275633e-01,4.266866e-03
non-polar,light,upfolded,3.04519,4.469526e-01,4.256265e-03
non-polar,light,upfolded,3.04769,4.676589e-01,4.245708e-03
non-polar,light,upfolded,3.05019,4.898023e-01,4.235193e-03
non-polar,light,upfolded,3.05269,5.135166e-01,4.224720e-03
non-polar,light,upfolded,3.05519,5.389514e-01,4.214290e-03
non-polar,light,upfolded,3.05768,5.662743e-01,4.203902e-03
non-polar,light,upfolded,3.06018,5.956731e-01,4.193556e-03
non-polar,light,upfolded,3.06268,6.273596e-01,4.183251e-03
non-polar,light,upfolded,3.06518,6.615723e-01,4.172988e-03
non-polar,light,upfolded,3.06768,6.985814e-01,4.162765e-03
non-polar,light,upfolded,3.07017,7.386929e-01,4.152584e-03
non-polar,light,upfolded,3.07267,7.822551e-01,4.142443e-03
non-polar,light,upfolded,3.07517,8.296653e-01,4.132342e-03
non-polar,light,upfolded,3.07767,8.813782e-01,4.122282e-03
non-polar,light,upfolded,3.08017,9.379153e-01,4.112261e-03
non-polar,light,upfolded,3.08266,9.998774e-01,4.102280e-03
non-polar,light,upfolded,3.08516,1.067958e+00,4.092339e-03
non-polar,light,upfolded,3.08766,1.142963e+00,4.082437e-03
non-polar,light,upfolded,3.09016,1.225826e+00,4.072574e-03
non-polar,light,upfolded,3.09266,1.317640e+00,4.062749e-03
non-polar,light,upfolded,3.09516,1.419684e+00,4.052964e-03
non-polar,light,upfolded,3.09765,1.533461e+00,4.043217e-03
non-polar,light,upfolded,3.10015,1.660744e+00,4.033507e-03
non-polar,light,upfolded,3.10265,1.803631e+00,4.023836e-03
non-polar,light,upfolded,3.10515,1.964612e+00,4.014203e-03
non-polar,light,upfolded,3.10765,2.146652e+00,4.004607e-03
non-polar,light,upfolded,3.11014,2.353283e+00,3.995049e-03
non-polar,light,upfolded,3.11264,2.588726e+00,3.985528e-03
non-polar,light,upfolded,3.11514,2.858017e+00,3.976043e-03
non-polar,light,upfolded,3.11764,3.167158e+00,3.966596e-03
non-polar,light,upfolded,3.12014,3.523264e+00,3.957185e-03
non-polar,light,upfolded,3.12263,3.934694e+00,3.947810e-03
non-polar,light,upfolded,3.12513,4.411113e+00,3.938472e-03
non-polar,light,upfolded,3.12763,4.963403e+00,3.929169e-03
non-polar,light,upfolded,3.13013,5.603252e+00,3.919902e-03
non-polar,light,upfolded,3.13263,6.342193e+00,3.910671e-03
non-polar,light,upfolded,3.13513,7.189662e+00,3.901475e-03
non-polar,light,upfolded,3.13762,8.149573e+00,3.892314e-03
non-polar,light,upfolded,3.14012,9.214840e+00,3.883189e-03
non-polar,light,upfolded,3.14262,1.035971e+01,3.874098e-03
non-polar,light,upfolded,3.14512,1.153109e+01,3.865042e-03
non-polar,light,upfolded,3.14762,1.264249e+01,3.856020e-03
non-polar,light,upfolded,3.15011,1.357747e+01,3.847032e-03
non-polar,light,upfolded,3.15261,1.420936e+01,3.838079e-03
non-polar,light,upfolded,3.15511,1.443681e+01,3.829159e-03
non-polar,light,upfolded,3.15761,1.422073e+01,3.820273e-03
non-polar,light,upfolded,3.16011,1.360014e+01,3.811421e-03
non-polar,light,upfolded,3.16260,1.267612e+01,3.802602e-03
non-polar,light,upfolded,3.16510,1.157483e+01,3.793816e-03
non-polar,light,upfolded,3.16760,1.041221e+01,3.785063e-03
non-polar,light,upfolded,3.17010,9.274398e+00,3.776343e-03
non-polar,light,upfolded,3.17260,8.214425e+00,3.767656e-03
non-polar,light,upfolded,3.17509,7.258151e+00,3.759001e-03
non-polar,light,upfolded,3.17759,6.412892e+00,3.750378e-03
non-polar,light,upfolded,3.18009,5.675006e+00,3.741788e-03
non-polar,light,upfolded,3.18259,5.035315e+00,3.733230e-03
non-polar,light,upfolded,3.18509,4.482517e+00,3.724703e-03
non-polar,light,upfolded,3.18759,4.005107e+00,3.716208e-03
non-polar,light,upfolded,3.19008,3.592351e+00,3.707744e-03
non-polar,light,upfolded,3.19258,3.234698e+00,3.699312e-03
non-polar,light,upfolded,3.19508,2.923872e+00,3.690911e-03
non-polar,light,upfolded,3.19758,2.652819e+00,3.682541e-03
non-polar,light,upfolded,3.20008,2.415584e+00,3.674202e-03
non-polar,light,upfolded,3.20257,2.207161e+00,3.665893e-03
non-polar,light,upfolded,3.20507,2.023354e+00,3.657615e-03
non-polar,light,upfolded,3.20757,1.860644e+00,3.649367e-03
non-polar,light,upfolded,3.21007,1.716078e+00,3.641150e-03
non-polar,light,upfolded,3.21257,1.587173e+00,3.632962e-03
non-polar,light,upfolded,3.21506,1.471833e+00,3.624805e-03
non-polar,light,upfolded,3.21756,1.368288e+00,3.616677e-03
non-polar,light,upfolded,3.22006,1.275034e+00,3.608579e-03
non-polar,light,upfolded,3.22256,1.190792e+00,3.600510e-03
non-polar,light,upfolded,3.22506,1.114468e+00,3.592470e-03
non-polar,light,upfolded,3.22755,1.045124e+00,3.584460e-03
non-polar,light,upfolded,3.23005,9.819552e-01,3.576478e-03
non-polar,light,upfolded,3.23255,9.242641e-01,3.568525e-03
non-polar,light,upfolded,3.23505,8.714479e-01,3.560602e-03
non-polar,light,upfolded,3.23755,8.229824e-01,3.552706e-03
non-polar,light,upfolded,3.24005,7.784106e-01,3.544839e-03
non-polar,light,upfolded,3.24254,7.373330e-01,3.537000e-03
non-polar,light,upfolded,3.24504,6.993990e-01,3.529190e-03
non-polar,light,upfolded,3.24754,6.643002e-01,3.521407e-03
non-polar,light,upfolded,3.25004,6.317645e-01,3.513652e-03
non-polar,light,upfolded,3.25254,6.015514e-01,3.505925e-03
non-polar,light,upfolded,3.25503,5.734473e-01,3.498226e-03
non-polar,light,upfolded,3.25753,5.472625e-01,3.490553e-03
non-polar,light,upfolded,3.26003,5.228278e-01,3.482908e-03
non-polar,light,upfolded,3.26253,4.999922e-01,3.475291e-03
non-polar,light,upfolded,3.26503,4.786202e-01,3.467700e-03
non-polar,light,upfolded,3.26752,4.585903e-01,3.460136e-03
non-polar,light,upfolded,3.27002,4.397934e-01,3.452599e-03
non-polar,light,upfolded,3.27252,4.221310e-01,3.445088e-03
non-polar,light,upfolded,3.27502,4.055141e-01,3.437604e-03
non-polar,light,upfolded,3.27752,3.898624e-01,3.430147e-03
non-polar,light,upfolded,3.28002,3.751030e-01,3.422715e-03
non-polar,light,upfolded,3.28251,3.611696e-01,3.415310e-03
non-polar,light,upfolded,3.28501,3.480020e-01,3.407930e-03
non-polar,light,upfolded,3.28751,3.355454e-01,3.400577e-03
non-polar,light,upfolded,3.29001,3.237497e-01,3.393249e-03
non-polar,light,upfolded,3.29251,3.125692e-01,3.385946e-03
non-polar,light,upfolded,3.29500,3.019619e-01,3.378669e-03
non-polar,light,upfolded,3.29750,2.918894e-01,3.371418e-03
non-polar,light,upfolded,3.30000,2.823166e-01,3.364191e-03
non-polar,light,exact,0.00500,4.732639e-04,1.191310e-02
non-polar,light,exact,0.05996,8.329045e-03,1.750672e-01
non-polar,light,exact,0.11492,1.925665e-02,1.884684e-01
non-polar,light,exact,0.16987,2.306834e-02,1.980082e-01
non-polar,light,exact,0.22483,3.359755e-02,2.141771e-01
non-polar,light,exact,0.27979,3.541926e-02,2.411461e-01
non-polar,light,exact,0.33475,4.798177e-02,3.224396e-01
non-polar,light,exact,0.38971,5.112910e-02,4.635089e-01
non-polar,light,exact,0.44467,7.178431e-02,2.521789e-01
non-polar,light,exact,0.49962,7.554514e-02,7.242716e-02
non-polar,light,exact,0.55458,1.000581e-01,7.696274e-02
non-polar,light,exact,0.60954,1.356931e-01,1.095265e-01
non-polar,light,exact,0.66450,1.249190e-01,1.295448e-01
non-polar,light,exact,0.71946,1.178731e-01,1.890256e-01
non-polar,light,exact,0.77442,1.108160e-01,2.319845e-01
non-polar,light,exact,0.82937,1.120681e-01,2.453637e-01
non-polar,light,exact,0.88433,1.090795e-01,2.370318e-01
non-polar,light,exact,0.93929,5.184248e-02,2.134003e-01
non-polar,light,exact,0.99425,4.125690e-02,1.605006e-01
non-polar,light,exact,1.04921,4.032677e-02,6.390398e-02
non-polar,light,exact,1.10417,4.138532e-02,4.833531e-02
non-polar,light,exact,1.15912,3.833150e-02,5.667504e-02
non-polar,light,exact,1.21408,3.935238e-02,8.002360e-02
non-polar,light,exact,1.26904,4.176440e-02,1.321340e-01
non-polar,light,exact,1.32400,4.919732e-02,2.673658e-01
non-polar,light,exact,1.37896,3.450763e-02,7.852588e-01
non-polar,light,exact,1.43392,8.850328e-03,6.052982e+00
non-polar,light,exact,1.48887,5.949913e-03,3.217029e+00
non-polar,light,exact,1.54383,8.194815e-03,6.343277e-01
non-polar,light,exact,1.59879,1.400048e-02,2.611022e-01
non-polar,light,exact,1.65375,1.464464e-02,1.438306e-01
non-polar,light,exact,1.70871,1.767872e-02,9.222650e-02
non-polar,light,exact,1.76367,2.227489e-02,6.487063e-02
non-polar,light,exact,1.81862,2.084604e-02,4.854591e-02
non-polar,light,exact,1.87358,8.812678e-03,3.797136e-02
non-polar,light,exact,1.92854,4.698732e-03,3.069675e-02
non-polar,light,exact,1.98350,4.151187e-03,2.545666e-02
non-polar,light,exact,2.03846,4.137172e-03,2.154256e-02
non-polar,light,exact,2.09342,4.335342e-03,1.853187e-02
non-polar,light,exact,2.14837,4.675057e-03,1.615937e-02
non-polar,light,exact,2.20333,5.143121e-03,1.425151e-02
non-polar,light,exact,2.25829,5.749079e-03,1.269066e-02
non-polar,light,exact,2.31325,6.517404e-03,1.139468e-02
non-polar,light,exact,2.36821,7.487442e-03,1.030473e-02
non-polar,light,exact,2.42317,8.717438e-03,9.377709e-03
non-polar,light,exact,2.47812,1.029264e-02,8.581417e-03
non-polar,light,exact,2.53308,1.233948e-02,7.891379e-03
non-polar,light,exact,2.58804,1.505025e-02,7.288704e-03
non-polar,light,exact,2.64300,1.872761e-02,6.758604e-03
non-polar,light,exact,2.69796,2.386885e-02,6.289363e-03
non-polar,light,exact,2.75292,3.133604e-02,5.871589e-03
non-polar,light,exact,2.80787,4.272820e-02,5.497677e-03
non-polar,light,exact,2.86283,6.128306e-02,5.161411e-03
non-polar,light,exact,2.91779,9.437818e-02,4.857664e-03
non-polar,light,exact,2.97275,1.619052e-01,4.582177e-03
non-polar,light,exact,3.02771,3.335244e-01,4.331385e-03
non-polar,light,exact,3.08266,9.998774e-01,4.102280e-03
non-polar,light,exact,3.13762,8.149573e+00,3.892314e-03
non-polar,light,exact,3.19258,3.234698e+00,3.699312e-03
non-polar,light,exact,3.24754,6.643002e-01,3.521407e-03
non-polar,heavy,upfolded,0.00500,1.280891e-02,3.879531e-01
non-polar,heavy,upfolded,0.00750,2.527542e-02,8.161700e-01
non-polar,heavy,upfolded,0.01000,3.804660e-02,1.330885e+00
non-polar,heavy,upfolded,0.01249,4.919913e-02,1.880465e+00
non-polar,heavy,upfolded,0.01499,5.799096e-02,2.425240e+00
non-polar,heavy,upfolded,0.01749,6.456697e-02,2.939352e+00
non-polar,heavy,upfolded,0.01999,6.953008e-02,3.408670e+00
non-polar,heavy,upfolded,0.02249,7.361861e-02,3.827236e+00
non-polar,heavy,upfolded,0.02498,7.753602e-02,4.193916e+00
non-polar,heavy,upfolded,0.02748,8.189203e-02,4.510264e+00
non-polar,heavy,upfolded,0.02998,8.720249e-02,4.779596e+00
non-polar,heavy,upfolded,0.03248,9.391101e-02,5.006307e+00
non-polar,heavy,upfolded,0.03498,1.024103e-01,5.194739e+00
non-polar,heavy,upfolded,0.03748,1.130501e-01,5.348185e+00
non-polar,heavy,upfolded,0.03997,1.261216e-01,5.468977e+00
non-polar,heavy,upfolded,0.04247,1.418078e-01,5.559602e+00
non-polar,heavy,upfolded,0.04497,1.600918e-01,5.623641e+00
non-polar,heavy,upfolded,0.04747,1.806260e-01,5.665376e+00
non-polar,heavy,upfolded,0.04997,2.026001e-01,5.688305e+00
non-polar,heavy,upfolded,0.05246,2.246897e-01,5.693991e+00
non-polar,heavy,upfolded,0.05496,2.452056e-01,5.682455e+00
non-polar,heavy,upfolded,0.05746,2.625027e-01,5.653855e+00
non-polar,heavy,upfolded,0.05996,2.755283e-01,5.609992e+00
non-polar,heavy,upfolded,0.06246,2.842203e-01,5.554417e+00
non-polar,heavy,upfolded,0.06495,2.895109e-01,5.491124e+00
non-polar,heavy,upfolded,0.06745,2.929715e-01,5.422823e+00
non-polar,heavy,upfolded,0.06995,2.963511e-01,5.349908e+00
non-polar,heavy,upfolded,0.07245,3.012420e-01,5.270850e+00
non-polar,heavy,upfolded,0.07495,3.089407e-01,5.183906e+00
non-polar,heavy,upfolded,0.07745,3.204502e-01,5.089051e+00
non-polar,heavy,upfolded,0.07994,3.365347e-01,4.988655e+00
non-polar,heavy,upfolded,0.08244,3.577615e-01,4.886467e+00
non-polar,heavy,upfolded,0.08494,3.844905e-01,4.785791e+00
non-polar,heavy,upfolded,0.08744,4.167983e-01,4.688118e+00
non-polar,heavy,upfolded,0.08994,4.543452e-01,4.592808e+00
non-polar,heavy,upfolded,0.09243,4.962409e-01,4.497706e+00
non-polar,heavy,upfolded,0.09493,5.410145e-01,4.400326e+00
non-polar,heavy,upfolded,0.09743,5.868173e-01,4.299254e+00
non-polar,heavy,upfolded,0.09993,6.318821e-01,4.195157e+00
non-polar,heavy,upfolded,0.10243,6.750338e-01,4.090697e+00
non-polar,heavy,upfolded,0.10492,7.158873e-01,3.989280e+00
non-polar,heavy,upfolded,0.10742,7.545393e-01,3.893423e+00
non-polar,heavy,upfolded,0.10992,7.909854e-01,3.803703e+00
non-polar,heavy,upfolded,0.11242,8.247400e-01,3.718706e+00
non-polar,heavy,upfolded,0.11492,8.549419e-01,3.635847e+00
non-polar,heavy,upfolded,0.11741,8.808001e-01,3.552574e+00
non-polar,heavy,upfolded,0.11991,9.020073e-01,3.467364e+00
non-polar,heavy,upfolded,0.12241,9.189339e-01,3.380225e+00
non-polar,heavy,upfolded,0.12491,9.327085e-01,3.292639e+00
non-polar,heavy,upfolded,0.12741,9.452780e-01,3.207021e+00
non-polar,heavy,upfolded,0.12991,9.593174e-01,3.125814e+00
non-polar,heavy,upfolded,0.13240,9.778373e-01,3.050575e+00
non-polar,heavy,upfolded,0.13490,1.003558e+00,2.981405e+00
non-polar,heavy,upfolded,0.13740,1.038262e+00,2.916905e+00
non-polar,heavy,upfolded,0.13990,1.082261e+00,2.854648e+00
non-polar,heavy,upfolded,0.14240,1.134044e+00,2.792088e+00
non-polar,heavy,upfolded,0.14489,1.190213e+00,2.727575e+00
non-polar,heavy,upfolded,0.14739,1.245956e+00,2.660981e+00
non-polar,heavy,upfolded,0.14989,1.296246e+00,2.593599e+00
non-polar,heavy,upfolded,0.15239,1.337534e+00,2.527455e+00
non-polar,heavy,upfolded,0.15489,1.369108e+00,2.464510e+00
non-polar,heavy,upfolded,0.15738,1.393229e+00,2.406099e+00
non-polar,heavy,upfolded,0.15988,1.413921e+00,2.352667e+00
non-polar,heavy,upfolded,0.16238,1.435218e+00,2.303736e+00
non-polar,heavy,upfolded,0.16488,1.459905e+00,2.258029e+00
non-polar,heavy,upfolded,0.16738,1.489302e+00,2.213724e+00
non-polar,heavy,upfolded,0.16987,1.524021e+00,2.168900e+00
non-polar,heavy,upfolded,0.17237,1.565124e+00,2.122137e+00
non-polar,heavy,upfolded,0.17487,1.614937e+00,2.073108e+00
non-polar,heavy,upfolded,0.17737,1.677026e+00,2.022781e+00
non-polar,heavy,upfolded,0.17987,1.755408e+00,1.973005e+00
non-polar,heavy,upfolded,0.18237,1.853431e+00,1.925694e+00
non-polar,heavy,upfolded,0.18486,1.972650e+00,1.882126e+00
non-polar,heavy,upfolded,0.18736,2.111795e+00,1.842661e+00
non-polar,heavy,upfolded,0.18986,2.265879e+00,1.806848e+00
non-polar,heavy,upfolded,0.19236,2.425806e+00,1.773698e+00
non-polar,heavy,upfolded,0.19486,2.579114e+00,1.741934e+00
non-polar,heavy,upfolded,0.19735,2.712415e+00,1.710222e+00
non-polar,heavy,upfolded,0.19985,2.815124e+00,1.677394e+00
non-polar,heavy,upfolded,0.20235,2.882811e+00,1.642722e+00
non-polar,heavy,upfolded,0.20485,2.918282e+00,1.606201e+00
non-polar,heavy,upfolded,0.20735,2.929920e+00,1.568669e+00
non-polar,heavy,upfolded,0.20984,2.928500e+00,1.531592e+00
non-polar,heavy,upfolded,0.21234,2.924247e+00,1.496537e+00
non-polar,heavy,upfolded,0.21484,2.925216e+00,1.464591e+00
non-polar,heavy,upfolded,0.21734,2.937003e+00,1.436040e+00
non-polar,heavy,upfolded,0.21984,2.963211e+00,1.410413e+00
non-polar,heavy,upfolded,0.22234,3.006137e+00,1.386750e+00
non-polar,heavy,upfolded,0.22483,3.067401e+00,1.363916e+00
non-polar,heavy,upfolded,0.22733,3.148117e+00,1.340836e+00
non-polar,heavy,upfolded,0.22983,3.248125e+00,1.316667e+00
non-polar,heavy,upfolded,0.23233,3.364247e+00,1.290929e+00
non-polar,heavy,upfolded,0.23483,3.488412e+00,1.263614e+00
non-polar,heavy,upfolded,0.23732,3.607151e+00,1.235239e+00
non-polar,heavy,upfolded,0.23982,3.703763e+00,1.206776e+00
non-polar,heavy,upfolded,0.24232,3.763200e+00,1.179399e+00
non-polar,heavy,upfolded,0.24482,3.777635e+00,1.154120e+00
non-polar,heavy,upfolded,0.24732,3.749442e+00,1.131461e+00
non-polar,heavy,upfolded,0.24981,3.689826e+00,1.111330e+00
non-polar,heavy,upfolded,0.25231,3.614424e+00,1.093111e+00
non-polar,heavy,upfolded,0.25481,3.538833e+00,1.075901e+00
non-polar,heavy,upfolded,0.25731,3.475982e+00,1.058756e+00
non-polar,heavy,upfolded,0.25981,3.435345e+00,1.040877e+00
non-polar,heavy,upfolded,0.26230,3.422949e+00,1.021729e+00
non-polar,heavy,upfolded,0.26480,3.441330e+00,1.001122e+00
non-polar,heavy,upfolded,0.26730,3.489299e+00,9.792656e-01
non-polar,heavy,upfolded,0.26980,3.561992e+00,9.567547e-01
non-polar,heavy,upfolded,0.27230,3.651712e+00,9.344470e-01
non-polar,heavy,upfolded,0.27480,3.749435e+00,9.132381e-01
non-polar,heavy,upfolded,0.27729,3.846068e+00,8.937968e-01
non-polar,heavy,upfolded,0.27979,3.932361e+00,8.763775e-01
non-polar,heavy,upfolded,0.28229,3.997710e+00,8.607846e-01
non-polar,heavy,upfolded,0.28479,4.029777e+00,8.464818e-01
non-polar,heavy,upfolded,0.28729,4.016909e+00,8.327622e-01
non-polar,heavy,upfolded,0.28978,3.952933e+00,8.189043e-01
non-polar,heavy,upfolded,0.29228,3.841148e+00,8.042893e-01
non-polar,heavy,upfolded,0.29478,3.694297e+00,7.884970e-01
non-polar,heavy,upfolded,0.29728,3.530414e+00,7.713959e-01
non-polar,heavy,upfolded,0.29978,3.367316e+00,7.532046e-01
non-polar,heavy,upfolded,0.30227,3.218633e+00,7.344679e-01
non-polar,heavy,upfolded,0.30477,3.092315e+00,7.159163e-01
non-polar,heavy,upfolded,0.30727,2.990981e+00,6.982503e-01
non-polar,heavy,upfolded,0.30977,2.913048e+00,6.819473e-01
non-polar,heavy,upfolded,0.31227,2.853965e+00,6.671688e-01
non-polar,heavy,upfolded,0.31476,2.807477e+00,6.537706e-01
non-polar,heavy,upfolded,0.31726,2.767182e+00,6.413742e-01
non-polar,heavy,upfolded,0.31976,2.728322e+00,6.294596e-01
non-polar,heavy,upfolded,0.32226,2.688992e+00,6.174678e-01
non-polar,heavy,upfolded,0.32476,2.649819e+00,6.049169e-01
non-polar,heavy,upfolded,0.32726,2.612081e+00,5.915224e-01
non-polar,heavy,upfolded,0.32975,2.575402e+00,5.772919e-01
non-polar,heavy,upfolded,0.33225,2.536544e+00,5.625546e-01
non-polar,heavy,upfolded,0.33475,2.490166e+00,5.479003e-01
non-polar,heavy,upfolded,0.33725,2.431297e+00,5.340362e-01
non-polar,heavy,upfolded,0.33975,2.358133e+00,5.216101e-01
non-polar,heavy,upfolded,0.34224,2.273398e+00,5.110625e-01
non-polar,heavy,upfolded,0.34474,2.183483e+00,5.025482e-01
non-polar,heavy,upfolded,0.34724,2.096139e+00,4.959350e-01
non-polar,heavy,upfolded,0.34974,2.018206e+00,4.908604e-01
non-polar,heavy,upfolded,0.35224,1.954280e+00,4.868260e-01
non-polar,heavy,upfolded,0.35473,1.906350e+00,4.833046e-01
non-polar,heavy,upfolded,0.35723,1.873989e+00,4.798383e-01
non-polar,heavy,upfolded,0.35973,1.854784e+00,4.761159e-01
non-polar,heavy,upfolded,0.36223,1.844896e+00,4.720177e-01
non-polar,heavy,upfolded,0.36473,1.839793e+00,4.676224e-01
non-polar,heavy,upfolded,0.36723,1.835093e+00,4.631726e-01
non-polar,heavy,upfolded,0.36972,1.827138e+00,4.590099e-01
non-polar,heavy,upfolded,0.37222,1.812995e+00,4.554977e-01
non-polar,heavy,upfolded,0.37472,1.790044e+00,4.529430e-01
non-polar,heavy,upfolded,0.37722,1.755860e+00,4.515309e-01
non-polar,heavy,upfolded,0.37972,1.708866e+00,4.512777e-01
non-polar,heavy,upfolded,0.38221,1.649435e+00,4.520144e-01
non-polar,heavy,upfolded,0.38471,1.580472e+00,4.534177e-01
non-polar,heavy,upfolded,0.38721,1.506881e+00,4.550897e-01
non-polar,heavy,upfolded,0.38971,1.434211e+00,4.566636e-01
non-polar,heavy,upfolded,0.39221,1.367326e+00,4.578957e-01
non-polar,heavy,upfolded,0.39470,1.309650e+00,4.587223e-01
non-polar,heavy,upfolded,0.39720,1.262999e+00,4.592732e-01
non-polar,heavy,upfolded,0.39970,1.227733e+00,4.598375e-01
non-polar,heavy,upfolded,0.40220,1.202978e+00,4.607919e-01
non-polar,heavy,upfolded,0.40470,1.186805e+00,4.625179e-01
non-polar,heavy,upfolded,0.40719,1.176410e+00,4.653325e-01
non-polar,heavy,upfolded,0.40969,1.168433e+00,4.694490e-01
non-polar,heavy,upfolded,0.41219,1.159471e+00,4.749636e-01
non-polar,heavy,upfolded,0.41469,1.146702e+00,4.818450e-01
non-polar,heavy,upfolded,0.41719,1.128348e+00,4.899140e-01
non-polar,heavy,upfolded,0.41969,1.103804e+00,4.988447e-01
non-polar,heavy,upfolded,0.42218,1.073488e+00,5.082430e-01
non-polar,heavy,upfolded,0.42468,1.038587e+00,5.178085e-01
non-polar,heavy,upfolded,0.42718,1.000830e+00,5.274970e-01
non-polar,heavy,upfolded,0.42968,9.622912e-01,5.375974e-01
non-polar,heavy,upfolded,0.43218,9.251552e-01,5.486976e-01
non-polar,heavy,upfolded,0.43467,8.914293e-01,5.615659e-01
non-polar,heavy,upfolded,0.43717,8.626565e-01,5.769627e-01
non-polar,heavy,upfolded,0.43967,8.397356e-01,5.954028e-01
non-polar,heavy,upfolded,0.44217,8.228905e-01,6.169367e-01
non-polar,heavy,upfolded,0.44467,8.117625e-01,6.410587e-01
non-polar,heavy,upfolded,0.44716,8.055690e-01,6.668298e-01
non-polar,heavy,upfolded,0.44966,8.032578e-01,6.931987e-01
non-polar,heavy,upfolded,0.45216,8.035819e-01,7.193430e-01
non-polar,heavy,upfolded,0.45466,8.050600e-01,7.447702e-01
non-polar,heavy,upfolded,0.45716,8.058888e-01,7.690538e-01
non-polar,heavy,upfolded,0.45966,8.039874e-01,7.913526e-01
non-polar,heavy,upfolded,0.46215,7.973595e-01,8.100105e-01
non-polar,heavy,upfolded,0.46465,7.847401e-01,8.224995e-01
non-polar,heavy,upfolded,0.46715,7.661700e-01,8.258575e-01
non-polar,heavy,upfolded,0.46965,7.430667e-01,8.175766e-01
non-polar,heavy,upfolded,0.47215,7.177017e-01,7.965795e-01
non-polar,heavy,upfolded,0.47464,6.924206e-01,7.637205e-01
non-polar,heavy,upfolded,0.47714,6.690261e-01,7.215282e-01
non-polar,heavy,upfolded,0.47964,6.485190e-01,6.734204e-01
non-polar,heavy,upfolded,0.48214,6.311513e-01,6.228583e-01
non-polar,heavy,upfolded,0.48464,6.166469e-01,5.727485e-01
non-polar,heavy,upfolded,0.48713,6.044485e-01,5.251687e-01
non-polar,heavy,upfolded,0.48963,5.938956e-01,4.813576e-01
non-polar,heavy,upfolded,0.49213,5.843194e-01,4.418646e-01
non-polar,heavy,upfolded,0.49463,5.751099e-01,4.067550e-01
non-polar,heavy,upfolded,0.49713,5.658020e-01,3.758013e-01
non-polar,heavy,upfolded,0.49962,5.561513e-01,3.486273e-01
non-polar,heavy,upfolded,0.50212,5.461337e-01,3.248044e-01
non-polar,heavy,upfolded,0.50462,5.358713e-01,3.039068e-01
non-polar,heavy,upfolded,0.50712,5.255448e-01,2.855408e-01
non-polar,heavy,upfolded,0.50962,5.153363e-01,2.693567e-01
non-polar,heavy,upfolded,0.51212,5.053879e-01,2.550518e-01
non-polar,heavy,upfolded,0.51461,4.957628e-01,2.423674e-01
non-polar,heavy,upfolded,0.51711,4.864256e-01,2.310854e-01
non-polar,heavy,upfolded,0.51961,4.772670e-01,2.210225e-01
non-polar,heavy,upfolded,0.52211,4.681710e-01,2.120257e-01
non-polar,heavy,upfolded,0.52461,4.590773e-01,2.039681e-01
non-polar,heavy,upfolded,0.52710,4.499925e-01,1.967442e-01
non-polar,heavy,upfolded,0.52960,4.409558e-01,1.902672e-01
non-polar,heavy,upfolded,0.53210,4.320147e-01,1.844652e-01
non-polar,heavy,upfolded,0.53460,4.232450e-01,1.792785e-01
non-polar,heavy,upfolded,0.53710,4.147808e-01,1.746556e-01
non-polar,heavy,upfolded,0.53959,4.067989e-01,1.705490e-01
non-polar,heavy,upfolded,0.54209,3.994513e-01,1.669105e-01
non-polar,heavy,upfolded,0.54459,3.927987e-01,1.636852e-01
non-polar,heavy,upfolded,0.54709,3.867950e-01,1.608081e-01
non-polar,heavy,upfolded,0.54959,3.813278e-01,1.582043e-01
non-polar,heavy,upfolded,0.55208,3.762824e-01,1.557977e-01
non-polar,heavy,upfolded,0.55458,3.715824e-01,1.535252e-01
non-polar,heavy,upfolded,0.55708,3.671851e-01,1.513504e-01
non-polar,heavy,upfolded,0.55958,3.630431e-01,1.492656e-01
non-polar,heavy,upfolded,0.56208,3.590622e-01,1.472786e-01
non-polar,heavy,upfolded,0.56458,3.550866e-01,1.453928e-01
non-polar,heavy,upfolded,0.56707,3.509300e-01,1.435935e-01
non-polar,heavy,upfolded,0.56957,3.464450e-01,1.418441e-01
non-polar,heavy,upfolded,0.57207,3.415902e-01,1.400933e-01
non-polar,heavy,upfolded,0.57457,3.364471e-01,1.382902e-01
non-polar,heavy,upfolded,0.57707,3.311822e-01,1.364037e-01
non-polar,heavy,upfolded,0.57956,3.259877e-01,1.344394e-01
non-polar,heavy,upfolded,0.58206,3.210415e-01,1.324428e-01
non-polar,heavy,upfolded,0.58456,3.164965e-01,1.304832e-01
non-polar,heavy,upfolded,0.58706,3.124854e-01,1.286258e-01
non-polar,heavy,upfolded,0.58956,3.091135e-01,1.269069e-01
non-polar,heavy,upfolded,0.59205,3.064322e-01,1.253237e-01
non-polar,heavy,upfolded,0.59455,3.044106e-01,1.238389e-01
non-polar,heavy,upfolded,0.59705,3.029310e-01,1.223960e-01
non-polar,heavy,upfolded,0.59955,3.018173e-01,1.209386e-01
non-polar,heavy,upfolded,0.60205,3.008902e-01,1.194254e-01
non-polar,heavy,upfolded,0.60455,3.000235e-01,1.178401e-01
non-polar,heavy,upfolded,0.60704,2.991793e-01,1.161944e-01
non-polar,heavy,upfolded,0.60954,2.984069e-01,1.145225e-01
non-polar,heavy,upfolded,0.61204,2.978073e-01,1.128685e-01
non-polar,heavy,upfolded,0.61454,2.974678e-01,1.112717e-01
non-polar,heavy,upfolded,0.61704,2.973847e-01,1.097573e-01
non-polar,heavy,upfolded,0.61953,2.974144e-01,1.083355e-01
non-polar,heavy,upfolded,0.62203,2.972941e-01,1.070045e-01
non-polar,heavy,upfolded,0.62453,2.967425e-01,1.057520e-01
non-polar,heavy,upfolded,0.62703,2.955946e-01,1.045560e-01
non-polar,heavy,upfolded,0.62953,2.938883e-01,1.033879e-01
non-polar,heavy,upfolded,0.63202,2.918457e-01,1.022163e-01
non-polar,heavy,upfolded,0.63452,2.897754e-01,1.010147e-01
non-polar,heavy,upfolded,0.63702,2.879698e-01,9.976765e-02
non-polar,heavy,upfolded,0.63952,2.866542e-01,9.847467e-02
non-polar,heavy,upfolded,0.64202,2.859811e-01,9.715082e-02
non-polar,heavy,upfolded,0.64451,2.860315e-01,9.582302e-02
non-polar,heavy,upfolded,0.64701,2.867972e-01,9.452398e-02
non-polar,heavy,upfolded,0.64951,2.881484e-01,9.328426e-02
non-polar,heavy,upfolded,0.65201,2.898161e-01,9.212491e-02
non-polar,heavy,upfolded,0.65451,2.914316e-01,9.105315e-02
non-polar,heavy,upfolded,0.65701,2.926347e-01,9.006203e-02
non-polar,heavy,upfolded,0.65950,2.932051e-01,8.913302e-02
non-polar,heavy,upfolded,0.66200,2.931319e-01,8.824044e-02
non-polar,heavy,upfolded,0.66450,2.925726e-01,8.735674e-02
non-polar,heavy,upfolded,0.66700,2.917373e-01,8.645812e-02
non-polar,heavy,upfolded,0.66950,2.907745e-01,8.552968e-02
non-polar,heavy,upfolded,0.67199,2.897237e-01,8.456879e-02
non-polar,heavy,upfolded,0.67449,2.885484e-01,8.358599e-02
non-polar,heavy,upfolded,0.67699,2.872170e-01,8.260328e-02
non-polar,heavy,upfolded,0.67949,2.857787e-01,8.165021e-02
non-polar,heavy,upfolded,0.68199,2.843984e-01,8.075862e-02
non-polar,heavy,upfolded,0.68448,2.833323e-01,7.995652e-02
non-polar,heavy,upfolded,0.68698,2.828533e-01,7.926216e-02
non-polar,heavy,upfolded,0.68948,2.831504e-01,7.867919e-02
non-polar,heavy,upfolded,0.69198,2.842356e-01,7.819450e-02
non-polar,heavy,upfolded,0.69448,2.858784e-01,7.777957e-02
non-polar,heavy,upfolded,0.69697,2.875933e-01,7.739603e-02
non-polar,heavy,upfolded,0.69947,2.887216e-01,7.700450e-02
non-polar,heavy,upfolded,0.70197,2.886264e-01,7.657387e-02
non-polar,heavy,upfolded,0.70447,2.869378e-01,7.608783e-02
non-polar,heavy,upfolded,0.70697,2.837084e-01,7.554659e-02
non-polar,heavy,upfolded,0.70947,2.793742e-01,7.496417e-02
non-polar,heavy,upfolded,0.71196,2.745536e-01,7.436319e-02
non-polar,heavy,upfolded,0.71446,2.698221e-01,7.376907e-02
non-polar,heavy,upfolded,0.71696,2.655724e-01,7.320498e-02
non-polar,heavy,upfolded,0.71946,2.619887e-01,7.268779e-02
non-polar,heavy,upfolded,0.72196,2.591008e-01,7.222453e-02
non-polar,heavy,upfolded,0.72445,2.568717e-01,7.180992e-02
non-polar,heavy,upfolded,0.72695,2.552756e-01,7.142625e-02
non-polar,heavy,upfolded,0.72945,2.543393e-01,7.104730e-02
non-polar,heavy,upfolded,0.73195,2.541388e-01,7.064560e-02
non-polar,heavy,upfolded,0.73445,2.547636e-01,7.020010e-02
non-polar,heavy,upfolded,0.73694,2.562685e-01,6.970076e-02
non-polar,heavy,upfolded,0.73944,2.586244e-01,6.914925e-02
non-polar,heavy,upfolded,0.74194,2.616707e-01,6.855678e-02
non-polar,heavy,upfolded,0.74444,2.650751e-01,6.794127e-02
non-polar,heavy,upfolded,0.74694,2.683304e-01,6.732449e-02
non-polar,heavy,upfolded,0.74944,2.708350e-01,6.672884e-02
non-polar,heavy,upfolded,0.75193,2.720680e-01,6.617291e-02
non-polar,heavy,upfolded,0.75443,2.717866e-01,6.566665e-02
non-polar,heavy,upfolded,0.75693,2.701172e-01,6.520812e-02
non-polar,heavy,upfolded,0.75943,2.674775e-01,6.478383e-02
non-polar,heavy,upfolded,0.76193,2.643969e-01,6.437288e-02
non-polar,heavy,upfolded,0.76442,2.613625e-01,6.395314e-02
non-polar,heavy,upfolded,0.76692,2.587542e-01,6.350669e-02
non-polar,heavy,upfolded,0.76942,2.568468e-01,6.302307e-02
non-polar,heavy,upfolded,0.77192,2.558158e-01,6.250023e-02
non-polar,heavy,upfolded,0.77442,2.557130e-01,6.194401e-02
non-polar,heavy,upfolded,0.77691,2.564264e-01,6.136705e-02
non-polar,heavy,upfolded,0.77941,2.576664e-01,6.078703e-02
non-polar,heavy,upfolded,0.78191,2.590107e-01,6.022366e-02
non-polar,heavy,upfolded,0.78441,2.600042e-01,5.969405e-02
non-polar,heavy,upfolded,0.78691,2.602655e-01,5.920782e-02
non-polar,heavy,upfolded,0.78940,2.595538e-01,5.876396e-02
non-polar,heavy,upfolded,0.79190,2.577997e-01,5.835128e-02
non-polar,heavy,upfolded,0.79440,2.551202e-01,5.795231e-02
non-polar,heavy,upfolded,0.79690,2.518137e-01,5.754880e-02
non-polar,heavy,upfolded,0.79940,2.483047e-01,5.712631e-02
non-polar,heavy,upfolded,0.80190,2.450450e-01,5.667658e-02
non-polar,heavy,upfolded,0.80439,2.424112e-01,5.619802e-02
non-polar,heavy,upfolded,0.80689,2.406381e-01,5.569527e-02
non-polar,heavy,upfolded,0.80939,2.397942e-01,5.517823e-02
non-polar,heavy,upfolded,0.81189,2.397854e-01,5.466074e-02
non-polar,heavy,upfolded,0.81439,2.403814e-01,5.415844e-02
non-polar,heavy,upfolded,0.81688,2.412702e-01,5.368507e-02
non-polar,heavy,upfolded,0.81938,2.421428e-01,5.324818e-02
non-polar,heavy,upfolded,0.82188,2.427808e-01,5.284608e-02
non-polar,heavy,upfolded,0.82438,2.431034e-01,5.246800e-02
non-polar,heavy,upfolded,0.82688,2.431585e-01,5.209801e-02
non-polar,heavy,upfolded,0.82937,2.430856e-01,5.172060e-02
non-polar,heavy,upfolded,0.83187,2.430865e-01,5.132516e-02
non-polar,heavy,upfolded,0.83437,2.434013e-01,5.090761e-02
non-polar,heavy,upfolded,0.83687,2.442714e-01,5.046994e-02
non-polar,heavy,upfolded,0.83937,2.458811e-01,5.001872e-02
non-polar,heavy,upfolded,0.84187,2.482987e-01,4.956354e-02
non-polar,heavy,upfolded,0.84436,2.514391e-01,4.911548e-02
non-polar,heavy,upfolded,0.84686,2.550639e-01,4.868533e-02
non-polar,heavy,upfolded,0.84936,2.588259e-01,4.828103e-02
non-polar,heavy,upfolded,0.85186,2.623488e-01,4.790491e-02
non-polar,heavy,upfolded,0.85436,2.653051e-01,4.755198e-02
non-polar,heavy,upfolded,0.85685,2.674575e-01,4.721095e-02
non-polar,heavy,upfolded,0.85935,2.686670e-01,4.686817e-02
non-polar,heavy,upfolded,0.86185,2.689062e-01,4.651266e-02
non-polar,heavy,upfolded,0.86435,2.682861e-01,4.613951e-02
non-polar,heavy,upfolded,0.86685,2.670663e-01,4.575037e-02
non-polar,heavy,upfolded,0.86934,2.656291e-01,4.535172e-02
non-polar,heavy,upfolded,0.87184,2.644296e-01,4.495247e-02
non-polar,heavy,upfolded,0.87434,2.639431e-01,4.456162e-02
non-polar,heavy,upfolded,0.87684,2.646080e-01,4.418643e-02
non-polar,heavy,upfolded,0.87934,2.667664e-01,4.383092e-02
non-polar,heavy,upfolded,0.88183,2.706047e-01,4.349490e-02
non-polar,heavy,upfolded,0.88433,2.761074e-01,4.317363e-02
non-polar,heavy,upfolded,0.88683,2.830475e-01,4.285865e-02
non-polar,heavy,upfolded,0.88933,2.910466e-01,4.254036e-02
non-polar,heavy,upfolded,0.89183,2.997093e-01,4.221148e-02
non-polar,heavy,upfolded,0.89433,3.087695e-01,4.186977e-02
non-polar,heavy,upfolded,0.89682,3.181343e-01,4.151856e-02
non-polar,heavy,upfolded,0.89932,3.277547e-01,4.116500e-02
non-polar,heavy,upfolded,0.90182,3.373786e-01,4.081729e-02
non-polar,heavy,upfolded,0.90432,3.463541e-01,4.048187e-02
non-polar,heavy,upfolded,0.90682,3.536542e-01,4.016162e-02
non-polar,heavy,upfolded,0.90931,3.581837e-01,3.985535e-02
non-polar,heavy,upfolded,0.91181,3.592408e-01,3.955859e-02
non-polar,heavy,upfolded,0.91431,3.568575e-01,3.926520e-02
non-polar,heavy,upfolded,0.91681,3.517864e-01,3.896912e-02
non-polar,heavy,upfolded,0.91931,3.451616e-01,3.866628e-02
non-polar,heavy,upfolded,0.92180,3.380767e-01,3.835603e-02
non-polar,heavy,upfolded,0.92430,3.312964e-01,3.804159e-02
non-polar,heavy,upfolded,0.92680,3.251447e-01,3.772865e-02
non-polar,heavy,upfolded,0.92930,3.195026e-01,3.742306e-02
non-polar,heavy,upfolded,0.93180,3.138818e-01,3.712827e-02
non-polar,heavy,upfolded,0.93429,3.076039e-01,3.684411e-02
non-polar,heavy,upfolded,0.93679,3.000889e-01,3.656711e-02
non-polar,heavy,upfolded,0.93929,2.911406e-01,3.629242e-02
non-polar,heavy,upfolded,0.94179,2.810598e-01,3.601586e-02
non-polar,heavy,upfolded,0.94429,2.705136e-01,3.573541e-02
non-polar,heavy,upfolded,0.94679,2.602652e-01,3.545166e-02
non-polar,heavy,upfolded,0.94928,2.509355e-01,3.516739e-02
non-polar,heavy,upfolded,0.95178,2.428957e-01,3.488639e-02
non-polar,heavy,upfolded,0.95428,2.362790e-01,3.461166e-02
non-polar,heavy,upfolded,0.95678,2.310438e-01,3.434400e-02
non-polar,heavy,upfolded,0.95928,2.270335e-01,3.408166e-02
non-polar,heavy,upfolded,0.96177,2.240181e-01,3.382145e-02
non-polar,heavy,upfolded,0.96427,2.217259e-01,3.356051e-02
non-polar,heavy,upfolded,0.96677,2.198669e-01,3.329780e-02
non-polar,heavy,upfolded,0.96927,2.181469e-01,3.303422e-02
non-polar,heavy,upfolded,0.97177,2.162891e-01,3.277186e-02
non-polar,heavy,upfolded,0.97426,2.140762e-01,3.251268e-02
non-polar,heavy,upfolded,0.97676,2.113909e-01,3.225745e-02
non-polar,heavy,upfolded,0.97926,2.081994e-01,3.200540e-02
non-polar,heavy,upfolded,0.98176,2.044713e-01,3.175483e-02
non-polar,heavy,upfolded,0.98426,2.001017e-01,3.150427e-02
non-polar,heavy,upfolded,0.98676,1.949232e-01,3.125328e-02
non-polar,heavy,upfolded,0.98925,1.888200e-01,3.100253e-02
non-polar,heavy,upfolded,0.99175,1.818627e-01,3.075296e-02
non-polar,heavy,upfolded,0.99425,1.743557e-01,3.050503e-02
non-polar,heavy,upfolded,0.99675,1.667618e-01,3.025838e-02
non-polar,heavy,upfolded,0.99925,1.595677e-01,3.001222e-02
non-polar,heavy,upfolded,1.00174,1.531700e-01,2.976596e-02
non-polar,heavy,upfolded,1.00424,1.478241e-01,2.951947e-02
non-polar,heavy,upfolded,1.00674,1.436415e-01,2.927293e-02
non-polar,heavy,upfolded,1.00924,1.406120e-01,2.902647e-02
non-polar,heavy,upfolded,1.01174,1.386269e-01,2.877998e-02
non-polar,heavy,upfolded,1.01423,1.374975e-01,2.853332e-02
non-polar,heavy,upfolded,1.01673,1.369681e-01,2.828655e-02
non-polar,heavy,upfolded,1.01923,1.367335e-01,2.804000e-02
non-polar,heavy,upfolded,1.02173,1.364735e-01,2.779426e-02
non-polar,heavy,upfolded,1.02423,1.359114e-01,2.755017e-02
non-polar,heavy,upfolded,1.02672,1.348764e-01,2.730886e-02
non-polar,heavy,upfolded,1.02922,1.333327e-01,2.707169e-02
non-polar,heavy,upfolded,1.03172,1.313462e-01,2.684007e-02
non-polar,heavy,upfolded,1.03422,1.290119e-01,2.661528e-02
non-polar,heavy,upfolded,1.03672,1.263980e-01,2.639824e-02
non-polar,heavy,upfolded,1.03922,1.235472e-01,2.618944e-02
non-polar,heavy,upfolded,1.04171,1.205212e-01,2.598890e-02
non-polar,heavy,upfolded,1.04421,1.174364e-01,2.579633e-02
non-polar,heavy,upfolded,1.04671,1.144550e-01,2.561120e-02
non-polar,heavy,upfolded,1.04921,1.117346e-01,2.543290e-02
non-polar,heavy,upfolded,1.05171,1.093740e-01,2.526078e-02
non-polar,heavy,upfolded,1.05420,1.073846e-01,2.509420e-02
non-polar,heavy,upfolded,1.05670,1.056946e-01,2.493260e-02
non-polar,heavy,upfolded,1.05920,1.041777e-01,2.477547e-02
non-polar,heavy,upfolded,1.06170,1.026907e-01,2.462236e-02
non-polar,heavy,upfolded,1.06420,1.011106e-01,2.447288e-02
non-polar,heavy,upfolded,1.06669,9.936866e-02,2.432671e-02
non-polar,heavy,upfolded,1.06919,9.747223e-02,2.418356e-02
non-polar,heavy,upfolded,1.07169,9.550252e-02,2.404317e-02
non-polar,heavy,upfolded,1.07419,9.358255e-02,2.390534e-02
non-polar,heavy,upfolded,1.07669,9.183150e-02,2.376987e-02
non-polar,heavy,upfolded,1.07918,9.032970e-02,2.363661e-02
non-polar,heavy,upfolded,1.08168,8.910692e-02,2.350541e-02
non-polar,heavy,upfolded,1.08418,8.814925e-02,2.337615e-02
non-polar,heavy,upfolded,1.08668,8.741367e-02,2.324872e-02
non-polar,heavy,upfolded,1.08918,8.684222e-02,2.312302e-02
non-polar,heavy,upfolded,1.09168,8.637128e-02,2.299896e-02
non-polar,heavy,upfolded,1.09417,8.593346e-02,2.287648e-02
non-polar,heavy,upfolded,1.09667,8.545507e-02,2.275549e-02
non-polar,heavy,upfolded,1.09917,8.485774e-02,2.263594e-02
non-polar,heavy,upfolded,1.10167,8.406875e-02,2.251777e-02
non-polar,heavy,upfolded,1.10417,8.303372e-02,2.240092e-02
non-polar,heavy,upfolded,1.10666,8.172391e-02,2.228536e-02
non-polar,heavy,upfolded,1.10916,8.014101e-02,2.217103e-02
non-polar,heavy,upfolded,1.11166,7.832582e-02,2.205790e-02
non-polar,heavy,upfolded,1.11416,7.636619e-02,2.194593e-02
non-polar,heavy,upfolded,1.11666,7.439030e-02,2.183509e-02
non-polar,heavy,upfolded,1.11915,7.254184e-02,2.172535e-02
non-polar,heavy,upfolded,1.12165,7.094892e-02,2.161667e-02
non-polar,heavy,upfolded,1.12415,6.970082e-02,2.150903e-02
non-polar,heavy,upfolded,1.12665,6.883708e-02,2.140241e-02
non-polar,heavy,upfolded,1.12915,6.834470e-02,2.129677e-02
non-polar,heavy,upfolded,1.13165,6.815948e-02,2.119210e-02
non-polar,heavy,upfolded,1.13414,6.817164e-02,2.108838e-02
non-polar,heavy,upfolded,1.13664,6.824055e-02,2.098558e-02
non-polar,heavy,upfolded,1.13914,6.822171e-02,2.088369e-02
non-polar,heavy,upfolded,1.14164,6.800042e-02,2.078269e-02
non-polar,heavy,upfolded,1.14414,6.751646e-02,2.068256e-02
non-polar,heavy,upfolded,1.14663,6.676629e-02,2.058329e-02
non-polar,heavy,upfolded,1.14913,6.578686e-02,2.048486e-02
non-polar,heavy,upfolded,1.15163,6.463842e-02,2.038725e-02
non-polar,heavy,upfolded,1.15413,6.339719e-02,2.029045e-02
non-polar,heavy,upfolded,1.15663,6.215188e-02,2.019444e-02
non-polar,heavy,upfolded,1.15912,6.099308e-02,2.009922e-02
non-polar,heavy,upfolded,1.16162,5.999487e-02,2.000477e-02
non-polar,heavy,upfolded,1.16412,5.919674e-02,1.991108e-02
non-polar,heavy,upfolded,1.16662,5.859413e-02,1.981814e-02
non-polar,heavy,upfolded,1.16912,5.814096e-02,1.972593e-02
non-polar,heavy,upfolded,1.17161,5.776413e-02,1.963445e-02
non-polar,heavy,upfolded,1.17411,5.738682e-02,1.954368e-02
non-polar,heavy,upfolded,1.17661,5.695274e-02,1.945361e-02
non-polar,heavy,upfolded,1.17911,5.644032e-02,1.936424e-02
non-polar,heavy,upfolded,1.18161,5.586057e-02,1.927556e-02
non-polar,heavy,upfolded,1.18411,5.524249e-02,1.918754e-02
non-polar,heavy,upfolded,1.18660,5.461775e-02,1.910020e-02
non-polar,heavy,upfolded,1.18910,5.401290e-02,1.901351e-02
non-polar,heavy,upfolded,1.19160,5.344942e-02,1.892747e-02
non-polar,heavy,upfolded,1.19410,5.294512e-02,1.884207e-02
non-polar,heavy,upfolded,1.19660,5.251055e-02,1.875730e-02
non-polar,heavy,upfolded,1.19909,5.213969e-02,1.867316e-02
non-polar,heavy,upfolded,1.20159,5.180210e-02,1.858963e-02
non-polar,heavy,upfolded,1.20409,5.144536e-02,1.850671e-02
non-polar,heavy,upfolded,1.20659,5.101138e-02,1.842439e-02
non-polar,heavy,upfolded,1.20909,5.046121e-02,1.834267e-02
non-polar,heavy,upfolded,1.21158,4.979534e-02,1.826154e-02
non-polar,heavy,upfolded,1.21408,4.905745e-02,1.818098e-02
non-polar,heavy,upfolded,1.21658,4.831904e-02,1.810100e-02
non-polar,heavy,upfolded,1.21908,4.765421e-02,1.802159e-02
non-polar,heavy,upfolded,1.22158,4.711730e-02,1.794273e-02
non-polar,heavy,upfolded,1.22408,4.673069e-02,1.786444e-02
non-polar,heavy,upfolded,1.22657,4.648255e-02,1.778669e-02
non-polar,heavy,upfolded,1.22907,4.633162e-02,1.770948e-02
non-polar,heavy,upfolded,1.23157,4.621637e-02,1.763281e-02
non-polar,heavy,upfolded,1.23407,4.606785e-02,1.755667e-02
non-polar,heavy,upfolded,1.23657,4.582580e-02,1.748105e-02
non-polar,heavy,upfolded,1.23906,4.545537e-02,1.740595e-02
non-polar,heavy,upfolded,1.24156,4.495879e-02,1.733137e-02
non-polar,heavy,upfolded,1.24406,4.437543e-02,1.725729e-02
non-polar,heavy,upfolded,1.24656,4.376852e-02,1.718372e-02
non-polar,heavy,upfolded,1.24906,4.320395e-02,1.711065e-02
non-polar,heavy,upfolded,1.25155,4.273034e-02,1.703807e-02
non-polar,heavy,upfolded,1.25405,4.236732e-02,1.696597e-02
non-polar,heavy,upfolded,1.25655,4.210366e-02,1.689436e-02
non-polar,heavy,upfolded,1.25905,4.190406e-02,1.682323e-02
non-polar,heavy,upfolded,1.26155,4.172182e-02,1.675257e-02
non-polar,heavy,upfolded,1.26404,4.151402e-02,1.668238e-02
non-polar,heavy,upfolded,1.26654,4.125444e-02,1.661265e-02
non-polar,heavy,upfolded,1.26904,4.094021e-02,1.654338e-02
non-polar,heavy,upfolded,1.27154,4.058966e-02,1.647456e-02
non-polar,heavy,upfolded,1.27404,4.023240e-02,1.640620e-02
non-polar,heavy,upfolded,1.27654,3.989560e-02,1.633828e-02
non-polar,heavy,upfolded,1.27903,3.959284e-02,1.627080e-02
non-polar,heavy,upfolded,1.28153,3.932091e-02,1.620376e-02
non-polar,heavy,upfolded,1.28403,3.906553e-02,1.613716e-02
non-polar,heavy,upfolded,1.28653,3.881213e-02,1.607098e-02
non-polar,heavy,upfolded,1.28903,3.855498e-02,1.600523e-02
non-polar,heavy,upfolded,1.29152,3.829960e-02,1.593989e-02
non-polar,heavy,upfolded,1.29402,3.805776e-02,1.587498e-02
non-polar,heavy,upfolded,1.29652,3.783936e-02,1.581048e-02
non-polar,heavy,upfolded,1.29902,3.764634e-02,1.574639e-02
non-polar,heavy,upfolded,1.30152,3.747178e-02,1.568270e-02
non-polar,heavy,upfolded,1.30401,3.730387e-02,1.561941e-02
non-polar,heavy,upfolded,1.30651,3.713255e-02,1.555653e-02
non-polar,heavy,upfolded,1.30901,3.695546e-02,1.549404e-02
non-polar,heavy,upfolded,1.31151,3.677966e-02,1.543193e-02
non-polar,heavy,upfolded,1.31401,3.661825e-02,1.537022e-02
non-polar,heavy,upfolded,1.31650,3.648391e-02,1.530889e-02
non-polar,heavy,upfolded,1.31900,3.638353e-02,1.524794e-02
non-polar,heavy,upfolded,1.32150,3.631695e-02,1.518737e-02
non-polar,heavy,upfolded,1.32400,3.627936e-02,1.512717e-02
non-polar,heavy,upfolded,1.32650,3.626542e-02,1.506735e-02
non-polar,heavy,upfolded,1.32900,3.627248e-02,1.500789e-02
non-polar,heavy,upfolded,1.33149,3.630179e-02,1.494879e-02
non-polar,heavy,upfolded,1.33399,3.635687e-02,1.489006e-02
non-polar,heavy,upfolded,1.33649,3.643990e-02,1.483168e-02
non-polar,heavy,upfolded,1.33899,3.654703e-02,1.477366e-02
non-polar,heavy,upfolded,1.34149,3.666478e-02,1.471598e-02
non-polar,heavy,upfolded,1.34398,3.676832e-02,1.465866e-02
non-polar,heavy,upfolded,1.34648,3.682200e-02,1.460169e-02
non-polar,heavy,upfolded,1.34898,3.678139e-02,1.454505e-02
non-polar,heavy,upfolded,1.35148,3.659730e-02,1.448876e-02
non-polar,heavy,upfolded,1.35398,3.622297e-02,1.443280e-02
non-polar,heavy,upfolded,1.35647,3.562461e-02,1.437718e-02
non-polar,heavy,upfolded,1.35897,3.479279e-02,1.432188e-02
non-polar,heavy,upfolded,1.36147,3.374959e-02,1.426692e-02
non-polar,heavy,upfolded,1.36397,3.254671e-02,1.421228e-02
non-polar,heavy,upfolded,1.36647,3.125385e-02,1.415797e-02
non-polar,heavy,upfolded,1.36897,2.994217e-02,1.410397e-02
non-polar,heavy,upfolded,1.37146,2.867047e-02,1.405030e-02
non-polar,heavy,upfolded,1.37396,2.747858e-02,1.399693e-02
non-polar,heavy,upfolded,1.37646,2.638768e-02,1.394388e-02
non-polar,heavy,upfolded,1.37896,2.540450e-02,1.389115e-02
non-polar,heavy,upfolded,1.38146,2.452630e-02,1.383871e-02
non-polar,heavy,upfolded,1.38395,2.374516e-02,1.378659e-02
non-polar,heavy,upfolded,1.38645,2.305090e-02,1.373476e-02
non-polar,heavy,upfolded,1.38895,2.243290e-02,1.368323e-02
non-polar,heavy,upfolded,1.39145,2.188109e-02,1.363201e-02
non-polar,heavy,upfolded,1.39395,2.138635e-02,1.358107e-02
non-polar,heavy,upfolded,1.39644,2.094072e-02,1.353043e-02
non-polar,heavy,upfolded,1.39894,2.053735e-02,1.348008e-02
non-polar,heavy,upfolded,1.40144,2.017038e-02,1.343002e-02
non-polar,heavy,upfolded,1.40394,1.983487e-02,1.338025e-02
non-polar,heavy,upfolded,1.40644,1.952662e-02,1.333075e-02
non-polar,heavy,upfolded,1.40893,1.924209e-02,1.328154e-02
non-polar,heavy,upfolded,1.41143,1.897830e-02,1.323261e-02
non-polar,heavy,upfolded,1.41393,1.873269e-02,1.318396e-02
non-polar,heavy,upfolded,1.41643,1.850311e-02,1.313558e-02
non-polar,heavy,upfolded,1.41893,1.828770e-02,1.308747e-02
non-polar,heavy,upfolded,1.42143,1.808489e-02,1.303963e-02
non-polar,heavy,upfolded,1.42392,1.789333e-02,1.299206e-02
non-polar,heavy,upfolded,1.42642,1.771183e-02,1.294476e-02
non-polar,heavy,upfolded,1.42892,1.753939e-02,1.289772e-02
non-polar,heavy,upfolded,1.43142,1.737512e-02,1.285094e-02
non-polar,heavy,upfolded,1.43392,1.721826e-02,1.280442e-02
non-polar,heavy,upfolded,1.43641,1.706813e-02,1.275816e-02
non-polar,heavy,upfolded,1.43891,1.692415e-02,1.271216e-02
non-polar,heavy,upfolded,1.44141,1.678579e-02,1.266641e-02
non-polar,heavy,upfolded,1.44391,1.665260e-02,1.262092e-02
non-polar,heavy,upfolded,1.44641,1.652416e-02,1.257567e-02
non-polar,heavy,upfolded,1.44890,1.640013e-02,1.253067e-02
non-polar,heavy,upfolded,1.45140,1.628018e-02,1.248592e-02
non-polar,heavy,upfolded,1.45390,1.616403e-02,1.244141e-02
non-polar,heavy,upfolded,1.45640,1.605141e-02,1.239715e-02
non-polar,heavy,upfolded,1.45890,1.594210e-02,1.235313e-02
non-polar,heavy,upfolded,1.46139,1.583590e-02,1.230934e-02
non-polar,heavy,upfolded,1.46389,1.573262e-02,1.226580e-02
non-polar,heavy,upfolded,1.46639,1.563209e-02,1.222248e-02
non-polar,heavy,upfolded,1.46889,1.553418e-02,1.217941e-02
non-polar,heavy,upfolded,1.47139,1.543875e-02,1.213656e-02
non-polar,heavy,upfolded,1.47389,1.534567e-02,1.209395e-02
non-polar,heavy,upfolded,1.47638,1.525485e-02,1.205156e-02
non-polar,heavy,upfolded,1.47888,1.516620e-02,1.200940e-02
non-polar,heavy,upfolded,1.48138,1.507962e-02,1.196747e-02
non-polar,heavy,upfolded,1.48388,1.499506e-02,1.192576e-02
non-polar,heavy,upfolded,1.48638,1.491246e-02,1.188427e-02
non-polar,heavy,upfolded,1.48887,1.483176e-02,1.184300e-02
non-polar,heavy,upfolded,1.49137,1.475293e-02,1.180196e-02
non-polar,heavy,upfolded,1.49387,1.467593e-02,1.176112e-02
non-polar,heavy,upfolded,1.49637,1.460077e-02,1.172051e-02
non-polar,heavy,upfolded,1.49887,1.452742e-02,1.168011e-02
non-polar,heavy,upfolded,1.50136,1.445590e-02,1.163992e-02
non-polar,heavy,upfolded,1.50386,1.438625e-02,1.159994e-02
non-polar,heavy,upfolded,1.50636,1.431848e-02,1.156017e-02
non-polar,heavy,upfolded,1.50886,1.425268e-02,1.152061e-02
non-polar,heavy,upfolded,1.51136,1.418892e-02,1.148126e-02
non-polar,heavy,upfolded,1.51386,1.412730e-02,1.144211e-02
non-polar,heavy,upfolded,1.51635,1.406797e-02,1.140316e-02
non-polar,heavy,upfolded,1.51885,1.401109e-02,1.136442e-02
non-polar,heavy,upfolded,1.52135,1.395688e-02,1.132587e-02
non-polar,heavy,upfolded,1.52385,1.390557e-02,1.128753e-02
non-polar,heavy,upfolded,1.52635,1.385748e-02,1.124939e-02
non-polar,heavy,upfolded,1.52884,1.381292e-02,1.121144e-02
non-polar,heavy,upfolded,1.53134,1.377227e-02,1.117368e-02
non-polar,heavy,upfolded,1.53384,1.373590e-02,1.113612e-02
non-polar,heavy,upfolded,1.53634,1.370413e-02,1.109875e-02
non-polar,heavy,upfolded,1.53884,1.367716e-02,1.106158e-02
non-polar,heavy,upfolded,1.54133,1.365495e-02,1.102459e-02
non-polar,heavy,upfolded,1.54383,1.363712e-02,1.098779e-02
non-polar,heavy,upfolded,1.54633,1.362278e-02,1.095118e-02
non-polar,heavy,upfolded,1.54883,1.361061e-02,1.091475e-02
non-polar,heavy,upfolded,1.55133,1.359888e-02,1.087851e-02
non-polar,heavy,upfolded,1.55382,1.358575e-02,1.084245e-02
non-polar,heavy,upfolded,1.55632,1.356950e-02,1.080658e-02
non-polar,heavy,upfolded,1.55882,1.354885e-02,1.077088e-02
non-polar,heavy,upfolded,1.56132,1.352313e-02,1.073536e-02
non-polar,heavy,upfolded,1.56382,1.349226e-02,1.070002e-02
non-polar,heavy,upfolded,1.56632,1.345649e-02,1.066486e-02
non-polar,heavy,upfolded,1.56881,1.341606e-02,1.062988e-02
non-polar,heavy,upfolded,1.57131,1.337101e-02,1.059507e-02
non-polar,heavy,upfolded,1.57381,1.332145e-02,1.056043e-02
non-polar,heavy,upfolded,1.57631,1.326777e-02,1.052596e-02
non-polar,heavy,upfolded,1.57881,1.321084e-02,1.049167e-02
non-polar,heavy,upfolded,1.58130,1.315173e-02,1.045755e-02
non-polar,heavy,upfolded,1.58380,1.309132e-02,1.042359e-02
non-polar,heavy,upfolded,1.58630,1.303000e-02,1.038980e-02
non-polar,heavy,upfolded,1.58880,1.296770e-02,1.035618e-02
non-polar,heavy,upfolded,1.59130,1.290431e-02,1.032273e-02
non-polar,heavy,upfolded,1.59379,1.284007e-02,1.028943e-02
non-polar,heavy,upfolded,1.59629,1.277566e-02,1.025630e-02
non-polar,heavy,upfolded,1.59879,1.271205e-02,1.022334e-02
non-polar,heavy,upfolded,1.60129,1.265025e-02,1.019053e-02
non-polar,heavy,upfolded,1.60379,1.259099e-02,1.015789e-02
non-polar,heavy,upfolded,1.60629,1.253478e-02,1.012540e-02
non-polar,heavy,upfolded,1.60878,1.248199e-02,1.009307e-02
non-polar,heavy,upfolded,1.61128,1.243305e-02,1.006090e-02
non-polar,heavy,upfolded,1.61378,1.238860e-02,1.002888e-02
non-polar,heavy,upfolded,1.61628,1.234940e-02,9.997023e-03
non-polar,heavy,upfolded,1.61878,1.231614e-02,9.965315e-03
non-polar,heavy,upfolded,1.62127,1.228916e-02,9.933760e-03
non-polar,heavy,upfolded,1.62377,1.226830e-02,9.902357e-03
non-polar,heavy,upfolded,1.62627,1.225276e-02,9.871105e-03
non-polar,heavy,upfolded,1.62877,1.224117e-02,9.840002e-03
non-polar,heavy,upfolded,1.63127,1.223172e-02,9.809048e-03
non-polar,heavy,upfolded,1.63376,1.222251e-02,9.778242e-03
non-polar,heavy,upfolded,1.63626,1.221188e-02,9.747583e-03
non-polar,heavy,upfolded,1.63876,1.219863e-02,9.717069e-03
non-polar,heavy,upfolded,1.64126,1.218213e-02,9.686701e-03
non-polar,heavy,upfolded,1.64376,1.216210e-02,9.656477e-03
non-polar,heavy,upfolded,1.64625,1.213849e-02,9.626395e-03
non-polar,heavy,upfolded,1.64875,1.211130e-02,9.596456e-03
non-polar,heavy,upfolded,1.65125,1.208062e-02,9.566659e-03
non-polar,heavy,upfolded,1.65375,1.204665e-02,9.537001e-03
non-polar,heavy,upfolded,1.65625,1.200975e-02,9.507483e-03
non-polar,heavy,upfolded,1.65875,1.197046e-02,9.478104e-03
non-polar,heavy,upfolded,1.66124,1.192943e-02,9.448863e-03
non-polar,heavy,upfolded,1.66374,1.188728e-02,9.419758e-03
non-polar,heavy,upfolded,1.66624,1.184463e-02,9.390789e-03
non-polar,heavy,upfolded,1.66874,1.180202e-02,9.361955e-03
non-polar,heavy,upfolded,1.67124,1.175995e-02,9.333256e-03
non-polar,heavy,upfolded,1.67373,1.171889e-02,9.304690e-03
non-polar,heavy,upfolded,1.67623,1.167928e-02,9.276257e-03
non-polar,heavy,upfolded,1.67873,1.164146e-02,9.247955e-03
non-polar,heavy,upfolded,1.68123,1.160566e-02,9.219784e-03
non-polar,heavy,upfolded,1.68373,1.157191e-02,9.191743e-03
non-polar,heavy,upfolded,1.68622,1.153999e-02,9.163832e-03
non-polar,heavy,upfolded,1.68872,1.150937e-02,9.136049e-03
non-polar,heavy,upfolded,1.69122,1.147931e-02,9.108394e-03
non-polar,heavy,upfolded,1.69372,1.144905e-02,9.080866e-03
non-polar,heavy,upfolded,1.69622,1.141799e-02,9.053463e-03
non-polar,heavy,upfolded,1.69871,1.138591e-02,9.026186e-03
non-polar,heavy,upfolded,1.70121,1.135304e-02,8.999034e-03
non-polar,heavy,upfolded,1.70371,1.131985e-02,8.972005e-03
non-polar,heavy,upfolded,1.70621,1.128687e-02,8.945100e-03
non-polar,heavy,upfolded,1.70871,1.125462e-02,8.918316e-03
non-polar,heavy,upfolded,1.71121,1.122359e-02,8.891654e-03
non-polar,heavy,upfolded,1.71370,1.119428e-02,8.865113e-03
non-polar,heavy,upfolded,1.71620,1.116707e-02,8.838692e-03
non-polar,heavy,upfolded,1.71870,1.114195e-02,8.812390e-03
non-polar,heavy,upfolded,1.72120,1.111842e-02,8.786207e-03
non-polar,heavy,upfolded,1.72370,1.109558e-02,8.760142e-03
non-polar,heavy,upfolded,1.72619,1.107254e-02,8.734193e-03
non-polar,heavy,upfolded,1.72869,1.104866e-02,8.708362e-03
non-polar,heavy,upfolded,1.73119,1.102359e-02,8.682645e-03
non-polar,heavy,upfolded,1.73369,1.099717e-02,8.657044e-03
non-polar,heavy,upfolded,1.73619,1.096920e-02,8.631557e-03
non-polar,heavy,upfolded,1.73868,1.093947e-02,8.606184e-03
non-polar,heavy,upfolded,1.74118,1.090798e-02,8.580924e-03
non-polar,heavy,upfolded,1.74368,1.087504e-02,8.555776e-03
non-polar,heavy,upfolded,1.74618,1.084128e-02,8.530739e-03
non-polar,heavy,upfolded,1.74868,1.080740e-02,8.505814e-03
non-polar,heavy,upfolded,1.75118,1.077376e-02,8.480998e-03
non-polar,heavy,upfolded,1.75367,1.074023e-02,8.456292e-03
non-polar,heavy,upfolded,1.75617,1.070625e-02,8.431696e-03
non-polar,heavy,upfolded,1.75867,1.067125e-02,8.407207e-03
non-polar,heavy,upfolded,1.76117,1.063502e-02,8.382826e-03
non-polar,heavy,upfolded,1.76367,1.059787e-02,8.358552e-03
non-polar,heavy,upfolded,1.76616,1.056040e-02,8.334385e-03
non-polar,heavy,upfolded,1.76866,1.052313e-02,8.310323e-03
non-polar,heavy,upfolded,1.77116,1.048609e-02,8.286367e-03
non-polar,heavy,upfolded,1.77366,1.044888e-02,8.262515e-03
non-polar,heavy,upfolded,1.77616,1.041088e-02,8.238766e-03
non-polar,heavy,upfolded,1.77865,1.037172e-02,8.215121e-03
non-polar,heavy,upfolded,1.78115,1.033148e-02,8.191579e-03
non-polar,heavy,upfolded,1.78365,1.029063e-02,8.168139e-03
non-polar,heavy,upfolded,1.78615,1.024971e-02,8.144800e-03
non-polar,heavy,upfolded,1.78865,1.020894e-02,8.121562e-03
non-polar,heavy,upfolded,1.79114,1.016809e-02,8.098425e-03
non-polar,heavy,upfolded,1.79364,1.012667e-02,8.075387e-03
non-polar,heavy,upfolded,1.79614,1.008426e-02,8.052448e-03
non-polar,heavy,upfolded,1.79864,1.004085e-02,8.029608e-03
non-polar,heavy,upfolded,1.80114,9.996729e-03,8.006866e-03
non-polar,heavy,upfolded,1.80364,9.952293e-03,7.984221e-03
non-polar,heavy,upfolded,1.80613,9.907709e-03,7.961673e-03
non-polar,heavy,upfolded,1.80863,9.862808e-03,7.939222e-03
non-polar,heavy,upfolded,1.81113,9.817233e-03,7.916866e-03
non-polar,heavy,upfolded,1.81363,9.770718e-03,7.894605e-03
non-polar,heavy,upfolded,1.81613,9.723259e-03,7.872439e-03
non-polar,heavy,upfolded,1.81862,9.675039e-03,7.850367e-03
non-polar,heavy,upfolded,1.82112,9.626215e-03,7.828389e-03
non-polar,heavy,upfolded,1.82362,9.576757e-03,7.806504e-03
non-polar,heavy,upfolded,1.82612,9.526466e-03,7.784711e-03
non-polar,heavy,upfolded,1.82862,9.475136e-03,7.763010e-03
non-polar,heavy,upfolded,1.83111,9.422676e-03,7.741401e-03
non-polar,heavy,upfolded,1.83361,9.369095e-03,7.719882e-03
non-polar,heavy,upfolded,1.83611,9.314396e-03,7.698454e-03
non-polar,heavy,upfolded,1.83861,9.258504e-03,7.677116e-03
non-polar,heavy,upfolded,1.84111,9.201298e-03,7.655868e-03
non-polar,heavy,upfolded,1.84361,9.142694e-03,7.634708e-03
non-polar,heavy,upfolded,1.84610,9.082681e-03,7.613636e-03
non-polar,heavy,upfolded,1.84860,9.021316e-03,7.592653e-03
non-polar,heavy,upfolded,1.85110,8.958728e-03,7.571757e-03
non-polar,heavy,upfolded,1.85360,8.895156e-03,7.550947e-03
non-polar,heavy,upfolded,1.85610,8.830993e-03,7.530225e-03
non-polar,heavy,upfolded,1.85859,8.766795e-03,7.509588e-03
non-polar,heavy,upfolded,1.86109,8.703246e-03,7.489036e-03
non-polar,heavy,upfolded,1.86359,8.641085e-03,7.468570e-03
non-polar,heavy,upfolded,1.86609,8.580989e-03,7.448188e-03
non-polar,heavy,upfolded,1.86859,8.523484e-03,7.427890e-03
non-polar,heavy,upfolded,1.87108,8.468878e-03,7.407676e-03
non-polar,heavy,upfolded,1.87358,8.417267e-03,7.387545e-03
non-polar,heavy,upfolded,1.87608,8.368576e-03,7.367497e-03
non-polar,heavy,upfolded,1.87858,8.322617e-03,7.347530e-03
non-polar,heavy,upfolded,1.88108,8.279145e-03,7.327646e-03
non-polar,heavy,upfolded,1.88357,8.237895e-03,7.307843e-03
non-polar,heavy,upfolded,1.88607,8.198609e-03,7.288120e-03
non-polar,heavy,upfolded,1.88857,8.161051e-03,7.268478e-03
non-polar,heavy,upfolded,1.89107,8.125009e-03,7.248916e-03
non-polar,heavy,upfolded,1.89357,8.090298e-03,7.229434e-03
non-polar,heavy,upfolded,1.89607,8.056759e-03,7.210030e-03
non-polar,heavy,upfolded,1.89856,8.024256e-03,7.190705e-03
non-polar,heavy,upfolded,1.90106,7.992671e-03,7.171459e-03
non-polar,heavy,upfolded,1.90356,7.961905e-03,7.152290e-03
non-polar,heavy,upfolded,1.90606,7.931872e-03,7.133199e-03
non-polar,heavy,upfolded,1.90856,7.902500e-03,7.114185e-03
non-polar,heavy,upfolded,1.91105,7.873726e-03,7.095247e-03
non-polar,heavy,upfolded,1.91355,7.845495e-03,7.076385e-03
non-polar,heavy,upfolded,1.91605,7.817760e-03,7.057599e-03
non-polar,heavy,upfolded,1.91855,7.790481e-03,7.038888e-03
non-polar,heavy,upfolded,1.92105,7.763622e-03,7.020253e-03
non-polar,heavy,upfolded,1.92354,7.737152e-03,7.001691e-03
non-polar,heavy,upfolded,1.92604,7.711043e-03,6.983204e-03
non-polar,heavy,upfolded,1.92854,7.685272e-03,6.964791e-03
non-polar,heavy,upfolded,1.93104,7.659816e-03,6.946450e-03
non-polar,heavy,upfolded,1.93354,7.634657e-03,6.928183e-03
non-polar,heavy,upfolded,1.93603,7.609777e-03,6.909988e-03
non-polar,heavy,upfolded,1.93853,7.585162e-03,6.891866e-03
non-polar,heavy,upfolded,1.94103,7.560798e-03,6.873815e-03
non-polar,heavy,upfolded,1.94353,7.536672e-03,6.855836e-03
non-polar,heavy,upfolded,1.94603,7.512773e-03,6.837927e-03
non-polar,heavy,upfolded,1.94853,7.489091e-03,6.820089e-03
non-polar,heavy,upfolded,1.95102,7.465617e-03,6.802322e-03
non-polar,heavy,upfolded,1.95352,7.442343e-03,6.784624e-03
non-polar,heavy,upfolded,1.95602,7.419260e-03,6.766996e-03
non-polar,heavy,upfolded,1.95852,7.396362e-03,6.749436e-03
non-polar,heavy,upfolded,1.96102,7.373643e-03,6.731946e-03
non-polar,heavy,upfolded,1.96351,7.351096e-03,6.714524e-03
non-polar,heavy,upfolded,1.96601,7.328716e-03,6.697170e-03
non-polar,heavy,upfolded,1.96851,7.306498e-03,6.679884e-03
non-polar,heavy,upfolded,1.97101,7.284437e-03,6.662665e-03
non-polar,heavy,upfolded,1.97351,7.262528e-03,6.645513e-03
non-polar,heavy,upfolded,1.97600,7.240768e-03,6.628428e-03
non-polar,heavy,upfolded,1.97850,7.219153e-03,6.611409e-03
non-polar,heavy,upfolded,1.98100,7.197679e-03,6.594456e-03
non-polar,heavy,upfolded,1.98350,7.176344e-03,6.577569e-03
non-polar,heavy,upfolded,1.98600,7.155142e-03,6.560746e-03
non-polar,heavy,upfolded,1.98850,7.134073e-03,6.543989e-03
non-polar,heavy,upfolded,1.99099,7.113133e-03,6.527297e-03
non-polar,heavy,upfolded,1.99349,7.092319e-03,6.510668e-03
non-polar,heavy,upfolded,1.99599,7.071629e-03,6.494104e-03
non-polar,heavy,upfolded,1.99849,7.051061e-03,6.477603e-03
non-polar,heavy,upfolded,2.00099,7.030612e-03,6.461165e-03
non-polar,heavy,upfolded,2.00348,7.010280e-03,6.444790e-03
non-polar,heavy,upfolded,2.00598,6.990063e-03,6.428478e-03
non-polar,heavy,upfolded,2.00848,6.969960e-03,6.412228e-03
non-polar,heavy,upfolded,2.01098,6.949968e-03,6.396040e-03
non-polar,heavy,upfolded,2.01348,6.930086e-03,6.379914e-03
non-polar,heavy,upfolded,2.01597,6.910312e-03,6.363849e-03
non-polar,heavy,upfolded,2.01847,6.890644e-03,6.347845e-03
non-polar,heavy,upfolded,2.02097,6.871082e-03,6.331902e-03
non-polar,heavy,upfolded,2.02347,6.851622e-03,6.316019e-03
non-polar,heavy,upfolded,2.02597,6.832265e-03,6.300197e-03
non-polar,heavy,upfolded,2.02846,6.813009e-03,6.284434e-03
non-polar,heavy,upfolded,2.03096,6.793852e-03,6.268731e-03
non-polar,heavy,upfolded,2.03346,6.774793e-03,6.253086e-03
non-polar,heavy,upfolded,2.03596,6.755831e-03,6.237501e-03
non-polar,heavy,upfolded,2.03846,6.736965e-03,6.221974e-03
non-polar,heavy,upfolded,2.04096,6.718193e-03,6.206506e-03
non-polar,heavy,upfolded,2.04345,6.699515e-03,6.191095e-03
non-polar,heavy,upfolded,2.04595,6.680929e-03,6.175743e-03
non-polar,heavy,upfolded,2.04845,6.662435e-03,6.160447e-03
non-polar,heavy,upfolded,2.05095,6.644031e-03,6.145209e-03
non-polar,heavy,upfolded,2.05345,6.625717e-03,6.130028e-03
non-polar,heavy,upfolded,2.05594,6.607491e-03,6.114903e-03
non-polar,heavy,upfolded,2.05844,6.589353e-03,6.099834e-03
non-polar,heavy,upfolded,2.06094,6.571301e-03,6.084822e-03
non-polar,heavy,upfolded,2.06344,6.553336e-03,6.069865e-03
non-polar,heavy,upfolded,2.06594,6.535455e-03,6.054964e-03
non-polar,heavy,upfolded,2.06843,6.517659e-03,6.040117e-03
non-polar,heavy,upfolded,2.07093,6.499946e-03,6.025326e-03
non-polar,heavy,upfolded,2.07343,6.482315e-03,6.010589e-03
non-polar,heavy,upfolded,2.07593,6.464767e-03,5.995907e-03
non-polar,heavy,upfolded,2.07843,6.447299e-03,5.981279e-03
non-polar,heavy,upfolded,2.08092,6.429912e-03,5.966704e-03
non-polar,heavy,upfolded,2.08342,6.412605e-03,5.952183e-03
non-polar,heavy,upfolded,2.08592,6.395376e-03,5.937716e-03
non-polar,heavy,upfolded,2.08842,6.378226e-03,5.923301e-03
non-polar,heavy,upfolded,2.09092,6.361153e-03,5.908939e-03
non-polar,heavy,upfolded,2.09342,6.344158e-03,5.894630e-03
non-polar,heavy,upfolded,2.09591,6.327238e-03,5.880372e-03
non-polar,heavy,upfolded,2.09841,6.310395e-03,5.866167e-03
non-polar,heavy,upfolded,2.10091,6.293626e-03,5.852014e-03
non-polar,heavy,upfolded,2.10341,6.276932e-03,5.837912e-03
non-polar,heavy,upfolded,2.10591,6.260312e-03,5.823861e-03
non-polar,heavy,upfolded,2.10840,6.243765e-03,5.809861e-03
non-polar,heavy,upfolded,2.11090,6.227291e-03,5.795912e-03
non-polar,heavy,upfolded,2.11340,6.210889e-03,5.782014e-03
non-polar,heavy,upfolded,2.11590,6.194559e-03,5.768165e-03
non-polar,heavy,upfolded,2.11840,6.178299e-03,5.754367e-03
non-polar,heavy,upfolded,2.12089,6.162111e-03,5.740618e-03
non-polar,heavy,upfolded,2.12339,6.145992e-03,5.726919e-03
non-polar,heavy,upfolded,2.12589,6.129943e-03,5.713270e-03
non-polar,heavy,upfolded,2.12839,6.113962e-03,5.699669e-03
non-polar,heavy,upfolded,2.13089,6.098051e-03,5.686117e-03
non-polar,heavy,upfolded,2.13339,6.082207e-03,5.672613e-03
non-polar,heavy,upfolded,2.13588,6.066430e-03,5.659158e-03
non-polar,heavy,upfolded,2.13838,6.050721e-03,5.645751e-03
non-polar,heavy,upfolded,2.14088,6.035078e-03,5.632392e-03
non-polar,heavy,upfolded,2.14338,6.019502e-03,5.619081e-03
non-polar,heavy,upfolded,2.14588,6.003991e-03,5.605817e-03
non-polar,heavy,upfolded,2.14837,5.988545e-03,5.592600e-03
non-polar,heavy,upfolded,2.15087,5.973163e-03,5.579430e-03
non-polar,heavy,upfolded,2.15337,5.957846e-03,5.566307e-03
non-polar,heavy,upfolded,2.15587,5.942593e-03,5.553230e-03
non-polar,heavy,upfolded,2.15837,5.927404e-03,5.540199e-03
non-polar,heavy,upfolded,2.16086,5.912277e-03,5.527215e-03
non-polar,heavy,upfolded,2.16336,5.897213e-03,5.514277e-03
non-polar,heavy,upfolded,2.16586,5.882211e-03,5.501384e-03
non-polar,heavy,upfolded,2.16836,5.867271e-03,5.488536e-03
non-polar,heavy,upfolded,2.17086,5.852392e-03,5.475734e-03
non-polar,heavy,upfolded,2.17335,5.837574e-03,5.462977e-03
non-polar,heavy,upfolded,2.17585,5.822816e-03,5.450265e-03
non-polar,heavy,upfolded,2.17835,5.808119e-03,5.437597e-03
non-polar,heavy,upfolded,2.18085,5.793481e-03,5.424973e-03
non-polar,heavy,upfolded,2.18335,5.778903e-03,5.412394e-03
non-polar,heavy,upfolded,2.18585,5.764384e-03,5.399858e-03
non-polar,heavy,upfolded,2.18834,5.749924e-03,5.387367e-03
non-polar,heavy,upfolded,2.19084,5.735522e-03,5.374919e-03
non-polar,heavy,upfolded,2.19334,5.721177e-03,5.362514e-03
non-polar,heavy,upfolded,2.19584,5.706891e-03,5.350152e-03
non-polar,heavy,upfolded,2.19834,5.692661e-03,5.337833e-03
non-polar,heavy,upfolded,2.20083,5.678488e-03,5.325557e-03
non-polar,heavy,upfolded,2.20333,5.664372e-03,5.313324e-03
non-polar,heavy,upfolded,2.20583,5.650312e-03,5.301133e-03
non-polar,heavy,upfolded,2.20833,5.636308e-03,5.288984e-03
non-polar,heavy,upfolded,2.21083,5.622359e-03,5.276877e-03
non-polar,heavy,upfolded,2.21332,5.608465e-03,5.264811e-03
non-polar,heavy,upfolded,2.21582,5.594627e-03,5.252788e-03
non-polar,heavy,upfolded,2.21832,5.580842e-03,5.240805e-03
non-polar,heavy,upfolded,2.22082,5.567112e-03,5.228864e-03
non-polar,heavy,upfolded,2.22332,5.553436e-03,5.216964e-03
non-polar,heavy,upfolded,2.22582,5.539813e-03,5.205104e-03
non-polar,heavy,upfolded,2.22831,5.526243e-03,5.193285e-03
non-polar,heavy,upfolded,2.23081,5.512726e-03,5.181507e-03
non-polar,heavy,upfolded,2.23331,5.499262e-03,5.169769e-03
non-polar,heavy,upfolded,2.23581,5.485850e-03,5.158071e-03
non-polar,heavy,upfolded,2.23831,5.472490e-03,5.146412e-03
non-polar,heavy,upfolded,2.24080,5.459182e-03,5.134794e-03
non-polar,heavy,upfolded,2.24330,5.445925e-03,5.123215e-03
non-polar,heavy,upfolded,2.24580,5.432719e-03,5.111675e-03
non-polar,heavy,upfolded,2.24830,5.419564e-03,5.100174e-03
non-polar,heavy,upfolded,2.25080,5.406459e-03,5.088713e-03
non-polar,heavy,upfolded,2.25329,5.393405e-03,5.077290e-03
non-polar,heavy,upfolded,2.25579,5.380400e-03,5.065905e-03
non-polar,heavy,upfolded,2.25829,5.367446e-03,5.054560e-03
non-polar,heavy,upfolded,2.26079,5.354540e-03,5.043252e-03
non-polar,heavy,upfolded,2.26329,5.341684e-03,5.031983e-03
non-polar,heavy,upfolded,2.26578,5.328876e-03,5.020751e-03
non-polar,heavy,upfolded,2.26828,5.316117e-03,5.009557e-03
non-polar,heavy,upfolded,2.27078,5.303406e-03,4.998401e-03
non-polar,heavy,upfolded,2.27328,5.290743e-03,4.987282e-03
non-polar,heavy,upfolded,2.27578,5.278128e-03,4.976201e-03
non-polar,heavy,upfolded,2.27828,5.265560e-03,4.965156e-03
non-polar,heavy,upfolded,2.28077,5.253040e-03,4.954149e-03
non-polar,heavy,upfolded,2.28327,5.240566e-03,4.943178e-03
non-polar,heavy,upfolded,2.28577,5.228140e-03,4.932244e-03
non-polar,heavy,upfolded,2.28827,5.215759e-03,4.921346e-03
non-polar,heavy,upfolded,2.29077,5.203425e-03,4.910485e-03
non-polar,heavy,upfolded,2.29326,5.191137e-03,4.899659e-03
non-polar,heavy,upfolded,2.29576,5.178894e-03,4.888870e-03
non-polar,heavy,upfolded,2.29826,5.166697e-03,4.878116e-03
non-polar,heavy,upfolded,2.30076,5.154545e-03,4.867398e-03
non-polar,heavy,upfolded,2.30326,5.142438e-03,4.856715e-03
non-polar,heavy,upfolded,2.30575,5.130376e-03,4.846068e-03
non-polar,heavy,upfolded,2.30825,5.118358e-03,4.835455e-03
non-polar,heavy,upfolded,2.31075,5.106384e-03,4.824878e-03
non-polar,heavy,upfolded,2.31325,5.094454e-03,4.814336e-03
non-polar,heavy,upfolded,2.31575,5.082568e-03,4.803828e-03
non-polar,heavy,upfolded,2.31824,5.070726e-03,4.793355e-03
non-polar,heavy,upfolded,2.32074,5.058927e-03,4.782916e-03
non-polar,heavy,upfolded,2.32324,5.047171e-03,4.772511e-03
non-polar,heavy,upfolded,2.32574,5.035458e-03,4.762141e-03
non-polar,heavy,upfolded,2.32824,5.023787e-03,4.751804e-03
non-polar,heavy,upfolded,2.33074,5.012159e-03,4.741501e-03
non-polar,heavy,upfolded,2.33323,5.000573e-03,4.731232e-03
non-polar,heavy,upfolded,2.33573,4.989029e-03,4.720996e-03
non-polar,heavy,upfolded,2.33823,4.977527e-03,4.710794e-03
non-polar,heavy,upfolded,2.34073,4.966066e-03,4.700625e-03
non-polar,heavy,upfolded,2.34323,4.954647e-03,4.690489e-03
non-polar,heavy,upfolded,2.34572,4.943268e-03,4.680385e-03
non-polar,heavy,upfolded,2.34822,4.931931e-03,4.670315e-03
non-polar,heavy,upfolded,2.35072,4.920634e-03,4.660277e-03
non-polar,heavy,upfolded,2.35322,4.909378e-03,4.650272e-03
non-polar,heavy,upfolded,2.35572,4.898162e-03,4.640299e-03
non-polar,heavy,upfolded,2.35821,4.886986e-03,4.630358e-03
non-polar,heavy,upfolded,2.36071,4.875849e-03,4.620449e-03
non-polar,heavy,upfolded,2.36321,4.864753e-03,4.610572e-03
non-polar,heavy,upfolded,2.36571,4.853696e-03,4.600727e-03
non-polar,heavy,upfolded,2.36821,4.842678e-03,4.590913e-03
non-polar,heavy,upfolded,2.37071,4.831699e-03,4.581131e-03
non-polar,heavy,upfolded,2.37320,4.820759e-03,4.571381e-03
non-polar,heavy,upfolded,2.37570,4.809858e-03,4.561662e-03
non-polar,heavy,upfolded,2.37820,4.798995e-03,4.551973e-03
non-polar,heavy,upfolded,2.38070,4.788170e-03,4.542316e-03
non-polar,heavy,upfolded,2.38320,4.777384e-03,4.532689e-03
non-polar,heavy,upfolded,2.38569,4.766635e-03,4.523094e-03
non-polar,heavy,upfolded,2.38819,4.755924e-03,4.513529e-03
non-polar,heavy,upfolded,2.39069,4.745251e-03,4.503994e-03
non-polar,heavy,upfolded,2.39319,4.734615e-03,4.494489e-03
non-polar,heavy,upfolded,2.39569,4.724016e-03,4.485015e-03
non-polar,heavy,upfolded,2.39818,4.713454e-03,4.475571e-03
non-polar,heavy,upfolded,2.40068,4.702929e-03,4.466157e-03
non-polar,heavy,upfolded,2.40318,4.692440e-03,4.456772e-03
non-polar,heavy,upfolded,2.40568,4.681988e-03,4.447417e-03
non-polar,heavy,upfolded,2.40818,4.671572e-03,4.438092e-03
non-polar,heavy,upfolded,2.41067,4.661192e-03,4.428796e-03
non-polar,heavy,upfolded,2.41317,4.650848e-03,4.419530e-03
non-polar,heavy,upfolded,2.41567,4.640540e-03,4.410293e-03
non-polar,heavy,upfolded,2.41817,4.630267e-03,4.401084e-03
non-polar,heavy,upfolded,2.42067,4.620030e-03,4.391905e-03
non-polar,heavy,upfolded,2.42317,4.609827e-03,4.382754e-03
non-polar,heavy,upfolded,2.42566,4.599660e-03,4.373633e-03
non-polar,heavy,upfolded,2.42816,4.589528e-03,4.364539e-03
non-polar,heavy,upfolded,2.43066,4.579430e-03,4.355475e-03
non-polar,heavy,upfolded,2.43316,4.569367e-03,4.346438e-03
non-polar,heavy,upfolded,2.43566,4.559338e-03,4.337430e-03
non-polar,heavy,upfolded,2.43815,4.549344e-03,4.328450e-03
non-polar,heavy,upfolded,2.44065,4.539383e-03,4.319497e-03
non-polar,heavy,upfolded,2.44315,4.529456e-03,4.310573e-03
non-polar,heavy,upfolded,2.44565,4.519563e-03,4.301676e-03
non-polar,heavy,upfolded,2.44815,4.509704e-03,4.292807e-03
non-polar,heavy,upfolded,2.45064,4.499878e-03,4.283966e-03
non-polar,heavy,upfolded,2.45314,4.490085e-03,4.275152e-03
non-polar,heavy,upfolded,2.45564,4.480325e-03,4.266365e-03
non-polar,heavy,upfolded,2.45814,4.470598e-03,4.257605e-03
non-polar,heavy,upfolded,2.46064,4.460904e-03,4.248873e-03
non-polar,heavy,upfolded,2.46313,4.451242e-03,4.240167e-03
non-polar,heavy,upfolded,2.46563,4.441613e-03,4.231489e-03
non-polar,heavy,upfolded,2.46813,4.432016e-03,4.222837e-03
non-polar,heavy,upfolded,2.47063,4.422451e-03,4.214211e-03
non-polar,heavy,upfolded,2.47313,4.412918e-03,4.205612e-03
non-polar,heavy,upfolded,2.47563,4.403417e-03,4.197040e-03
non-polar,heavy,upfolded,2.47812,4.393948e-03,4.188493e-03
non-polar,heavy,upfolded,2.48062,4.384511e-03,4.179973e-03
non-polar,heavy,upfolded,2.48312,4.375104e-03,4.171479e-03
non-polar,heavy,upfolded,2.48562,4.365729e-03,4.163011e-03
non-polar,heavy,upfolded,2.48812,4.356385e-03,4.154569e-03
non-polar,heavy,upfolded,2.49061,4.347072e-03,4.146153e-03
non-polar,heavy,upfolded,2.49311,4.337790e-03,4.137762e-03
non-polar,heavy,upfolded,2.49561,4.328539e-03,4.129397e-03
non-polar,heavy,upfolded,2.49811,4.319318e-03,4.121057e-03
non-polar,heavy,upfolded,2.50061,4.310127e-03,4.112743e-03
non-polar,heavy,upfolded,2.50310,4.300967e-03,4.104454e-03
non-polar,heavy,upfolded,2.50560,4.291837e-03,4.096190e-03
non-polar,heavy,upfolded,2.50810,4.282736e-03,4.087951e-03
non-polar,heavy,upfolded,2.51060,4.273666e-03,4.079736e-03
non-polar,heavy,upfolded,2.51310,4.264625e-03,4.071547e-03
non-polar,heavy,upfolded,2.51560,4.255614e-03,4.063383e-03
non-polar,heavy,upfolded,2.51809,4.246632e-03,4.055243e-03
non-polar,heavy,upfolded,2.52059,4.237680e-03,4.047127e-03
non-polar,heavy,upfolded,2.52309,4.228757e-03,4.039036e-03
non-polar,heavy,upfolded,2.52559,4.219863e-03,4.030970e-03
non-polar,heavy,upfolded,2.52809,4.210997e-03,4.022927e-03
non-polar,heavy,upfolded,2.53058,4.202161e-03,4.014909e-03
non-polar,heavy,upfolded,2.53308,4.193353e-03,4.006915e-03
non-polar,heavy,upfolded,2.53558,4.184574e-03,3.998945e-03
non-polar,heavy,upfolded,2.53808,4.175823e-03,3.990998e-03
non-polar,heavy,upfolded,2.54058,4.167100e-03,3.983076e-03
non-polar,heavy,upfolded,2.54307,4.158405e-03,3.975177e-03
non-polar,heavy,upfolded,2.54557,4.149739e-03,3.967301e-03
non-polar,heavy,upfolded,2.54807,4.141100e-03,3.959449e-03
non-polar,heavy,upfolded,2.55057,4.132489e-03,3.951621e-03
non-polar,heavy,upfolded,2.55307,4.123906e-03,3.943815e-03
non-polar,heavy,upfolded,2.55556,4.115350e-03,3.936033e-03
non-polar,heavy,upfolded,2.55806,4.106822e-03,3.928274e-03
non-polar,heavy,upfolded,2.56056,4.098321e-03,3.920538e-03
non-polar,heavy,upfolded,2.56306,4.089847e-03,3.912825e-03
non-polar,heavy,upfolded,2.56556,4.081400e-03,3.905135e-03
non-polar,heavy,upfolded,2.56806,4.072979e-03,3.897467e-03
non-polar,heavy,upfolded,2.57055,4.064586e-03,3.889822e-03
non-polar,heavy,upfolded,2.57305,4.056220e-03,3.882200e-03
non-polar,heavy,upfolded,2.57555,4.047880e-03,3.874600e-03
non-polar,heavy,upfolded,2.57805,4.039566e-03,3.867023e-03
non-polar,heavy,upfolded,2.58055,4.031279e-03,3.859467e-03
non-polar,heavy,upfolded,2.58304,4.023017e-03,3.851934e-03
non-polar,heavy,upfolded,2.58554,4.014782e-03,3.844423e-03
non-polar,heavy,upfolded,2.58804,4.006573e-03,3.836934e-03
non-polar,heavy,upfolded,2.59054,3.998390e-03,3.829468e-03
non-polar,heavy,upfolded,2.59304,3.990233e-03,3.822022e-03
non-polar,heavy,upfolded,2.59553,3.982101e-03,3.814599e-03
non-polar,heavy,upfolded,2.59803,3.973995e-03,3.807197e-03
non-polar,heavy,upfolded,2.60053,3.965914e-03,3.799817e-03
non-polar,heavy,upfolded,2.60303,3.957858e-03,3.792459e-03
non-polar,heavy,upfolded,2.60553,3.949828e-03,3.785122e-03
non-polar,heavy,upfolded,2.60803,3.941823e-03,3.777806e-03
non-polar,heavy,upfolded,2.61052,3.933842e-03,3.770512e-03
non-polar,heavy,upfolded,2.61302,3.925887e-03,3.763238e-03
non-polar,heavy,upfolded,2.61552,3.917956e-03,3.755986e-03
non-polar,heavy,upfolded,2.61802,3.910050e-03,3.748755e-03
non-polar,heavy,upfolded,2.62052,3.902169e-03,3.741545e-03
non-polar,heavy,upfolded,2.62301,3.894312e-03,3.734355e-03
non-polar,heavy,upfolded,2.62551,3.886479e-03,3.727186e-03
non-polar,heavy,upfolded,2.62801,3.878671e-03,3.720039e-03
non-polar,heavy,upfolded,2.63051,3.870886e-03,3.712911e-03
non-polar,heavy,upfolded,2.63301,3.863126e-03,3.705804e-03
non-polar,heavy,upfolded,2.63550,3.855390e-03,3.698718e-03
non-polar,heavy,upfolded,2.63800,3.847677e-03,3.691652e-03
non-polar,heavy,upfolded,2.64050,3.839989e-03,3.684607e-03
non-polar,heavy,upfolded,2.64300,3.832323e-03,3.677581e-03
non-polar,heavy,upfolded,2.64550,3.824682e-03,3.670576e-03
non-polar,heavy,upfolded,2.64799,3.817064e-03,3.663591e-03
non-polar,heavy,upfolded,2.65049,3.809469e-03,3.656625e-03
non-polar,heavy,upfolded,2.65299,3.801897e-03,3.649680e-03
non-polar,heavy,upfolded,2.65549,3.794349e-03,3.642754e-03
non-polar,heavy,upfolded,2.65799,3.786823e-03,3.635849e-03
non-polar,heavy,upfolded,2.66049,3.779321e-03,3.628963e-03
non-polar,heavy,upfolded,2.66298,3.771841e-03,3.622096e-03
non-polar,heavy,upfolded,2.66548,3.764384e-03,3.615249e-03
non-polar,heavy,upfolded,2.66798,3.756950e-03,3.608422e-03
non-polar,heavy,upfolded,2.67048,3.749538e-03,3.601614e-03
non-polar,heavy,upfolded,2.67298,3.742149e-03,3.594825e-03
non-polar,heavy,upfolded,2.67547,3.734782e-03,3.588056e-03
non-polar,heavy,upfolded,2.67797,3.727437e-03,3.581305e-03
non-polar,heavy,upfolded,2.68047,3.720115e-03,3.574574e-03
non-polar,heavy,upfolded,2.68297,3.712814e-03,3.567862e-03
non-polar,heavy,upfolded,2.68547,3.705536e-03,3.561169e-03
non-polar,heavy,upfolded,2.68796,3.698279e-03,3.554494e-03
non-polar,heavy,upfolded,2.69046,3.691045e-03,3.547839e-03
non-polar,heavy,upfolded,2.69296,3.683832e-03,3.541202e-03
non-polar,heavy,upfolded,2.69546,3.676640e-03,3.534584e-03
non-polar,heavy,upfolded,2.69796,3.669471e-03,3.527984e-03
non-polar,heavy,upfolded,2.70045,3.662322e-03,3.521403e-03
non-polar,heavy,upfolded,2.70295,3.655196e-03,3.514840e-03
non-polar,heavy,upfolded,2.70545,3.648090e-03,3.508296e-03
non-polar,heavy,upfolded,2.70795,3.641005e-03,3.501770e-03
non-polar,heavy,upfolded,2.71045,3.633942e-03,3.495263e-03
non-polar,heavy,upfolded,2.71295,3.626900e-03,3.488773e-03
non-polar,heavy,upfolded,2.71544,3.619878e-03,3.482302e-03
non-polar,heavy,upfolded,2.71794,3.612878e-03,3.475849e-03
non-polar,heavy,upfolded,2.72044,3.605898e-03,3.469413e-03
non-polar,heavy,upfolded,2.72294,3.598939e-03,3.462996e-03
non-polar,heavy,upfolded,2.72544,3.592001e-03,3.456596e-03
non-polar,heavy,upfolded,2.72793,3.585083e-03,3.450214e-03
non-polar,heavy,upfolded,2.73043,3.578185e-03,3.443850e-03
non-polar,heavy,upfolded,2.73293,3.571308e-03,3.437504e-03
non-polar,heavy,upfolded,2.73543,3.564451e-03,3.431175e-03
non-polar,heavy,upfolded,2.73793,3.557614e-03,3.424864e-03
non-polar,heavy,upfolded,2.74042,3.550798e-03,3.418570e-03
non-polar,heavy,upfolded,2.74292,3.544001e-03,3.412293e-03
non-polar,heavy,upfolded,2.74542,3.537224e-03,3.406034e-03
non-polar,heavy,upfolded,2.74792,3.530468e-03,3.399792e-03
non-polar,heavy,upfolded,2.75042,3.523731e-03,3.393568e-03
non-polar,heavy,upfolded,2.75292,3.517013e-03,3.387360e-03
non-polar,heavy,upfolded,2.75541,3.510316e-03,3.381170e-03
non-polar,heavy,upfolded,2.75791,3.503637e-03,3.374996e-03
non-polar,heavy,upfolded,2.76041,3.496979e-03,3.368840e-03
non-polar,heavy,upfolded,2.76291,3.490339e-03,3.362700e-03
non-polar,heavy,upfolded,2.76541,3.483719e-03,3.356577e-03
non-polar,heavy,upfolded,2.76790,3.477119e-03,3.350471e-03
non-polar,heavy,upfolded,2.77040,3.470537e-03,3.344382e-03
non-polar,heavy,upfolded,2.77290,3.463975e-03,3.338309e-03
non-polar,heavy,upfolded,2.77540,3.457431e-03,3.332253e-03
non-polar,heavy,upfolded,2.77790,3.450906e-03,3.326213e-03
non-polar,heavy,upfolded,2.78039,3.444401e-03,3.320190e-03
non-polar,heavy,upfolded,2.78289,3.437914e-03,3.314183e-03
non-polar,heavy,upfolded,2.78539,3.431446e-03,3.308193e-03
non-polar,heavy,upfolded,2.78789,3.424996e-03,3.302218e-03
non-polar,heavy,upfolded,2.79039,3.418565e-03,3.296260e-03
non-polar,heavy,upfolded,2.79288,3.412152e-03,3.290319e-03
non-polar,heavy,upfolded,2.79538,3.405758e-03,3.284393e-03
non-polar,heavy,upfolded,2.79788,3.399382e-03,3.278483e-03
non-polar,heavy,upfolded,2.80038,3.393025e-03,3.272589e-03
non-polar,heavy,upfolded,2.80288,3.386685e-03,3.266712e-03
non-polar,heavy,upfolded,2.80538,3.380364e-03,3.260850e-03
non-polar,heavy,upfolded,2.80787,3.374061e-03,3.255004e-03
non-polar,heavy,upfolded,2.81037,3.367776e-03,3.249173e-03
non-polar,heavy,upfolded,2.81287,3.361509e-03,3.243359e-03
non-polar,heavy,upfolded,2.81537,3.355259e-03,3.237560e-03
non-polar,heavy,upfolded,2.81787,3.349028e-03,3.231776e-03
non-polar,heavy,upfolded,2.82036,3.342814e-03,3.226008e-03
non-polar,heavy,upfolded,2.82286,3.336617e-03,3.220256e-03
non-polar,heavy,upfolded,2.82536,3.330439e-03,3.214519e-03
non-polar,heavy,upfolded,2.82786,3.324277e-03,3.208797e-03
non-polar,heavy,upfolded,2.83036,3.318134e-03,3.203091e-03
non-polar,heavy,upfolded,2.83285,3.312007e-03,3.197400e-03
non-polar,heavy,upfolded,2.83535,3.305898e-03,3.191724e-03
non-polar,heavy,upfolded,2.83785,3.299806e-03,3.186063e-03
non-polar,heavy,upfolded,2.84035,3.293731e-03,3.180418e-03
non-polar,heavy,upfolded,2.84285,3.287674e-03,3.174787e-03
non-polar,heavy,upfolded,2.84534,3.281633e-03,3.169171e-03
non-polar,heavy,upfolded,2.84784,3.275610e-03,3.163571e-03
non-polar,heavy,upfolded,2.85034,3.269603e-03,3.157985e-03
non-polar,heavy,upfolded,2.85284,3.263613e-03,3.152414e-03
non-polar,heavy,upfolded,2.85534,3.257640e-03,3.146858e-03
non-polar,heavy,upfolded,2.85784,3.251684e-03,3.141316e-03
non-polar,heavy,upfolded,2.86033,3.245744e-03,3.135789e-03
non-polar,heavy,upfolded,2.86283,3.239821e-03,3.130277e-03
non-polar,heavy,upfolded,2.86533,3.233914e-03,3.124779e-03
non-polar,heavy,upfolded,2.86783,3.228024e-03,3.119296e-03
non-polar,heavy,upfolded,2.87033,3.222150e-03,3.113828e-03
non-polar,heavy,upfolded,2.87282,3.216293e-03,3.108373e-03
non-polar,heavy,upfolded,2.87532,3.210451e-03,3.102933e-03
non-polar,heavy,upfolded,2.87782,3.204626e-03,3.097508e-03
non-polar,heavy,upfolded,2.88032,3.198818e-03,3.092096e-03
non-polar,heavy,upfolded,2.88282,3.193025e-03,3.086699e-03
non-polar,heavy,upfolded,2.88531,3.187248e-03,3.081316e-03
non-polar,heavy,upfolded,2.88781,3.181487e-03,3.075947e-03
non-polar,heavy,upfolded,2.89031,3.175742e-03,3.070593e-03
non-polar,heavy,upfolded,2.89281,3.170013e-03,3.065252e-03
non-polar,heavy,upfolded,2.89531,3.164300e-03,3.059925e-03
non-polar,heavy,upfolded,2.89781,3.158603e-03,3.054612e-03
non-polar,heavy,upfolded,2.90030,3.152921e-03,3.049313e-03
non-polar,heavy,upfolded,2.90280,3.147255e-03,3.044028e-03
non-polar,heavy,upfolded,2.90530,3.141604e-03,3.038756e-03
non-polar,heavy,upfolded,2.90780,3.135969e-03,3.033498e-03
non-polar,heavy,upfolded,2.91030,3.130349e-03,3.028254e-03
non-polar,heavy,upfolded,2.91279,3.124745e-03,3.023024e-03
non-polar,heavy,upfolded,2.91529,3.119156e-03,3.017807e-03
non-polar,heavy,upfolded,2.91779,3.113582e-03,3.012603e-03
non-polar,heavy,upfolded,2.92029,3.108023e-03,3.007413e-03
non-polar,heavy,upfolded,2.92279,3.102480e-03,3.002237e-03
non-polar,heavy,upfolded,2.92528,3.096952e-03,2.997074e-03
non-polar,heavy,upfolded,2.92778,3.091438e-03,2.991924e-03
non-polar,heavy,upfolded,2.93028,3.085940e-03,2.986788e-03
non-polar,heavy,upfolded,2.93278,3.080457e-03,2.981665e-03
non-polar,heavy,upfolded,2.93528,3.074988e-03,2.976555e-03
non-polar,heavy,upfolded,2.93777,3.069534e-03,2.971458e-03
non-polar,heavy,upfolded,2.94027,3.064095e-03,2.966374e-03
non-polar,heavy,upfolded,2.94277,3.058671e-03,2.961303e-03
non-polar,heavy,upfolded,2.94527,3.053262e-03,2.956246e-03
non-polar,heavy,upfolded,2.94777,3.047867e-03,2.951201e-03
non-polar,heavy,upfolded,2.95027,3.042486e-03,2.946170e-03
non-polar,heavy,upfolded,2.95276,3.037120e-03,2.941151e-03
non-polar,heavy,upfolded,2.95526,3.031769e-03,2.936145e-03
non-polar,heavy,upfolded,2.95776,3.026432e-03,2.931152e-03
non-polar,heavy,upfolded,2.96026,3.021109e-03,2.926171e-03
non-polar,heavy,upfolded,2.96276,3.015800e-03,2.921204e-03
non-polar,heavy,upfolded,2.96525,3.010506e-03,2.916249e-03
non-polar,heavy,upfolded,2.96775,3.005226e-03,2.911306e-03
non-polar,heavy,upfolded,2.97025,2.999960e-03,2.906376e-03
non-polar,heavy,upfolded,2.97275,2.994708e-03,2.901459e-03
non-polar,heavy,upfolded,2.97525,2.989470e-03,2.896554e-03
non-polar,heavy,upfolded,2.97774,2.984246e-03,2.891662e-03
non-polar,heavy,upfolded,2.98024,2.979036e-03,2.886782e-03
non-polar,heavy,upfolded,2.98274,2.973840e-03,2.881915e-03
non-polar,heavy,upfolded,2.98524,2.968658e-03,2.877060e-03
non-polar,heavy,upfolded,2.98774,2.963489e-03,2.872217e-03
non-polar,heavy,upfolded,2.99024,2.958334e-03,2.867386e-03
non-polar,heavy,upfolded,2.99273,2.953193e-03,2.862568e-03
non-polar,heavy,upfolded,2.99523,2.948066e-03,2.857761e-03
non-polar,heavy,upfolded,2.99773,2.942952e-03,2.852967e-03
non-polar,heavy,upfolded,3.00023,2.937851e-03,2.848185e-03
non-polar,heavy,upfolded,3.00273,2.932764e-03,2.843415e-03
non-polar,heavy,upfolded,3.00522,2.927691e-03,2.838657e-03
non-polar,heavy,upfolded,3.00772,2.922631e-03,2.833911e-03
non-polar,heavy,upfolded,3.01022,2.917584e-03,2.829177e-03
non-polar,heavy,upfolded,3.01272,2.912550e-03,2.824455e-03
non-polar,heavy,upfolded,3.01522,2.907530e-03,2.819745e-03
non-polar,heavy,upfolded,3.01771,2.902523e-03,2.815046e-03
non-polar,heavy,upfolded,3.02021,2.897529e-03,2.810359e-03
non-polar,heavy,upfolded,3.02271,2.892548e-03,2.805684e-03
non-polar,heavy,upfolded,3.02521,2.887580e-03,2.801021e-03
non-polar,heavy,upfolded,3.02771,2.882625e-03,2.796369e-03
non-polar,heavy,upfolded,3.03020,2.877684e-03,2.791729e-03
non-polar,heavy,upfolded,3.03270,2.872755e-03,2.787100e-03
non-polar,heavy,upfolded,3.03520,2.867839e-03,2.782483e-03
non-polar,heavy,upfolded,3.03770,2.862935e-03,2.777878e-03
non-polar,heavy,upfolded,3.04020,2.858045e-03,2.773283e-03
non-polar,heavy,upfolded,3.04270,2.853167e-03,2.768701e-03
non-polar,heavy,upfolded,3.04519,2.848302e-03,2.764129e-03
non-polar,heavy,upfolded,3.04769,2.843449e-03,2.759569e-03
non-polar,heavy,upfolded,3.05019,2.838610e-03,2.755021e-03
non-polar,heavy,upfolded,3.05269,2.833782e-03,2.750483e-03
non-polar,heavy,upfolded,3.05519,2.828967e-03,2.745957e-03
non-polar,heavy,upfolded,3.05768,2.824165e-03,2.741442e-03
non-polar,heavy,upfolded,3.06018,2.819375e-03,2.736938e-03
non-polar,heavy,upfolded,3.06268,2.814597e-03,2.732446e-03
non-polar,heavy,upfolded,3.06518,2.809832e-03,2.727964e-03
non-polar,heavy,upfolded,3.06768,2.805079e-03,2.723493e-03
non-polar,heavy,upfolded,3.07017,2.800339e-03,2.719034e-03
non-polar,heavy,upfolded,3.07267,2.795610e-03,2.714585e-03
non-polar,heavy,upfolded,3.07517,2.790894e-03,2.710147e-03
non-polar,heavy,upfolded,3.07767,2.786189e-03,2.705721e-03
non-polar,heavy,upfolded,3.08017,2.781497e-03,2.701305e-03
non-polar,heavy,upfolded,3.08266,2.776817e-03,2.696900e-03
non-polar,heavy,upfolded,3.08516,2.772149e-03,2.692505e-03
non-polar,heavy,upfolded,3.08766,2.767493e-03,2.688122e-03
non-polar,heavy,upfolded,3.09016,2.762848e-03,2.683749e-03
non-polar,heavy,upfolded,3.09266,2.758216e-03,2.679387e-03
non-polar,heavy,upfolded,3.09516,2.753595e-03,2.675035e-03
non-polar,heavy,upfolded,3.09765,2.748987e-03,2.670694e-03
non-polar,heavy,upfolded,3.10015,2.744389e-03,2.666364e-03
non-polar,heavy,upfolded,3.10265,2.739804e-03,2.662044e-03
non-polar,heavy,upfolded,3.10515,2.735230e-03,2.657735e-03
non-polar,heavy,upfolded,3.10765,2.730668e-03,2.653436e-03
non-polar,heavy,upfolded,3.11014,2.726118e-03,2.649148e-03
non-polar,heavy,upfolded,3.11264,2.721579e-03,2.644870e-03
non-polar,heavy,upfolded,3.11514,2.717051e-03,2.640603e-03
non-polar,heavy,upfolded,3.11764,2.712535e-03,2.636346e-03
non-polar,heavy,upfolded,3.12014,2.708031e-03,2.632099e-03
non-polar,heavy,upfolded,3.12263,2.703537e-03,2.627862e-03
non-polar,heavy,upfolded,3.12513,2.699056e-03,2.623636e-03
non-polar,heavy,upfolded,3.12763,2.694585e-03,2.619420e-03
non-polar,heavy,upfolded,3.13013,2.690126e-03,2.615214e-03
non-polar,heavy,upfolded,3.13263,2.685678e-03,2.611018e-03
non-polar,heavy,upfolded,3.13513,2.681241e-03,2.606832e-03
non-polar,heavy,upfolded,3.13762,2.676815e-03,2.602657e-03
non-polar,heavy,upfolded,3.14012,2.672400e-03,2.598491e-03
non-polar,heavy,upfolded,3.14262,2.667997e-03,2.594335e-03
non-polar,heavy,upfolded,3.14512,2.663604e-03,2.590190e-03
non-polar,heavy,upfolded,3.14762,2.659223e-03,2.586054e-03
non-polar,heavy,upfolded,3.15011,2.654852e-03,2.581929e-03
non-polar,heavy,upfolded,3.15261,2.650493e-03,2.577813e-03
non-polar,heavy,upfolded,3.15511,2.646144e-03,2.573707e-03
non-polar,heavy,upfolded,3.15761,2.641806e-03,2.569611e-03
non-polar,heavy,upfolded,3.16011,2.637479e-03,2.565524e-03
non-polar,heavy,upfolded,3.16260,2.633163e-03,2.561448e-03
non-polar,heavy,upfolded,3.16510,2.628857e-03,2.557381e-03
non-polar,heavy,upfolded,3.16760,2.624562e-03,2.553324e-03
non-polar,heavy,upfolded,3.17010,2.620278e-03,2.549276e-03
non-polar,heavy,upfolded,3.17260,2.616005e-03,2.545239e-03
non-polar,heavy,upfolded,3.17509,2.611742e-03,2.541210e-03
non-polar,heavy,upfolded,3.17759,2.607489e-03,2.537192e-03
non-polar,heavy,upfolded,3.18009,2.603248e-03,2.533183e-03
non-polar,heavy,upfolded,3.18259,2.599016e-03,2.529183e-03
non-polar,heavy,upfolded,3.18509,2.594795e-03,2.525193e-03
non-polar,heavy,upfolded,3.18759,2.590585e-03,2.521212e-03
non-polar,heavy,upfolded,3.19008,2.586385e-03,2.517241e-03
non-polar,heavy,upfolded,3.19258,2.582195e-03,2.513279e-03
non-polar,heavy,upfolded,3.19508,2.578016e-03,2.509327e-03
non-polar,heavy,upfolded,3.19758,2.573846e-03,2.505384e-03
non-polar,heavy,upfolded,3.20008,2.569688e-03,2.501450e-03
non-polar,heavy,upfolded,3.20257,2.565539e-03,2.497525e-03
non-polar,heavy,upfolded,3.20507,2.561400e-03,2.493610e-03
non-polar,heavy,upfolded,3.20757,2.557272e-03,2.489704e-03
non-polar,heavy,upfolded,3.21007,2.553154e-03,2.485807e-03
non-polar,heavy,upfolded,3.21257,2.549046e-03,2.481919e-03
non-polar,heavy,upfolded,3.21506,2.544948e-03,2.478041e-03
non-polar,heavy,upfolded,3.21756,2.540860e-03,2.474171e-03
non-polar,heavy,upfolded,3.22006,2.536781e-03,2.470311e-03
non-polar,heavy,upfolded,3.22256,2.532713e-03,2.466459e-03
non-polar,heavy,upfolded,3.22506,2.528655e-03,2.462617e-03
non-polar,heavy,upfolded,3.22755,2.524607e-03,2.458784e-03
non-polar,heavy,upfolded,3.23005,2.520568e-03,2.454959e-03
non-polar,heavy,upfolded,3.23255,2.516539e-03,2.451144e-03
non-polar,heavy,upfolded,3.23505,2.512521e-03,2.447337e-03
non-polar,heavy,upfolded,3.23755,2.508511e-03,2.443540e-03
non-polar,heavy,upfolded,3.24005,2.504512e-03,2.439751e-03
non-polar,heavy,upfolded,3.24254,2.500522e-03,2.435971e-03
non-polar,heavy,upfolded,3.24504,2.496542e-03,2.432200e-03
non-polar,heavy,upfolded,3.24754,2.492572e-03,2.428437e-03
non-polar,heavy,upfolded,3.25004,2.488611e-03,2.424684e-03
non-polar,heavy,upfolded,3.25254,2.484659e-03,2.420939e-03
non-polar,heavy,upfolded,3.25503,2.480718e-03,2.417202e-03
non-polar,heavy,upfolded,3.25753,2.476785e-03,2.413475e-03
non-polar,heavy,upfolded,3.26003,2.472863e-03,2.409756e-03
non-polar,heavy,upfolded,3.26253,2.468949e-03,2.406045e-03
non-polar,heavy,upfolded,3.26503,2.465045e-03,2.402344e-03
non-polar,heavy,upfolded,3.26752,2.461151e-03,2.398650e-03
non-polar,heavy,upfolded,3.27002,2.457265e-03,2.394966e-03
non-polar,heavy,upfolded,3.27252,2.453389e-03,2.391290e-03
non-polar,heavy,upfolded,3.27502,2.449523e-03,2.387622e-03
non-polar,heavy,upfolded,3.27752,2.445665e-03,2.383962e-03
non-polar,heavy,upfolded,3.28002,2.441817e-03,2.380312e-03
non-polar,heavy,upfolded,3.28251,2.437978e-03,2.376669e-03
non-polar,heavy,upfolded,3.28501,2.434149e-03,2.373035e-03
non-polar,heavy,upfolded,3.28751,2.430328e-03,2.369409e-03
non-polar,heavy,upfolded,3.29001,2.426516e-03,2.365792e-03
non-polar,heavy,upfolded,3.29251,2.422714e-03,2.362183e-03
non-polar,heavy,upfolded,3.29500,2.418920e-03,2.358582e-03
non-polar,heavy,upfolded,3.29750,2.415136e-03,2.354989e-03
non-polar,heavy,upfolded,3.30000,2.411361e-03,2.351405e-03
non-polar,heavy,exact,0.00500,1.280891e-02,3.879531e-01
non-polar,heavy,exact,0.05996,2.755283e-01,5.609992e+00
non-polar,heavy,exact,0.11492,8.549419e-01,3.635847e+00
non-polar,heavy,exact,0.16987,1.524021e+00,2.168900e+00
non-polar,heavy,exact,0.22483,3.067401e+00,1.363916e+00
non-polar,heavy,exact,0.27979,3.932361e+00,8.763774e-01
non-polar,heavy,exact,0.33475,2.490166e+00,5.479003e-01
non-polar,heavy,exact,0.38971,1.434211e+00,4.566636e-01
non-polar,heavy,exact,0.44467,8.117625e-01,6.410587e-01
non-polar,heavy,exact,0.49962,5.561513e-01,3.486273e-01
non-polar,heavy,exact,0.55458,3.715824e-01,1.535252e-01
non-polar,heavy,exact,0.60954,2.984069e-01,1.145225e-01
non-polar,heavy,exact,0.66450,2.925726e-01,8.735673e-02
non-polar,heavy,exact,0.71946,2.619887e-01,7.268779e-02
non-polar,heavy,exact,0.77442,2.557130e-01,6.194401e-02
non-polar,heavy,exact,0.82937,2.430856e-01,5.172060e-02
non-polar,heavy,exact,0.88433,2.761074e-01,4.317363e-02
non-polar,heavy,exact,0.93929,2.911406e-01,3.629242e-02
non-polar,heavy,exact,0.99425,1.743557e-01,3.050503e-02
non-polar,heavy,exact,1.04921,1.117346e-01,2.543290e-02
non-polar,heavy,exact,1.10417,8.303372e-02,2.240092e-02
non-polar,heavy,exact,1.15912,6.099308e-02,2.009922e-02
non-polar,heavy,exact,1.21408,4.905745e-02,1.818098e-02
non-polar,heavy,exact,1.26904,4.094021e-02,1.654338e-02
non-polar,heavy,exact,1.32400,3.627936e-02,1.512717e-02
non-polar,heavy,exact,1.37896,2.540450e-02,1.389115e-02
non-polar,heavy,exact,1.43392,1.721826e-02,1.280442e-02
non-polar,heavy,exact,1.48887,1.483176e-02,1.184300e-02
non-polar,heavy,exact,1.54383,1.363712e-02,1.098779e-02
non-polar,heavy,exact,1.59879,1.271205e-02,1.022334e-02
non-polar,heavy,exact,1.65375,1.204665e-02,9.537001e-03
non-polar,heavy,exact,1.70871,1.125462e-02,8.918316e-03
non-polar,heavy,exact,1.76367,1.059787e-02,8.358552e-03
non-polar,heavy,exact,1.81862,9.675039e-03,7.850367e-03
non-polar,heavy,exact,1.87358,8.417267e-03,7.387545e-03
non-polar,heavy,exact,1.92854,7.685272e-03,6.964791e-03
non-polar,heavy,exact,1.98350,7.176344e-03,6.577569e-03
non-polar,heavy,exact,2.03846,6.736965e-03,6.221974e-03
non-polar,heavy,exact,2.09342,6.344158e-03,5.894630e-03
non-polar,heavy,exact,2.14837,5.988545e-03,5.592600e-03
non-polar,heavy,exact,2.20333,5.664372e-03,5.313324e-03
non-polar,heavy,exact,2.25829,5.367446e-03,5.054560e-03
non-polar,heavy,exact,2.31325,5.094454e-03,4.814336e-03
non-polar,heavy,exact,2.36821,4.842678e-03,4.590913e-03
non-polar,heavy,exact,2.42317,4.609827e-03,4.382754e-03
non-polar,heavy,exact,2.47812,4.393948e-03,4.188493e-03
non-polar,heavy,exact,2.53308,4.193353e-03,4.006915e-03
non-polar,heavy,exact,2.58804,4.006573e-03,3.836934e-03
non-polar,heavy,exact,2.64300,3.832323e-03,3.677581e-03
non-polar,heavy,exact,2.69796,3.669471e-03,3.527984e-03
non-polar,heavy,exact,2.75292,3.517013e-03,3.387360e-03
non-polar,heavy,exact,2.80787,3.374061e-03,3.255004e-03
non-polar,heavy,exact,2.86283,3.239821e-03,3.130277e-03
non-polar,heavy,exact,2.91779,3.113582e-03,3.012603e-03
non-polar,heavy,exact,2.97275,2.994708e-03,2.901459e-03
non-polar,heavy,exact,3.02771,2.882625e-03,2.796369e-03
non-polar,heavy,exact,3.08266,2.776817e-03,2.696900e-03
non-polar,heavy,exact,3.13762,2.676815e-03,2.602657e-03
non-polar,heavy,exact,3.19258,2.582195e-03,2.513279e-03
non-polar,heavy,exact,3.24754,2.492572e-03,2.428437e-03
polar,light,upfolded,0.00500,4.728835e-04,1.191310e-02
polar,light,upfolded,0.00750,9.305183e-04,2.492499e-02
polar,light,upfolded,0.01000,1.394832e-03,4.035864e-02
polar,light,upfolded,0.01249,1.793224e-03,5.656699e-02
polar,light,upfolded,0.01499,2.097450e-03,7.233331e-02
polar,light,upfolded,0.01749,2.312542e-03,8.691779e-02
polar,light,upfolded,0.01999,2.460651e-03,9.997444e-02
polar,light,upfolded,0.02249,2.568895e-03,1.114253e-01
polar,light,upfolded,0.02498,2.662935e-03,1.213393e-01
polar,light,upfolded,0.02748,2.764738e-03,1.298469e-01
polar,light,upfolded,0.02998,2.892564e-03,1.371055e-01
polar,light,upfolded,0.03248,3.061780e-03,1.432949e-01
polar,light,upfolded,0.03498,3.285713e-03,1.486035e-01
polar,light,upfolded,0.03748,3.576059e-03,1.531932e-01
polar,light,upfolded,0.03997,3.942524e-03,1.571690e-01
polar,light,upfolded,0.04247,4.391344e-03,1.605843e-01
polar,light,upfolded,0.04497,4.922400e-03,1.634849e-01
polar,light,upfolded,0.04747,5.524966e-03,1.659530e-01
polar,light,upfolded,0.04997,6.173104e-03,1.681114e-01
polar,light,upfolded,0.05246,6.823325e-03,1.700791e-01
polar,light,upfolded,0.05496,7.418446e-03,1.719152e-01
polar,light,upfolded,0.05746,7.900189e-03,1.735999e-01
polar,light,upfolded,0.05996,8.227484e-03,1.750672e-01
polar,light,upfolded,0.06246,8.391138e-03,1.762692e-01
polar,light,upfolded,0.06495,8.415915e-03,1.772269e-01
polar,light,upfolded,0.06745,8.349733e-03,1.780389e-01
polar,light,upfolded,0.06995,8.247974e-03,1.788408e-01
polar,light,upfolded,0.07245,8.161321e-03,1.797353e-01
polar,light,upfolded,0.07495,8.130278e-03,1.807319e-01
polar,light,upfolded,0.07745,8.184973e-03,1.817377e-01
polar,light,upfolded,0.07994,8.347408e-03,1.826121e-01
polar,light,upfolded,0.08244,8.633934e-03,1.832508e-01
polar,light,upfolded,0.08494,9.056720e-03,1.836459e-01
polar,light,upfolded,0.08744,9.623632e-03,1.838893e-01
polar,light,upfolded,0.08994,1.033630e-02,1.841303e-01
polar,light,upfolded,0.09243,1.118664e-02,1.845162e-01
polar,light,upfolded,0.09493,1.215294e-02,1.851338e-01
polar,light,upfolded,0.09743,1.319795e-02,1.859662e-01
polar,light,upfolded,0.09993,1.427221e-02,1.868844e-01
polar,light,upfolded,0.10243,1.532377e-02,1.876977e-01
polar,light,upfolded,0.10492,1.631049e-02,1.882439e-01
polar,light,upfolded,0.10742,1.720658e-02,1.884715e-01
polar,light,upfolded,0.10992,1.799864e-02,1.884638e-01
polar,light,upfolded,0.11242,1.867573e-02,1.883981e-01
polar,light,upfolded,0.11492,1.922357e-02,1.884684e-01
polar,light,upfolded,0.11741,1.962697e-02,1.888139e-01
polar,light,upfolded,0.11991,1.987587e-02,1.894785e-01
polar,light,upfolded,0.12241,1.996954e-02,1.904001e-01
polar,light,upfolded,0.12491,1.991951e-02,1.914254e-01
polar,light,upfolded,0.12741,1.975424e-02,1.923505e-01
polar,light,upfolded,0.12991,1.952291e-02,1.929908e-01
polar,light,upfolded,0.13240,1.929218e-02,1.932537e-01
polar,light,upfolded,0.13490,1.913511e-02,1.931800e-01
polar,light,upfolded,0.13740,1.911735e-02,1.929349e-01
polar,light,upfolded,0.13990,1.928635e-02,1.927523e-01
polar,light,upfolded,0.14240,1.966460e-02,1.928521e-01
polar,light,upfolded,0.14489,2.024502e-02,1.933616e-01
polar,light,upfolded,0.14739,2.098716e-02,1.942712e-01
polar,light,upfolded,0.14989,2.181653e-02,1.954439e-01
polar,light,upfolded,0.15239,2.263232e-02,1.966667e-01
polar,light,upfolded,0.15489,2.332814e-02,1.977193e-01
polar,light,upfolded,0.15738,2.382198e-02,1.984355e-01
polar,light,upfolded,0.15988,2.408039e-02,1.987435e-01
polar,light,upfolded,0.16238,2.412075e-02,1.986820e-01
polar,light,upfolded,0.16488,2.399025e-02,1.983919e-01
polar,light,upfolded,0.16738,2.373838e-02,1.980875e-01
polar,light,upfolded,0.16987,2.340218e-02,1.980082e-01
polar,light,upfolded,0.17237,2.301056e-02,1.983533e-01
polar,light,upfolded,0.17487,2.259816e-02,1.992108e-01
polar,light,upfolded,0.17737,2.221445e-02,2.005098e-01
polar,light,upfolded,0.17987,2.192133e-02,2.020330e-01
polar,light,upfolded,0.18237,2.178318e-02,2.034943e-01
polar,light,upfolded,0.18486,2.185741e-02,2.046428e-01
polar,light,upfolded,0.18736,2.218944e-02,2.053389e-01
polar,light,upfolded,0.18986,2.281117e-02,2.055743e-01
polar,light,upfolded,0.19236,2.373995e-02,2.054489e-01
polar,light,upfolded,0.19486,2.497488e-02,2.051346e-01
polar,light,upfolded,0.19735,2.648955e-02,2.048427e-01
polar,light,upfolded,0.19985,2.822194e-02,2.047925e-01
polar,light,upfolded,0.20235,3.006646e-02,2.051746e-01
polar,light,upfolded,0.20485,3.187571e-02,2.061021e-01
polar,light,upfolded,0.20735,3.348036e-02,2.075552e-01
polar,light,upfolded,0.20984,3.472653e-02,2.093556e-01
polar,light,upfolded,0.21234,3.551678e-02,2.112037e-01
polar,light,upfolded,0.21484,3.583345e-02,2.127801e-01
polar,light,upfolded,0.21734,3.573254e-02,2.138600e-01
polar,light,upfolded,0.21984,3.531499e-02,2.143783e-01
polar,light,upfolded,0.22234,3.469373e-02,2.144222e-01
polar,light,upfolded,0.22483,3.397250e-02,2.141771e-01
polar,light,upfolded,0.22733,3.324228e-02,2.138721e-01
polar,light,upfolded,0.22983,3.258782e-02,2.137398e-01
polar,light,upfolded,0.23233,3.209228e-02,2.139882e-01
polar,light,upfolded,0.23483,3.183329e-02,2.147714e-01
polar,light,upfolded,0.23732,3.187346e-02,2.161526e-01
polar,light,upfolded,0.23982,3.225088e-02,2.180651e-01
polar,light,upfolded,0.24232,3.297283e-02,2.202962e-01
polar,light,upfolded,0.24482,3.401284e-02,2.225264e-01
polar,light,upfolded,0.24732,3.531073e-02,2.244251e-01
polar,light,upfolded,0.24981,3.677535e-02,2.257629e-01
polar,light,upfolded,0.25231,3.828827e-02,2.264790e-01
polar,light,upfolded,0.25481,3.970758e-02,2.266771e-01
polar,light,upfolded,0.25731,4.087625e-02,2.265698e-01
polar,light,upfolded,0.25981,4.164525e-02,2.264176e-01
polar,light,upfolded,0.26230,4.191326e-02,2.264848e-01
polar,light,upfolded,0.26480,4.166506e-02,2.270073e-01
polar,light,upfolded,0.26730,4.098006e-02,2.281604e-01
polar,light,upfolded,0.26980,4.000071e-02,2.300184e-01
polar,light,upfolded,0.27230,3.888051e-02,2.325152e-01
polar,light,upfolded,0.27480,3.774345e-02,2.354298e-01
polar,light,upfolded,0.27729,3.667246e-02,2.384256e-01
polar,light,upfolded,0.27979,3.572299e-02,2.411461e-01
polar,light,upfolded,0.28229,3.494415e-02,2.433256e-01
polar,light,upfolded,0.28479,3.439137e-02,2.448604e-01
polar,light,upfolded,0.28729,3.412593e-02,2.458155e-01
polar,light,upfolded,0.28978,3.420676e-02,2.463856e-01
polar,light,upfolded,0.29228,3.468177e-02,2.468485e-01
polar,light,upfolded,0.29478,3.558136e-02,2.475257e-01
polar,light,upfolded,0.29728,3.691194e-02,2.487423e-01
polar,light,upfolded,0.29978,3.864708e-02,2.507751e-01
polar,light,upfolded,0.30227,4.071536e-02,2.537886e-01
polar,light,upfolded,0.30477,4.298966e-02,2.577791e-01
polar,light,upfolded,0.30727,4.528766e-02,2.625586e-01
polar,light,upfolded,0.30977,4.739560e-02,2.677962e-01
polar,light,upfolded,0.31227,4.911821e-02,2.731081e-01
polar,light,upfolded,0.31476,5.033605e-02,2.781603e-01
polar,light,upfolded,0.31726,5.103475e-02,2.827555e-01
polar,light,upfolded,0.31976,5.128324e-02,2.868862e-01
polar,light,upfolded,0.32226,5.117624e-02,2.907523e-01
polar,light,upfolded,0.32476,5.078396e-02,2.947410e-01
polar,light,upfolded,0.32726,5.014311e-02,2.993730e-01
polar,light,upfolded,0.32975,4.928779e-02,3.052193e-01
polar,light,upfolded,0.33225,4.828912e-02,3.127960e-01
polar,light,upfolded,0.33475,4.726977e-02,3.224396e-01
polar,light,upfolded,0.33725,4.638530e-02,3.341783e-01
polar,light,upfolded,0.33975,4.578983e-02,3.476376e-01
polar,light,upfolded,0.34224,4.560721e-02,3.620384e-01
polar,light,upfolded,0.34474,4.591546e-02,3.763363e-01
polar,light,upfolded,0.34724,4.674011e-02,3.894971e-01
polar,light,upfolded,0.34974,4.804874e-02,4.008046e-01
polar,light,upfolded,0.35224,4.974404e-02,4.100542e-01
polar,light,upfolded,0.35473,5.165992e-02,4.175468e-01
polar,light,upfolded,0.35723,5.357158e-02,4.239178e-01
polar,light,upfolded,0.35973,5.522944e-02,4.299050e-01
polar,light,upfolded,0.36223,5.641423e-02,4.361386e-01
polar,light,upfolded,0.36473,5.699108e-02,4.429882e-01
polar,light,upfolded,0.36723,5.693448e-02,4.504722e-01
polar,light,upfolded,0.36972,5.631295e-02,4.582311e-01
polar,light,upfolded,0.37222,5.525113e-02,4.655778e-01
polar,light,upfolded,0.37472,5.389776e-02,4.716421e-01
polar,light,upfolded,0.37722,5.241248e-02,4.756088e-01
polar,light,upfolded,0.37972,5.096147e-02,4.769898e-01
polar,light,upfolded,0.38221,4.970800e-02,4.758138e-01
polar,light,upfolded,0.38471,4.879641e-02,4.726180e-01
polar,light,upfolded,0.38721,4.833751e-02,4.682366e-01
polar,light,upfolded,0.38971,4.840074e-02,4.635089e-01
polar,light,upfolded,0.39221,4.901136e-02,4.590489e-01
polar,light,upfolded,0.39470,5.014775e-02,4.551291e-01
polar,light,upfolded,0.39720,5.173723e-02,4.516571e-01
polar,light,upfolded,0.39970,5.365359e-02,4.482291e-01
polar,light,upfolded,0.40220,5.572410e-02,4.442517e-01
polar,light,upfolded,0.40470,5.775223e-02,4.391108e-01
polar,light,upfolded,0.40719,5.955227e-02,4.323407e-01
polar,light,upfolded,0.40969,6.098092e-02,4.237398e-01
polar,light,upfolded,0.41219,6.195279e-02,4.134011e-01
polar,light,upfolded,0.41469,6.244170e-02,4.016796e-01
polar,light,upfolded,0.41719,6.247912e-02,3.891255e-01
polar,light,upfolded,0.41969,6.215320e-02,3.763697e-01
polar,light,upfolded,0.42218,6.160187e-02,3.639537e-01
polar,light,upfolded,0.42468,6.099556e-02,3.521645e-01
polar,light,upfolded,0.42718,6.051329e-02,3.409608e-01
polar,light,upfolded,0.42968,6.031806e-02,3.300209e-01
polar,light,upfolded,0.43218,6.053335e-02,3.188700e-01
polar,light,upfolded,0.43467,6.122141e-02,3.070468e-01
polar,light,upfolded,0.43717,6.236614e-02,2.942783e-01
polar,light,upfolded,0.43967,6.386635e-02,2.806082e-01
polar,light,upfolded,0.44217,6.554694e-02,2.663981e-01
polar,light,upfolded,0.44467,6.719383e-02,2.521789e-01
polar,light,upfolded,0.44716,6.860706e-02,2.384335e-01
polar,light,upfolded,0.44966,6.965067e-02,2.254334e-01
polar,light,upfolded,0.45216,7.027354e-02,2.131971e-01
polar,light,upfolded,0.45466,7.049414e-02,2.015650e-01
polar,light,upfolded,0.45716,7.036913e-02,1.903282e-01
polar,light,upfolded,0.45966,6.997092e-02,1.793408e-01
polar,light,upfolded,0.46215,6.938109e-02,1.685703e-01
polar,light,upfolded,0.46465,6.869041e-02,1.580863e-01
polar,light,upfolded,0.46715,6.799783e-02,1.480162e-01
polar,light,upfolded,0.46965,6.740711e-02,1.384918e-01
polar,light,upfolded,0.47215,6.701781e-02,1.296107e-01
polar,light,upfolded,0.47464,6.690676e-02,1.214200e-01
polar,light,upfolded,0.47714,6.710509e-02,1.139240e-01
polar,light,upfolded,0.47964,6.758468e-02,1.071021e-01
polar,light,upfolded,0.48214,6.826468e-02,1.009232e-01
polar,light,upfolded,0.48464,6.903744e-02,9.535278e-02
polar,light,upfolded,0.48713,6.980207e-02,9.035283e-02
polar,light,upfolded,0.48963,7.049119e-02,8.588214e-02
polar,light,upfolded,0.49213,7.108269e-02,8.189704e-02
polar,light,upfolded,0.49463,7.159699e-02,7.835358e-02
polar,light,upfolded,0.49713,7.208697e-02,7.520976e-02
polar,light,upfolded,0.49962,7.262695e-02,7.242716e-02
polar,light,upfolded,0.50212,7.330084e-02,6.997197e-02
polar,light,upfolded,0.50462,7.418424e-02,6.781535e-02
polar,light,upfolded,0.50712,7.531836e-02,6.593347e-02
polar,light,upfolded,0.50962,7.668548e-02,6.430738e-02
polar,light,upfolded,0.51212,7.820184e-02,6.292272e-02
polar,light,upfolded,0.51461,7.973695e-02,6.176961e-02
polar,light,upfolded,0.51711,8.115262e-02,6.084242e-02
polar,light,upfolded,0.51961,8.234438e-02,6.013973e-02
polar,light,upfolded,0.52211,8.326933e-02,5.966431e-02
polar,light,upfolded,0.52461,8.395224e-02,5.942305e-02
polar,light,upfolded,0.52710,8.446941e-02,5.942687e-02
polar,light,upfolded,0.52960,8.491957e-02,5.969031e-02
polar,light,upfolded,0.53210,8.539545e-02,6.023061e-02
polar,light,upfolded,0.53460,8.596571e-02,6.106577e-02
polar,light,upfolded,0.53710,8.666988e-02,6.221107e-02
polar,light,upfolded,0.53959,8.752498e-02,6.367358e-02
polar,light,upfolded,0.54209,8.853870e-02,6.544446e-02
polar,light,upfolded,0.54459,8.972024e-02,6.749078e-02
polar,light,upfolded,0.54709,9.108211e-02,6.975072e-02
polar,light,upfolded,0.54959,9.263350e-02,7.213861e-02
polar,light,upfolded,0.55208,9.437187e-02,7.456442e-02
polar,light,upfolded,0.55458,9.627743e-02,7.696274e-02
polar,light,upfolded,0.55708,9.830954e-02,7.931405e-02
polar,light,upfolded,0.55958,1.004035e-01,8.163983e-02
polar,light,upfolded,0.56208,1.024722e-01,8.397081e-02
polar,light,upfolded,0.56458,1.044198e-01,8.630869e-02
polar,light,upfolded,0.56707,1.061691e-01,8.860501e-02
polar,light,upfolded,0.56957,1.076891e-01,9.076642e-02
polar,light,upfolded,0.57207,1.090077e-01,9.268212e-02
polar,light,upfolded,0.57457,1.102016e-01,9.426600e-02
polar,light,upfolded,0.57707,1.113736e-01,9.550295e-02
polar,light,upfolded,0.57956,1.126306e-01,9.647675e-02
polar,light,upfolded,0.58206,1.140679e-01,9.735510e-02
polar,light,upfolded,0.58456,1.157494e-01,9.833034e-02
polar,light,upfolded,0.58706,1.176825e-01,9.954516e-02
polar,light,upfolded,0.58956,1.197976e-01,1.010394e-01
polar,light,upfolded,0.59205,1.219557e-01,1.027384e-01
polar,light,upfolded,0.59455,1.239907e-01,1.044834e-01
polar,light,upfolded,0.59705,1.257764e-01,1.060890e-01
polar,light,upfolded,0.59955,1.272826e-01,1.074024e-01
polar,light,upfolded,0.60205,1.285857e-01,1.083461e-01
polar,light,upfolded,0.60455,1.298219e-01,1.089363e-01
polar,light,upfolded,0.60704,1.311120e-01,1.092767e-01
polar,light,upfolded,0.60954,1.325024e-01,1.095265e-01
polar,light,upfolded,0.61204,1.339451e-01,1.098495e-01
polar,light,upfolded,0.61454,1.353096e-01,1.103677e-01
polar,light,upfolded,0.61704,1.364111e-01,1.111413e-01
polar,light,upfolded,0.61953,1.370581e-01,1.121745e-01
polar,light,upfolded,0.62203,1.371213e-01,1.134263e-01
polar,light,upfolded,0.62453,1.365989e-01,1.148171e-01
polar,light,upfolded,0.62703,1.356345e-01,1.162325e-01
polar,light,upfolded,0.62953,1.344649e-01,1.175390e-01
polar,light,upfolded,0.63202,1.333293e-01,1.186108e-01
polar,light,upfolded,0.63452,1.323983e-01,1.193629e-01
polar,light,upfolded,0.63702,1.317545e-01,1.197767e-01
polar,light,upfolded,0.63952,1.314071e-01,1.199103e-01
polar,light,upfolded,0.64202,1.313037e-01,1.198882e-01
polar,light,upfolded,0.64451,1.313291e-01,1.198770e-01
polar,light,upfolded,0.64701,1.313142e-01,1.200508e-01
polar,light,upfolded,0.64951,1.310800e-01,1.205513e-01
polar,light,upfolded,0.65201,1.305008e-01,1.214541e-01
polar,light,upfolded,0.65451,1.295518e-01,1.227526e-01
polar,light,upfolded,0.65701,1.283111e-01,1.243626e-01
polar,light,upfolded,0.65950,1.269219e-01,1.261422e-01
polar,light,upfolded,0.66200,1.255389e-01,1.279227e-01
polar,light,upfolded,0.66450,1.242830e-01,1.295448e-01
polar,light,upfolded,0.66700,1.232134e-01,1.308963e-01
polar,light,upfolded,0.66950,1.223220e-01,1.319413e-01
polar,light,upfolded,0.67199,1.215502e-01,1.327353e-01
polar,light,upfolded,0.67449,1.208222e-01,1.334211e-01
polar,light,upfolded,0.67699,1.200807e-01,1.342090e-01
polar,light,upfolded,0.67949,1.193117e-01,1.353444e-01
polar,light,upfolded,0.68199,1.185478e-01,1.370670e-01
polar,light,upfolded,0.68448,1.178531e-01,1.395635e-01
polar,light,upfolded,0.68698,1.172932e-01,1.429204e-01
polar,light,upfolded,0.68948,1.169023e-01,1.470845e-01
polar,light,upfolded,0.69198,1.166606e-01,1.518502e-01
polar,light,upfolded,0.69448,1.164931e-01,1.568864e-01
polar,light,upfolded,0.69697,1.162931e-01,1.618087e-01
polar,light,upfolded,0.69947,1.159598e-01,1.662790e-01
polar,light,upfolded,0.70197,1.154390e-01,1.700935e-01
polar,light,upfolded,0.70447,1.147511e-01,1.732242e-01
polar,light,upfolded,0.70697,1.139926e-01,1.758034e-01
polar,light,upfolded,0.70947,1.133039e-01,1.780698e-01
polar,light,upfolded,0.71196,1.128184e-01,1.803023e-01
polar,light,upfolded,0.71446,1.126182e-01,1.827604e-01
polar,light,upfolded,0.71696,1.127204e-01,1.856379e-01
polar,light,upfolded,0.71946,1.130939e-01,1.890256e-01
polar,light,upfolded,0.72196,1.136892e-01,1.928812e-01
polar,light,upfolded,0.72445,1.144585e-01,1.970163e-01
polar,light,upfolded,0.72695,1.153561e-01,2.011242e-01
polar,light,upfolded,0.72945,1.163241e-01,2.048582e-01
polar,light,upfolded,0.73195,1.172792e-01,2.079360e-01
polar,light,upfolded,0.73445,1.181076e-01,2.102200e-01
polar,light,upfolded,0.73694,1.186697e-01,2.117388e-01
polar,light,upfolded,0.73944,1.188160e-01,2.126566e-01
polar,light,upfolded,0.74194,1.184172e-01,2.132228e-01
polar,light,upfolded,0.74444,1.174003e-01,2.137255e-01
polar,light,upfolded,0.74694,1.157753e-01,2.144526e-01
polar,light,upfolded,0.74944,1.136365e-01,2.156467e-01
polar,light,upfolded,0.75193,1.111446e-01,2.174478e-01
polar,light,upfolded,0.75443,1.085047e-01,2.198410e-01
polar,light,upfolded,0.75693,1.059497e-01,2.226404e-01
polar,light,upfolded,0.75943,1.037202e-01,2.255312e-01
polar,light,upfolded,0.76193,1.020317e-01,2.281617e-01
polar,light,upfolded,0.76442,1.010366e-01,2.302432e-01
polar,light,upfolded,0.76692,1.007977e-01,2.316160e-01
polar,light,upfolded,0.76942,1.012811e-01,2.322681e-01
polar,light,upfolded,0.77192,1.023665e-01,2.323182e-01
polar,light,upfolded,0.77442,1.038631e-01,2.319845e-01
polar,light,upfolded,0.77691,1.055253e-01,2.315500e-01
polar,light,upfolded,0.77941,1.070758e-01,2.313228e-01
polar,light,upfolded,0.78191,1.082483e-01,2.315771e-01
polar,light,upfolded,0.78441,1.088510e-01,2.324797e-01
polar,light,upfolded,0.78691,1.088272e-01,2.340265e-01
polar,light,upfolded,0.78940,1.082758e-01,2.360278e-01
polar,light,upfolded,0.79190,1.074096e-01,2.381583e-01
polar,light,upfolded,0.79440,1.064707e-01,2.400601e-01
polar,light,upfolded,0.79690,1.056516e-01,2.414470e-01
polar,light,upfolded,0.79940,1.050625e-01,2.421669e-01
polar,light,upfolded,0.80190,1.047469e-01,2.422130e-01
polar,light,upfolded,0.80439,1.047157e-01,2.417031e-01
polar,light,upfolded,0.80689,1.049666e-01,2.408482e-01
polar,light,upfolded,0.80939,1.054799e-01,2.399198e-01
polar,light,upfolded,0.81189,1.062020e-01,2.392131e-01
polar,light,upfolded,0.81439,1.070379e-01,2.389932e-01
polar,light,upfolded,0.81688,1.078588e-01,2.394201e-01
polar,light,upfolded,0.81938,1.085288e-01,2.404780e-01
polar,light,upfolded,0.82188,1.089403e-01,2.419526e-01
polar,light,upfolded,0.82438,1.090427e-01,2.434889e-01
polar,light,upfolded,0.82688,1.088561e-01,2.447142e-01
polar,light,upfolded,0.82937,1.084641e-01,2.453637e-01
polar,light,upfolded,0.83187,1.079868e-01,2.453434e-01
polar,light,upfolded,0.83437,1.075364e-01,2.447204e-01
polar,light,upfolded,0.83687,1.071720e-01,2.436755e-01
polar,light,upfolded,0.83937,1.068795e-01,2.424520e-01
polar,light,upfolded,0.84187,1.065936e-01,2.413140e-01
polar,light,upfolded,0.84436,1.062467e-01,2.405090e-01
polar,light,upfolded,0.84686,1.058083e-01,2.402230e-01
polar,light,upfolded,0.84936,1.052881e-01,2.405221e-01
polar,light,upfolded,0.85186,1.047110e-01,2.413020e-01
polar,light,upfolded,0.85436,1.040964e-01,2.422874e-01
polar,light,upfolded,0.85685,1.034628e-01,2.431104e-01
polar,light,upfolded,0.85935,1.028527e-01,2.434463e-01
polar,light,upfolded,0.86185,1.023533e-01,2.431340e-01
polar,light,upfolded,0.86435,1.020913e-01,2.422134e-01
polar,light,upfolded,0.86685,1.021995e-01,2.408804e-01
polar,light,upfolded,0.86934,1.027765e-01,2.394054e-01
polar,light,upfolded,0.87184,1.038588e-01,2.380594e-01
polar,light,upfolded,0.87434,1.054117e-01,2.370572e-01
polar,light,upfolded,0.87684,1.073249e-01,2.365187e-01
polar,light,upfolded,0.87934,1.094072e-01,2.364427e-01
polar,light,upfolded,0.88183,1.113938e-01,2.366964e-01
polar,light,upfolded,0.88433,1.129882e-01,2.370318e-01
polar,light,upfolded,0.88683,1.139329e-01,2.371475e-01
polar,light,upfolded,0.88933,1.140695e-01,2.367901e-01
polar,light,upfolded,0.89183,1.133492e-01,2.358561e-01
polar,light,upfolded,0.89433,1.117905e-01,2.344323e-01
polar,light,upfolded,0.89682,1.094239e-01,2.327537e-01
polar,light,upfolded,0.89932,1.062682e-01,2.311100e-01
polar,light,upfolded,0.90182,1.023546e-01,2.297464e-01
polar,light,upfolded,0.90432,9.778065e-02,2.287903e-01
polar,light,upfolded,0.90682,9.274706e-02,2.282207e-01
polar,light,upfolded,0.90931,8.754192e-02,2.278855e-01
polar,light,upfolded,0.91181,8.248028e-02,2.275571e-01
polar,light,upfolded,0.91431,7.783610e-02,2.270032e-01
polar,light,upfolded,0.91681,7.379952e-02,2.260542e-01
polar,light,upfolded,0.91931,7.046532e-02,2.246599e-01
polar,light,upfolded,0.92180,6.784106e-02,2.229146e-01
polar,light,upfolded,0.92430,6.586163e-02,2.210283e-01
polar,light,upfolded,0.92680,6.440500e-02,2.192447e-01
polar,light,upfolded,0.92930,6.331048e-02,2.177412e-01
polar,light,upfolded,0.93180,6.240297e-02,2.165555e-01
polar,light,upfolded,0.93429,6.152404e-02,2.155743e-01
polar,light,upfolded,0.93679,6.056507e-02,2.145908e-01
polar,light,upfolded,0.93929,5.949143e-02,2.134003e-01
polar,light,upfolded,0.94179,5.834353e-02,2.118813e-01
polar,light,upfolded,0.94429,5.720959e-02,2.100303e-01
polar,light,upfolded,0.94679,5.618291e-02,2.079510e-01
polar,light,upfolded,0.94928,5.532592e-02,2.058107e-01
polar,light,upfolded,0.95178,5.465564e-02,2.037700e-01
polar,light,upfolded,0.95428,5.414902e-02,2.019097e-01
polar,light,upfolded,0.95678,5.375739e-02,2.001897e-01
polar,light,upfolded,0.95928,5.342153e-02,1.984706e-01
polar,light,upfolded,0.96177,5.308747e-02,1.965906e-01
polar,light,upfolded,0.96427,5.272409e-02,1.944522e-01
polar,light,upfolded,0.96677,5.233466e-02,1.920640e-01
polar,light,upfolded,0.96927,5.195008e-02,1.895190e-01
polar,light,upfolded,0.97177,5.160312e-02,1.869337e-01
polar,light,upfolded,0.97426,5.129987e-02,1.843828e-01
polar,light,upfolded,0.97676,5.100760e-02,1.818617e-01
polar,light,upfolded,0.97926,5.066511e-02,1.792941e-01
polar,light,upfolded,0.98176,5.020503e-02,1.765812e-01
polar,light,upfolded,0.98426,4.957172e-02,1.736631e-01
polar,light,upfolded,0.98676,4.872973e-02,1.705479e-01
polar,light,upfolded,0.98925,4.767075e-02,1.672902e-01
polar,light,upfolded,0.99175,4.642518e-02,1.639394e-01
polar,light,upfolded,0.99425,4.506966e-02,1.605006e-01
polar,light,upfolded,0.99675,4.371848e-02,1.569354e-01
polar,light,upfolded,0.99925,4.249953e-02,1.531938e-01
polar,light,upfolded,1.00174,4.152844e-02,1.492481e-01
polar,light,upfolded,1.00424,4.089240e-02,1.451005e-01
polar,light,upfolded,1.00674,4.064493e-02,1.407647e-01
polar,light,upfolded,1.00924,4.080612e-02,1.362439e-01
polar,light,upfolded,1.01174,4.136210e-02,1.315280e-01
polar,light,upfolded,1.01423,4.226082e-02,1.266089e-01
polar,light,upfolded,1.01673,4.340584e-02,1.214944e-01
polar,light,upfolded,1.01923,4.465451e-02,1.162110e-01
polar,light,upfolded,1.02173,4.583017e-02,1.108018e-01
polar,light,upfolded,1.02423,4.675459e-02,1.053277e-01
polar,light,upfolded,1.02672,4.729430e-02,9.986899e-02
polar,light,upfolded,1.02922,4.739794e-02,9.452207e-02
polar,light,upfolded,1.03172,4.710013e-02,8.938834e-02
polar,light,upfolded,1.03422,4.648789e-02,8.455935e-02
polar,light,upfolded,1.03672,4.565413e-02,8.010366e-02
polar,light,upfolded,1.03922,4.467003e-02,7.606003e-02
polar,light,upfolded,1.04171,4.358926e-02,7.243813e-02
polar,light,upfolded,1.04421,4.247023e-02,6.922477e-02
polar,light,upfolded,1.04671,4.139165e-02,6.639189e-02
polar,light,upfolded,1.04921,4.044781e-02,6.390398e-02
polar,light,upfolded,1.05171,3.972909e-02,6.172337e-02
polar,light,upfolded,1.05420,3.930129e-02,5.981367e-02
polar,light,upfolded,1.05670,3.919196e-02,5.814145e-02
polar,light,upfolded,1.05920,3.938434e-02,5.667701e-02
polar,light,upfolded,1.06170,3.981707e-02,5.539448e-02
polar,light,upfolded,1.06420,4.039083e-02,5.427156e-02
polar,light,upfolded,1.06669,4.098501e-02,5.328915e-02
polar,light,upfolded,1.06919,4.148473e-02,5.243097e-02
polar,light,upfolded,1.07169,4.181101e-02,5.168313e-02
polar,light,upfolded,1.07419,4.194008e-02,5.103379e-02
polar,light,upfolded,1.07669,4.190071e-02,5.047282e-02
polar,light,upfolded,1.07918,4.175134e-02,4.999156e-02
polar,light,upfolded,1.08168,4.155142e-02,4.958257e-02
polar,light,upfolded,1.08418,4.134249e-02,4.923945e-02
polar,light,upfolded,1.08668,4.114439e-02,4.895666e-02
polar,light,upfolded,1.08918,4.096382e-02,4.872944e-02
polar,light,upfolded,1.09168,4.080905e-02,4.855365e-02
polar,light,upfolded,1.09417,4.070191e-02,4.842569e-02
polar,light,upfolded,1.09667,4.067705e-02,4.834242e-02
polar,light,upfolded,1.09917,4.076509e-02,4.830114e-02
polar,light,upfolded,1.10167,4.096833e-02,4.829946e-02
polar,light,upfolded,1.10417,4.124345e-02,4.833531e-02
polar,light,upfolded,1.10666,4.150271e-02,4.840689e-02
polar,light,upfolded,1.10916,4.163609e-02,4.851263e-02
polar,light,upfolded,1.11166,4.154740e-02,4.865117e-02
polar,light,upfolded,1.11416,4.119000e-02,4.882133e-02
polar,light,upfolded,1.11666,4.058729e-02,4.902210e-02
polar,light,upfolded,1.11915,3.982909e-02,4.925259e-02
polar,light,upfolded,1.12165,3.904611e-02,4.951207e-02
polar,light,upfolded,1.12415,3.837471e-02,4.979993e-02
polar,light,upfolded,1.12665,3.792704e-02,5.011564e-02
polar,light,upfolded,1.12915,3.777399e-02,5.045881e-02
polar,light,upfolded,1.13165,3.793994e-02,5.082909e-02
polar,light,upfolded,1.13414,3.840426e-02,5.122626e-02
polar,light,upfolded,1.13664,3.910637e-02,5.165016e-02
polar,light,upfolded,1.13914,3.995318e-02,5.210069e-02
polar,light,upfolded,1.14164,4.082889e-02,5.257785e-02
polar,light,upfolded,1.14414,4.160718e-02,5.308168e-02
polar,light,upfolded,1.14663,4.216747e-02,5.361229e-02
polar,light,upfolded,1.14913,4.241563e-02,5.416985e-02
polar,light,upfolded,1.15163,4.230440e-02,5.475460e-02
polar,light,upfolded,1.15413,4.184553e-02,5.536681e-02
polar,light,upfolded,1.15663,4.110952e-02,5.600682e-02
polar,light,upfolded,1.15912,4.021347e-02,5.667504e-02
polar,light,upfolded,1.16162,3.929923e-02,5.737192e-02
polar,light,upfolded,1.16412,3.850649e-02,5.809794e-02
polar,light,upfolded,1.16662,3.794891e-02,5.885367e-02
polar,light,upfolded,1.16912,3.769898e-02,5.963972e-02
polar,light,upfolded,1.17161,3.778148e-02,6.045676e-02
polar,light,upfolded,1.17411,3.817179e-02,6.130550e-02
polar,light,upfolded,1.17661,3.879734e-02,6.218671e-02
polar,light,upfolded,1.17911,3.954461e-02,6.310124e-02
polar,light,upfolded,1.18161,4.027653e-02,6.404997e-02
polar,light,upfolded,1.18411,4.086108e-02,6.503385e-02
polar,light,upfolded,1.18660,4.120283e-02,6.605391e-02
polar,light,upfolded,1.18910,4.126371e-02,6.711122e-02
polar,light,upfolded,1.19160,4.106498e-02,6.820694e-02
polar,light,upfolded,1.19410,4.067484e-02,6.934227e-02
polar,light,upfolded,1.19660,4.019131e-02,7.051852e-02
polar,light,upfolded,1.19909,3.972411e-02,7.173705e-02
polar,light,upfolded,1.20159,3.937412e-02,7.299932e-02
polar,light,upfolded,1.20409,3.921152e-02,7.430686e-02
polar,light,upfolded,1.20659,3.925841e-02,7.566129e-02
polar,light,upfolded,1.20909,3.948199e-02,7.706432e-02
polar,light,upfolded,1.21158,3.980210e-02,7.851779e-02
polar,light,upfolded,1.21408,4.011436e-02,8.002360e-02
polar,light,upfolded,1.21658,4.032461e-02,8.158379e-02
polar,light,upfolded,1.21908,4.038227e-02,8.320050e-02
polar,light,upfolded,1.22158,4.029614e-02,8.487600e-02
polar,light,upfolded,1.22408,4.012427e-02,8.661270e-02
polar,light,upfolded,1.22657,3.994536e-02,8.841314e-02
polar,light,upfolded,1.22907,3.982967e-02,9.028000e-02
polar,light,upfolded,1.23157,3.982272e-02,9.221613e-02
polar,light,upfolded,1.23407,3.994179e-02,9.422454e-02
polar,light,upfolded,1.23657,4.017632e-02,9.630843e-02
polar,light,upfolded,1.23906,4.048720e-02,9.847119e-02
polar,light,upfolded,1.24156,4.080893e-02,1.007164e-01
polar,light,upfolded,1.24406,4.106218e-02,1.030478e-01
polar,light,upfolded,1.24656,4.117778e-02,1.054696e-01
polar,light,upfolded,1.24906,4.112411e-02,1.079859e-01
polar,light,upfolded,1.25155,4.092395e-02,1.106013e-01
polar,light,upfolded,1.25405,4.065033e-02,1.133208e-01
polar,light,upfolded,1.25655,4.040162e-02,1.161493e-01
polar,light,upfolded,1.25905,4.026749e-02,1.190925e-01
polar,light,upfolded,1.26155,4.030072e-02,1.221561e-01
polar,light,upfolded,1.26404,4.050440e-02,1.253464e-01
polar,light,upfolded,1.26654,4.083565e-02,1.286700e-01
polar,light,upfolded,1.26904,4.122145e-02,1.321340e-01
polar,light,upfolded,1.27154,4.158061e-02,1.357460e-01
polar,light,upfolded,1.27404,4.184632e-02,1.395140e-01
polar,light,upfolded,1.27654,4.198440e-02,1.434468e-01
polar,light,upfolded,1.27903,4.200206e-02,1.475535e-01
polar,light,upfolded,1.28153,4.194269e-02,1.518442e-01
polar,light,upfolded,1.28403,4.186787e-02,1.563295e-01
polar,light,upfolded,1.28653,4.183447e-02,1.610208e-01
polar,light,upfolded,1.28903,4.187819e-02,1.659305e-01
polar,light,upfolded,1.29152,4.200965e-02,1.710717e-01
polar,light,upfolded,1.29402,4.222016e-02,1.764588e-01
polar,light,upfolded,1.29652,4.248942e-02,1.821070e-01
polar,light,upfolded,1.29902,4.279085e-02,1.880331e-01
polar,light,upfolded,1.30152,4.309587e-02,1.942548e-01
polar,light,upfolded,1.30401,4.337987e-02,2.007915e-01
polar,light,upfolded,1.30651,4.362862e-02,2.076643e-01
polar,light,upfolded,1.30901,4.384219e-02,2.148959e-01
polar,light,upfolded,1.31151,4.403566e-02,2.225109e-01
polar,light,upfolded,1.31401,4.423671e-02,2.305363e-01
polar,light,upfolded,1.31650,4.447840e-02,2.390011e-01
polar,light,upfolded,1.31900,4.478781e-02,2.479373e-01
polar,light,upfolded,1.32150,4.517549e-02,2.573795e-01
polar,light,upfolded,1.32400,4.563218e-02,2.673658e-01
polar,light,upfolded,1.32650,4.613557e-02,2.779377e-01
polar,light,upfolded,1.32900,4.666419e-02,2.891408e-01
polar,light,upfolded,1.33149,4.721103e-02,3.010250e-01
polar,light,upfolded,1.33399,4.778841e-02,3.136455e-01
polar,light,upfolded,1.33649,4.842157e-02,3.270629e-01
polar,light,upfolded,1.33899,4.913550e-02,3.413441e-01
polar,light,upfolded,1.34149,4.994355e-02,3.565631e-01
polar,light,upfolded,1.34398,5.084399e-02,3.728020e-01
polar,light,upfolded,1.34648,5.182416e-02,3.901517e-01
polar,light,upfolded,1.34898,5.286652e-02,4.087136e-01
polar,light,upfolded,1.35148,5.395032e-02,4.286005e-01
polar,light,upfolded,1.35398,5.504751e-02,4.499386e-01
polar,light,upfolded,1.35647,5.611673e-02,4.728690e-01
polar,light,upfolded,1.35897,5.710059e-02,4.975504e-01
polar,light,upfolded,1.36147,5.792986e-02,5.241609e-01
polar,light,upfolded,1.36397,5.853232e-02,5.529018e-01
polar,light,upfolded,1.36647,5.883824e-02,5.840005e-01
polar,light,upfolded,1.36897,5.877733e-02,6.177149e-01
polar,light,upfolded,1.37146,5.827266e-02,6.543386e-01
polar,light,upfolded,1.37396,5.724373e-02,6.942059e-01
polar,light,upfolded,1.37646,5.562398e-02,7.376996e-01
polar,light,upfolded,1.37896,5.338794e-02,7.852588e-01
polar,light,upfolded,1.38146,5.057681e-02,8.373890e-01
polar,light,upfolded,1.38395,4.730797e-02,8.946741e-01
polar,light,upfolded,1.38645,4.375796e-02,9.577905e-01
polar,light,upfolded,1.38895,4.012319e-02,1.027525e+00
polar,light,upfolded,1.39145,3.657812e-02,1.104795e+00
polar,light,upfolded,1.39395,3.324904e-02,1.190677e+00
polar,light,upfolded,1.39644,3.020871e-02,1.286432e+00
polar,light,upfolded,1.39894,2.748510e-02,1.393551e+00
polar,light,upfolded,1.40144,2.507535e-02,1.513796e+00
polar,light,upfolded,1.40394,2.295866e-02,1.649259e+00
polar,light,upfolded,1.40644,2.110580e-02,1.802428e+00
polar,light,upfolded,1.40893,1.948520e-02,1.976273e+00
polar,light,upfolded,1.41143,1.806633e-02,2.174339e+00
polar,light,upfolded,1.41393,1.682135e-02,2.400865e+00
polar,light,upfolded,1.41643,1.572574e-02,2.660903e+00
polar,light,upfolded,1.41893,1.475832e-02,2.960457e+00
polar,light,upfolded,1.42143,1.390102e-02,3.306601e+00
polar,light,upfolded,1.42392,1.313853e-02,3.707552e+00
polar,light,upfolded,1.42642,1.245787e-02,4.172629e+00
polar,light,upfolded,1.42892,1.184813e-02,4.711968e+00
polar,light,upfolded,1.43142,1.130005e-02,5.335805e+00
polar,light,upfolded,1.43392,1.080581e-02,6.052982e+00
polar,light,upfolded,1.43641,1.035876e-02,6.868255e+00
polar,light,upfolded,1.43891,9.953264e-03,7.777895e+00
polar,light,upfolded,1.44141,9.584489e-03,8.763336e+00
polar,light,upfolded,1.44391,9.248308e-03,9.783604e+00
polar,light,upfolded,1.44641,8.941173e-03,1.076925e+01
polar,light,upfolded,1.44890,8.660030e-03,1.162321e+01
polar,light,upfolded,1.45140,8.402239e-03,1.223505e+01
polar,light,upfolded,1.45390,8.165514e-03,1.250982e+01
polar,light,upfolded,1.45640,7.947872e-03,1.240135e+01
polar,light,upfolded,1.45890,7.747587e-03,1.193073e+01
polar,light,upfolded,1.46139,7.563157e-03,1.117736e+01
polar,light,upfolded,1.46389,7.393270e-03,1.024886e+01
polar,light,upfolded,1.46639,7.236784e-03,9.248985e+00
polar,light,upfolded,1.46889,7.092705e-03,8.257769e+00
polar,light,upfolded,1.47139,6.960168e-03,7.326373e+00
polar,light,upfolded,1.47389,6.838422e-03,6.481203e+00
polar,light,upfolded,1.47638,6.726822e-03,5.731231e+00
polar,light,upfolded,1.47888,6.624815e-03,5.074831e+00
polar,light,upfolded,1.48138,6.531937e-03,4.504822e+00
polar,light,upfolded,1.48388,6.447801e-03,4.011715e+00
polar,light,upfolded,1.48638,6.372098e-03,3.585582e+00
polar,light,upfolded,1.48887,6.304593e-03,3.217029e+00
polar,light,upfolded,1.49137,6.245121e-03,2.897625e+00
polar,light,upfolded,1.49387,6.193588e-03,2.620030e+00
polar,light,upfolded,1.49637,6.149975e-03,2.377967e+00
polar,light,upfolded,1.49887,6.114338e-03,2.166123e+00
polar,light,upfolded,1.50136,6.086814e-03,1.980029e+00
polar,light,upfolded,1.50386,6.067630e-03,1.815933e+00
polar,light,upfolded,1.50636,6.057109e-03,1.670690e+00
polar,light,upfolded,1.50886,6.055684e-03,1.541656e+00
polar,light,upfolded,1.51136,6.063913e-03,1.426612e+00
polar,light,upfolded,1.51386,6.082498e-03,1.323682e+00
polar,light,upfolded,1.51635,6.112306e-03,1.231283e+00
polar,light,upfolded,1.51885,6.154401e-03,1.148071e+00
polar,light,upfolded,1.52135,6.210074e-03,1.072901e+00
polar,light,upfolded,1.52385,6.280879e-03,1.004797e+00
polar,light,upfolded,1.52635,6.368677e-03,9.429194e-01
polar,light,upfolded,1.52884,6.475676e-03,8.865491e-01
polar,light,upfolded,1.53134,6.604460e-03,8.350639e-01
polar,light,upfolded,1.53384,6.758001e-03,7.879252e-01
polar,light,upfolded,1.53634,6.939624e-03,7.446652e-01
polar,light,upfolded,1.53884,7.152881e-03,7.048760e-01
polar,light,upfolded,1.54133,7.401291e-03,6.682010e-01
polar,light,upfolded,1.54383,7.687880e-03,6.343277e-01
polar,light,upfolded,1.54633,8.014481e-03,6.029809e-01
polar,light,upfolded,1.54883,8.380859e-03,5.739181e-01
polar,light,upfolded,1.55133,8.783851e-03,5.469247e-01
polar,light,upfolded,1.55382,9.216893e-03,5.218105e-01
polar,light,upfolded,1.55632,9.670262e-03,4.984063e-01
polar,light,upfolded,1.55882,1.013206e-02,4.765614e-01
polar,light,upfolded,1.56132,1.058966e-02,4.561411e-01
polar,light,upfolded,1.56382,1.103152e-02,4.370249e-01
polar,light,upfolded,1.56632,1.144921e-02,4.191046e-01
polar,light,upfolded,1.56881,1.183923e-02,4.022828e-01
polar,light,upfolded,1.57131,1.220282e-02,3.864719e-01
polar,light,upfolded,1.57381,1.254310e-02,3.715927e-01
polar,light,upfolded,1.57631,1.286085e-02,3.575736e-01
polar,light,upfolded,1.57881,1.315240e-02,3.443497e-01
polar,light,upfolded,1.58130,1.341171e-02,3.318620e-01
polar,light,upfolded,1.58380,1.363526e-02,3.200569e-01
polar,light,upfolded,1.58630,1.382611e-02,3.088856e-01
polar,light,upfolded,1.58880,1.399402e-02,2.983035e-01
polar,light,upfolded,1.59130,1.415116e-02,2.882699e-01
polar,light,upfolded,1.59379,1.430591e-02,2.787475e-01
polar,light,upfolded,1.59629,1.445885e-02,2.697021e-01
polar,light,upfolded,1.59879,1.460341e-02,2.611022e-01
polar,light,upfolded,1.60129,1.473051e-02,2.529191e-01
polar,light,upfolded,1.60379,1.483398e-02,2.451262e-01
polar,light,upfolded,1.60629,1.491375e-02,2.376990e-01
polar,light,upfolded,1.60878,1.497594e-02,2.306148e-01
polar,light,upfolded,1.61128,1.503044e-02,2.238529e-01
polar,light,upfolded,1.61378,1.508747e-02,2.173938e-01
polar,light,upfolded,1.61628,1.515441e-02,2.112197e-01
polar,light,upfolded,1.61878,1.523413e-02,2.053140e-01
polar,light,upfolded,1.62127,1.532524e-02,1.996613e-01
polar,light,upfolded,1.62377,1.542376e-02,1.942472e-01
polar,light,upfolded,1.62627,1.552496e-02,1.890584e-01
polar,light,upfolded,1.62877,1.562470e-02,1.840826e-01
polar,light,upfolded,1.63127,1.572036e-02,1.793081e-01
polar,light,upfolded,1.63376,1.581162e-02,1.747242e-01
polar,light,upfolded,1.63626,1.590080e-02,1.703208e-01
polar,light,upfolded,1.63876,1.599162e-02,1.660885e-01
polar,light,upfolded,1.64126,1.608662e-02,1.620184e-01
polar,light,upfolded,1.64376,1.618498e-02,1.581024e-01
polar,light,upfolded,1.64625,1.628204e-02,1.543326e-01
polar,light,upfolded,1.64875,1.637066e-02,1.507018e-01
polar,light,upfolded,1.65125,1.644374e-02,1.472033e-01
polar,light,upfolded,1.65375,1.649688e-02,1.438306e-01
polar,light,upfolded,1.65625,1.653035e-02,1.405776e-01
polar,light,upfolded,1.65875,1.654902e-02,1.374389e-01
polar,light,upfolded,1.66124,1.655979e-02,1.344089e-01
polar,light,upfolded,1.66374,1.656781e-02,1.314827e-01
polar,light,upfolded,1.66624,1.657383e-02,1.286556e-01
polar,light,upfolded,1.66874,1.657428e-02,1.259231e-01
polar,light,upfolded,1.67124,1.656372e-02,1.232809e-01
polar,light,upfolded,1.67373,1.653821e-02,1.207251e-01
polar,light,upfolded,1.67623,1.649755e-02,1.182520e-01
polar,light,upfolded,1.67873,1.644540e-02,1.158579e-01
polar,light,upfolded,1.68123,1.638712e-02,1.135395e-01
polar,light,upfolded,1.68373,1.632711e-02,1.112936e-01
polar,light,upfolded,1.68622,1.626751e-02,1.091172e-01
polar,light,upfolded,1.68872,1.620885e-02,1.070074e-01
polar,light,upfolded,1.69122,1.615169e-02,1.049614e-01
polar,light,upfolded,1.69372,1.609792e-02,1.029767e-01
polar,light,upfolded,1.69622,1.605107e-02,1.010509e-01
polar,light,upfolded,1.69871,1.601607e-02,9.918158e-02
polar,light,upfolded,1.70121,1.599883e-02,9.736654e-02
polar,light,upfolded,1.70371,1.600544e-02,9.560366e-02
polar,light,upfolded,1.70621,1.604057e-02,9.389096e-02
polar,light,upfolded,1.70871,1.610507e-02,9.222650e-02
polar,light,upfolded,1.71121,1.619386e-02,9.060848e-02
polar,light,upfolded,1.71370,1.629503e-02,8.903516e-02
polar,light,upfolded,1.71620,1.639081e-02,8.750488e-02
polar,light,upfolded,1.71870,1.646023e-02,8.601606e-02
polar,light,upfolded,1.72120,1.648309e-02,8.456719e-02
polar,light,upfolded,1.72370,1.644481e-02,8.315685e-02
polar,light,upfolded,1.72619,1.634051e-02,8.178365e-02
polar,light,upfolded,1.72869,1.617684e-02,8.044627e-02
polar,light,upfolded,1.73119,1.597030e-02,7.914348e-02
polar,light,upfolded,1.73369,1.574292e-02,7.787405e-02
polar,light,upfolded,1.73619,1.551729e-02,7.663685e-02
polar,light,upfolded,1.73868,1.531302e-02,7.543078e-02
polar,light,upfolded,1.74118,1.514529e-02,7.425477e-02
polar,light,upfolded,1.74368,1.502497e-02,7.310784e-02
polar,light,upfolded,1.74618,1.495914e-02,7.198900e-02
polar,light,upfolded,1.74868,1.495123e-02,7.089733e-02
polar,light,upfolded,1.75118,1.500085e-02,6.983195e-02
polar,light,upfolded,1.75367,1.510359e-02,6.879199e-02
polar,light,upfolded,1.75617,1.525113e-02,6.777665e-02
polar,light,upfolded,1.75867,1.543208e-02,6.678515e-02
polar,light,upfolded,1.76117,1.563411e-02,6.581671e-02
polar,light,upfolded,1.76367,1.584690e-02,6.487063e-02
polar,light,upfolded,1.76616,1.606449e-02,6.394621e-02
polar,light,upfolded,1.76866,1.628508e-02,6.304277e-02
polar,light,upfolded,1.77116,1.650828e-02,6.215968e-02
polar,light,upfolded,1.77366,1.673151e-02,6.129632e-02
polar,light,upfolded,1.77616,1.694863e-02,6.045209e-02
polar,light,upfolded,1.77865,1.715191e-02,5.962642e-02
polar,light,upfolded,1.78115,1.733595e-02,5.881876e-02
polar,light,upfolded,1.78365,1.750041e-02,5.802858e-02
polar,light,upfolded,1.78615,1.764945e-02,5.725537e-02
polar,light,upfolded,1.78865,1.778784e-02,5.649863e-02
polar,light,upfolded,1.79114,1.791662e-02,5.575789e-02
polar,light,upfolded,1.79364,1.803176e-02,5.503270e-02
polar,light,upfolded,1.79614,1.812687e-02,5.432261e-02
polar,light,upfolded,1.79864,1.819764e-02,5.362720e-02
polar,light,upfolded,1.80114,1.824464e-02,5.294605e-02
polar,light,upfolded,1.80364,1.827211e-02,5.227878e-02
polar,light,upfolded,1.80613,1.828399e-02,5.162499e-02
polar,light,upfolded,1.80863,1.828029e-02,5.098433e-02
polar,light,upfolded,1.81113,1.825674e-02,5.035642e-02
polar,light,upfolded,1.81363,1.820802e-02,4.974094e-02
polar,light,upfolded,1.81613,1.813150e-02,4.913754e-02
polar,light,upfolded,1.81862,1.802815e-02,4.854591e-02
polar,light,upfolded,1.82112,1.790013e-02,4.796573e-02
polar,light,upfolded,1.82362,1.774761e-02,4.739670e-02
polar,light,upfolded,1.82612,1.756759e-02,4.683854e-02
polar,light,upfolded,1.82862,1.735577e-02,4.629095e-02
polar,light,upfolded,1.83111,1.710901e-02,4.575368e-02
polar,light,upfolded,1.83361,1.682605e-02,4.522645e-02
polar,light,upfolded,1.83611,1.650606e-02,4.470901e-02
polar,light,upfolded,1.83861,1.614707e-02,4.420111e-02
polar,light,upfolded,1.84111,1.574609e-02,4.370252e-02
polar,light,upfolded,1.84361,1.530041e-02,4.321301e-02
polar,light,upfolded,1.84610,1.480865e-02,4.273234e-02
polar,light,upfolded,1.84860,1.427092e-02,4.226030e-02
polar,light,upfolded,1.85110,1.368906e-02,4.179669e-02
polar,light,upfolded,1.85360,1.306735e-02,4.134129e-02
polar,light,upfolded,1.85610,1.241355e-02,4.089391e-02
polar,light,upfolded,1.85859,1.173939e-02,4.045436e-02
polar,light,upfolded,1.86109,1.105995e-02,4.002245e-02
polar,light,upfolded,1.86359,1.039206e-02,3.959800e-02
polar,light,upfolded,1.86609,9.751951e-03,3.918083e-02
polar,light,upfolded,1.86859,9.152777e-03,3.877078e-02
polar,light,upfolded,1.87108,8.603166e-03,3.836768e-02
polar,light,upfolded,1.87358,8.106965e-03,3.797136e-02
polar,light,upfolded,1.87608,7.664045e-03,3.758168e-02
polar,light,upfolded,1.87858,7.271545e-03,3.719848e-02
polar,light,upfolded,1.88108,6.925080e-03,3.682162e-02
polar,light,upfolded,1.88357,6.619663e-03,3.645095e-02
polar,light,upfolded,1.88607,6.350304e-03,3.608633e-02
polar,light,upfolded,1.88857,6.112338e-03,3.572764e-02
polar,light,upfolded,1.89107,5.901583e-03,3.537473e-02
polar,light,upfolded,1.89357,5.714374e-03,3.502748e-02
polar,light,upfolded,1.89607,5.547551e-03,3.468577e-02
polar,light,upfolded,1.89856,5.398411e-03,3.434947e-02
polar,light,upfolded,1.90106,5.264649e-03,3.401847e-02
polar,light,upfolded,1.90356,5.144306e-03,3.369266e-02
polar,light,upfolded,1.90606,5.035714e-03,3.337193e-02
polar,light,upfolded,1.90856,4.937451e-03,3.305615e-02
polar,light,upfolded,1.91105,4.848302e-03,3.274525e-02
polar,light,upfolded,1.91355,4.767227e-03,3.243910e-02
polar,light,upfolded,1.91605,4.693330e-03,3.213761e-02
polar,light,upfolded,1.91855,4.625840e-03,3.184068e-02
polar,light,upfolded,1.92105,4.564087e-03,3.154822e-02
polar,light,upfolded,1.92354,4.507491e-03,3.126014e-02
polar,light,upfolded,1.92604,4.455545e-03,3.097635e-02
polar,light,upfolded,1.92854,4.407806e-03,3.069675e-02
polar,light,upfolded,1.93104,4.363884e-03,3.042127e-02
polar,light,upfolded,1.93354,4.323436e-03,3.014982e-02
polar,light,upfolded,1.93603,4.286159e-03,2.988233e-02
polar,light,upfolded,1.93853,4.251784e-03,2.961870e-02
polar,light,upfolded,1.94103,4.220073e-03,2.935887e-02
polar,light,upfolded,1.94353,4.190812e-03,2.910276e-02
polar,light,upfolded,1.94603,4.163811e-03,2.885031e-02
polar,light,upfolded,1.94853,4.138898e-03,2.860142e-02
polar,light,upfolded,1.95102,4.115921e-03,2.835605e-02
polar,light,upfolded,1.95352,4.094741e-03,2.811411e-02
polar,light,upfolded,1.95602,4.075233e-03,2.787555e-02
polar,light,upfolded,1.95852,4.057284e-03,2.764030e-02
polar,light,upfolded,1.96102,4.040792e-03,2.740829e-02
polar,light,upfolded,1.96351,4.025663e-03,2.717947e-02
polar,light,upfolded,1.96601,4.011813e-03,2.695377e-02
polar,light,upfolded,1.96851,3.999163e-03,2.673115e-02
polar,light,upfolded,1.97101,3.987644e-03,2.651152e-02
polar,light,upfolded,1.97351,3.977191e-03,2.629486e-02
polar,light,upfolded,1.97600,3.967743e-03,2.608109e-02
polar,light,upfolded,1.97850,3.959247e-03,2.587017e-02
polar,light,upfolded,1.98100,3.951653e-03,2.566204e-02
polar,light,upfolded,1.98350,3.944914e-03,2.545666e-02
polar,light,upfolded,1.98600,3.938987e-03,2.525396e-02
polar,light,upfolded,1.98850,3.933834e-03,2.505392e-02
polar,light,upfolded,1.99099,3.929417e-03,2.485647e-02
polar,light,upfolded,1.99349,3.925703e-03,2.466157e-02
polar,light,upfolded,1.99599,3.922661e-03,2.446918e-02
polar,light,upfolded,1.99849,3.920262e-03,2.427925e-02
polar,light,upfolded,2.00099,3.918478e-03,2.409174e-02
polar,light,upfolded,2.00348,3.917285e-03,2.390660e-02
polar,light,upfolded,2.00598,3.916659e-03,2.372380e-02
polar,light,upfolded,2.00848,3.916579e-03,2.354329e-02
polar,light,upfolded,2.01098,3.917024e-03,2.336504e-02
polar,light,upfolded,2.01348,3.917975e-03,2.318900e-02
polar,light,upfolded,2.01597,3.919414e-03,2.301514e-02
polar,light,upfolded,2.01847,3.921326e-03,2.284343e-02
polar,light,upfolded,2.02097,3.923694e-03,2.267381e-02
polar,light,upfolded,2.02347,3.926504e-03,2.250627e-02
polar,light,upfolded,2.02597,3.929743e-03,2.234076e-02
polar,light,upfolded,2.02846,3.933398e-03,2.217725e-02
polar,light,upfolded,2.03096,3.937456e-03,2.201571e-02
polar,light,upfolded,2.03346,3.941907e-03,2.185610e-02
polar,light,upfolded,2.03596,3.946740e-03,2.169839e-02
polar,light,upfolded,2.03846,3.951946e-03,2.154256e-02
polar,light,upfolded,2.04096,3.957514e-03,2.138857e-02
polar,light,upfolded,2.04345,3.963437e-03,2.123639e-02
polar,light,upfolded,2.04595,3.969707e-03,2.108598e-02
polar,light,upfolded,2.04845,3.976314e-03,2.093734e-02
polar,light,upfolded,2.05095,3.983253e-03,2.079041e-02
polar,light,upfolded,2.05345,3.990517e-03,2.064519e-02
polar,light,upfolded,2.05594,3.998099e-03,2.050163e-02
polar,light,upfolded,2.05844,4.005992e-03,2.035972e-02
polar,light,upfolded,2.06094,4.014193e-03,2.021942e-02
polar,light,upfolded,2.06344,4.022694e-03,2.008072e-02
polar,light,upfolded,2.06594,4.031492e-03,1.994359e-02
polar,light,upfolded,2.06843,4.040581e-03,1.980799e-02
polar,light,upfolded,2.07093,4.049958e-03,1.967392e-02
polar,light,upfolded,2.07343,4.059617e-03,1.954134e-02
polar,light,upfolded,2.07593,4.069556e-03,1.941023e-02
polar,light,upfolded,2.07843,4.079770e-03,1.928058e-02
polar,light,upfolded,2.08092,4.090256e-03,1.915235e-02
polar,light,upfolded,2.08342,4.101011e-03,1.902552e-02
polar,light,upfolded,2.08592,4.112032e-03,1.890008e-02
polar,light,upfolded,2.08842,4.123317e-03,1.877601e-02
polar,light,upfolded,2.09092,4.134861e-03,1.865328e-02
polar,light,upfolded,2.09342,4.146665e-03,1.853187e-02
polar,light,upfolded,2.09591,4.158724e-03,1.841177e-02
polar,light,upfolded,2.09841,4.171036e-03,1.829294e-02
polar,light,upfolded,2.10091,4.183601e-03,1.817539e-02
polar,light,upfolded,2.10341,4.196416e-03,1.805908e-02
polar,light,upfolded,2.10591,4.209480e-03,1.794400e-02
polar,light,upfolded,2.10840,4.222790e-03,1.783013e-02
polar,light,upfolded,2.11090,4.236346e-03,1.771745e-02
polar,light,upfolded,2.11340,4.250147e-03,1.760595e-02
polar,light,upfolded,2.11590,4.264190e-03,1.749560e-02
polar,light,upfolded,2.11840,4.278476e-03,1.738640e-02
polar,light,upfolded,2.12089,4.293003e-03,1.727833e-02
polar,light,upfolded,2.12339,4.307771e-03,1.717136e-02
polar,light,upfolded,2.12589,4.322779e-03,1.706548e-02
polar,light,upfolded,2.12839,4.338026e-03,1.696069e-02
polar,light,upfolded,2.13089,4.353511e-03,1.685696e-02
polar,light,upfolded,2.13339,4.369235e-03,1.675427e-02
polar,light,upfolded,2.13588,4.385198e-03,1.665262e-02
polar,light,upfolded,2.13838,4.401397e-03,1.655199e-02
polar,light,upfolded,2.14088,4.417835e-03,1.645236e-02
polar,light,upfolded,2.14338,4.434510e-03,1.635373e-02
polar,light,upfolded,2.14588,4.451422e-03,1.625607e-02
polar,light,upfolded,2.14837,4.468573e-03,1.615937e-02
polar,light,upfolded,2.15087,4.485961e-03,1.606363e-02
polar,light,upfolded,2.15337,4.503587e-03,1.596882e-02
polar,light,upfolded,2.15587,4.521452e-03,1.587494e-02
polar,light,upfolded,2.15837,4.539555e-03,1.578197e-02
polar,light,upfolded,2.16086,4.557898e-03,1.568990e-02
polar,light,upfolded,2.16336,4.576480e-03,1.559872e-02
polar,light,upfolded,2.16586,4.595303e-03,1.550842e-02
polar,light,upfolded,2.16836,4.614366e-03,1.541898e-02
polar,light,upfolded,2.17086,4.633672e-03,1.533039e-02
polar,light,upfolded,2.17335,4.653219e-03,1.524265e-02
polar,light,upfolded,2.17585,4.673010e-03,1.515573e-02
polar,light,upfolded,2.17835,4.693045e-03,1.506964e-02
polar,light,upfolded,2.18085,4.713325e-03,1.498435e-02
polar,light,upfolded,2.18335,4.733851e-03,1.489987e-02
polar,light,upfolded,2.18585,4.754624e-03,1.481617e-02
polar,light,upfolded,2.18834,4.775646e-03,1.473325e-02
polar,light,upfolded,2.19084,4.796916e-03,1.465110e-02
polar,light,upfolded,2.19334,4.818437e-03,1.456970e-02
polar,light,upfolded,2.19584,4.840211e-03,1.448906e-02
polar,light,upfolded,2.19834,4.862237e-03,1.440915e-02
polar,light,upfolded,2.20083,4.884518e-03,1.432997e-02
polar,light,upfolded,2.20333,4.907054e-03,1.425151e-02
polar,light,upfolded,2.20583,4.929849e-03,1.417377e-02
polar,light,upfolded,2.20833,4.952902e-03,1.409672e-02
polar,light,upfolded,2.21083,4.976216e-03,1.402037e-02
polar,light,upfolded,2.21332,4.999792e-03,1.394470e-02
polar,light,upfolded,2.21582,5.023632e-03,1.386971e-02
polar,light,upfolded,2.21832,5.047737e-03,1.379539e-02
polar,light,upfolded,2.22082,5.072110e-03,1.372172e-02
polar,light,upfolded,2.22332,5.096752e-03,1.364871e-02
polar,light,upfolded,2.22582,5.121666e-03,1.357634e-02
polar,light,upfolded,2.22831,5.146852e-03,1.350461e-02
polar,light,upfolded,2.23081,5.172313e-03,1.343350e-02
polar,light,upfolded,2.23331,5.198052e-03,1.336302e-02
polar,light,upfolded,2.23581,5.224070e-03,1.329314e-02
polar,light,upfolded,2.23831,5.250369e-03,1.322387e-02
polar,light,upfolded,2.24080,5.276951e-03,1.315520e-02
polar,light,upfolded,2.24330,5.303820e-03,1.308712e-02
polar,light,upfolded,2.24580,5.330976e-03,1.301963e-02
polar,light,upfolded,2.24830,5.358422e-03,1.295271e-02
polar,light,upfolded,2.25080,5.386162e-03,1.288636e-02
polar,light,upfolded,2.25329,5.414197e-03,1.282057e-02
polar,light,upfolded,2.25579,5.442529e-03,1.275534e-02
polar,light,upfolded,2.25829,5.471162e-03,1.269066e-02
polar,light,upfolded,2.26079,5.500097e-03,1.262652e-02
polar,light,upfolded,2.26329,5.529338e-03,1.256292e-02
polar,light,upfolded,2.26578,5.558887e-03,1.249985e-02
polar,light,upfolded,2.26828,5.588747e-03,1.243731e-02
polar,light,upfolded,2.27078,5.618921e-03,1.237528e-02
polar,light,upfolded,2.27328,5.649412e-03,1.231376e-02
polar,light,upfolded,2.27578,5.680222e-03,1.225276e-02
polar,light,upfolded,2.27828,5.711355e-03,1.219225e-02
polar,light,upfolded,2.28077,5.742813e-03,1.213224e-02
polar,light,upfolded,2.28327,5.774600e-03,1.207272e-02
polar,light,upfolded,2.28577,5.806719e-03,1.201368e-02
polar,light,upfolded,2.28827,5.839173e-03,1.195512e-02
polar,light,upfolded,2.29077,5.871965e-03,1.189703e-02
polar,light,upfolded,2.29326,5.905099e-03,1.183941e-02
polar,light,upfolded,2.29576,5.938578e-03,1.178225e-02
polar,light,upfolded,2.29826,5.972405e-03,1.172555e-02
polar,light,upfolded,2.30076,6.006584e-03,1.166931e-02
polar,light,upfolded,2.30326,6.041119e-03,1.161351e-02
polar,light,upfolded,2.30575,6.076013e-03,1.155815e-02
polar,light,upfolded,2.30825,6.111270e-03,1.150323e-02
polar,light,upfolded,2.31075,6.146893e-03,1.144874e-02
polar,light,upfolded,2.31325,6.182887e-03,1.139468e-02
polar,light,upfolded,2.31575,6.219255e-03,1.134104e-02
polar,light,upfolded,2.31824,6.256002e-03,1.128782e-02
polar,light,upfolded,2.32074,6.293131e-03,1.123502e-02
polar,light,upfolded,2.32324,6.330646e-03,1.118262e-02
polar,light,upfolded,2.32574,6.368552e-03,1.113063e-02
polar,light,upfolded,2.32824,6.406852e-03,1.107904e-02
polar,light,upfolded,2.33074,6.445552e-03,1.102784e-02
polar,light,upfolded,2.33323,6.484655e-03,1.097704e-02
polar,light,upfolded,2.33573,6.524167e-03,1.092663e-02
polar,light,upfolded,2.33823,6.564090e-03,1.087660e-02
polar,light,upfolded,2.34073,6.604431e-03,1.082695e-02
polar,light,upfolded,2.34323,6.645194e-03,1.077767e-02
polar,light,upfolded,2.34572,6.686383e-03,1.072877e-02
polar,light,upfolded,2.34822,6.728004e-03,1.068023e-02
polar,light,upfolded,2.35072,6.770061e-03,1.063206e-02
polar,light,upfolded,2.35322,6.812559e-03,1.058425e-02
polar,light,upfolded,2.35572,6.855504e-03,1.053679e-02
polar,light,upfolded,2.35821,6.898900e-03,1.048969e-02
polar,light,upfolded,2.36071,6.942753e-03,1.044293e-02
polar,light,upfolded,2.36321,6.987069e-03,1.039653e-02
polar,light,upfolded,2.36571,7.031852e-03,1.035046e-02
polar,light,upfolded,2.36821,7.077109e-03,1.030473e-02
polar,light,upfolded,2.37071,7.122844e-03,1.025934e-02
polar,light,upfolded,2.37320,7.169064e-03,1.021427e-02
polar,light,upfolded,2.37570,7.215774e-03,1.016954e-02
polar,light,upfolded,2.37820,7.262981e-03,1.012513e-02
polar,light,upfolded,2.38070,7.310690e-03,1.008104e-02
polar,light,upfolded,2.38320,7.358907e-03,1.003727e-02
polar,light,upfolded,2.38569,7.407640e-03,9.993814e-03
polar,light,upfolded,2.38819,7.456893e-03,9.950670e-03
polar,light,upfolded,2.39069,7.506674e-03,9.907835e-03
polar,light,upfolded,2.39319,7.556988e-03,9.865305e-03
polar,light,upfolded,2.39569,7.607844e-03,9.823078e-03
polar,light,upfolded,2.39818,7.659247e-03,9.781150e-03
polar,light,upfolded,2.40068,7.711204e-03,9.739519e-03
polar,light,upfolded,2.40318,7.763723e-03,9.698181e-03
polar,light,upfolded,2.40568,7.816810e-03,9.657134e-03
polar,light,upfolded,2.40818,7.870473e-03,9.616375e-03
polar,light,upfolded,2.41067,7.924719e-03,9.575901e-03
polar,light,upfolded,2.41317,7.979556e-03,9.535709e-03
polar,light,upfolded,2.41567,8.034991e-03,9.495797e-03
polar,light,upfolded,2.41817,8.091032e-03,9.456161e-03
polar,light,upfolded,2.42067,8.147686e-03,9.416799e-03
polar,light,upfolded,2.42317,8.204963e-03,9.377709e-03
polar,light,upfolded,2.42566,8.262870e-03,9.338888e-03
polar,light,upfolded,2.42816,8.321415e-03,9.300332e-03
polar,light,upfolded,2.43066,8.380608e-03,9.262041e-03
polar,light,upfolded,2.43316,8.440455e-03,9.224010e-03
polar,light,upfolded,2.43566,8.500967e-03,9.186239e-03
polar,light,upfolded,2.43815,8.562153e-03,9.148723e-03
polar,light,upfolded,2.44065,8.624020e-03,9.111461e-03
polar,light,upfolded,2.44315,8.686579e-03,9.074451e-03
polar,light,upfolded,2.44565,8.749839e-03,9.037689e-03
polar,light,upfolded,2.44815,8.813809e-03,9.001174e-03
polar,light,upfolded,2.45064,8.878499e-03,8.964904e-03
polar,light,upfolded,2.45314,8.943920e-03,8.928875e-03
polar,light,upfolded,2.45564,9.010080e-03,8.893086e-03
polar,light,upfolded,2.45814,9.076991e-03,8.857535e-03
polar,light,upfolded,2.46064,9.144663e-03,8.822219e-03
polar,light,upfolded,2.46313,9.213107e-03,8.787136e-03
polar,light,upfolded,2.46563,9.282332e-03,8.752285e-03
polar,light,upfolded,2.46813,9.352352e-03,8.717662e-03
polar,light,upfolded,2.47063,9.423175e-03,8.683266e-03
polar,light,upfolded,2.47313,9.494815e-03,8.649094e-03
polar,light,upfolded,2.47563,9.567282e-03,8.615145e-03
polar,light,upfolded,2.47812,9.640589e-03,8.581417e-03
polar,light,upfolded,2.48062,9.714748e-03,8.547908e-03
polar,light,upfolded,2.48312,9.789770e-03,8.514614e-03
polar,light,upfolded,2.48562,9.865669e-03,8.481536e-03
polar,light,upfolded,2.48812,9.942457e-03,8.448670e-03
polar,light,upfolded,2.49061,1.002015e-02,8.416016e-03
polar,light,upfolded,2.49311,1.009875e-02,8.383570e-03
polar,light,upfolded,2.49561,1.017829e-02,8.351331e-03
polar,light,upfolded,2.49811,1.025876e-02,8.319297e-03
polar,light,upfolded,2.50061,1.034020e-02,8.287466e-03
polar,light,upfolded,2.50310,1.042260e-02,8.255837e-03
polar,light,upfolded,2.50560,1.050599e-02,8.224408e-03
polar,light,upfolded,2.50810,1.059038e-02,8.193177e-03
polar,light,upfolded,2.51060,1.067579e-02,8.162142e-03
polar,light,upfolded,2.51310,1.076222e-02,8.131302e-03
polar,light,upfolded,2.51560,1.084971e-02,8.100654e-03
polar,light,upfolded,2.51809,1.093825e-02,8.070197e-03
polar,light,upfolded,2.52059,1.102787e-02,8.039930e-03
polar,light,upfolded,2.52309,1.111859e-02,8.009851e-03
polar,light,upfolded,2.52559,1.121043e-02,7.979958e-03
polar,light,upfolded,2.52809,1.130339e-02,7.950249e-03
polar,light,upfolded,2.53058,1.139749e-02,7.920724e-03
polar,light,upfolded,2.53308,1.149277e-02,7.891379e-03
polar,light,upfolded,2.53558,1.158922e-02,7.862215e-03
polar,light,upfolded,2.53808,1.168688e-02,7.833229e-03
polar,light,upfolded,2.54058,1.178576e-02,7.804419e-03
polar,light,upfolded,2.54307,1.188588e-02,7.775785e-03
polar,light,upfolded,2.54557,1.198726e-02,7.747324e-03
polar,light,upfolded,2.54807,1.208993e-02,7.719036e-03
polar,light,upfolded,2.55057,1.219389e-02,7.690919e-03
polar,light,upfolded,2.55307,1.229917e-02,7.662970e-03
polar,light,upfolded,2.55556,1.240580e-02,7.635190e-03
polar,light,upfolded,2.55806,1.251380e-02,7.607576e-03
polar,light,upfolded,2.56056,1.262318e-02,7.580128e-03
polar,light,upfolded,2.56306,1.273397e-02,7.552843e-03
polar,light,upfolded,2.56556,1.284620e-02,7.525720e-03
polar,light,upfolded,2.56806,1.295989e-02,7.498759e-03
polar,light,upfolded,2.57055,1.307506e-02,7.471957e-03
polar,light,upfolded,2.57305,1.319173e-02,7.445313e-03
polar,light,upfolded,2.57555,1.330994e-02,7.418827e-03
polar,light,upfolded,2.57805,1.342971e-02,7.392496e-03
polar,light,upfolded,2.58055,1.355106e-02,7.366319e-03
polar,light,upfolded,2.58304,1.367403e-02,7.340296e-03
polar,light,upfolded,2.58554,1.379863e-02,7.314425e-03
polar,light,upfolded,2.58804,1.392490e-02,7.288704e-03
polar,light,upfolded,2.59054,1.405287e-02,7.263133e-03
polar,light,upfolded,2.59304,1.418256e-02,7.237709e-03
polar,light,upfolded,2.59553,1.431401e-02,7.212433e-03
polar,light,upfolded,2.59803,1.444725e-02,7.187303e-03
polar,light,upfolded,2.60053,1.458230e-02,7.162317e-03
polar,light,upfolded,2.60303,1.471920e-02,7.137475e-03
polar,light,upfolded,2.60553,1.485799e-02,7.112775e-03
polar,light,upfolded,2.60803,1.499869e-02,7.088217e-03
polar,light,upfolded,2.61052,1.514135e-02,7.063798e-03
polar,light,upfolded,2.61302,1.528598e-02,7.039518e-03
polar,light,upfolded,2.61552,1.543264e-02,7.015376e-03
polar,light,upfolded,2.61802,1.558136e-02,6.991371e-03
polar,light,upfolded,2.62052,1.573217e-02,6.967502e-03
polar,light,upfolded,2.62301,1.588512e-02,6.943767e-03
polar,light,upfolded,2.62551,1.604024e-02,6.920165e-03
polar,light,upfolded,2.62801,1.619757e-02,6.896696e-03
polar,light,upfolded,2.63051,1.635715e-02,6.873358e-03
polar,light,upfolded,2.63301,1.651903e-02,6.850151e-03
polar,light,upfolded,2.63550,1.668325e-02,6.827073e-03
polar,light,upfolded,2.63800,1.684985e-02,6.804123e-03
polar,light,upfolded,2.64050,1.701888e-02,6.781300e-03
polar,light,upfolded,2.64300,1.719038e-02,6.758604e-03
polar,light,upfolded,2.64550,1.736441e-02,6.736034e-03
polar,light,upfolded,2.64799,1.754100e-02,6.713587e-03
polar,light,upfolded,2.65049,1.772021e-02,6.691264e-03
polar,light,upfolded,2.65299,1.790209e-02,6.669064e-03
polar,light,upfolded,2.65549,1.808669e-02,6.646985e-03
polar,light,upfolded,2.65799,1.827406e-02,6.625026e-03
polar,light,upfolded,2.66049,1.846427e-02,6.603188e-03
polar,light,upfolded,2.66298,1.865735e-02,6.581467e-03
polar,light,upfolded,2.66548,1.885338e-02,6.559865e-03
polar,light,upfolded,2.66798,1.905241e-02,6.538380e-03
polar,light,upfolded,2.67048,1.925449e-02,6.517011e-03
polar,light,upfolded,2.67298,1.945970e-02,6.495757e-03
polar,light,upfolded,2.67547,1.966809e-02,6.474617e-03
polar,light,upfolded,2.67797,1.987973e-02,6.453591e-03
polar,light,upfolded,2.68047,2.009469e-02,6.432677e-03
polar,light,upfolded,2.68297,2.031302e-02,6.411875e-03
polar,light,upfolded,2.68547,2.053481e-02,6.391184e-03
polar,light,upfolded,2.68796,2.076013e-02,6.370603e-03
polar,light,upfolded,2.69046,2.098904e-02,6.350131e-03
polar,light,upfolded,2.69296,2.122162e-02,6.329768e-03
polar,light,upfolded,2.69546,2.145796e-02,6.309512e-03
polar,light,upfolded,2.69796,2.169812e-02,6.289363e-03
polar,light,upfolded,2.70045,2.194219e-02,6.269321e-03
polar,light,upfolded,2.70295,2.219026e-02,6.249383e-03
polar,light,upfolded,2.70545,2.244241e-02,6.229550e-03
polar,light,upfolded,2.70795,2.269872e-02,6.209820e-03
polar,light,upfolded,2.71045,2.295929e-02,6.190194e-03
polar,light,upfolded,2.71295,2.322422e-02,6.170670e-03
polar,light,upfolded,2.71544,2.349359e-02,6.151247e-03
polar,light,upfolded,2.71794,2.376750e-02,6.131925e-03
polar,light,upfolded,2.72044,2.404606e-02,6.112702e-03
polar,light,upfolded,2.72294,2.432937e-02,6.093579e-03
polar,light,upfolded,2.72544,2.461753e-02,6.074555e-03
polar,light,upfolded,2.72793,2.491066e-02,6.055628e-03
polar,light,upfolded,2.73043,2.520886e-02,6.036799e-03
polar,light,upfolded,2.73293,2.551226e-02,6.018066e-03
polar,light,upfolded,2.73543,2.582097e-02,5.999428e-03
polar,light,upfolded,2.73793,2.613511e-02,5.980886e-03
polar,light,upfolded,2.74042,2.645482e-02,5.962438e-03
polar,light,upfolded,2.74292,2.678021e-02,5.944083e-03
polar,light,upfolded,2.74542,2.711142e-02,5.925822e-03
polar,light,upfolded,2.74792,2.744860e-02,5.907653e-03
polar,light,upfolded,2.75042,2.779188e-02,5.889576e-03
polar,light,upfolded,2.75292,2.814140e-02,5.871589e-03
polar,light,upfolded,2.75541,2.849732e-02,5.853693e-03
polar,light,upfolded,2.75791,2.885980e-02,5.835887e-03
polar,light,upfolded,2.76041,2.922898e-02,5.818170e-03
polar,light,upfolded,2.76291,2.960504e-02,5.800542e-03
polar,light,upfolded,2.76541,2.998814e-02,5.783001e-03
polar,light,upfolded,2.76790,3.037846e-02,5.765547e-03
polar,light,upfolded,2.77040,3.077617e-02,5.748181e-03
polar,light,upfolded,2.77290,3.118147e-02,5.730900e-03
polar,light,upfolded,2.77540,3.159454e-02,5.713705e-03
polar,light,upfolded,2.77790,3.201557e-02,5.696594e-03
polar,light,upfolded,2.78039,3.244478e-02,5.679568e-03
polar,light,upfolded,2.78289,3.288238e-02,5.662625e-03
polar,light,upfolded,2.78539,3.332857e-02,5.645766e-03
polar,light,upfolded,2.78789,3.378358e-02,5.628989e-03
polar,light,upfolded,2.79039,3.424764e-02,5.612294e-03
polar,light,upfolded,2.79288,3.472100e-02,5.595680e-03
polar,light,upfolded,2.79538,3.520389e-02,5.579148e-03
polar,light,upfolded,2.79788,3.569657e-02,5.562695e-03
polar,light,upfolded,2.80038,3.619931e-02,5.546322e-03
polar,light,upfolded,2.80288,3.671236e-02,5.530029e-03
polar,light,upfolded,2.80538,3.723603e-02,5.513814e-03
polar,light,upfolded,2.80787,3.777059e-02,5.497677e-03
polar,light,upfolded,2.81037,3.831634e-02,5.481618e-03
polar,light,upfolded,2.81287,3.887360e-02,5.465636e-03
polar,light,upfolded,2.81537,3.944269e-02,5.449731e-03
polar,light,upfolded,2.81787,4.002393e-02,5.433901e-03
polar,light,upfolded,2.82036,4.061768e-02,5.418147e-03
polar,light,upfolded,2.82286,4.122429e-02,5.402468e-03
polar,light,upfolded,2.82536,4.184413e-02,5.386864e-03
polar,light,upfolded,2.82786,4.247757e-02,5.371333e-03
polar,light,upfolded,2.83036,4.312503e-02,5.355876e-03
polar,light,upfolded,2.83285,4.378690e-02,5.340493e-03
polar,light,upfolded,2.83535,4.446362e-02,5.325181e-03
polar,light,upfolded,2.83785,4.515562e-02,5.309942e-03
polar,light,upfolded,2.84035,4.586337e-02,5.294774e-03
polar,light,upfolded,2.84285,4.658734e-02,5.279678e-03
polar,light,upfolded,2.84534,4.732801e-02,5.264652e-03
polar,light,upfolded,2.84784,4.808591e-02,5.249696e-03
polar,light,upfolded,2.85034,4.886157e-02,5.234810e-03
polar,light,upfolded,2.85284,4.965553e-02,5.219994e-03
polar,light,upfolded,2.85534,5.046837e-02,5.205246e-03
polar,light,upfolded,2.85784,5.130069e-02,5.190566e-03
polar,light,upfolded,2.86033,5.215311e-02,5.175955e-03
polar,light,upfolded,2.86283,5.302627e-02,5.161411e-03
polar,light,upfolded,2.86533,5.392084e-02,5.146934e-03
polar,light,upfolded,2.86783,5.483753e-02,5.132523e-03
polar,light,upfolded,2.87033,5.577704e-02,5.118179e-03
polar,light,upfolded,2.87282,5.674015e-02,5.103900e-03
polar,light,upfolded,2.87532,5.772765e-02,5.089687e-03
polar,light,upfolded,2.87782,5.874034e-02,5.075539e-03
polar,light,upfolded,2.88032,5.977908e-02,5.061455e-03
polar,light,upfolded,2.88282,6.084478e-02,5.047435e-03
polar,light,upfolded,2.88531,6.193835e-02,5.033479e-03
polar,light,upfolded,2.88781,6.306077e-02,5.019587e-03
polar,light,upfolded,2.89031,6.421305e-02,5.005757e-03
polar,light,upfolded,2.89281,6.539624e-02,4.991989e-03
polar,light,upfolded,2.89531,6.661146e-02,4.978284e-03
polar,light,upfolded,2.89781,6.785985e-02,4.964640e-03
polar,light,upfolded,2.90030,6.914263e-02,4.951057e-03
polar,light,upfolded,2.90280,7.046104e-02,4.937536e-03
polar,light,upfolded,2.90530,7.181641e-02,4.924075e-03
polar,light,upfolded,2.90780,7.321012e-02,4.910674e-03
polar,light,upfolded,2.91030,7.464362e-02,4.897333e-03
polar,light,upfolded,2.91279,7.611842e-02,4.884051e-03
polar,light,upfolded,2.91529,7.763610e-02,4.870828e-03
polar,light,upfolded,2.91779,7.919832e-02,4.857664e-03
polar,light,upfolded,2.92029,8.080683e-02,4.844558e-03
polar,light,upfolded,2.92279,8.246346e-02,4.831510e-03
polar,light,upfolded,2.92528,8.417012e-02,4.818520e-03
polar,light,upfolded,2.92778,8.592884e-02,4.805586e-03
polar,light,upfolded,2.93028,8.774172e-02,4.792710e-03
polar,light,upfolded,2.93278,8.961099e-02,4.779890e-03
polar,light,upfolded,2.93528,9.153900e-02,4.767126e-03
polar,light,upfolded,2.93777,9.352820e-02,4.754418e-03
polar,light,upfolded,2.94027,9.558119e-02,4.741766e-03
polar,light,upfolded,2.94277,9.770070e-02,4.729168e-03
polar,light,upfolded,2.94527,9.988961e-02,4.716625e-03
polar,light,upfolded,2.94777,1.021509e-01,4.704137e-03
polar,light,upfolded,2.95027,1.044879e-01,4.691703e-03
polar,light,upfolded,2.95276,1.069039e-01,4.679323e-03
polar,light,upfolded,2.95526,1.094024e-01,4.666996e-03
polar,light,upfolded,2.95776,1.119873e-01,4.654722e-03
polar,light,upfolded,2.96026,1.146625e-01,4.642501e-03
polar,light,upfolded,2.96276,1.174322e-01,4.630333e-03
polar,light,upfolded,2.96525,1.203010e-01,4.618216e-03
polar,light,upfolded,2.96775,1.232735e-01,4.606152e-03
polar,light,upfolded,2.97025,1.263548e-01,4.594139e-03
polar,light,upfolded,2.97275,1.295501e-01,4.582177e-03
polar,light,upfolded,2.97525,1.328652e-01,4.570266e-03
polar,light,upfolded,2.97774,1.363060e-01,4.558406e-03
polar,light,upfolded,2.98024,1.398789e-01,4.546596e-03
polar,light,upfolded,2.98274,1.435907e-01,4.534837e-03
polar,light,upfolded,2.98524,1.474486e-01,4.523127e-03
polar,light,upfolded,2.98774,1.514604e-01,4.511466e-03
polar,light,upfolded,2.99024,1.556341e-01,4.499854e-03
polar,light,upfolded,2.99273,1.599786e-01,4.488292e-03
polar,light,upfolded,2.99523,1.645033e-01,4.476778e-03
polar,light,upfolded,2.99773,1.692181e-01,4.465312e-03
polar,light,upfolded,3.00023,1.741337e-01,4.453894e-03
polar,light,upfolded,3.00273,1.792616e-01,4.442524e-03
polar,light,upfolded,3.00522,1.846140e-01,4.431201e-03
polar,light,upfolded,3.00772,1.902042e-01,4.419925e-03
polar,light,upfolded,3.01022,1.960463e-01,4.408696e-03
polar,light,upfolded,3.01272,2.021555e-01,4.397514e-03
polar,light,upfolded,3.01522,2.085481e-01,4.386378e-03
polar,light,upfolded,3.01771,2.152419e-01,4.375289e-03
polar,light,upfolded,3.02021,2.222558e-01,4.364245e-03
polar,light,upfolded,3.02271,2.296102e-01,4.353246e-03
polar,light,upfolded,3.02521,2.373275e-01,4.342293e-03
polar,light,upfolded,3.02771,2.454317e-01,4.331385e-03
polar,light,upfolded,3.03020,2.539486e-01,4.320521e-03
polar,light,upfolded,3.03270,2.629066e-01,4.309702e-03
polar,light,upfolded,3.03520,2.723362e-01,4.298927e-03
polar,light,upfolded,3.03770,2.822709e-01,4.288196e-03
polar,light,upfolded,3.04020,2.927468e-01,4.277509e-03
polar,light,upfolded,3.04270,3.038036e-01,4.266866e-03
polar,light,upfolded,3.04519,3.154844e-01,4.256265e-03
polar,light,upfolded,3.04769,3.278367e-01,4.245708e-03
polar,light,upfolded,3.05019,3.409120e-01,4.235193e-03
polar,light,upfolded,3.05269,3.547674e-01,4.224720e-03
polar,light,upfolded,3.05519,3.694652e-01,4.214290e-03
polar,light,upfolded,3.05768,3.850742e-01,4.203902e-03
polar,light,upfolded,3.06018,4.016703e-01,4.193556e-03
polar,light,upfolded,3.06268,4.193373e-01,4.183251e-03
polar,light,upfolded,3.06518,4.381678e-01,4.172988e-03
polar,light,upfolded,3.06768,4.582649e-01,4.162765e-03
polar,light,upfolded,3.07017,4.797429e-01,4.152584e-03
polar,light,upfolded,3.07267,5.027291e-01,4.142443e-03
polar,light,upfolded,3.07517,5.273657e-01,4.132342e-03
polar,light,upfolded,3.07767,5.538117e-01,4.122282e-03
polar,light,upfolded,3.08017,5.822454e-01,4.112261e-03
polar,light,upfolded,3.08266,6.128673e-01,4.102280e-03
polar,light,upfolded,3.08516,6.459032e-01,4.092339e-03
polar,light,upfolded,3.08766,6.816081e-01,4.082437e-03
polar,light,upfolded,3.09016,7.202711e-01,4.072574e-03
polar,light,upfolded,3.09266,7.622205e-01,4.062749e-03
polar,light,upfolded,3.09516,8.078302e-01,4.052964e-03
polar,light,upfolded,3.09765,8.575274e-01,4.043217e-03
polar,light,upfolded,3.10015,9.118019e-01,4.033507e-03
polar,light,upfolded,3.10265,9.712165e-01,4.023836e-03
polar,light,upfolded,3.10515,1.036421e+00,4.014203e-03
polar,light,upfolded,3.10765,1.108166e+00,4.004607e-03
polar,light,upfolded,3.11014,1.187325e+00,3.995049e-03
polar,light,upfolded,3.11264,1.274915e+00,3.985528e-03
polar,light,upfolded,3.11514,1.372124e+00,3.976043e-03
polar,light,upfolded,3.11764,1.480349e+00,3.966596e-03
polar,light,upfolded,3.12014,1.601233e+00,3.957185e-03
polar,light,upfolded,3.12263,1.736717e+00,3.947810e-03
polar,light,upfolded,3.12513,1.889103e+00,3.938472e-03
polar,light,upfolded,3.12763,2.061127e+00,3.929169e-03
polar,light,upfolded,3.13013,2.256047e+00,3.919902e-03
polar,light,upfolded,3.13263,2.477755e+00,3.910671e-03
polar,light,upfolded,3.13513,2.730894e+00,3.901475e-03
polar,light,upfolded,3.13762,3.021007e+00,3.892314e-03
polar,light,upfolded,3.14012,3.354679e+00,3.883189e-03
polar,light,upfolded,3.14262,3.739688e+00,3.874098e-03
polar,light,upfolded,3.14512,4.185100e+00,3.865042e-03
polar,light,upfolded,3.14762,4.701266e+00,3.856020e-03
polar,light,upfolded,3.15011,5.299587e+00,3.847032e-03
polar,light,upfolded,3.15261,5.991845e+00,3.838079e-03
polar,light,upfolded,3.15511,6.788766e+00,3.829159e-03
polar,light,upfolded,3.15761,7.697357e+00,3.820273e-03
polar,light,upfolded,3.16011,8.716422e+00,3.811421e-03
polar,light,upfolded,3.16260,9.829871e+00,3.802602e-03
polar,light,upfolded,3.16510,1.099822e+01,3.793816e-03
polar,light,upfolded,3.16760,1.215065e+01,3.785063e-03
polar,light,upfolded,3.17010,1.318314e+01,3.776343e-03
polar,light,upfolded,3.17260,1.397004e+01,3.767656e-03
polar,light,upfolded,3.17509,1.439330e+01,3.759001e-03
polar,light,upfolded,3.17759,1.438135e+01,3.750378e-03
polar,light,upfolded,3.18009,1.393732e+01,3.741788e-03
polar,light,upfolded,3.18259,1.313756e+01,3.733230e-03
polar,light,upfolded,3.18509,1.210172e+01,3.724703e-03
polar,light,upfolded,3.18759,1.095404e+01,3.716208e-03
polar,light,upfolded,3.19008,9.795719e+00,3.707744e-03
polar,light,upfolded,3.19258,8.694696e+00,3.699312e-03
polar,light,upfolded,3.19508,7.688337e+00,3.690911e-03
polar,light,upfolded,3.19758,6.791454e+00,3.682541e-03
polar,light,upfolded,3.20008,6.004639e+00,3.674202e-03
polar,light,upfolded,3.20257,5.320729e+00,3.665893e-03
polar,light,upfolded,3.20507,4.729077e+00,3.657615e-03
polar,light,upfolded,3.20757,4.218098e+00,3.649367e-03
polar,light,upfolded,3.21007,3.776620e+00,3.641150e-03
polar,light,upfolded,3.21257,3.394516e+00,3.632962e-03
polar,light,upfolded,3.21506,3.062917e+00,3.624805e-03
polar,light,upfolded,3.21756,2.774217e+00,3.616677e-03
polar,light,upfolded,3.22006,2.521967e+00,3.608579e-03
polar,light,upfolded,3.22256,2.300742e+00,3.600510e-03
polar,light,upfolded,3.22506,2.105986e+00,3.592470e-03
polar,light,upfolded,3.22755,1.933882e+00,3.584460e-03
polar,light,upfolded,3.23005,1.781228e+00,3.576478e-03
polar,light,upfolded,3.23255,1.645332e+00,3.568525e-03
polar,light,upfolded,3.23505,1.523930e+00,3.560602e-03
polar,light,upfolded,3.23755,1.415108e+00,3.552706e-03
polar,light,upfolded,3.24005,1.317244e+00,3.544839e-03
polar,light,upfolded,3.24254,1.228960e+00,3.537000e-03
polar,light,upfolded,3.24504,1.149081e+00,3.529190e-03
polar,light,upfolded,3.24754,1.076600e+00,3.521407e-03
polar,light,upfolded,3.25004,1.010653e+00,3.513652e-03
polar,light,upfolded,3.25254,9.504947e-01,3.505925e-03
polar,light,upfolded,3.25503,8.954805e-01,3.498226e-03
polar,light,upfolded,3.25753,8.450515e-01,3.490553e-03
polar,light,upfolded,3.26003,7.987208e-01,3.482908e-03
polar,light,upfolded,3.26253,7.560633e-01,3.475291e-03
polar,light,upfolded,3.26503,7.167067e-01,3.467700e-03
polar,light,upfolded,3.26752,6.803237e-01,3.460136e-03
polar,light,upfolded,3.27002,6.466262e-01,3.452599e-03
polar,light,upfolded,3.27252,6.153594e-01,3.445088e-03
polar,light,upfolded,3.27502,5.862978e-01,3.437604e-03
polar,light,upfolded,3.27752,5.592410e-01,3.430147e-03
polar,light,upfolded,3.28002,5.340107e-01,3.422715e-03
polar,light,upfolded,3.28251,5.104475e-01,3.415310e-03
polar,light,upfolded,3.28501,4.884091e-01,3.407930e-03
polar,light,upfolded,3.28751,4.677678e-01,3.400577e-03
polar,light,upfolded,3.29001,4.484088e-01,3.393249e-03
polar,light,upfolded,3.29251,4.302289e-01,3.385946e-03
polar,light,upfolded,3.29500,4.131349e-01,3.378669e-03
polar,light,upfolded,3.29750,3.970425e-01,3.371418e-03
polar,light,upfolded,3.30000,3.818753e-01,3.364191e-03
polar,light,exact,0.00500,4.728835e-04,1.191310e-02
polar,light,exact,0.05996,8.227484e-03,1.750672e-01
polar,light,exact,0.11492,1.922357e-02,1.884684e-01
polar,light,exact,0.16987,2.340218e-02,1.980082e-01
polar,light,exact,0.22483,3.397250e-02,2.141771e-01
polar,light,exact,0.27979,3.572299e-02,2.411461e-01
polar,light,exact,0.33475,4.726977e-02,3.224396e-01
polar,light,exact,0.38971,4.840074e-02,4.635089e-01
polar,light,exact,0.44467,6.719383e-02,2.521789e-01
polar,light,exact,0.49962,7.262695e-02,7.242716e-02
polar,light,exact,0.55458,9.627743e-02,7.696274e-02
polar,light,exact,0.60954,1.325024e-01,1.095265e-01
polar,light,exact,0.66450,1.242830e-01,1.295448e-01
polar,light,exact,0.71946,1.130939e-01,1.890256e-01
polar,light,exact,0.77442,1.038631e-01,2.319845e-01
polar,light,exact,0.82937,1.084641e-01,2.453637e-01
polar,light,exact,0.88433,1.129882e-01,2.370318e-01
polar,light,exact,0.93929,5.949143e-02,2.134003e-01
polar,light,exact,0.99425,4.506966e-02,1.605006e-01
polar,light,exact,1.04921,4.044781e-02,6.390398e-02
polar,light,exact,1.10417,4.124345e-02,4.833531e-02
polar,light,exact,1.15912,4.021347e-02,5.667504e-02
polar,light,exact,1.21408,4.011436e-02,8.002360e-02
polar,light,exact,1.26904,4.122145e-02,1.321340e-01
polar,light,exact,1.32400,4.563218e-02,2.673658e-01
polar,light,exact,1.37896,5.338794e-02,7.852588e-01
polar,light,exact,1.43392,1.080581e-02,6.052982e+00
polar,light,exact,1.48887,6.304593e-03,3.217029e+00
polar,light,exact,1.54383,7.687880e-03,6.343277e-01
polar,light,exact,1.59879,1.460341e-02,2.611022e-01
polar,light,exact,1.65375,1.649688e-02,1.438306e-01
polar,light,exact,1.70871,1.610507e-02,9.222650e-02
polar,light,exact,1.76367,1.584690e-02,6.487063e-02
polar,light,exact,1.81862,1.802815e-02,4.854591e-02
polar,light,exact,1.87358,8.106965e-03,3.797136e-02
polar,light,exact,1.92854,4.407806e-03,3.069675e-02
polar,light,exact,1.98350,3.944914e-03,2.545666e-02
polar,light,exact,2.03846,3.951946e-03,2.154256e-02
polar,light,exact,2.09342,4.146665e-03,1.853187e-02
polar,light,exact,2.14837,4.468573e-03,1.615937e-02
polar,light,exact,2.20333,4.907054e-03,1.425151e-02
polar,light,exact,2.25829,5.471162e-03,1.269066e-02
polar,light,exact,2.31325,6.182887e-03,1.139468e-02
polar,light,exact,2.36821,7.077109e-03,1.030473e-02
polar,light,exact,2.42317,8.204963e-03,9.377709e-03
polar,light,exact,2.47812,9.640589e-03,8.581417e-03
polar,light,exact,2.53308,1.149277e-02,7.891379e-03
polar,light,exact,2.58804,1.392490e-02,7.288704e-03
polar,light,exact,2.64300,1.719038e-02,6.758604e-03
polar,light,exact,2.69796,2.169812e-02,6.289363e-03
polar,light,exact,2.75292,2.814140e-02,5.871589e-03
polar,light,exact,2.80787,3.777059e-02,5.497677e-03
polar,light,exact,2.86283,5.302627e-02,5.161411e-03
polar,light,exact,2.91779,7.919832e-02,4.857664e-03
polar,light,exact,2.97275,1.295501e-01,4.582177e-03
polar,light,exact,3.02771,2.454317e-01,4.331385e-03
polar,light,exact,3.08266,6.128673e-01,4.102280e-03
polar,light,exact,3.13762,3.021007e+00,3.892314e-03
polar,light,exact,3.19258,8.694696e+00,3.699312e-03
polar,light,exact,3.24754,1.076600e+00,3.521407e-03
polar,heavy,upfolded,0.00500,1.278841e-02,3.879531e-01
polar,heavy,upfolded,0.00750,2.522900e-02,8.161700e-01
polar,heavy,upfolded,0.01000,3.796332e-02,1.330885e+00
polar,heavy,upfolded,0.01249,4.906745e-02,1.880465e+00
polar,heavy,upfolded,0.01499,5.779850e-02,2.425240e+00
polar,heavy,upfolded,0.01749,6.430032e-02,2.939352e+00
polar,heavy,upfolded,0.01999,6.917450e-02,3.408670e+00
polar,heavy,upfolded,0.02249,7.315773e-02,3.827236e+00
polar,heavy,upfolded,0.02498,7.695148e-02,4.193916e+00
polar,heavy,upfolded,0.02748,8.116309e-02,4.510264e+00
polar,heavy,upfolded,0.02998,8.630563e-02,4.779596e+00
polar,heavy,upfolded,0.03248,9.281951e-02,5.006307e+00
polar,heavy,upfolded,0.03498,1.010940e-01,5.194739e+00
polar,heavy,upfolded,0.03748,1.114753e-01,5.348185e+00
polar,heavy,upfolded,0.03997,1.242517e-01,5.468977e+00
polar,heavy,upfolded,0.04247,1.396046e-01,5.559602e+00
polar,heavy,upfolded,0.04497,1.575177e-01,5.623641e+00
polar,heavy,upfolded,0.04747,1.776476e-01,5.665376e+00
polar,heavy,upfolded,0.04997,1.991904e-01,5.688305e+00
polar,heavy,upfolded,0.05246,2.208284e-01,5.693991e+00
polar,heavy,upfolded,0.05496,2.408725e-01,5.682455e+00
polar,heavy,upfolded,0.05746,2.576646e-01,5.653855e+00
polar,heavy,upfolded,0.05996,2.701235e-01,5.609992e+00
polar,heavy,upfolded,0.06246,2.781475e-01,5.554417e+00
polar,heavy,upfolded,0.06495,2.826275e-01,5.491124e+00
polar,heavy,upfolded,0.06745,2.850976e-01,5.422823e+00
polar,heavy,upfolded,0.06995,2.872748e-01,5.349908e+00
polar,heavy,upfolded,0.07245,2.907232e-01,5.270850e+00
polar,heavy,upfolded,0.07495,2.967148e-01,5.183906e+00
polar,heavy,upfolded,0.07745,3.062366e-01,5.089051e+00
polar,heavy,upfolded,0.07994,3.200577e-01,4.988655e+00
polar,heavy,upfolded,0.08244,3.387922e-01,4.886467e+00
polar,heavy,upfolded,0.08494,3.629214e-01,4.785791e+00
polar,heavy,upfolded,0.08744,3.927552e-01,4.688118e+00
polar,heavy,upfolded,0.08994,4.283261e-01,4.592808e+00
polar,heavy,upfolded,0.09243,4.692302e-01,4.497706e+00
polar,heavy,upfolded,0.09493,5.144733e-01,4.400326e+00
polar,heavy,upfolded,0.09743,5.624313e-01,4.299254e+00
polar,heavy,upfolded,0.09993,6.110518e-01,4.195157e+00
polar,heavy,upfolded,0.10243,6.583044e-01,4.090697e+00
polar,heavy,upfolded,0.10492,7.026645e-01,3.989280e+00
polar,heavy,upfolded,0.10742,7.432943e-01,3.893423e+00
polar,heavy,upfolded,0.10992,7.798054e-01,3.803703e+00
polar,heavy,upfolded,0.11242,8.118813e-01,3.718706e+00
polar,heavy,upfolded,0.11492,8.391395e-01,3.635847e+00
polar,heavy,upfolded,0.11741,8.613037e-01,3.552574e+00
polar,heavy,upfolded,0.11991,8.784386e-01,3.467364e+00
polar,heavy,upfolded,0.12241,8.910668e-01,3.380225e+00
polar,heavy,upfolded,0.12491,9.002493e-01,3.292639e+00
polar,heavy,upfolded,0.12741,9.077203e-01,3.207021e+00
polar,heavy,upfolded,0.12991,9.159369e-01,3.125814e+00
polar,heavy,upfolded,0.13240,9.278467e-01,3.050575e+00
polar,heavy,upfolded,0.13490,9.463924e-01,2.981405e+00
polar,heavy,upfolded,0.13740,9.739583e-01,2.916905e+00
polar,heavy,upfolded,0.13990,1.011908e+00,2.854648e+00
polar,heavy,upfolded,0.14240,1.060218e+00,2.792088e+00
polar,heavy,upfolded,0.14489,1.117177e+00,2.727575e+00
polar,heavy,upfolded,0.14739,1.179263e+00,2.660981e+00
polar,heavy,upfolded,0.14989,1.241453e+00,2.593599e+00
polar,heavy,upfolded,0.15239,1.298261e+00,2.527455e+00
polar,heavy,upfolded,0.15489,1.345366e+00,2.464510e+00
polar,heavy,upfolded,0.15738,1.381095e+00,2.406099e+00
polar,heavy,upfolded,0.15988,1.406793e+00,2.352667e+00
polar,heavy,upfolded,0.16238,1.425823e+00,2.303737e+00
polar,heavy,upfolded,0.16488,1.441939e+00,2.258029e+00
polar,heavy,upfolded,0.16738,1.458156e+00,2.213724e+00
polar,heavy,upfolded,0.16987,1.476685e+00,2.168900e+00
polar,heavy,upfolded,0.17237,1.499668e+00,2.122137e+00
polar,heavy,upfolded,0.17487,1.529957e+00,2.073108e+00
polar,heavy,upfolded,0.17737,1.571326e+00,2.022781e+00
polar,heavy,upfolded,0.17987,1.628038e+00,1.973005e+00
polar,heavy,upfolded,0.18237,1.704131e+00,1.925694e+00
polar,heavy,upfolded,0.18486,1.802686e+00,1.882126e+00
polar,heavy,upfolded,0.18736,1.925147e+00,1.842661e+00
polar,heavy,upfolded,0.18986,2.070505e+00,1.806848e+00
polar,heavy,upfolded,0.19236,2.234327e+00,1.773698e+00
polar,heavy,upfolded,0.19486,2.407854e+00,1.741934e+00
polar,heavy,upfolded,0.19735,2.577906e+00,1.710222e+00
polar,heavy,upfolded,0.19985,2.728562e+00,1.677393e+00
polar,heavy,upfolded,0.20235,2.845003e+00,1.642722e+00
polar,heavy,upfolded,0.20485,2.918335e+00,1.606202e+00
polar,heavy,upfolded,0.20735,2.948747e+00,1.568669e+00
polar,heavy,upfolded,0.20984,2.944958e+00,1.531592e+00
polar,heavy,upfolded,0.21234,2.920508e+00,1.496537e+00
polar,heavy,upfolded,0.21484,2.889383e+00,1.464591e+00
polar,heavy,upfolded,0.21734,2.863099e+00,1.436040e+00
polar,heavy,upfolded,0.21984,2.849769e+00,1.410413e+00
polar,heavy,upfolded,0.22234,2.854580e+00,1.386751e+00
polar,heavy,upfolded,0.22483,2.880926e+00,1.363916e+00
polar,heavy,upfolded,0.22733,2.931409e+00,1.340836e+00
polar,heavy,upfolded,0.22983,3.008009e+00,1.316668e+00
polar,heavy,upfolded,0.23233,3.111097e+00,1.290929e+00
polar,heavy,upfolded,0.23483,3.237660e+00,1.263613e+00
polar,heavy,upfolded,0.23732,3.379610e+00,1.235239e+00
polar,heavy,upfolded,0.23982,3.523300e+00,1.206776e+00
polar,heavy,upfolded,0.24232,3.651264e+00,1.179399e+00
polar,heavy,upfolded,0.24482,3.746339e+00,1.154120e+00
polar,heavy,upfolded,0.24732,3.796729e+00,1.131461e+00
polar,heavy,upfolded,0.24981,3.799365e+00,1.111330e+00
polar,heavy,upfolded,0.25231,3.759930e+00,1.093111e+00
polar,heavy,upfolded,0.25481,3.690303e+00,1.075901e+00
polar,heavy,upfolded,0.25731,3.605395e+00,1.058756e+00
polar,heavy,upfolded,0.25981,3.520483e+00,1.040878e+00
polar,heavy,upfolded,0.26230,3.449117e+00,1.021729e+00
polar,heavy,upfolded,0.26480,3.401552e+00,1.001122e+00
polar,heavy,upfolded,0.26730,3.383862e+00,9.792657e-01
polar,heavy,upfolded,0.26980,3.397896e+00,9.567547e-01
polar,heavy,upfolded,0.27230,3.442022e+00,9.344469e-01
polar,heavy,upfolded,0.27480,3.512405e+00,9.132381e-01
polar,heavy,upfolded,0.27729,3.604164e+00,8.937969e-01
polar,heavy,upfolded,0.27979,3.711453e+00,8.763774e-01
polar,heavy,upfolded,0.28229,3.826027e+00,8.607846e-01
polar,heavy,upfolded,0.28479,3.935147e+00,8.464820e-01
polar,heavy,upfolded,0.28729,4.020970e+00,8.327622e-01
polar,heavy,upfolded,0.28978,4.063423e+00,8.189042e-01
polar,heavy,upfolded,0.29228,4.046482e+00,8.042894e-01
polar,heavy,upfolded,0.29478,3.964825e+00,7.884970e-01
polar,heavy,upfolded,0.29728,3.826527e+00,7.713958e-01
polar,heavy,upfolded,0.29978,3.650019e+00,7.532046e-01
polar,heavy,upfolded,0.30227,3.457554e+00,7.344680e-01
polar,heavy,upfolded,0.30477,3.269139e+00,7.159163e-01
polar,heavy,upfolded,0.30727,3.099193e+00,6.982502e-01
polar,heavy,upfolded,0.30977,2.955854e+00,6.819473e-01
polar,heavy,upfolded,0.31227,2.841775e+00,6.671689e-01
polar,heavy,upfolded,0.31476,2.755441e+00,6.537706e-01
polar,heavy,upfolded,0.31726,2.692652e+00,6.413742e-01
polar,heavy,upfolded,0.31976,2.648168e+00,6.294597e-01
polar,heavy,upfolded,0.32226,2.617358e+00,6.174678e-01
polar,heavy,upfolded,0.32476,2.597252e+00,6.049168e-01
polar,heavy,upfolded,0.32726,2.586306e+00,5.915224e-01
polar,heavy,upfolded,0.32975,2.582866e+00,5.772919e-01
polar,heavy,upfolded,0.33225,2.583208e+00,5.625546e-01
polar,heavy,upfolded,0.33475,2.580496e+00,5.479003e-01
polar,heavy,upfolded,0.33725,2.565641e+00,5.340362e-01
polar,heavy,upfolded,0.33975,2.530123e+00,5.216101e-01
polar,heavy,upfolded,0.34224,2.469515e+00,5.110625e-01
polar,heavy,upfolded,0.34474,2.385589e+00,5.025483e-01
polar,heavy,upfolded,0.34724,2.285678e+00,4.959350e-01
polar,heavy,upfolded,0.34974,2.179886e+00,4.908604e-01
polar,heavy,upfolded,0.35224,2.077980e+00,4.868260e-01
polar,heavy,upfolded,0.35473,1.987405e+00,4.833046e-01
polar,heavy,upfolded,0.35723,1.912640e+00,4.798383e-01
polar,heavy,upfolded,0.35973,1.855452e+00,4.761158e-01
polar,heavy,upfolded,0.36223,1.815479e+00,4.720177e-01
polar,heavy,upfolded,0.36473,1.790846e+00,4.676224e-01
polar,heavy,upfolded,0.36723,1.778687e+00,4.631725e-01
polar,heavy,upfolded,0.36972,1.775552e+00,4.590099e-01
polar,heavy,upfolded,0.37222,1.777586e+00,4.554977e-01
polar,heavy,upfolded,0.37472,1.780418e+00,4.529430e-01
polar,heavy,upfolded,0.37722,1.778945e+00,4.515309e-01
polar,heavy,upfolded,0.37972,1.767565e+00,4.512777e-01
polar,heavy,upfolded,0.38221,1.741338e+00,4.520144e-01
polar,heavy,upfolded,0.38471,1.697769e+00,4.534177e-01
polar,heavy,upfolded,0.38721,1.638076e+00,4.550897e-01
polar,heavy,upfolded,0.38971,1.566937e+00,4.566636e-01
polar,heavy,upfolded,0.39221,1.490859e+00,4.578956e-01
polar,heavy,upfolded,0.39470,1.416212e+00,4.587223e-01
polar,heavy,upfolded,0.39720,1.347896e+00,4.592732e-01
polar,heavy,upfolded,0.39970,1.288866e+00,4.598375e-01
polar,heavy,upfolded,0.40220,1.240280e+00,4.607919e-01
polar,heavy,upfolded,0.40470,1.201916e+00,4.625179e-01
polar,heavy,upfolded,0.40719,1.172652e+00,4.653325e-01
polar,heavy,upfolded,0.40969,1.150905e+00,4.694490e-01
polar,heavy,upfolded,0.41219,1.134926e+00,4.749636e-01
polar,heavy,upfolded,0.41469,1.122889e+00,4.818450e-01
polar,heavy,upfolded,0.41719,1.112822e+00,4.899140e-01
polar,heavy,upfolded,0.41969,1.102544e+00,4.988447e-01
polar,heavy,upfolded,0.42218,1.089799e+00,5.082430e-01
polar,heavy,upfolded,0.42468,1.072634e+00,5.178085e-01
polar,heavy,upfolded,0.42718,1.049917e+00,5.274970e-01
polar,heavy,upfolded,0.42968,1.021760e+00,5.375974e-01
polar,heavy,upfolded,0.43218,9.896046e-01,5.486976e-01
polar,heavy,upfolded,0.43467,9.558550e-01,5.615659e-01
polar,heavy,upfolded,0.43717,9.231790e-01,5.769627e-01
polar,heavy,upfolded,0.43967,8.938220e-01,5.954028e-01
polar,heavy,upfolded,0.44217,8.691803e-01,6.169367e-01
polar,heavy,upfolded,0.44467,8.496928e-01,6.410587e-01
polar,heavy,upfolded,0.44716,8.349757e-01,6.668298e-01
polar,heavy,upfolded,0.44966,8.240977e-01,6.931987e-01
polar,heavy,upfolded,0.45216,8.159016e-01,7.193430e-01
polar,heavy,upfolded,0.45466,8.092635e-01,7.447702e-01
polar,heavy,upfolded,0.45716,8.032060e-01,7.690538e-01
polar,heavy,upfolded,0.45966,7.968742e-01,7.913526e-01
polar,heavy,upfolded,0.46215,7.894805e-01,8.100105e-01
polar,heavy,upfolded,0.46465,7.803120e-01,8.224995e-01
polar,heavy,upfolded,0.46715,7.688096e-01,8.258575e-01
polar,heavy,upfolded,0.46965,7.546946e-01,8.175766e-01
polar,heavy,upfolded,0.47215,7.381162e-01,7.965795e-01
polar,heavy,upfolded,0.47464,7.197313e-01,7.637205e-01
polar,heavy,upfolded,0.47714,7.005885e-01,7.215282e-01
polar,heavy,upfolded,0.47964,6.818131e-01,6.734204e-01
polar,heavy,upfolded,0.48214,6.642591e-01,6.228583e-01
polar,heavy,upfolded,0.48464,6.483120e-01,5.727485e-01
polar,heavy,upfolded,0.48713,6.338978e-01,5.251687e-01
polar,heavy,upfolded,0.48963,6.206306e-01,4.813576e-01
polar,heavy,upfolded,0.49213,6.079985e-01,4.418646e-01
polar,heavy,upfolded,0.49463,5.955187e-01,4.067550e-01
polar,heavy,upfolded,0.49713,5.828342e-01,3.758013e-01
polar,heavy,upfolded,0.49962,5.697670e-01,3.486273e-01
polar,heavy,upfolded,0.50212,5.563565e-01,3.248044e-01
polar,heavy,upfolded,0.50462,5.428821e-01,3.039068e-01
polar,heavy,upfolded,0.50712,5.298226e-01,2.855408e-01
polar,heavy,upfolded,0.50962,5.177211e-01,2.693567e-01
polar,heavy,upfolded,0.51212,5.069991e-01,2.550518e-01
polar,heavy,upfolded,0.51461,4.978167e-01,2.423674e-01
polar,heavy,upfolded,0.51711,4.900366e-01,2.310854e-01
polar,heavy,upfolded,0.51961,4.832824e-01,2.210225e-01
polar,heavy,upfolded,0.52211,4.770475e-01,2.120257e-01
polar,heavy,upfolded,0.52461,4.708259e-01,2.039681e-01
polar,heavy,upfolded,0.52710,4.642323e-01,1.967442e-01
polar,heavy,upfolded,0.52960,4.570779e-01,1.902672e-01
polar,heavy,upfolded,0.53210,4.493716e-01,1.844652e-01
polar,heavy,upfolded,0.53460,4.412584e-01,1.792785e-01
polar,heavy,upfolded,0.53710,4.329301e-01,1.746556e-01
polar,heavy,upfolded,0.53959,4.245500e-01,1.705490e-01
polar,heavy,upfolded,0.54209,4.162212e-01,1.669105e-01
polar,heavy,upfolded,0.54459,4.080030e-01,1.636852e-01
polar,heavy,upfolded,0.54709,3.999484e-01,1.608081e-01
polar,heavy,upfolded,0.54959,3.921310e-01,1.582043e-01
polar,heavy,upfolded,0.55208,3.846483e-01,1.557977e-01
polar,heavy,upfolded,0.55458,3.776113e-01,1.535252e-01
polar,heavy,upfolded,0.55708,3.711346e-01,1.513504e-01
polar,heavy,upfolded,0.55958,3.653207e-01,1.492656e-01
polar,heavy,upfolded,0.56208,3.602312e-01,1.472786e-01
polar,heavy,upfolded,0.56458,3.558496e-01,1.453928e-01
polar,heavy,upfolded,0.56707,3.520602e-01,1.435935e-01
polar,heavy,upfolded,0.56957,3.486627e-01,1.418441e-01
polar,heavy,upfolded,0.57207,3.454218e-01,1.400933e-01
polar,heavy,upfolded,0.57457,3.421264e-01,1.382902e-01
polar,heavy,upfolded,0.57707,3.386325e-01,1.364037e-01
polar,heavy,upfolded,0.57956,3.348799e-01,1.344394e-01
polar,heavy,upfolded,0.58206,3.308992e-01,1.324428e-01
polar,heavy,upfolded,0.58456,3.268155e-01,1.304832e-01
polar,heavy,upfolded,0.58706,3.228358e-01,1.286258e-01
polar,heavy,upfolded,0.58956,3.191978e-01,1.269069e-01
polar,heavy,upfolded,0.59205,3.160902e-01,1.253237e-01
polar,heavy,upfolded,0.59455,3.135790e-01,1.238389e-01
polar,heavy,upfolded,0.59705,3.115759e-01,1.223960e-01
polar,heavy,upfolded,0.59955,3.098664e-01,1.209386e-01
polar,heavy,upfolded,0.60205,3.081966e-01,1.194254e-01
polar,heavy,upfolded,0.60455,3.063826e-01,1.178401e-01
polar,heavy,upfolded,0.60704,3.043871e-01,1.161944e-01
polar,heavy,upfolded,0.60954,3.023211e-01,1.145225e-01
polar,heavy,upfolded,0.61204,3.003883e-01,1.128685e-01
polar,heavy,upfolded,0.61454,2.988163e-01,1.112717e-01
polar,heavy,upfolded,0.61704,2.977990e-01,1.097573e-01
polar,heavy,upfolded,0.61953,2.974434e-01,1.083355e-01
polar,heavy,upfolded,0.62203,2.977185e-01,1.070045e-01
polar,heavy,upfolded,0.62453,2.984300e-01,1.057520e-01
polar,heavy,upfolded,0.62703,2.992531e-01,1.045560e-01
polar,heavy,upfolded,0.62953,2.998314e-01,1.033879e-01
polar,heavy,upfolded,0.63202,2.999012e-01,1.022163e-01
polar,heavy,upfolded,0.63452,2.993667e-01,1.010147e-01
polar,heavy,upfolded,0.63702,2.982931e-01,9.976765e-02
polar,heavy,upfolded,0.63952,2.968546e-01,9.847467e-02
polar,heavy,upfolded,0.64202,2.952913e-01,9.715082e-02
polar,heavy,upfolded,0.64451,2.938798e-01,9.582302e-02
polar,heavy,upfolded,0.64701,2.928849e-01,9.452398e-02
polar,heavy,upfolded,0.64951,2.924886e-01,9.328426e-02
polar,heavy,upfolded,0.65201,2.927306e-01,9.212491e-02
polar,heavy,upfolded,0.65451,2.934933e-01,9.105315e-02
polar,heavy,upfolded,0.65701,2.945369e-01,9.006203e-02
polar,heavy,upfolded,0.65950,2.955686e-01,8.913302e-02
polar,heavy,upfolded,0.66200,2.963213e-01,8.824045e-02
polar,heavy,upfolded,0.66450,2.966219e-01,8.735673e-02
polar,heavy,upfolded,0.66700,2.964326e-01,8.645812e-02
polar,heavy,upfolded,0.66950,2.958473e-01,8.552968e-02
polar,heavy,upfolded,0.67199,2.950411e-01,8.456879e-02
polar,heavy,upfolded,0.67449,2.941924e-01,8.358599e-02
polar,heavy,upfolded,0.67699,2.934154e-01,8.260328e-02
polar,heavy,upfolded,0.67949,2.927265e-01,8.165021e-02
polar,heavy,upfolded,0.68199,2.920557e-01,8.075862e-02
polar,heavy,upfolded,0.68448,2.912941e-01,7.995652e-02
polar,heavy,upfolded,0.68698,2.903602e-01,7.926215e-02
polar,heavy,upfolded,0.68948,2.892565e-01,7.867919e-02
polar,heavy,upfolded,0.69198,2.880851e-01,7.819450e-02
polar,heavy,upfolded,0.69448,2.870101e-01,7.777957e-02
polar,heavy,upfolded,0.69697,2.861862e-01,7.739603e-02
polar,heavy,upfolded,0.69947,2.856856e-01,7.700450e-02
polar,heavy,upfolded,0.70197,2.854480e-01,7.657387e-02
polar,heavy,upfolded,0.70447,2.852694e-01,7.608783e-02
polar,heavy,upfolded,0.70697,2.848463e-01,7.554659e-02
polar,heavy,upfolded,0.70947,2.838776e-01,7.496417e-02
polar,heavy,upfolded,0.71196,2.821836e-01,7.436319e-02
polar,heavy,upfolded,0.71446,2.797752e-01,7.376907e-02
polar,heavy,upfolded,0.71696,2.768268e-01,7.320498e-02
polar,heavy,upfolded,0.71946,2.735818e-01,7.268779e-02
polar,heavy,upfolded,0.72196,2.702635e-01,7.222453e-02
polar,heavy,upfolded,0.72445,2.670383e-01,7.180992e-02
polar,heavy,upfolded,0.72695,2.640291e-01,7.142625e-02
polar,heavy,upfolded,0.72945,2.613429e-01,7.104730e-02
polar,heavy,upfolded,0.73195,2.590891e-01,7.064560e-02
polar,heavy,upfolded,0.73445,2.573868e-01,7.020010e-02
polar,heavy,upfolded,0.73694,2.563659e-01,6.970076e-02
polar,heavy,upfolded,0.73944,2.561579e-01,6.914925e-02
polar,heavy,upfolded,0.74194,2.568702e-01,6.855678e-02
polar,heavy,upfolded,0.74444,2.585474e-01,6.794127e-02
polar,heavy,upfolded,0.74694,2.611391e-01,6.732449e-02
polar,heavy,upfolded,0.74944,2.644798e-01,6.672884e-02
polar,heavy,upfolded,0.75193,2.682781e-01,6.617291e-02
polar,heavy,upfolded,0.75443,2.721067e-01,6.566665e-02
polar,heavy,upfolded,0.75693,2.754085e-01,6.520812e-02
polar,heavy,upfolded,0.75943,2.775681e-01,6.478383e-02
polar,heavy,upfolded,0.76193,2.780757e-01,6.437288e-02
polar,heavy,upfolded,0.76442,2.767243e-01,6.395314e-02
polar,heavy,upfolded,0.76692,2.737082e-01,6.350669e-02
polar,heavy,upfolded,0.76942,2.695501e-01,6.302307e-02
polar,heavy,upfolded,0.77192,2.649152e-01,6.250023e-02
polar,heavy,upfolded,0.77442,2.604374e-01,6.194401e-02
polar,heavy,upfolded,0.77691,2.566235e-01,6.136705e-02
polar,heavy,upfolded,0.77941,2.538172e-01,6.078703e-02
polar,heavy,upfolded,0.78191,2.521829e-01,6.022366e-02
polar,heavy,upfolded,0.78441,2.516883e-01,5.969405e-02
polar,heavy,upfolded,0.78691,2.520981e-01,5.920782e-02
polar,heavy,upfolded,0.78940,2.530082e-01,5.876396e-02
polar,heavy,upfolded,0.79190,2.539400e-01,5.835128e-02
polar,heavy,upfolded,0.79440,2.544773e-01,5.795231e-02
polar,heavy,upfolded,0.79690,2.543769e-01,5.754880e-02
polar,heavy,upfolded,0.79940,2.535874e-01,5.712631e-02
polar,heavy,upfolded,0.80190,2.521865e-01,5.667658e-02
polar,heavy,upfolded,0.80439,2.503101e-01,5.619802e-02
polar,heavy,upfolded,0.80689,2.481298e-01,5.569527e-02
polar,heavy,upfolded,0.80939,2.458610e-01,5.517823e-02
polar,heavy,upfolded,0.81189,2.437552e-01,5.466074e-02
polar,heavy,upfolded,0.81439,2.420579e-01,5.415844e-02
polar,heavy,upfolded,0.81688,2.409502e-01,5.368507e-02
polar,heavy,upfolded,0.81938,2.405059e-01,5.324818e-02
polar,heavy,upfolded,0.82188,2.406770e-01,5.284608e-02
polar,heavy,upfolded,0.82438,2.413114e-01,5.246800e-02
polar,heavy,upfolded,0.82688,2.421916e-01,5.209801e-02
polar,heavy,upfolded,0.82937,2.430843e-01,5.172060e-02
polar,heavy,upfolded,0.83187,2.438022e-01,5.132516e-02
polar,heavy,upfolded,0.83437,2.442701e-01,5.090761e-02
polar,heavy,upfolded,0.83687,2.445616e-01,5.046994e-02
polar,heavy,upfolded,0.83937,2.448728e-01,5.001872e-02
polar,heavy,upfolded,0.84187,2.454310e-01,4.956354e-02
polar,heavy,upfolded,0.84436,2.463940e-01,4.911548e-02
polar,heavy,upfolded,0.84686,2.478021e-01,4.868533e-02
polar,heavy,upfolded,0.84936,2.495974e-01,4.828103e-02
polar,heavy,upfolded,0.85186,2.516699e-01,4.790491e-02
polar,heavy,upfolded,0.85436,2.538788e-01,4.755198e-02
polar,heavy,upfolded,0.85685,2.560331e-01,4.721095e-02
polar,heavy,upfolded,0.85935,2.578632e-01,4.686817e-02
polar,heavy,upfolded,0.86185,2.590355e-01,4.651266e-02
polar,heavy,upfolded,0.86435,2.592371e-01,4.613951e-02
polar,heavy,upfolded,0.86685,2.582975e-01,4.575037e-02
polar,heavy,upfolded,0.86934,2.562710e-01,4.535172e-02
polar,heavy,upfolded,0.87184,2.534327e-01,4.495247e-02
polar,heavy,upfolded,0.87434,2.502104e-01,4.456162e-02
polar,heavy,upfolded,0.87684,2.471049e-01,4.418643e-02
polar,heavy,upfolded,0.87934,2.446191e-01,4.383092e-02
polar,heavy,upfolded,0.88183,2.431861e-01,4.349490e-02
polar,heavy,upfolded,0.88433,2.431028e-01,4.317363e-02
polar,heavy,upfolded,0.88683,2.444945e-01,4.285865e-02
polar,heavy,upfolded,0.88933,2.473282e-01,4.254036e-02
polar,heavy,upfolded,0.89183,2.514757e-01,4.221148e-02
polar,heavy,upfolded,0.89433,2.568052e-01,4.186977e-02
polar,heavy,upfolded,0.89682,2.632692e-01,4.151856e-02
polar,heavy,upfolded,0.89932,2.709458e-01,4.116500e-02
polar,heavy,upfolded,0.90182,2.799936e-01,4.081729e-02
polar,heavy,upfolded,0.90432,2.905142e-01,4.048187e-02
polar,heavy,upfolded,0.90682,3.023563e-01,4.016162e-02
polar,heavy,upfolded,0.90931,3.149341e-01,3.985535e-02
polar,heavy,upfolded,0.91181,3.271543e-01,3.955859e-02
polar,heavy,upfolded,0.91431,3.375508e-01,3.926520e-02
polar,heavy,upfolded,0.91681,3.446666e-01,3.896912e-02
polar,heavy,upfolded,0.91931,3.475743e-01,3.866628e-02
polar,heavy,upfolded,0.92180,3.462583e-01,3.835603e-02
polar,heavy,upfolded,0.92430,3.416055e-01,3.804159e-02
polar,heavy,upfolded,0.92680,3.350125e-01,3.772865e-02
polar,heavy,upfolded,0.92930,3.278671e-01,3.742306e-02
polar,heavy,upfolded,0.93180,3.211680e-01,3.712827e-02
polar,heavy,upfolded,0.93429,3.153721e-01,3.684411e-02
polar,heavy,upfolded,0.93679,3.104182e-01,3.656711e-02
polar,heavy,upfolded,0.93929,3.058675e-01,3.629242e-02
polar,heavy,upfolded,0.94179,3.011326e-01,3.601586e-02
polar,heavy,upfolded,0.94429,2.957478e-01,3.573541e-02
polar,heavy,upfolded,0.94679,2.895680e-01,3.545166e-02
polar,heavy,upfolded,0.94928,2.827912e-01,3.516739e-02
polar,heavy,upfolded,0.95178,2.758140e-01,3.488639e-02
polar,heavy,upfolded,0.95428,2.690419e-01,3.461166e-02
polar,heavy,upfolded,0.95678,2.627632e-01,3.434400e-02
polar,heavy,upfolded,0.95928,2.571002e-01,3.408166e-02
polar,heavy,upfolded,0.96177,2.520076e-01,3.382145e-02
polar,heavy,upfolded,0.96427,2.473111e-01,3.356051e-02
polar,heavy,upfolded,0.96677,2.427990e-01,3.329780e-02
polar,heavy,upfolded,0.96927,2.383437e-01,3.303422e-02
polar,heavy,upfolded,0.97177,2.339750e-01,3.277186e-02
polar,heavy,upfolded,0.97426,2.298463e-01,3.251268e-02
polar,heavy,upfolded,0.97676,2.261205e-01,3.225745e-02
polar,heavy,upfolded,0.97926,2.228624e-01,3.200540e-02
polar,heavy,upfolded,0.98176,2.200002e-01,3.175483e-02
polar,heavy,upfolded,0.98426,2.173432e-01,3.150427e-02
polar,heavy,upfolded,0.98676,2.146071e-01,3.125328e-02
polar,heavy,upfolded,0.98925,2.114260e-01,3.100253e-02
polar,heavy,upfolded,0.99175,2.073938e-01,3.075296e-02
polar,heavy,upfolded,0.99425,2.021781e-01,3.050503e-02
polar,heavy,upfolded,0.99675,1.956753e-01,3.025838e-02
polar,heavy,upfolded,0.99925,1.881014e-01,3.001222e-02
polar,heavy,upfolded,1.00174,1.799443e-01,2.976596e-02
polar,heavy,upfolded,1.00424,1.718086e-01,2.951947e-02
polar,heavy,upfolded,1.00674,1.642530e-01,2.927293e-02
polar,heavy,upfolded,1.00924,1.576934e-01,2.902647e-02
polar,heavy,upfolded,1.01174,1.523793e-01,2.877998e-02
polar,heavy,upfolded,1.01423,1.484107e-01,2.853332e-02
polar,heavy,upfolded,1.01673,1.457630e-01,2.828655e-02
polar,heavy,upfolded,1.01923,1.443038e-01,2.804000e-02
polar,heavy,upfolded,1.02173,1.437999e-01,2.779426e-02
polar,heavy,upfolded,1.02423,1.439281e-01,2.755017e-02
polar,heavy,upfolded,1.02672,1.443060e-01,2.730886e-02
polar,heavy,upfolded,1.02922,1.445547e-01,2.707169e-02
polar,heavy,upfolded,1.03172,1.443760e-01,2.684007e-02
polar,heavy,upfolded,1.03422,1.436024e-01,2.661528e-02
polar,heavy,upfolded,1.03672,1.421828e-01,2.639824e-02
polar,heavy,upfolded,1.03922,1.401189e-01,2.618944e-02
polar,heavy,upfolded,1.04171,1.374139e-01,2.598890e-02
polar,heavy,upfolded,1.04421,1.340834e-01,2.579633e-02
polar,heavy,upfolded,1.04671,1.302130e-01,2.561120e-02
polar,heavy,upfolded,1.04921,1.259979e-01,2.543290e-02
polar,heavy,upfolded,1.05171,1.217219e-01,2.526078e-02
polar,heavy,upfolded,1.05420,1.176874e-01,2.509420e-02
polar,heavy,upfolded,1.05670,1.141419e-01,2.493260e-02
polar,heavy,upfolded,1.05920,1.112343e-01,2.477547e-02
polar,heavy,upfolded,1.06170,1.090018e-01,2.462236e-02
polar,heavy,upfolded,1.06420,1.073793e-01,2.447288e-02
polar,heavy,upfolded,1.06669,1.062203e-01,2.432671e-02
polar,heavy,upfolded,1.06919,1.053297e-01,2.418356e-02
polar,heavy,upfolded,1.07169,1.045078e-01,2.404317e-02
polar,heavy,upfolded,1.07419,1.035975e-01,2.390534e-02
polar,heavy,upfolded,1.07669,1.025177e-01,2.376987e-02
polar,heavy,upfolded,1.07918,1.012657e-01,2.363661e-02
polar,heavy,upfolded,1.08168,9.988876e-02,2.350541e-02
polar,heavy,upfolded,1.08418,9.844497e-02,2.337615e-02
polar,heavy,upfolded,1.08668,9.697496e-02,2.324872e-02
polar,heavy,upfolded,1.08918,9.549414e-02,2.312302e-02
polar,heavy,upfolded,1.09168,9.400572e-02,2.299896e-02
polar,heavy,upfolded,1.09417,9.252583e-02,2.287648e-02
polar,heavy,upfolded,1.09667,9.110243e-02,2.275549e-02
polar,heavy,upfolded,1.09917,8.980973e-02,2.263594e-02
polar,heavy,upfolded,1.10167,8.871682e-02,2.251777e-02
polar,heavy,upfolded,1.10417,8.784854e-02,2.240092e-02
polar,heavy,upfolded,1.10666,8.716019e-02,2.228536e-02
polar,heavy,upfolded,1.10916,8.653789e-02,2.217103e-02
polar,heavy,upfolded,1.11166,8.582458e-02,2.205790e-02
polar,heavy,upfolded,1.11416,8.486497e-02,2.194593e-02
polar,heavy,upfolded,1.11666,8.355723e-02,2.183509e-02
polar,heavy,upfolded,1.11915,8.189311e-02,2.172535e-02
polar,heavy,upfolded,1.12165,7.996627e-02,2.161667e-02
polar,heavy,upfolded,1.12415,7.794220e-02,2.150903e-02
polar,heavy,upfolded,1.12665,7.600599e-02,2.140241e-02
polar,heavy,upfolded,1.12915,7.431474e-02,2.129677e-02
polar,heavy,upfolded,1.13165,7.297102e-02,2.119210e-02
polar,heavy,upfolded,1.13414,7.201688e-02,2.108838e-02
polar,heavy,upfolded,1.13664,7.144034e-02,2.098558e-02
polar,heavy,upfolded,1.13914,7.118645e-02,2.088369e-02
polar,heavy,upfolded,1.14164,7.116819e-02,2.078269e-02
polar,heavy,upfolded,1.14414,7.127485e-02,2.068256e-02
polar,heavy,upfolded,1.14663,7.137952e-02,2.058329e-02
polar,heavy,upfolded,1.14913,7.135021e-02,2.048486e-02
polar,heavy,upfolded,1.15163,7.106752e-02,2.038725e-02
polar,heavy,upfolded,1.15413,7.044640e-02,2.029045e-02
polar,heavy,upfolded,1.15663,6.945712e-02,2.019444e-02
polar,heavy,upfolded,1.15912,6.813868e-02,2.009922e-02
polar,heavy,upfolded,1.16162,6.659616e-02,2.000477e-02
polar,heavy,upfolded,1.16412,6.497717e-02,1.991108e-02
polar,heavy,upfolded,1.16662,6.343574e-02,1.981814e-02
polar,heavy,upfolded,1.16912,6.209934e-02,1.972593e-02
polar,heavy,upfolded,1.17161,6.104983e-02,1.963445e-02
polar,heavy,upfolded,1.17411,6.031759e-02,1.954368e-02
polar,heavy,upfolded,1.17661,5.988352e-02,1.945361e-02
polar,heavy,upfolded,1.17911,5.968495e-02,1.936424e-02
polar,heavy,upfolded,1.18161,5.962604e-02,1.927556e-02
polar,heavy,upfolded,1.18411,5.959450e-02,1.918754e-02
polar,heavy,upfolded,1.18660,5.948359e-02,1.910020e-02
polar,heavy,upfolded,1.18910,5.921304e-02,1.901351e-02
polar,heavy,upfolded,1.19160,5.874213e-02,1.892747e-02
polar,heavy,upfolded,1.19410,5.807299e-02,1.884207e-02
polar,heavy,upfolded,1.19660,5.724748e-02,1.875730e-02
polar,heavy,upfolded,1.19909,5.633893e-02,1.867316e-02
polar,heavy,upfolded,1.20159,5.543646e-02,1.858963e-02
polar,heavy,upfolded,1.20409,5.462280e-02,1.850671e-02
polar,heavy,upfolded,1.20659,5.395238e-02,1.842439e-02
polar,heavy,upfolded,1.20909,5.343766e-02,1.834267e-02
polar,heavy,upfolded,1.21158,5.304762e-02,1.826154e-02
polar,heavy,upfolded,1.21408,5.271910e-02,1.818098e-02
polar,heavy,upfolded,1.21658,5.237885e-02,1.810100e-02
polar,heavy,upfolded,1.21908,5.196983e-02,1.802159e-02
polar,heavy,upfolded,1.22158,5.147095e-02,1.794273e-02
polar,heavy,upfolded,1.22408,5.090033e-02,1.786444e-02
polar,heavy,upfolded,1.22657,5.030142e-02,1.778669e-02
polar,heavy,upfolded,1.22907,4.972241e-02,1.770948e-02
polar,heavy,upfolded,1.23157,4.920112e-02,1.763281e-02
polar,heavy,upfolded,1.23407,4.875953e-02,1.755667e-02
polar,heavy,upfolded,1.23657,4.840293e-02,1.748105e-02
polar,heavy,upfolded,1.23906,4.811860e-02,1.740595e-02
polar,heavy,upfolded,1.24156,4.787450e-02,1.733137e-02
polar,heavy,upfolded,1.24406,4.762310e-02,1.725729e-02
polar,heavy,upfolded,1.24656,4.731362e-02,1.718372e-02
polar,heavy,upfolded,1.24906,4.690997e-02,1.711065e-02
polar,heavy,upfolded,1.25155,4.640667e-02,1.703807e-02
polar,heavy,upfolded,1.25405,4.583354e-02,1.696597e-02
polar,heavy,upfolded,1.25655,4.524544e-02,1.689436e-02
polar,heavy,upfolded,1.25905,4.470188e-02,1.682323e-02
polar,heavy,upfolded,1.26155,4.424684e-02,1.675257e-02
polar,heavy,upfolded,1.26404,4.389682e-02,1.668238e-02
polar,heavy,upfolded,1.26654,4.363950e-02,1.661265e-02
polar,heavy,upfolded,1.26904,4.344057e-02,1.654338e-02
polar,heavy,upfolded,1.27154,4.325503e-02,1.647456e-02
polar,heavy,upfolded,1.27404,4.303999e-02,1.640620e-02
polar,heavy,upfolded,1.27654,4.276641e-02,1.633828e-02
polar,heavy,upfolded,1.27903,4.242701e-02,1.627080e-02
polar,heavy,upfolded,1.28153,4.203675e-02,1.620376e-02
polar,heavy,upfolded,1.28403,4.162506e-02,1.613716e-02
polar,heavy,upfolded,1.28653,4.122332e-02,1.607098e-02
polar,heavy,upfolded,1.28903,4.085429e-02,1.600523e-02
polar,heavy,upfolded,1.29152,4.052812e-02,1.593989e-02
polar,heavy,upfolded,1.29402,4.024421e-02,1.587498e-02
polar,heavy,upfolded,1.29652,3.999508e-02,1.581048e-02
polar,heavy,upfolded,1.29902,3.976924e-02,1.574639e-02
polar,heavy,upfolded,1.30152,3.955322e-02,1.568270e-02
polar,heavy,upfolded,1.30401,3.933418e-02,1.561941e-02
polar,heavy,upfolded,1.30651,3.910290e-02,1.555653e-02
polar,heavy,upfolded,1.30901,3.885578e-02,1.549404e-02
polar,heavy,upfolded,1.31151,3.859577e-02,1.543193e-02
polar,heavy,upfolded,1.31401,3.833226e-02,1.537022e-02
polar,heavy,upfolded,1.31650,3.807882e-02,1.530889e-02
polar,heavy,upfolded,1.31900,3.784857e-02,1.524794e-02
polar,heavy,upfolded,1.32150,3.764878e-02,1.518737e-02
polar,heavy,upfolded,1.32400,3.747804e-02,1.512717e-02
polar,heavy,upfolded,1.32650,3.732776e-02,1.506735e-02
polar,heavy,upfolded,1.32900,3.718751e-02,1.500789e-02
polar,heavy,upfolded,1.33149,3.705114e-02,1.494879e-02
polar,heavy,upfolded,1.33399,3.691986e-02,1.489006e-02
polar,heavy,upfolded,1.33649,3.680075e-02,1.483168e-02
polar,heavy,upfolded,1.33899,3.670185e-02,1.477366e-02
polar,heavy,upfolded,1.34149,3.662734e-02,1.471598e-02
polar,heavy,upfolded,1.34398,3.657550e-02,1.465866e-02
polar,heavy,upfolded,1.34648,3.653962e-02,1.460169e-02
polar,heavy,upfolded,1.34898,3.651007e-02,1.454505e-02
polar,heavy,upfolded,1.35148,3.647515e-02,1.448876e-02
polar,heavy,upfolded,1.35398,3.642038e-02,1.443280e-02
polar,heavy,upfolded,1.35647,3.632729e-02,1.437718e-02
polar,heavy,upfolded,1.35897,3.617376e-02,1.432188e-02
polar,heavy,upfolded,1.36147,3.593680e-02,1.426692e-02
polar,heavy,upfolded,1.36397,3.559684e-02,1.421228e-02
polar,heavy,upfolded,1.36647,3.514078e-02,1.415797e-02
polar,heavy,upfolded,1.36897,3.456181e-02,1.410397e-02
polar,heavy,upfolded,1.37146,3.385805e-02,1.405030e-02
polar,heavy,upfolded,1.37396,3.303255e-02,1.399693e-02
polar,heavy,upfolded,1.37646,3.209547e-02,1.394388e-02
polar,heavy,upfolded,1.37896,3.106646e-02,1.389115e-02
polar,heavy,upfolded,1.38146,2.997501e-02,1.383871e-02
polar,heavy,upfolded,1.38395,2.885771e-02,1.378659e-02
polar,heavy,upfolded,1.38645,2.775260e-02,1.373476e-02
polar,heavy,upfolded,1.38895,2.669279e-02,1.368323e-02
polar,heavy,upfolded,1.39145,2.570201e-02,1.363201e-02
polar,heavy,upfolded,1.39395,2.479338e-02,1.358107e-02
polar,heavy,upfolded,1.39644,2.397098e-02,1.353043e-02
polar,heavy,upfolded,1.39894,2.323244e-02,1.348008e-02
polar,heavy,upfolded,1.40144,2.257164e-02,1.343002e-02
polar,heavy,upfolded,1.40394,2.198071e-02,1.338025e-02
polar,heavy,upfolded,1.40644,2.145141e-02,1.333075e-02
polar,heavy,upfolded,1.40893,2.097583e-02,1.328154e-02
polar,heavy,upfolded,1.41143,2.054679e-02,1.323261e-02
polar,heavy,upfolded,1.41393,2.015799e-02,1.318396e-02
polar,heavy,upfolded,1.41643,1.980396e-02,1.313558e-02
polar,heavy,upfolded,1.41893,1.948002e-02,1.308747e-02
polar,heavy,upfolded,1.42143,1.918220e-02,1.303963e-02
polar,heavy,upfolded,1.42392,1.890714e-02,1.299206e-02
polar,heavy,upfolded,1.42642,1.865195e-02,1.294476e-02
polar,heavy,upfolded,1.42892,1.841422e-02,1.289772e-02
polar,heavy,upfolded,1.43142,1.819188e-02,1.285094e-02
polar,heavy,upfolded,1.43392,1.798317e-02,1.280442e-02
polar,heavy,upfolded,1.43641,1.778656e-02,1.275816e-02
polar,heavy,upfolded,1.43891,1.760077e-02,1.271216e-02
polar,heavy,upfolded,1.44141,1.742467e-02,1.266641e-02
polar,heavy,upfolded,1.44391,1.725730e-02,1.262092e-02
polar,heavy,upfolded,1.44641,1.709781e-02,1.257567e-02
polar,heavy,upfolded,1.44890,1.694548e-02,1.253067e-02
polar,heavy,upfolded,1.45140,1.679966e-02,1.248592e-02
polar,heavy,upfolded,1.45390,1.665979e-02,1.244141e-02
polar,heavy,upfolded,1.45640,1.652538e-02,1.239715e-02
polar,heavy,upfolded,1.45890,1.639600e-02,1.235313e-02
polar,heavy,upfolded,1.46139,1.627126e-02,1.230934e-02
polar,heavy,upfolded,1.46389,1.615082e-02,1.226580e-02
polar,heavy,upfolded,1.46639,1.603437e-02,1.222248e-02
polar,heavy,upfolded,1.46889,1.592165e-02,1.217941e-02
polar,heavy,upfolded,1.47139,1.581243e-02,1.213656e-02
polar,heavy,upfolded,1.47389,1.570648e-02,1.209395e-02
polar,heavy,upfolded,1.47638,1.560363e-02,1.205156e-02
polar,heavy,upfolded,1.47888,1.550369e-02,1.200940e-02
polar,heavy,upfolded,1.48138,1.540653e-02,1.196747e-02
polar,heavy,upfolded,1.48388,1.531201e-02,1.192576e-02
polar,heavy,upfolded,1.48638,1.522002e-02,1.188427e-02
polar,heavy,upfolded,1.48887,1.513047e-02,1.184300e-02
polar,heavy,upfolded,1.49137,1.504326e-02,1.180196e-02
polar,heavy,upfolded,1.49387,1.495832e-02,1.176112e-02
polar,heavy,upfolded,1.49637,1.487561e-02,1.172051e-02
polar,heavy,upfolded,1.49887,1.479507e-02,1.168011e-02
polar,heavy,upfolded,1.50136,1.471668e-02,1.163992e-02
polar,heavy,upfolded,1.50386,1.464044e-02,1.159994e-02
polar,heavy,upfolded,1.50636,1.456633e-02,1.156017e-02
polar,heavy,upfolded,1.50886,1.449439e-02,1.152061e-02
polar,heavy,upfolded,1.51136,1.442466e-02,1.148126e-02
polar,heavy,upfolded,1.51386,1.435720e-02,1.144211e-02
polar,heavy,upfolded,1.51635,1.429210e-02,1.140316e-02
polar,heavy,upfolded,1.51885,1.422948e-02,1.136442e-02
polar,heavy,upfolded,1.52135,1.416949e-02,1.132587e-02
polar,heavy,upfolded,1.52385,1.411232e-02,1.128753e-02
polar,heavy,upfolded,1.52635,1.405821e-02,1.124939e-02
polar,heavy,upfolded,1.52884,1.400744e-02,1.121144e-02
polar,heavy,upfolded,1.53134,1.396036e-02,1.117368e-02
polar,heavy,upfolded,1.53384,1.391735e-02,1.113612e-02
polar,heavy,upfolded,1.53634,1.387885e-02,1.109875e-02
polar,heavy,upfolded,1.53884,1.384529e-02,1.106158e-02
polar,heavy,upfolded,1.54133,1.381710e-02,1.102459e-02
polar,heavy,upfolded,1.54383,1.379457e-02,1.098779e-02
polar,heavy,upfolded,1.54633,1.377777e-02,1.095118e-02
polar,heavy,upfolded,1.54883,1.376639e-02,1.091475e-02
polar,heavy,upfolded,1.55133,1.375958e-02,1.087851e-02
polar,heavy,upfolded,1.55382,1.375595e-02,1.084245e-02
polar,heavy,upfolded,1.55632,1.375362e-02,1.080658e-02
polar,heavy,upfolded,1.55882,1.375045e-02,1.077088e-02
polar,heavy,upfolded,1.56132,1.374434e-02,1.073536e-02
polar,heavy,upfolded,1.56382,1.373354e-02,1.070002e-02
polar,heavy,upfolded,1.56632,1.371695e-02,1.066486e-02
polar,heavy,upfolded,1.56881,1.369432e-02,1.062988e-02
polar,heavy,upfolded,1.57131,1.366605e-02,1.059507e-02
polar,heavy,upfolded,1.57381,1.363275e-02,1.056043e-02
polar,heavy,upfolded,1.57631,1.359470e-02,1.052596e-02
polar,heavy,upfolded,1.57881,1.355173e-02,1.049167e-02
polar,heavy,upfolded,1.58130,1.350364e-02,1.045755e-02
polar,heavy,upfolded,1.58380,1.345071e-02,1.042359e-02
polar,heavy,upfolded,1.58630,1.339395e-02,1.038980e-02
polar,heavy,upfolded,1.58880,1.333490e-02,1.035618e-02
polar,heavy,upfolded,1.59130,1.327501e-02,1.032273e-02
polar,heavy,upfolded,1.59379,1.321519e-02,1.028943e-02
polar,heavy,upfolded,1.59629,1.315559e-02,1.025630e-02
polar,heavy,upfolded,1.59879,1.309599e-02,1.022334e-02
polar,heavy,upfolded,1.60129,1.303631e-02,1.019053e-02
polar,heavy,upfolded,1.60379,1.297695e-02,1.015789e-02
polar,heavy,upfolded,1.60629,1.291888e-02,1.012540e-02
polar,heavy,upfolded,1.60878,1.286345e-02,1.009307e-02
polar,heavy,upfolded,1.61128,1.281214e-02,1.006090e-02
polar,heavy,upfolded,1.61378,1.276628e-02,1.002888e-02
polar,heavy,upfolded,1.61628,1.272698e-02,9.997023e-03
polar,heavy,upfolded,1.61878,1.269495e-02,9.965315e-03
polar,heavy,upfolded,1.62127,1.267053e-02,9.933760e-03
polar,heavy,upfolded,1.62377,1.265356e-02,9.902357e-03
polar,heavy,upfolded,1.62627,1.264328e-02,9.871105e-03
polar,heavy,upfolded,1.62877,1.263835e-02,9.840002e-03
polar,heavy,upfolded,1.63127,1.263691e-02,9.809048e-03
polar,heavy,upfolded,1.63376,1.263694e-02,9.778242e-03
polar,heavy,upfolded,1.63626,1.263661e-02,9.747583e-03
polar,heavy,upfolded,1.63876,1.263457e-02,9.717069e-03
polar,heavy,upfolded,1.64126,1.263001e-02,9.686701e-03
polar,heavy,upfolded,1.64376,1.262253e-02,9.656477e-03
polar,heavy,upfolded,1.64625,1.261195e-02,9.626395e-03
polar,heavy,upfolded,1.64875,1.259814e-02,9.596456e-03
polar,heavy,upfolded,1.65125,1.258099e-02,9.566659e-03
polar,heavy,upfolded,1.65375,1.256039e-02,9.537001e-03
polar,heavy,upfolded,1.65625,1.253638e-02,9.507483e-03
polar,heavy,upfolded,1.65875,1.250915e-02,9.478104e-03
polar,heavy,upfolded,1.66124,1.247912e-02,9.448863e-03
polar,heavy,upfolded,1.66374,1.244683e-02,9.419758e-03
polar,heavy,upfolded,1.66624,1.241272e-02,9.390789e-03
polar,heavy,upfolded,1.66874,1.237707e-02,9.361955e-03
polar,heavy,upfolded,1.67124,1.233991e-02,9.333256e-03
polar,heavy,upfolded,1.67373,1.230128e-02,9.304690e-03
polar,heavy,upfolded,1.67623,1.226128e-02,9.276257e-03
polar,heavy,upfolded,1.67873,1.222021e-02,9.247955e-03
polar,heavy,upfolded,1.68123,1.217843e-02,9.219784e-03
polar,heavy,upfolded,1.68373,1.213638e-02,9.191743e-03
polar,heavy,upfolded,1.68622,1.209454e-02,9.163832e-03
polar,heavy,upfolded,1.68872,1.205339e-02,9.136049e-03
polar,heavy,upfolded,1.69122,1.201336e-02,9.108394e-03
polar,heavy,upfolded,1.69372,1.197485e-02,9.080866e-03
polar,heavy,upfolded,1.69622,1.193822e-02,9.053463e-03
polar,heavy,upfolded,1.69871,1.190388e-02,9.026186e-03
polar,heavy,upfolded,1.70121,1.187222e-02,8.999034e-03
polar,heavy,upfolded,1.70371,1.184349e-02,8.972005e-03
polar,heavy,upfolded,1.70621,1.181764e-02,8.945100e-03
polar,heavy,upfolded,1.70871,1.179401e-02,8.918316e-03
polar,heavy,upfolded,1.71121,1.177109e-02,8.891654e-03
polar,heavy,upfolded,1.71370,1.174639e-02,8.865113e-03
polar,heavy,upfolded,1.71620,1.171662e-02,8.838692e-03
polar,heavy,upfolded,1.71870,1.167822e-02,8.812390e-03
polar,heavy,upfolded,1.72120,1.162806e-02,8.786207e-03
polar,heavy,upfolded,1.72370,1.156422e-02,8.760142e-03
polar,heavy,upfolded,1.72619,1.148649e-02,8.734193e-03
polar,heavy,upfolded,1.72869,1.139641e-02,8.708362e-03
polar,heavy,upfolded,1.73119,1.129691e-02,8.682645e-03
polar,heavy,upfolded,1.73369,1.119158e-02,8.657044e-03
polar,heavy,upfolded,1.73619,1.108407e-02,8.631557e-03
polar,heavy,upfolded,1.73868,1.097755e-02,8.606184e-03
polar,heavy,upfolded,1.74118,1.087456e-02,8.580924e-03
polar,heavy,upfolded,1.74368,1.077698e-02,8.555776e-03
polar,heavy,upfolded,1.74618,1.068611e-02,8.530739e-03
polar,heavy,upfolded,1.74868,1.060267e-02,8.505814e-03
polar,heavy,upfolded,1.75118,1.052690e-02,8.480998e-03
polar,heavy,upfolded,1.75367,1.045856e-02,8.456292e-03
polar,heavy,upfolded,1.75617,1.039702e-02,8.431696e-03
polar,heavy,upfolded,1.75867,1.034140e-02,8.407207e-03
polar,heavy,upfolded,1.76117,1.029073e-02,8.382826e-03
polar,heavy,upfolded,1.76367,1.024413e-02,8.358552e-03
polar,heavy,upfolded,1.76616,1.020094e-02,8.334385e-03
polar,heavy,upfolded,1.76866,1.016065e-02,8.310323e-03
polar,heavy,upfolded,1.77116,1.012283e-02,8.286367e-03
polar,heavy,upfolded,1.77366,1.008694e-02,8.262515e-03
polar,heavy,upfolded,1.77616,1.005232e-02,8.238766e-03
polar,heavy,upfolded,1.77865,1.001837e-02,8.215121e-03
polar,heavy,upfolded,1.78115,9.984670e-03,8.191579e-03
polar,heavy,upfolded,1.78365,9.951096e-03,8.168139e-03
polar,heavy,upfolded,1.78615,9.917739e-03,8.144800e-03
polar,heavy,upfolded,1.78865,9.884687e-03,8.121562e-03
polar,heavy,upfolded,1.79114,9.851844e-03,8.098425e-03
polar,heavy,upfolded,1.79364,9.818901e-03,8.075387e-03
polar,heavy,upfolded,1.79614,9.785494e-03,8.052448e-03
polar,heavy,upfolded,1.79864,9.751413e-03,8.029608e-03
polar,heavy,upfolded,1.80114,9.716692e-03,8.006866e-03
polar,heavy,upfolded,1.80364,9.681522e-03,7.984221e-03
polar,heavy,upfolded,1.80613,9.646049e-03,7.961673e-03
polar,heavy,upfolded,1.80863,9.610229e-03,7.939222e-03
polar,heavy,upfolded,1.81113,9.573844e-03,7.916866e-03
polar,heavy,upfolded,1.81363,9.536659e-03,7.894605e-03
polar,heavy,upfolded,1.81613,9.498583e-03,7.872439e-03
polar,heavy,upfolded,1.81862,9.459690e-03,7.850367e-03
polar,heavy,upfolded,1.82112,9.420089e-03,7.828389e-03
polar,heavy,upfolded,1.82362,9.379792e-03,7.806504e-03
polar,heavy,upfolded,1.82612,9.338677e-03,7.784711e-03
polar,heavy,upfolded,1.82862,9.296582e-03,7.763010e-03
polar,heavy,upfolded,1.83111,9.253406e-03,7.741401e-03
polar,heavy,upfolded,1.83361,9.209132e-03,7.719882e-03
polar,heavy,upfolded,1.83611,9.163758e-03,7.698454e-03
polar,heavy,upfolded,1.83861,9.117232e-03,7.677116e-03
polar,heavy,upfolded,1.84111,9.069463e-03,7.655868e-03
polar,heavy,upfolded,1.84361,9.020376e-03,7.634708e-03
polar,heavy,upfolded,1.84610,8.969949e-03,7.613636e-03
polar,heavy,upfolded,1.84860,8.918219e-03,7.592653e-03
polar,heavy,upfolded,1.85110,8.865281e-03,7.571757e-03
polar,heavy,upfolded,1.85360,8.811319e-03,7.550947e-03
polar,heavy,upfolded,1.85610,8.756637e-03,7.530225e-03
polar,heavy,upfolded,1.85859,8.701677e-03,7.509588e-03
polar,heavy,upfolded,1.86109,8.646991e-03,7.489036e-03
polar,heavy,upfolded,1.86359,8.593185e-03,7.468570e-03
polar,heavy,upfolded,1.86609,8.540830e-03,7.448188e-03
polar,heavy,upfolded,1.86859,8.490380e-03,7.427890e-03
polar,heavy,upfolded,1.87108,8.442118e-03,7.407676e-03
polar,heavy,upfolded,1.87358,8.396154e-03,7.387545e-03
polar,heavy,upfolded,1.87608,8.352456e-03,7.367497e-03
polar,heavy,upfolded,1.87858,8.310894e-03,7.347530e-03
polar,heavy,upfolded,1.88108,8.271287e-03,7.327646e-03
polar,heavy,upfolded,1.88357,8.233434e-03,7.307843e-03
polar,heavy,upfolded,1.88607,8.197137e-03,7.288120e-03
polar,heavy,upfolded,1.88857,8.162212e-03,7.268478e-03
polar,heavy,upfolded,1.89107,8.128495e-03,7.248916e-03
polar,heavy,upfolded,1.89357,8.095842e-03,7.229434e-03
polar,heavy,upfolded,1.89607,8.064128e-03,7.210030e-03
polar,heavy,upfolded,1.89856,8.033247e-03,7.190705e-03
polar,heavy,upfolded,1.90106,8.003107e-03,7.171459e-03
polar,heavy,upfolded,1.90356,7.973630e-03,7.152290e-03
polar,heavy,upfolded,1.90606,7.944750e-03,7.133199e-03
polar,heavy,upfolded,1.90856,7.916410e-03,7.114185e-03
polar,heavy,upfolded,1.91105,7.888561e-03,7.095247e-03
polar,heavy,upfolded,1.91355,7.861160e-03,7.076385e-03
polar,heavy,upfolded,1.91605,7.834171e-03,7.057599e-03
polar,heavy,upfolded,1.91855,7.807562e-03,7.038888e-03
polar,heavy,upfolded,1.92105,7.781306e-03,7.020253e-03
polar,heavy,upfolded,1.92354,7.755377e-03,7.001691e-03
polar,heavy,upfolded,1.92604,7.729756e-03,6.983204e-03
polar,heavy,upfolded,1.92854,7.704422e-03,6.964791e-03
polar,heavy,upfolded,1.93104,7.679359e-03,6.946450e-03
polar,heavy,upfolded,1.93354,7.654552e-03,6.928183e-03
polar,heavy,upfolded,1.93603,7.629988e-03,6.909988e-03
polar,heavy,upfolded,1.93853,7.605655e-03,6.891866e-03
polar,heavy,upfolded,1.94103,7.581543e-03,6.873815e-03
polar,heavy,upfolded,1.94353,7.557641e-03,6.855836e-03
polar,heavy,upfolded,1.94603,7.533940e-03,6.837927e-03
polar,heavy,upfolded,1.94853,7.510434e-03,6.820089e-03
polar,heavy,upfolded,1.95102,7.487114e-03,6.802322e-03
polar,heavy,upfolded,1.95352,7.463974e-03,6.784624e-03
polar,heavy,upfolded,1.95602,7.441008e-03,6.766996e-03
polar,heavy,upfolded,1.95852,7.418210e-03,6.749436e-03
polar,heavy,upfolded,1.96102,7.395575e-03,6.731946e-03
polar,heavy,upfolded,1.96351,7.373099e-03,6.714524e-03
polar,heavy,upfolded,1.96601,7.350777e-03,6.697170e-03
polar,heavy,upfolded,1.96851,7.328604e-03,6.679884e-03
polar,heavy,upfolded,1.97101,7.306578e-03,6.662665e-03
polar,heavy,upfolded,1.97351,7.284694e-03,6.645513e-03
polar,heavy,upfolded,1.97600,7.262949e-03,6.628428e-03
polar,heavy,upfolded,1.97850,7.241341e-03,6.611409e-03
polar,heavy,upfolded,1.98100,7.219865e-03,6.594456e-03
polar,heavy,upfolded,1.98350,7.198520e-03,6.577569e-03
polar,heavy,upfolded,1.98600,7.177303e-03,6.560746e-03
polar,heavy,upfolded,1.98850,7.156212e-03,6.543989e-03
polar,heavy,upfolded,1.99099,7.135243e-03,6.527297e-03
polar,heavy,upfolded,1.99349,7.114395e-03,6.510668e-03
polar,heavy,upfolded,1.99599,7.093666e-03,6.494104e-03
polar,heavy,upfolded,1.99849,7.073054e-03,6.477603e-03
polar,heavy,upfolded,2.00099,7.052557e-03,6.461165e-03
polar,heavy,upfolded,2.00348,7.032173e-03,6.444790e-03
polar,heavy,upfolded,2.00598,7.011900e-03,6.428478e-03
polar,heavy,upfolded,2.00848,6.991737e-03,6.412228e-03
polar,heavy,upfolded,2.01098,6.971682e-03,6.396040e-03
polar,heavy,upfolded,2.01348,6.951735e-03,6.379914e-03
polar,heavy,upfolded,2.01597,6.931892e-03,6.363849e-03
polar,heavy,upfolded,2.01847,6.912153e-03,6.347845e-03
polar,heavy,upfolded,2.02097,6.892517e-03,6.331902e-03
polar,heavy,upfolded,2.02347,6.872982e-03,6.316019e-03
polar,heavy,upfolded,2.02597,6.853547e-03,6.300197e-03
polar,heavy,upfolded,2.02846,6.834211e-03,6.284434e-03
polar,heavy,upfolded,2.03096,6.814973e-03,6.268731e-03
polar,heavy,upfolded,2.03346,6.795831e-03,6.253086e-03
polar,heavy,upfolded,2.03596,6.776784e-03,6.237501e-03
polar,heavy,upfolded,2.03846,6.757832e-03,6.221974e-03
polar,heavy,upfolded,2.04096,6.738974e-03,6.206506e-03
polar,heavy,upfolded,2.04345,6.720207e-03,6.191095e-03
polar,heavy,upfolded,2.04595,6.701533e-03,6.175743e-03
polar,heavy,upfolded,2.04845,6.682948e-03,6.160447e-03
polar,heavy,upfolded,2.05095,6.664454e-03,6.145209e-03
polar,heavy,upfolded,2.05345,6.646048e-03,6.130028e-03
polar,heavy,upfolded,2.05594,6.627730e-03,6.114903e-03
polar,heavy,upfolded,2.05844,6.609498e-03,6.099834e-03
polar,heavy,upfolded,2.06094,6.591353e-03,6.084822e-03
polar,heavy,upfolded,2.06344,6.573294e-03,6.069865e-03
polar,heavy,upfolded,2.06594,6.555319e-03,6.054964e-03
polar,heavy,upfolded,2.06843,6.537428e-03,6.040117e-03
polar,heavy,upfolded,2.07093,6.519620e-03,6.025326e-03
polar,heavy,upfolded,2.07343,6.501894e-03,6.010589e-03
polar,heavy,upfolded,2.07593,6.484250e-03,5.995907e-03
polar,heavy,upfolded,2.07843,6.466687e-03,5.981279e-03
polar,heavy,upfolded,2.08092,6.449204e-03,5.966704e-03
polar,heavy,upfolded,2.08342,6.431801e-03,5.952183e-03
polar,heavy,upfolded,2.08592,6.414477e-03,5.937716e-03
polar,heavy,upfolded,2.08842,6.397230e-03,5.923301e-03
polar,heavy,upfolded,2.09092,6.380062e-03,5.908939e-03
polar,heavy,upfolded,2.09342,6.362971e-03,5.894630e-03
polar,heavy,upfolded,2.09591,6.345956e-03,5.880372e-03
polar,heavy,upfolded,2.09841,6.329017e-03,5.866167e-03
polar,heavy,upfolded,2.10091,6.312153e-03,5.852014e-03
polar,heavy,upfolded,2.10341,6.295363e-03,5.837912e-03
polar,heavy,upfolded,2.10591,6.278648e-03,5.823861e-03
polar,heavy,upfolded,2.10840,6.262006e-03,5.809861e-03
polar,heavy,upfolded,2.11090,6.245437e-03,5.795912e-03
polar,heavy,upfolded,2.11340,6.228941e-03,5.782014e-03
polar,heavy,upfolded,2.11590,6.212517e-03,5.768165e-03
polar,heavy,upfolded,2.11840,6.196163e-03,5.754367e-03
polar,heavy,upfolded,2.12089,6.179881e-03,5.740618e-03
polar,heavy,upfolded,2.12339,6.163669e-03,5.726919e-03
polar,heavy,upfolded,2.12589,6.147527e-03,5.713270e-03
polar,heavy,upfolded,2.12839,6.131454e-03,5.699669e-03
polar,heavy,upfolded,2.13089,6.115450e-03,5.686117e-03
polar,heavy,upfolded,2.13339,6.099514e-03,5.672613e-03
polar,heavy,upfolded,2.13588,6.083646e-03,5.659158e-03
polar,heavy,upfolded,2.13838,6.067845e-03,5.645751e-03
polar,heavy,upfolded,2.14088,6.052112e-03,5.632392e-03
polar,heavy,upfolded,2.14338,6.036444e-03,5.619081e-03
polar,heavy,upfolded,2.14588,6.020843e-03,5.605817e-03
polar,heavy,upfolded,2.14837,6.005308e-03,5.592600e-03
polar,heavy,upfolded,2.15087,5.989837e-03,5.579430e-03
polar,heavy,upfolded,2.15337,5.974431e-03,5.566307e-03
polar,heavy,upfolded,2.15587,5.959090e-03,5.553230e-03
polar,heavy,upfolded,2.15837,5.943812e-03,5.540199e-03
polar,heavy,upfolded,2.16086,5.928598e-03,5.527215e-03
polar,heavy,upfolded,2.16336,5.913447e-03,5.514277e-03
polar,heavy,upfolded,2.16586,5.898358e-03,5.501384e-03
polar,heavy,upfolded,2.16836,5.883331e-03,5.488536e-03
polar,heavy,upfolded,2.17086,5.868367e-03,5.475734e-03
polar,heavy,upfolded,2.17335,5.853463e-03,5.462977e-03
polar,heavy,upfolded,2.17585,5.838621e-03,5.450265e-03
polar,heavy,upfolded,2.17835,5.823839e-03,5.437597e-03
polar,heavy,upfolded,2.18085,5.809118e-03,5.424973e-03
polar,heavy,upfolded,2.18335,5.794456e-03,5.412394e-03
polar,heavy,upfolded,2.18585,5.779854e-03,5.399858e-03
polar,heavy,upfolded,2.18834,5.765311e-03,5.387367e-03
polar,heavy,upfolded,2.19084,5.750826e-03,5.374919e-03
polar,heavy,upfolded,2.19334,5.736400e-03,5.362514e-03
polar,heavy,upfolded,2.19584,5.722032e-03,5.350152e-03
polar,heavy,upfolded,2.19834,5.707722e-03,5.337833e-03
polar,heavy,upfolded,2.20083,5.693469e-03,5.325557e-03
polar,heavy,upfolded,2.20333,5.679273e-03,5.313324e-03
polar,heavy,upfolded,2.20583,5.665134e-03,5.301133e-03
polar,heavy,upfolded,2.20833,5.651050e-03,5.288984e-03
polar,heavy,upfolded,2.21083,5.637023e-03,5.276877e-03
polar,heavy,upfolded,2.21332,5.623052e-03,5.264811e-03
polar,heavy,upfolded,2.21582,5.609135e-03,5.252788e-03
polar,heavy,upfolded,2.21832,5.595274e-03,5.240805e-03
polar,heavy,upfolded,2.22082,5.581467e-03,5.228864e-03
polar,heavy,upfolded,2.22332,5.567714e-03,5.216964e-03
polar,heavy,upfolded,2.22582,5.554016e-03,5.205104e-03
polar,heavy,upfolded,2.22831,5.540371e-03,5.193285e-03
polar,heavy,upfolded,2.23081,5.526779e-03,5.181507e-03
polar,heavy,upfolded,2.23331,5.513241e-03,5.169769e-03
polar,heavy,upfolded,2.23581,5.499755e-03,5.158071e-03
polar,heavy,upfolded,2.23831,5.486321e-03,5.146412e-03
polar,heavy,upfolded,2.24080,5.472940e-03,5.134794e-03
polar,heavy,upfolded,2.24330,5.459610e-03,5.123215e-03
polar,heavy,upfolded,2.24580,5.446332e-03,5.111675e-03
polar,heavy,upfolded,2.24830,5.433106e-03,5.100174e-03
polar,heavy,upfolded,2.25080,5.419930e-03,5.088713e-03
polar,heavy,upfolded,2.25329,5.406805e-03,5.077290e-03
polar,heavy,upfolded,2.25579,5.393730e-03,5.065905e-03
polar,heavy,upfolded,2.25829,5.380705e-03,5.054560e-03
polar,heavy,upfolded,2.26079,5.367730e-03,5.043252e-03
polar,heavy,upfolded,2.26329,5.354804e-03,5.031983e-03
polar,heavy,upfolded,2.26578,5.341928e-03,5.020751e-03
polar,heavy,upfolded,2.26828,5.329101e-03,5.009557e-03
polar,heavy,upfolded,2.27078,5.316322e-03,4.998401e-03
polar,heavy,upfolded,2.27328,5.303592e-03,4.987282e-03
polar,heavy,upfolded,2.27578,5.290910e-03,4.976201e-03
polar,heavy,upfolded,2.27828,5.278276e-03,4.965156e-03
polar,heavy,upfolded,2.28077,5.265689e-03,4.954149e-03
polar,heavy,upfolded,2.28327,5.253150e-03,4.943178e-03
polar,heavy,upfolded,2.28577,5.240658e-03,4.932244e-03
polar,heavy,upfolded,2.28827,5.228213e-03,4.921346e-03
polar,heavy,upfolded,2.29077,5.215814e-03,4.910485e-03
polar,heavy,upfolded,2.29326,5.203462e-03,4.899659e-03
polar,heavy,upfolded,2.29576,5.191155e-03,4.888870e-03
polar,heavy,upfolded,2.29826,5.178895e-03,4.878116e-03
polar,heavy,upfolded,2.30076,5.166680e-03,4.867398e-03
polar,heavy,upfolded,2.30326,5.154511e-03,4.856715e-03
polar,heavy,upfolded,2.30575,5.142386e-03,4.846068e-03
polar,heavy,upfolded,2.30825,5.130307e-03,4.835455e-03
polar,heavy,upfolded,2.31075,5.118272e-03,4.824878e-03
polar,heavy,upfolded,2.31325,5.106281e-03,4.814336e-03
polar,heavy,upfolded,2.31575,5.094335e-03,4.803828e-03
polar,heavy,upfolded,2.31824,5.082432e-03,4.793355e-03
polar,heavy,upfolded,2.32074,5.070573e-03,4.782916e-03
polar,heavy,upfolded,2.32324,5.058758e-03,4.772511e-03
polar,heavy,upfolded,2.32574,5.046986e-03,4.762141e-03
polar,heavy,upfolded,2.32824,5.035257e-03,4.751804e-03
polar,heavy,upfolded,2.33074,5.023570e-03,4.741501e-03
polar,heavy,upfolded,2.33323,5.011926e-03,4.731232e-03
polar,heavy,upfolded,2.33573,5.000325e-03,4.720996e-03
polar,heavy,upfolded,2.33823,4.988765e-03,4.710794e-03
polar,heavy,upfolded,2.34073,4.977248e-03,4.700625e-03
polar,heavy,upfolded,2.34323,4.965772e-03,4.690489e-03
polar,heavy,upfolded,2.34572,4.954337e-03,4.680385e-03
polar,heavy,upfolded,2.34822,4.942944e-03,4.670315e-03
polar,heavy,upfolded,2.35072,4.931592e-03,4.660277e-03
polar,heavy,upfolded,2.35322,4.920281e-03,4.650272e-03
polar,heavy,upfolded,2.35572,4.909010e-03,4.640299e-03
polar,heavy,upfolded,2.35821,4.897780e-03,4.630358e-03
polar,heavy,upfolded,2.36071,4.886589e-03,4.620449e-03
polar,heavy,upfolded,2.36321,4.875439e-03,4.610572e-03
polar,heavy,upfolded,2.36571,4.864329e-03,4.600727e-03
polar,heavy,upfolded,2.36821,4.853258e-03,4.590913e-03
polar,heavy,upfolded,2.37071,4.842226e-03,4.581131e-03
polar,heavy,upfolded,2.37320,4.831234e-03,4.571381e-03
polar,heavy,upfolded,2.37570,4.820281e-03,4.561662e-03
polar,heavy,upfolded,2.37820,4.809366e-03,4.551973e-03
polar,heavy,upfolded,2.38070,4.798490e-03,4.542316e-03
polar,heavy,upfolded,2.38320,4.787653e-03,4.532689e-03
polar,heavy,upfolded,2.38569,4.776853e-03,4.523094e-03
polar,heavy,upfolded,2.38819,4.766092e-03,4.513529e-03
polar,heavy,upfolded,2.39069,4.755368e-03,4.503994e-03
polar,heavy,upfolded,2.39319,4.744683e-03,4.494489e-03
polar,heavy,upfolded,2.39569,4.734034e-03,4.485015e-03
polar,heavy,upfolded,2.39818,4.723423e-03,4.475571e-03
polar,heavy,upfolded,2.40068,4.712849e-03,4.466157e-03
polar,heavy,upfolded,2.40318,4.702312e-03,4.456772e-03
polar,heavy,upfolded,2.40568,4.691811e-03,4.447417e-03
polar,heavy,upfolded,2.40818,4.681347e-03,4.438092e-03
polar,heavy,upfolded,2.41067,4.670920e-03,4.428796e-03
polar,heavy,upfolded,2.41317,4.660528e-03,4.419530e-03
polar,heavy,upfolded,2.41567,4.650173e-03,4.410293e-03
polar,heavy,upfolded,2.41817,4.639853e-03,4.401084e-03
polar,heavy,upfolded,2.42067,4.629569e-03,4.391905e-03
polar,heavy,upfolded,2.42317,4.619321e-03,4.382754e-03
polar,heavy,upfolded,2.42566,4.609108e-03,4.373633e-03
polar,heavy,upfolded,2.42816,4.598930e-03,4.364539e-03
polar,heavy,upfolded,2.43066,4.588787e-03,4.355475e-03
polar,heavy,upfolded,2.43316,4.578679e-03,4.346438e-03
polar,heavy,upfolded,2.43566,4.568605e-03,4.337430e-03
polar,heavy,upfolded,2.43815,4.558566e-03,4.328450e-03
polar,heavy,upfolded,2.44065,4.548561e-03,4.319497e-03
polar,heavy,upfolded,2.44315,4.538590e-03,4.310573e-03
polar,heavy,upfolded,2.44565,4.528653e-03,4.301676e-03
polar,heavy,upfolded,2.44815,4.518750e-03,4.292807e-03
polar,heavy,upfolded,2.45064,4.508881e-03,4.283966e-03
polar,heavy,upfolded,2.45314,4.499045e-03,4.275152e-03
polar,heavy,upfolded,2.45564,4.489242e-03,4.266365e-03
polar,heavy,upfolded,2.45814,4.479473e-03,4.257605e-03
polar,heavy,upfolded,2.46064,4.469737e-03,4.248873e-03
polar,heavy,upfolded,2.46313,4.460033e-03,4.240167e-03
polar,heavy,upfolded,2.46563,4.450362e-03,4.231489e-03
polar,heavy,upfolded,2.46813,4.440724e-03,4.222837e-03
polar,heavy,upfolded,2.47063,4.431118e-03,4.214211e-03
polar,heavy,upfolded,2.47313,4.421544e-03,4.205612e-03
polar,heavy,upfolded,2.47563,4.412003e-03,4.197040e-03
polar,heavy,upfolded,2.47812,4.402493e-03,4.188493e-03
polar,heavy,upfolded,2.48062,4.393015e-03,4.179973e-03
polar,heavy,upfolded,2.48312,4.383569e-03,4.171479e-03
polar,heavy,upfolded,2.48562,4.374154e-03,4.163011e-03
polar,heavy,upfolded,2.48812,4.364771e-03,4.154569e-03
polar,heavy,upfolded,2.49061,4.355419e-03,4.146153e-03
polar,heavy,upfolded,2.49311,4.346098e-03,4.137762e-03
polar,heavy,upfolded,2.49561,4.336807e-03,4.129397e-03
polar,heavy,upfolded,2.49811,4.327548e-03,4.121057e-03
polar,heavy,upfolded,2.50061,4.318319e-03,4.112743e-03
polar,heavy,upfolded,2.50310,4.309121e-03,4.104454e-03
polar,heavy,upfolded,2.50560,4.299952e-03,4.096190e-03
polar,heavy,upfolded,2.50810,4.290815e-03,4.087951e-03
polar,heavy,upfolded,2.51060,4.281707e-03,4.079736e-03
polar,heavy,upfolded,2.51310,4.272629e-03,4.071547e-03
polar,heavy,upfolded,2.51560,4.263581e-03,4.063383e-03
polar,heavy,upfolded,2.51809,4.254562e-03,4.055243e-03
polar,heavy,upfolded,2.52059,4.245574e-03,4.047127e-03
polar,heavy,upfolded,2.52309,4.236614e-03,4.039036e-03
polar,heavy,upfolded,2.52559,4.227684e-03,4.030970e-03
polar,heavy,upfolded,2.52809,4.218783e-03,4.022927e-03
polar,heavy,upfolded,2.53058,4.209910e-03,4.014909e-03
polar,heavy,upfolded,2.53308,4.201067e-03,4.006915e-03
polar,heavy,upfolded,2.53558,4.192252e-03,3.998945e-03
polar,heavy,upfolded,2.53808,4.183466e-03,3.990998e-03
polar,heavy,upfolded,2.54058,4.174709e-03,3.983076e-03
polar,heavy,upfolded,2.54307,4.165980e-03,3.975177e-03
polar,heavy,upfolded,2.54557,4.157279e-03,3.967301e-03
polar,heavy,upfolded,2.54807,4.148606e-03,3.959449e-03
polar,heavy,upfolded,2.55057,4.139961e-03,3.951621e-03
polar,heavy,upfolded,2.55307,4.131344e-03,3.943815e-03
polar,heavy,upfolded,2.55556,4.122754e-03,3.936033e-03
polar,heavy,upfolded,2.55806,4.114192e-03,3.928274e-03
polar,heavy,upfolded,2.56056,4.105658e-03,3.920538e-03
polar,heavy,upfolded,2.56306,4.097151e-03,3.912825e-03
polar,heavy,upfolded,2.56556,4.088671e-03,3.905135e-03
polar,heavy,upfolded,2.56806,4.080218e-03,3.897467e-03
polar,heavy,upfolded,2.57055,4.071792e-03,3.889822e-03
polar,heavy,upfolded,2.57305,4.063393e-03,3.882200e-03
polar,heavy,upfolded,2.57555,4.055021e-03,3.874600e-03
polar,heavy,upfolded,2.57805,4.046676e-03,3.867023e-03
polar,heavy,upfolded,2.58055,4.038357e-03,3.859467e-03
polar,heavy,upfolded,2.58304,4.030064e-03,3.851934e-03
polar,heavy,upfolded,2.58554,4.021797e-03,3.844423e-03
polar,heavy,upfolded,2.58804,4.013557e-03,3.836934e-03
polar,heavy,upfolded,2.59054,4.005343e-03,3.829468e-03
polar,heavy,upfolded,2.59304,3.997155e-03,3.822022e-03
polar,heavy,upfolded,2.59553,3.988992e-03,3.814599e-03
polar,heavy,upfolded,2.59803,3.980855e-03,3.807197e-03
polar,heavy,upfolded,2.60053,3.972744e-03,3.799817e-03
polar,heavy,upfolded,2.60303,3.964659e-03,3.792459e-03
polar,heavy,upfolded,2.60553,3.956598e-03,3.785122e-03
polar,heavy,upfolded,2.60803,3.948563e-03,3.777806e-03
polar,heavy,upfolded,2.61052,3.940553e-03,3.770512e-03
polar,heavy,upfolded,2.61302,3.932568e-03,3.763238e-03
polar,heavy,upfolded,2.61552,3.924608e-03,3.755986e-03
polar,heavy,upfolded,2.61802,3.916673e-03,3.748755e-03
polar,heavy,upfolded,2.62052,3.908763e-03,3.741545e-03
polar,heavy,upfolded,2.62301,3.900877e-03,3.734355e-03
polar,heavy,upfolded,2.62551,3.893015e-03,3.727186e-03
polar,heavy,upfolded,2.62801,3.885178e-03,3.720039e-03
polar,heavy,upfolded,2.63051,3.877366e-03,3.712911e-03
polar,heavy,upfolded,2.63301,3.869577e-03,3.705804e-03
polar,heavy,upfolded,2.63550,3.861813e-03,3.698718e-03
polar,heavy,upfolded,2.63800,3.854073e-03,3.691652e-03
polar,heavy,upfolded,2.64050,3.846356e-03,3.684607e-03
polar,heavy,upfolded,2.64300,3.838663e-03,3.677581e-03
polar,heavy,upfolded,2.64550,3.830994e-03,3.670576e-03
polar,heavy,upfolded,2.64799,3.823349e-03,3.663591e-03
polar,heavy,upfolded,2.65049,3.815727e-03,3.656625e-03
polar,heavy,upfolded,2.65299,3.808128e-03,3.649680e-03
polar,heavy,upfolded,2.65549,3.800553e-03,3.642754e-03
polar,heavy,upfolded,2.65799,3.793001e-03,3.635849e-03
polar,heavy,upfolded,2.66049,3.785472e-03,3.628963e-03
polar,heavy,upfolded,2.66298,3.777966e-03,3.622096e-03
polar,heavy,upfolded,2.66548,3.770482e-03,3.615249e-03
polar,heavy,upfolded,2.66798,3.763022e-03,3.608422e-03
polar,heavy,upfolded,2.67048,3.755584e-03,3.601614e-03
polar,heavy,upfolded,2.67298,3.748169e-03,3.594825e-03
polar,heavy,upfolded,2.67547,3.740777e-03,3.588056e-03
polar,heavy,upfolded,2.67797,3.733407e-03,3.581305e-03
polar,heavy,upfolded,2.68047,3.726059e-03,3.574574e-03
polar,heavy,upfolded,2.68297,3.718733e-03,3.567862e-03
polar,heavy,upfolded,2.68547,3.711430e-03,3.561169e-03
polar,heavy,upfolded,2.68796,3.704148e-03,3.554494e-03
polar,heavy,upfolded,2.69046,3.696889e-03,3.547839e-03
polar,heavy,upfolded,2.69296,3.689651e-03,3.541202e-03
polar,heavy,upfolded,2.69546,3.682435e-03,3.534584e-03
polar,heavy,upfolded,2.69796,3.675241e-03,3.527984e-03
polar,heavy,upfolded,2.70045,3.668068e-03,3.521403e-03
polar,heavy,upfolded,2.70295,3.660917e-03,3.514840e-03
polar,heavy,upfolded,2.70545,3.653788e-03,3.508296e-03
polar,heavy,upfolded,2.70795,3.646679e-03,3.501770e-03
polar,heavy,upfolded,2.71045,3.639592e-03,3.495263e-03
polar,heavy,upfolded,2.71295,3.632526e-03,3.488773e-03
polar,heavy,upfolded,2.71544,3.625481e-03,3.482302e-03
polar,heavy,upfolded,2.71794,3.618457e-03,3.475849e-03
polar,heavy,upfolded,2.72044,3.611454e-03,3.469413e-03
polar,heavy,upfolded,2.72294,3.604472e-03,3.462996e-03
polar,heavy,upfolded,2.72544,3.597511e-03,3.456596e-03
polar,heavy,upfolded,2.72793,3.590570e-03,3.450214e-03
polar,heavy,upfolded,2.73043,3.583649e-03,3.443850e-03
polar,heavy,upfolded,2.73293,3.576750e-03,3.437504e-03
polar,heavy,upfolded,2.73543,3.569870e-03,3.431175e-03
polar,heavy,upfolded,2.73793,3.563011e-03,3.424864e-03
polar,heavy,upfolded,2.74042,3.556172e-03,3.418570e-03
polar,heavy,upfolded,2.74292,3.549353e-03,3.412293e-03
polar,heavy,upfolded,2.74542,3.542555e-03,3.406034e-03
polar,heavy,upfolded,2.74792,3.535776e-03,3.399792e-03
polar,heavy,upfolded,2.75042,3.529017e-03,3.393568e-03
polar,heavy,upfolded,2.75292,3.522278e-03,3.387360e-03
polar,heavy,upfolded,2.75541,3.515559e-03,3.381170e-03
polar,heavy,upfolded,2.75791,3.508859e-03,3.374996e-03
polar,heavy,upfolded,2.76041,3.502179e-03,3.368840e-03
polar,heavy,upfolded,2.76291,3.495518e-03,3.362700e-03
polar,heavy,upfolded,2.76541,3.488877e-03,3.356577e-03
polar,heavy,upfolded,2.76790,3.482255e-03,3.350471e-03
polar,heavy,upfolded,2.77040,3.475653e-03,3.344382e-03
polar,heavy,upfolded,2.77290,3.469070e-03,3.338309e-03
polar,heavy,upfolded,2.77540,3.462505e-03,3.332253e-03
polar,heavy,upfolded,2.77790,3.455960e-03,3.326213e-03
polar,heavy,upfolded,2.78039,3.449434e-03,3.320190e-03
polar,heavy,upfolded,2.78289,3.442927e-03,3.314183e-03
polar,heavy,upfolded,2.78539,3.436438e-03,3.308193e-03
polar,heavy,upfolded,2.78789,3.429968e-03,3.302218e-03
polar,heavy,upfolded,2.79039,3.423517e-03,3.296260e-03
polar,heavy,upfolded,2.79288,3.417085e-03,3.290319e-03
polar,heavy,upfolded,2.79538,3.410671e-03,3.284393e-03
polar,heavy,upfolded,2.79788,3.404275e-03,3.278483e-03
polar,heavy,upfolded,2.80038,3.397898e-03,3.272589e-03
polar,heavy,upfolded,2.80288,3.391539e-03,3.266712e-03
polar,heavy,upfolded,2.80538,3.385198e-03,3.260850e-03
polar,heavy,upfolded,2.80787,3.378876e-03,3.255004e-03
polar,heavy,upfolded,2.81037,3.372571e-03,3.249173e-03
polar,heavy,upfolded,2.81287,3.366285e-03,3.243359e-03
polar,heavy,upfolded,2.81537,3.360016e-03,3.237560e-03
polar,heavy,upfolded,2.81787,3.353766e-03,3.231776e-03
polar,heavy,upfolded,2.82036,3.347533e-03,3.226008e-03
polar,heavy,upfolded,2.82286,3.341318e-03,3.220256e-03
polar,heavy,upfolded,2.82536,3.335120e-03,3.214519e-03
polar,heavy,upfolded,2.82786,3.328941e-03,3.208797e-03
polar,heavy,upfolded,2.83036,3.322778e-03,3.203091e-03
polar,heavy,upfolded,2.83285,3.316633e-03,3.197400e-03
polar,heavy,upfolded,2.83535,3.310506e-03,3.191724e-03
polar,heavy,upfolded,2.83785,3.304396e-03,3.186063e-03
polar,heavy,upfolded,2.84035,3.298303e-03,3.180418e-03
polar,heavy,upfolded,2.84285,3.292227e-03,3.174787e-03
polar,heavy,upfolded,2.84534,3.286169e-03,3.169171e-03
polar,heavy,upfolded,2.84784,3.280127e-03,3.163571e-03
polar,heavy,upfolded,2.85034,3.274103e-03,3.157985e-03
polar,heavy,upfolded,2.85284,3.268095e-03,3.152414e-03
polar,heavy,upfolded,2.85534,3.262105e-03,3.146858e-03
polar,heavy,upfolded,2.85784,3.256131e-03,3.141316e-03
polar,heavy,upfolded,2.86033,3.250174e-03,3.135789e-03
polar,heavy,upfolded,2.86283,3.244233e-03,3.130277e-03
polar,heavy,upfolded,2.86533,3.238309e-03,3.124779e-03
polar,heavy,upfolded,2.86783,3.232402e-03,3.119296e-03
polar,heavy,upfolded,2.87033,3.226511e-03,3.113828e-03
polar,heavy,upfolded,2.87282,3.220637e-03,3.108373e-03
polar,heavy,upfolded,2.87532,3.214779e-03,3.102933e-03
polar,heavy,upfolded,2.87782,3.208937e-03,3.097508e-03
polar,heavy,upfolded,2.88032,3.203111e-03,3.092096e-03
polar,heavy,upfolded,2.88282,3.197302e-03,3.086699e-03
polar,heavy,upfolded,2.88531,3.191509e-03,3.081316e-03
polar,heavy,upfolded,2.88781,3.185731e-03,3.075947e-03
polar,heavy,upfolded,2.89031,3.179970e-03,3.070593e-03
polar,heavy,upfolded,2.89281,3.174225e-03,3.065252e-03
polar,heavy,upfolded,2.89531,3.168495e-03,3.059925e-03
polar,heavy,upfolded,2.89781,3.162782e-03,3.054612e-03
polar,heavy,upfolded,2.90030,3.157084e-03,3.049313e-03
polar,heavy,upfolded,2.90280,3.151402e-03,3.044028e-03
polar,heavy,upfolded,2.90530,3.145735e-03,3.038756e-03
polar,heavy,upfolded,2.90780,3.140084e-03,3.033498e-03
polar,heavy,upfolded,2.91030,3.134449e-03,3.028254e-03
polar,heavy,upfolded,2.91279,3.128829e-03,3.023024e-03
polar,heavy,upfolded,2.91529,3.123224e-03,3.017807e-03
polar,heavy,upfolded,2.91779,3.117635e-03,3.012603e-03
polar,heavy,upfolded,2.92029,3.112061e-03,3.007413e-03
polar,heavy,upfolded,2.92279,3.106502e-03,3.002237e-03
polar,heavy,upfolded,2.92528,3.100958e-03,2.997074e-03
polar,heavy,upfolded,2.92778,3.095430e-03,2.991924e-03
polar,heavy,upfolded,2.93028,3.089916e-03,2.986788e-03
polar,heavy,upfolded,2.93278,3.084418e-03,2.981665e-03
polar,heavy,upfolded,2.93528,3.078934e-03,2.976555e-03
polar,heavy,upfolded,2.93777,3.073465e-03,2.971458e-03
polar,heavy,upfolded,2.94027,3.068012e-03,2.966374e-03
polar,heavy,upfolded,2.94277,3.062573e-03,2.961303e-03
polar,heavy,upfolded,2.94527,3.057148e-03,2.956246e-03
polar,heavy,upfolded,2.94777,3.051739e-03,2.951201e-03
polar,heavy,upfolded,2.95027,3.046344e-03,2.946170e-03
polar,heavy,upfolded,2.95276,3.040963e-03,2.941151e-03
polar,heavy,upfolded,2.95526,3.035597e-03,2.936145e-03
polar,heavy,upfolded,2.95776,3.030246e-03,2.931152e-03
polar,heavy,upfolded,2.96026,3.024909e-03,2.926171e-03
polar,heavy,upfolded,2.96276,3.019586e-03,2.921204e-03
polar,heavy,upfolded,2.96525,3.014277e-03,2.916249e-03
polar,heavy,upfolded,2.96775,3.008983e-03,2.911306e-03
polar,heavy,upfolded,2.97025,3.003703e-03,2.906376e-03
polar,heavy,upfolded,2.97275,2.998437e-03,2.901459e-03
polar,heavy,upfolded,2.97525,2.993186e-03,2.896554e-03
polar,heavy,upfolded,2.97774,2.987948e-03,2.891662e-03
polar,heavy,upfolded,2.98024,2.982724e-03,2.886782e-03
polar,heavy,upfolded,2.98274,2.977514e-03,2.881915e-03
polar,heavy,upfolded,2.98524,2.972318e-03,2.877060e-03
polar,heavy,upfolded,2.98774,2.967136e-03,2.872217e-03
polar,heavy,upfolded,2.99024,2.961968e-03,2.867386e-03
polar,heavy,upfolded,2.99273,2.956813e-03,2.862568e-03
polar,heavy,upfolded,2.99523,2.951672e-03,2.857761e-03
polar,heavy,upfolded,2.99773,2.946545e-03,2.852967e-03
polar,heavy,upfolded,3.00023,2.941432e-03,2.848185e-03
polar,heavy,upfolded,3.00273,2.936331e-03,2.843415e-03
polar,heavy,upfolded,3.00522,2.931245e-03,2.838657e-03
polar,heavy,upfolded,3.00772,2.926172e-03,2.833911e-03
polar,heavy,upfolded,3.01022,2.921112e-03,2.829177e-03
polar,heavy,upfolded,3.01272,2.916065e-03,2.824455e-03
polar,heavy,upfolded,3.01522,2.911032e-03,2.819745e-03
polar,heavy,upfolded,3.01771,2.906012e-03,2.815046e-03
polar,heavy,upfolded,3.02021,2.901005e-03,2.810359e-03
polar,heavy,upfolded,3.02271,2.896012e-03,2.805684e-03
polar,heavy,upfolded,3.02521,2.891031e-03,2.801021e-03
polar,heavy,upfolded,3.02771,2.886064e-03,2.796369e-03
polar,heavy,upfolded,3.03020,2.881110e-03,2.791729e-03
polar,heavy,upfolded,3.03270,2.876168e-03,2.787100e-03
polar,heavy,upfolded,3.03520,2.871240e-03,2.782483e-03
polar,heavy,upfolded,3.03770,2.866324e-03,2.777878e-03
polar,heavy,upfolded,3.04020,2.861421e-03,2.773283e-03
polar,heavy,upfolded,3.04270,2.856531e-03,2.768701e-03
polar,heavy,upfolded,3.04519,2.851654e-03,2.764129e-03
polar,heavy,upfolded,3.04769,2.846789e-03,2.759569e-03
polar,heavy,upfolded,3.05019,2.841937e-03,2.755021e-03
polar,heavy,upfolded,3.05269,2.837098e-03,2.750483e-03
polar,heavy,upfolded,3.05519,2.832271e-03,2.745957e-03
polar,heavy,upfolded,3.05768,2.827457e-03,2.741442e-03
polar,heavy,upfolded,3.06018,2.822655e-03,2.736938e-03
polar,heavy,upfolded,3.06268,2.817866e-03,2.732446e-03
polar,heavy,upfolded,3.06518,2.813089e-03,2.727964e-03
polar,heavy,upfolded,3.06768,2.808324e-03,2.723493e-03
polar,heavy,upfolded,3.07017,2.803572e-03,2.719034e-03
polar,heavy,upfolded,3.07267,2.798832e-03,2.714585e-03
polar,heavy,upfolded,3.07517,2.794104e-03,2.710147e-03
polar,heavy,upfolded,3.07767,2.789388e-03,2.705721e-03
polar,heavy,upfolded,3.08017,2.784685e-03,2.701305e-03
polar,heavy,upfolded,3.08266,2.779993e-03,2.696900e-03
polar,heavy,upfolded,3.08516,2.775314e-03,2.692505e-03
polar,heavy,upfolded,3.08766,2.770646e-03,2.688122e-03
polar,heavy,upfolded,3.09016,2.765991e-03,2.683749e-03
polar,heavy,upfolded,3.09266,2.761347e-03,2.679387e-03
polar,heavy,upfolded,3.09516,2.756715e-03,2.675035e-03
polar,heavy,upfolded,3.09765,2.752095e-03,2.670694e-03
polar,heavy,upfolded,3.10015,2.747487e-03,2.666364e-03
polar,heavy,upfolded,3.10265,2.742891e-03,2.662044e-03
polar,heavy,upfolded,3.10515,2.738306e-03,2.657735e-03
polar,heavy,upfolded,3.10765,2.733733e-03,2.653436e-03
polar,heavy,upfolded,3.11014,2.729172e-03,2.649148e-03
polar,heavy,upfolded,3.11264,2.724622e-03,2.644870e-03
polar,heavy,upfolded,3.11514,2.720084e-03,2.640603e-03
polar,heavy,upfolded,3.11764,2.715557e-03,2.636346e-03
polar,heavy,upfolded,3.12014,2.711042e-03,2.632099e-03
polar,heavy,upfolded,3.12263,2.706538e-03,2.627862e-03
polar,heavy,upfolded,3.12513,2.702046e-03,2.623636e-03
polar,heavy,upfolded,3.12763,2.697565e-03,2.619420e-03
polar,heavy,upfolded,3.13013,2.693095e-03,2.615214e-03
polar,heavy,upfolded,3.13263,2.688637e-03,2.611018e-03
polar,heavy,upfolded,3.13513,2.684189e-03,2.606832e-03
polar,heavy,upfolded,3.13762,2.679753e-03,2.602657e-03
polar,heavy,upfolded,3.14012,2.675329e-03,2.598491e-03
polar,heavy,upfolded,3.14262,2.670915e-03,2.594335e-03
polar,heavy,upfolded,3.14512,2.666512e-03,2.590190e-03
polar,heavy,upfolded,3.14762,2.662121e-03,2.586054e-03
polar,heavy,upfolded,3.15011,2.657740e-03,2.581929e-03
polar,heavy,upfolded,3.15261,2.653370e-03,2.577813e-03
polar,heavy,upfolded,3.15511,2.649012e-03,2.573707e-03
polar,heavy,upfolded,3.15761,2.644664e-03,2.569611e-03
polar,heavy,upfolded,3.16011,2.640327e-03,2.565524e-03
polar,heavy,upfolded,3.16260,2.636001e-03,2.561448e-03
polar,heavy,upfolded,3.16510,2.631685e-03,2.557381e-03
polar,heavy,upfolded,3.16760,2.627381e-03,2.553324e-03
polar,heavy,upfolded,3.17010,2.623087e-03,2.549276e-03
polar,heavy,upfolded,3.17260,2.618804e-03,2.545239e-03
polar,heavy,upfolded,3.17509,2.614531e-03,2.541210e-03
polar,heavy,upfolded,3.17759,2.610269e-03,2.537192e-03
polar,heavy,upfolded,3.18009,2.606018e-03,2.533183e-03
polar,heavy,upfolded,3.18259,2.601777e-03,2.529183e-03
polar,heavy,upfolded,3.18509,2.597547e-03,2.525193e-03
polar,heavy,upfolded,3.18759,2.593327e-03,2.521212e-03
polar,heavy,upfolded,3.19008,2.589117e-03,2.517241e-03
polar,heavy,upfolded,3.19258,2.584918e-03,2.513279e-03
polar,heavy,upfolded,3.19508,2.580729e-03,2.509327e-03
polar,heavy,upfolded,3.19758,2.576551e-03,2.505384e-03
polar,heavy,upfolded,3.20008,2.572383e-03,2.501450e-03
polar,heavy,upfolded,3.20257,2.568225e-03,2.497525e-03
polar,heavy,upfolded,3.20507,2.564077e-03,2.493610e-03
polar,heavy,upfolded,3.20757,2.559940e-03,2.489704e-03
polar,heavy,upfolded,3.21007,2.555813e-03,2.485807e-03
polar,heavy,upfolded,3.21257,2.551696e-03,2.481919e-03
polar,heavy,upfolded,3.21506,2.547589e-03,2.478041e-03
polar,heavy,upfolded,3.21756,2.543491e-03,2.474171e-03
polar,heavy,upfolded,3.22006,2.539404e-03,2.470311e-03
polar,heavy,upfolded,3.22256,2.535327e-03,2.466459e-03
polar,heavy,upfolded,3.22506,2.531260e-03,2.462617e-03
polar,heavy,upfolded,3.22755,2.527203e-03,2.458784e-03
polar,heavy,upfolded,3.23005,2.523156e-03,2.454959e-03
polar,heavy,upfolded,3.23255,2.519119e-03,2.451144e-03
polar,heavy,upfolded,3.23505,2.515091e-03,2.447337e-03
polar,heavy,upfolded,3.23755,2.511073e-03,2.443540e-03
polar,heavy,upfolded,3.24005,2.507065e-03,2.439751e-03
polar,heavy,upfolded,3.24254,2.503067e-03,2.435971e-03
polar,heavy,upfolded,3.24504,2.499078e-03,2.432200e-03
polar,heavy,upfolded,3.24754,2.495099e-03,2.428437e-03
polar,heavy,upfolded,3.25004,2.491130e-03,2.424684e-03
polar,heavy,upfolded,3.25254,2.487170e-03,2.420939e-03
polar,heavy,upfolded,3.25503,2.483220e-03,2.417202e-03
polar,heavy,upfolded,3.25753,2.479279e-03,2.413475e-03
polar,heavy,upfolded,3.26003,2.475348e-03,2.409756e-03
polar,heavy,upfolded,3.26253,2.471427e-03,2.406045e-03
polar,heavy,upfolded,3.26503,2.467514e-03,2.402344e-03
polar,heavy,upfolded,3.26752,2.463612e-03,2.398650e-03
polar,heavy,upfolded,3.27002,2.459718e-03,2.394966e-03
polar,heavy,upfolded,3.27252,2.455834e-03,2.391290e-03
polar,heavy,upfolded,3.27502,2.451959e-03,2.387622e-03
polar,heavy,upfolded,3.27752,2.448094e-03,2.383962e-03
polar,heavy,upfolded,3.28002,2.444238e-03,2.380312e-03
polar,heavy,upfolded,3.28251,2.440391e-03,2.376669e-03
polar,heavy,upfolded,3.28501,2.436553e-03,2.373035e-03
polar,heavy,upfolded,3.28751,2.432724e-03,2.369409e-03
polar,heavy,upfolded,3.29001,2.428905e-03,2.365792e-03
polar,heavy,upfolded,3.29251,2.425095e-03,2.362183e-03
polar,heavy,upfolded,3.29500,2.421293e-03,2.358582e-03
polar,heavy,upfolded,3.29750,2.417501e-03,2.354989e-03
polar,heavy,upfolded,3.30000,2.413718e-03,2.351405e-03
polar,heavy,exact,0.00500,1.278841e-02,3.879531e-01
polar,heavy,exact,0.05996,2.701235e-01,5.609992e+00
polar,heavy,exact,0.11492,8.391395e-01,3.635847e+00
polar,heavy,exact,0.16987,1.476685e+00,2.168900e+00
polar,heavy,exact,0.22483,2.880926e+00,1.363916e+00
polar,heavy,exact,0.27979,3.711453e+00,8.763774e-01
polar,heavy,exact,0.33475,2.580496e+00,5.479003e-01
polar,heavy,exact,0.38971,1.566937e+00,4.566636e-01
polar,heavy,exact,0.44467,8.496928e-01,6.410587e-01
polar,heavy,exact,0.49962,5.697670e-01,3.486273e-01
polar,heavy,exact,0.55458,3.776113e-01,1.535252e-01
polar,heavy,exact,0.60954,3.023211e-01,1.145225e-01
polar,heavy,exact,0.66450,2.966219e-01,8.735673e-02
polar,heavy,exact,0.71946,2.735818e-01,7.268779e-02
polar,heavy,exact,0.77442,2.604374e-01,6.194401e-02
polar,heavy,exact,0.82937,2.430843e-01,5.172060e-02
polar,heavy,exact,0.88433,2.431028e-01,4.317363e-02
polar,heavy,exact,0.93929,3.058675e-01,3.629242e-02
polar,heavy,exact,0.99425,2.021781e-01,3.050503e-02
polar,heavy,exact,1.04921,1.259979e-01,2.543290e-02
polar,heavy,exact,1.10417,8.784854e-02,2.240092e-02
polar,heavy,exact,1.15912,6.813868e-02,2.009922e-02
polar,heavy,exact,1.21408,5.271910e-02,1.818098e-02
polar,heavy,exact,1.26904,4.344057e-02,1.654338e-02
polar,heavy,exact,1.32400,3.747804e-02,1.512717e-02
polar,heavy,exact,1.37896,3.106646e-02,1.389115e-02
polar,heavy,exact,1.43392,1.798317e-02,1.280442e-02
polar,heavy,exact,1.48887,1.513047e-02,1.184300e-02
polar,heavy,exact,1.54383,1.379457e-02,1.098779e-02
polar,heavy,exact,1.59879,1.309599e-02,1.022334e-02
polar,heavy,exact,1.65375,1.256039e-02,9.537001e-03
polar,heavy,exact,1.70871,1.179401e-02,8.918316e-03
polar,heavy,exact,1.76367,1.024413e-02,8.358552e-03
polar,heavy,exact,1.81862,9.459690e-03,7.850367e-03
polar,heavy,exact,1.87358,8.396154e-03,7.387545e-03
polar,heavy,exact,1.92854,7.704422e-03,6.964791e-03
polar,heavy,exact,1.98350,7.198520e-03,6.577569e-03
polar,heavy,exact,2.03846,6.757832e-03,6.221974e-03
polar,heavy,exact,2.09342,6.362971e-03,5.894630e-03
polar,heavy,exact,2.14837,6.005308e-03,5.592600e-03
polar,heavy,exact,2.20333,5.679273e-03,5.313324e-03
polar,heavy,exact,2.25829,5.380705e-03,5.054560e-03
polar,heavy,exact,2.31325,5.106281e-03,4.814336e-03
polar,heavy,exact,2.36821,4.853258e-03,4.590913e-03
polar,heavy,exact,2.42317,4.619321e-03,4.382754e-03
polar,heavy,exact,2.47812,4.402493e-03,4.188493e-03
polar,heavy,exact,2.53308,4.201067e-03,4.006915e-03
polar,heavy,exact,2.58804,4.013557e-03,3.836934e-03
polar,heavy,exact,2.64300,3.838663e-03,3.677581e-03
polar,heavy,exact,2.69796,3.675241e-03,3.527984e-03
polar,heavy,exact,2.75292,3.522278e-03,3.387360e-03
polar,heavy,exact,2.80787,3.378876e-03,3.255004e-03
polar,heavy,exact,2.86283,3.244233e-03,3.130277e-03
polar,heavy,exact,2.91779,3.117635e-03,3.012603e-03
polar,heavy,exact,2.97275,2.998437e-03,2.901459e-03
polar,heavy,exact,3.02771,2.886064e-03,2.796369e-03
polar,heavy,exact,3.08266,2.779993e-03,2.696900e-03
polar,heavy,exact,3.13762,2.679753e-03,2.602657e-03
polar,heavy,exact,3.19258,2.584918e-03,2.513279e-03
polar,heavy,exact,3.24754,2.495099e-03,2.428437e-03
