defect,omega,re_T00,im_T00,re_T01,im_T01,re_T11,im_T11,re_T12,im_T12,re_T13,im_T13
light,0.0020,9.23042268e-01,1.44420363e-05,-2.30773491e-01,1.77505418e-06,2.62268707e-01,-1.22179394e-06,-1.16256479e-02,2.98856028e-08,-8.24779705e-03,1.00226785e-06
light,0.0070,9.23058523e-01,5.05412896e-05,-2.30771494e-01,6.21282099e-06,2.62267607e-01,-4.33450729e-06,-1.16256143e-02,1.04620336e-07,-8.24694372e-03,3.56611272e-06
light,0.0120,9.23092835e-01,8.66208086e-05,-2.30767279e-01,1.06510318e-05,2.62265332e-01,-7.62111521e-06,-1.16255434e-02,1.79425148e-07,-8.24519008e-03,6.30367205e-06
light,0.0170,9.23145194e-01,1.22665599e-04,-2.30760844e-01,1.50900240e-05,2.62261952e-01,-1.11599946e-05,-1.16254351e-02,2.54353320e-07,-8.24260619e-03,9.29318576e-06
light,0.0220,9.23215585e-01,1.58659466e-04,-2.30752191e-01,1.95301620e-05,2.62257536e-01,-1.49995245e-05,-1.16252894e-02,3.29462461e-07,-8.23925983e-03,1.25828850e-05
light,0.0270,9.23303988e-01,1.94584776e-04,-2.30741317e-01,2.39718425e-05,2.62252141e-01,-1.91707096e-05,-1.16251061e-02,4.04815366e-07,-8.23521050e-03,1.62036130e-05
light,0.0320,9.23410379e-01,2.30422315e-04,-2.30728224e-01,2.84154979e-05,2.62245820e-01,-2.36945986e-05,-1.16248853e-02,4.80480571e-07,-8.23050964e-03,2.01762427e-05
light,0.0370,9.23534732e-01,2.66151187e-04,-2.30712909e-01,3.28615983e-05,2.62238617e-01,-2.85862310e-05,-1.16246268e-02,5.56532734e-07,-8.22520206e-03,2.45156217e-05
light,0.0420,9.23677013e-01,3.01748746e-04,-2.30695373e-01,3.73106532e-05,2.62230572e-01,-3.38568017e-05,-1.16243305e-02,6.33052908e-07,-8.21932723e-03,2.92327370e-05
light,0.0470,9.23837188e-01,3.37190554e-04,-2.30675614e-01,4.17632125e-05,2.62221718e-01,-3.95149174e-05,-1.16239963e-02,7.10128748e-07,-8.21292035e-03,3.43359708e-05
light,0.0520,9.24015219e-01,3.72450341e-04,-2.30653632e-01,4.62198673e-05,2.62212088e-01,-4.55673663e-05,-1.16236240e-02,7.87854678e-07,-8.20601311e-03,3.98318689e-05
light,0.0570,9.24211064e-01,4.07499986e-04,-2.30629426e-01,5.06812503e-05,2.62201710e-01,-5.20196124e-05,-1.16232135e-02,8.66332019e-07,-8.19863436e-03,4.57256359e-05
light,0.0620,9.24424677e-01,4.42309493e-04,-2.30602995e-01,5.51480364e-05,2.62190609e-01,-5.88761266e-05,-1.16227646e-02,9.45669104e-07,-8.19081052e-03,5.20214651e-05
light,0.0670,9.24656012e-01,4.76846987e-04,-2.30574338e-01,5.96209428e-05,2.62178811e-01,-6.61406161e-05,-1.16222772e-02,1.02598137e-06,-8.18256601e-03,5.87227685e-05
light,0.0720,9.24905016e-01,5.11078697e-04,-2.30543453e-01,6.41007293e-05,2.62166337e-01,-7.38161885e-05,-1.16217511e-02,1.10739143e-06,-8.17392349e-03,6.58323400e-05
light,0.0770,9.25171638e-01,5.44968959e-04,-2.30510339e-01,6.85881984e-05,2.62153207e-01,-8.19054718e-05,-1.16211861e-02,1.19002918e-06,-8.16490413e-03,7.33524755e-05
light,0.0820,9.25455820e-01,5.78480210e-04,-2.30474996e-01,7.30841953e-05,2.62139441e-01,-9.04107038e-05,-1.16205820e-02,1.27403182e-06,-8.15552779e-03,8.12850626e-05
light,0.0870,9.25757503e-01,6.11572990e-04,-2.30437421e-01,7.75896077e-05,2.62125058e-01,-9.93338016e-05,-1.16199385e-02,1.35954394e-06,-8.14581317e-03,8.96316490e-05
light,0.0920,9.26076628e-01,6.44205945e-04,-2.30397614e-01,8.21053662e-05,2.62110074e-01,-1.08676414e-04,-1.16192556e-02,1.44671757e-06,-8.13577797e-03,9.83934961e-05
light,0.0970,9.26413130e-01,6.76335827e-04,-2.30355573e-01,8.66324439e-05,2.62094506e-01,-1.18439965e-04,-1.16185328e-02,1.53571221e-06,-8.12543894e-03,1.07571621e-04
light,0.1020,9.26766943e-01,7.07917507e-04,-2.30311296e-01,9.11718561e-05,2.62078369e-01,-1.28625686e-04,-1.16177700e-02,1.62669493e-06,-8.11481207e-03,1.17166829e-04
light,0.1070,9.27138000e-01,7.38903974e-04,-2.30264782e-01,9.57246606e-05,2.62061677e-01,-1.39234644e-04,-1.16169670e-02,1.71984035e-06,-8.10391256e-03,1.27179743e-04
light,0.1120,9.27526230e-01,7.69246348e-04,-2.30216030e-01,1.00291957e-04,2.62044445e-01,-1.50267762e-04,-1.16161235e-02,1.81533073e-06,-8.09275497e-03,1.37610825e-04
light,0.1170,9.27931562e-01,7.98893887e-04,-2.30165038e-01,1.04874888e-04,2.62026685e-01,-1.61725843e-04,-1.16152393e-02,1.91335600e-06,-8.08135325e-03,1.48460391e-04
light,0.1220,9.28353921e-01,8.27794000e-04,-2.30111803e-01,1.09474635e-04,2.62008411e-01,-1.73609577e-04,-1.16143140e-02,2.01411377e-06,-8.06972080e-03,1.59728632e-04
light,0.1270,9.28793231e-01,8.55892250e-04,-2.30056325e-01,1.14092424e-04,2.61989634e-01,-1.85919561e-04,-1.16133473e-02,2.11780944e-06,-8.05787050e-03,1.71415624e-04
light,0.1320,9.29249414e-01,8.83132375e-04,-2.29998602e-01,1.18729522e-04,2.61970367e-01,-1.98656309e-04,-1.16123391e-02,2.22465614e-06,-8.04581477e-03,1.83521340e-04
light,0.1370,9.29722390e-01,9.09456293e-04,-2.29938631e-01,1.23387233e-04,2.61950621e-01,-2.11820257e-04,-1.16112891e-02,2.33487486e-06,-8.03356558e-03,1.96045656e-04
light,0.1420,9.30212079e-01,9.34804117e-04,-2.29876412e-01,1.28066907e-04,2.61930405e-01,-2.25411775e-04,-1.16101968e-02,2.44869441e-06,-8.02113452e-03,2.08988365e-04
light,0.1470,9.30718396e-01,9.59114171e-04,-2.29811941e-01,1.32769931e-04,2.61909732e-01,-2.39431176e-04,-1.16090621e-02,2.56635153e-06,-8.00853279e-03,2.22349179e-04
light,0.1520,9.31241258e-01,9.82322997e-04,-2.29745218e-01,1.37497733e-04,2.61888610e-01,-2.53878715e-04,-1.16078846e-02,2.68809086e-06,-7.99577125e-03,2.36127737e-04
light,0.1570,9.31780577e-01,1.00436538e-03,-2.29676240e-01,1.42251779e-04,2.61867050e-01,-2.68754601e-04,-1.16066640e-02,2.81416501e-06,-7.98286044e-03,2.50323611e-04
light,0.1620,9.32336265e-01,1.02517434e-03,-2.29605006e-01,1.47033577e-04,2.61845061e-01,-2.84059001e-04,-1.16053999e-02,2.94483458e-06,-7.96981059e-03,2.64936310e-04
light,0.1670,9.32908235e-01,1.04468118e-03,-2.29531513e-01,1.51844673e-04,2.61822652e-01,-2.99792040e-04,-1.16040922e-02,3.08036822e-06,-7.95663164e-03,2.79965283e-04
light,0.1720,9.33496393e-01,1.06281548e-03,-2.29455759e-01,1.56686652e-04,2.61799832e-01,-3.15953810e-04,-1.16027403e-02,3.22104262e-06,-7.94333328e-03,2.95409926e-04
light,0.1770,9.34100649e-01,1.07950512e-03,-2.29377742e-01,1.61561135e-04,2.61776610e-01,-3.32544368e-04,-1.16013440e-02,3.36714260e-06,-7.92992492e-03,3.11269580e-04
light,0.1820,9.34720908e-01,1.09467627e-03,-2.29297460e-01,1.66469784e-04,2.61752993e-01,-3.49563743e-04,-1.15999029e-02,3.51896110e-06,-7.91641577e-03,3.27543541e-04
light,0.1870,9.35357077e-01,1.10825346e-03,-2.29214912e-01,1.71414297e-04,2.61728990e-01,-3.67011940e-04,-1.15984167e-02,3.67679922e-06,-7.90281477e-03,3.44231055e-04
light,0.1920,9.36009057e-01,1.12015954e-03,-2.29130094e-01,1.76396410e-04,2.61704609e-01,-3.84888936e-04,-1.15968851e-02,3.84096630e-06,-7.88913068e-03,3.61331327e-04
light,0.1970,9.36676753e-01,1.13031574e-03,-2.29043004e-01,1.81417896e-04,2.61679858e-01,-4.03194689e-04,-1.15953076e-02,4.01177988e-06,-7.87537206e-03,3.78843519e-04
light,0.2020,9.37360065e-01,1.13864167e-03,-2.28953641e-01,1.86480562e-04,2.61654743e-01,-4.21929137e-04,-1.15936839e-02,4.18956581e-06,-7.86154725e-03,3.96766755e-04
light,0.2070,9.38058894e-01,1.14505532e-03,-2.28862003e-01,1.91586255e-04,2.61629272e-01,-4.41092198e-04,-1.15920136e-02,4.37465822e-06,-7.84766443e-03,4.15100118e-04
light,0.2120,9.38773139e-01,1.14947310e-03,-2.28768086e-01,1.96736855e-04,2.61603452e-01,-4.60683776e-04,-1.15902964e-02,4.56739961e-06,-7.83373160e-03,4.33842660e-04
light,0.2170,9.39502697e-01,1.15180986e-03,-2.28671888e-01,2.01934278e-04,2.61577290e-01,-4.80703760e-04,-1.15885318e-02,4.76814086e-06,-7.81975661e-03,4.52993393e-04
light,0.2220,9.40247465e-01,1.15197889e-03,-2.28573408e-01,2.07180475e-04,2.61550793e-01,-5.01152025e-04,-1.15867196e-02,4.97724125e-06,-7.80574713e-03,4.72551300e-04
light,0.2270,9.41007341e-01,1.14989195e-03,-2.28472643e-01,2.12477431e-04,2.61523967e-01,-5.22028435e-04,-1.15848592e-02,5.19506854e-06,-7.79171068e-03,4.92515329e-04
light,0.2320,9.41782217e-01,1.14545929e-03,-2.28369590e-01,2.17827166e-04,2.61496818e-01,-5.43332844e-04,-1.15829504e-02,5.42199894e-06,-7.77765466e-03,5.12884401e-04
light,0.2370,9.42571988e-01,1.13858965e-03,-2.28264247e-01,2.23231733e-04,2.61469354e-01,-5.65065094e-04,-1.15809926e-02,5.65841725e-06,-7.76358631e-03,5.33657404e-04
light,0.2420,9.43376548e-01,1.12919030e-03,-2.28156612e-01,2.28693218e-04,2.61441579e-01,-5.87225022e-04,-1.15789856e-02,5.90471676e-06,-7.74951275e-03,5.54833199e-04
light,0.2470,9.44195788e-01,1.11716705e-03,-2.28046683e-01,2.34213741e-04,2.61413500e-01,-6.09812456e-04,-1.15769288e-02,6.16129942e-06,-7.73544096e-03,5.76410620e-04
light,0.2520,9.45029599e-01,1.10242426e-03,-2.27934456e-01,2.39795454e-04,2.61385123e-01,-6.32827216e-04,-1.15748219e-02,6.42857580e-06,-7.72137781e-03,5.98388474e-04
light,0.2570,9.45877871e-01,1.08486488e-03,-2.27819930e-01,2.45440540e-04,2.61356453e-01,-6.56269121e-04,-1.15726646e-02,6.70696513e-06,-7.70733005e-03,6.20765542e-04
light,0.2620,9.46740494e-01,1.06439045e-03,-2.27703101e-01,2.51151215e-04,2.61327496e-01,-6.80137980e-04,-1.15704562e-02,6.99689537e-06,-7.69330432e-03,6.43540580e-04
light,0.2670,9.47617357e-01,1.04090111e-03,-2.27583968e-01,2.56929725e-04,2.61298257e-01,-7.04433602e-04,-1.15681965e-02,7.29880324e-06,-7.67930715e-03,6.66712321e-04
light,0.2720,9.48508346e-01,1.01429564e-03,-2.27462528e-01,2.62778348e-04,2.61268743e-01,-7.29155792e-04,-1.15658850e-02,7.61313424e-06,-7.66534497e-03,6.90279472e-04
light,0.2770,9.49413350e-01,9.84471481e-04,-2.27338778e-01,2.68699392e-04,2.61238957e-01,-7.54304352e-04,-1.15635213e-02,7.94034271e-06,-7.65142410e-03,7.14240721e-04
light,0.2820,9.50332255e-01,9.51324734e-04,-2.27212716e-01,2.74695193e-04,2.61208905e-01,-7.79879081e-04,-1.15611050e-02,8.28089186e-06,-7.63755076e-03,7.38594730e-04
light,0.2870,9.51264945e-01,9.14750190e-04,-2.27084339e-01,2.80768121e-04,2.61178593e-01,-8.05879780e-04,-1.15586355e-02,8.63525380e-06,-7.62373111e-03,7.63340142e-04
light,0.2920,9.52211306e-01,8.74641345e-04,-2.26953644e-01,2.86920570e-04,2.61148024e-01,-8.32306247e-04,-1.15561126e-02,9.00390961e-06,-7.60997117e-03,7.88475577e-04
light,0.2970,9.53171222e-01,8.30890423e-04,-2.26820630e-01,2.93154965e-04,2.61117205e-01,-8.59158282e-04,-1.15535356e-02,9.38734934e-06,-7.59627691e-03,8.13999636e-04
light,0.3020,9.54144576e-01,7.83388394e-04,-2.26685293e-01,2.99473761e-04,2.61086139e-01,-8.86435683e-04,-1.15509043e-02,9.78607211e-06,-7.58265421e-03,8.39910901e-04
light,0.3070,9.55131251e-01,7.32024989e-04,-2.26547631e-01,3.05879438e-04,2.61054832e-01,-9.14138252e-04,-1.15482181e-02,1.02005861e-05,-7.56910885e-03,8.66207930e-04
light,0.3120,9.56131129e-01,6.76688722e-04,-2.26407640e-01,3.12374504e-04,2.61023287e-01,-9.42265791e-04,-1.15454765e-02,1.06314085e-05,-7.55564655e-03,8.92889268e-04
light,0.3170,9.57144092e-01,6.17266909e-04,-2.26265320e-01,3.18961495e-04,2.60991510e-01,-9.70818103e-04,-1.15426792e-02,1.10790660e-05,-7.54227295e-03,9.19953437e-04
light,0.3220,9.58170021e-01,5.53645686e-04,-2.26120665e-01,3.25642972e-04,2.60959505e-01,-9.99794997e-04,-1.15398257e-02,1.15440940e-05,-7.52899362e-03,9.47398942e-04
light,0.3270,9.59208795e-01,4.85710028e-04,-2.25973675e-01,3.32421524e-04,2.60927276e-01,-1.02919628e-03,-1.15369155e-02,1.20270375e-05,-7.51581404e-03,9.75224271e-04
light,0.3320,9.60260295e-01,4.13343766e-04,-2.25824347e-01,3.39299765e-04,2.60894827e-01,-1.05902177e-03,-1.15339482e-02,1.25284507e-05,-7.50273963e-03,1.00342789e-03
light,0.3370,9.61324399e-01,3.36429610e-04,-2.25672676e-01,3.46280334e-04,2.60862163e-01,-1.08927129e-03,-1.15309232e-02,1.30488971e-05,-7.48977576e-03,1.03200826e-03
light,0.3420,9.62400987e-01,2.54849164e-04,-2.25518662e-01,3.53365894e-04,2.60829288e-01,-1.11994464e-03,-1.15278402e-02,1.35889497e-05,-7.47692772e-03,1.06096381e-03
light,0.3470,9.63489936e-01,1.68482945e-04,-2.25362301e-01,3.60559134e-04,2.60796205e-01,-1.15104167e-03,-1.15246986e-02,1.41491908e-05,-7.46420072e-03,1.09029297e-03
light,0.3520,9.64591124e-01,7.72104056e-05,-2.25203590e-01,3.67862766e-04,2.60762919e-01,-1.18256220e-03,-1.15214980e-02,1.47302121e-05,-7.45159993e-03,1.11999413e-03
light,0.3570,9.65704428e-01,-1.90900538e-05,-2.25042527e-01,3.75279526e-04,2.60729434e-01,-1.21450607e-03,-1.15182379e-02,1.53326149e-05,-7.43913047e-03,1.15006568e-03
light,0.3620,9.66829724e-01,-1.20541061e-04,-2.24879109e-01,3.82812174e-04,2.60695753e-01,-1.24687312e-03,-1.15149179e-02,1.59570103e-05,-7.42679737e-03,1.18050600e-03
light,0.3670,9.67966889e-01,-2.27266254e-04,-2.24713332e-01,3.90463491e-04,2.60661880e-01,-1.27966320e-03,-1.15115373e-02,1.66040186e-05,-7.41460562e-03,1.21131345e-03
light,0.3720,9.69115797e-01,-3.39390267e-04,-2.24545195e-01,3.98236281e-04,2.60627820e-01,-1.31287616e-03,-1.15080959e-02,1.72742700e-05,-7.40256016e-03,1.24248636e-03
light,0.3770,9.70276325e-01,-4.57038706e-04,-2.24374695e-01,4.06133371e-04,2.60593574e-01,-1.34651187e-03,-1.15045930e-02,1.79684044e-05,-7.39066587e-03,1.27402306e-03
light,0.3820,9.71448346e-01,-5.80338134e-04,-2.24201828e-01,4.14157608e-04,2.60559149e-01,-1.38057020e-03,-1.15010283e-02,1.86870713e-05,-7.37892758e-03,1.30592187e-03
light,0.3870,9.72631736e-01,-7.09416050e-04,-2.24026592e-01,4.22311861e-04,2.60524546e-01,-1.41505102e-03,-1.14974011e-02,1.94309302e-05,-7.36735006e-03,1.33818109e-03
light,0.3920,9.73826366e-01,-8.44400874e-04,-2.23848983e-01,4.30599020e-04,2.60489769e-01,-1.44995421e-03,-1.14937111e-02,2.02006504e-05,-7.35593805e-03,1.37079900e-03
light,0.3970,9.75032112e-01,-9.85421926e-04,-2.23669000e-01,4.39021993e-04,2.60454822e-01,-1.48527967e-03,-1.14899577e-02,2.09969111e-05,-7.34469623e-03,1.40377386e-03
light,0.4020,9.76248845e-01,-1.13260941e-03,-2.23486639e-01,4.47583712e-04,2.60419707e-01,-1.52102729e-03,-1.14861404e-02,2.18204013e-05,-7.33362922e-03,1.43710395e-03
light,0.4070,9.77476439e-01,-1.28609439e-03,-2.23301897e-01,4.56287124e-04,2.60384430e-01,-1.55719699e-03,-1.14822588e-02,2.26718203e-05,-7.32274161e-03,1.47078751e-03
light,0.4120,9.78714764e-01,-1.44600878e-03,-2.23114772e-01,4.65135198e-04,2.60348992e-01,-1.59378868e-03,-1.14783123e-02,2.35518771e-05,-7.31203795e-03,1.50482276e-03
light,0.4170,9.79963694e-01,-1.61248533e-03,-2.22925261e-01,4.74130920e-04,2.60313397e-01,-1.63080228e-03,-1.14743004e-02,2.44612912e-05,-7.30152274e-03,1.53920792e-03
light,0.4220,9.81223098e-01,-1.78565758e-03,-2.22733360e-01,4.83277296e-04,2.60277648e-01,-1.66823774e-03,-1.14702227e-02,2.54007921e-05,-7.29120043e-03,1.57394120e-03
light,0.4270,9.82492848e-01,-1.96565988e-03,-2.22539067e-01,4.92577347e-04,2.60241749e-01,-1.70609499e-03,-1.14660787e-02,2.63711193e-05,-7.28107544e-03,1.60902079e-03
light,0.4320,9.83772815e-01,-2.15262735e-03,-2.22342378e-01,5.02034115e-04,2.60205702e-01,-1.74437399e-03,-1.14618678e-02,2.73730229e-05,-7.27115214e-03,1.64444488e-03
light,0.4370,9.85062868e-01,-2.34669585e-03,-2.22143292e-01,5.11650657e-04,2.60169510e-01,-1.78307471e-03,-1.14575895e-02,2.84072632e-05,-7.26143487e-03,1.68021162e-03
light,0.4420,9.86362876e-01,-2.54800202e-03,-2.21941805e-01,5.21430045e-04,2.60133177e-01,-1.82219711e-03,-1.14532434e-02,2.94746109e-05,-7.25192792e-03,1.71631919e-03
light,0.4470,9.87672710e-01,-2.75668317e-03,-2.21737913e-01,5.31375371e-04,2.60096705e-01,-1.86174119e-03,-1.14488289e-02,3.05758472e-05,-7.24263556e-03,1.75276571e-03
light,0.4520,9.88992239e-01,-2.97287735e-03,-2.21531615e-01,5.41489740e-04,2.60060098e-01,-1.90170693e-03,-1.14443455e-02,3.17117636e-05,-7.23356201e-03,1.78954933e-03
light,0.4570,9.90321330e-01,-3.19672328e-03,-2.21322907e-01,5.51776274e-04,2.60023358e-01,-1.94209434e-03,-1.14397927e-02,3.28831624e-05,-7.22471144e-03,1.82666815e-03
light,0.4620,9.91659852e-01,-3.42836036e-03,-2.21111787e-01,5.62238108e-04,2.59986489e-01,-1.98290345e-03,-1.14351700e-02,3.40908563e-05,-7.21608803e-03,1.86412030e-03
light,0.4670,9.93007672e-01,-3.66792862e-03,-2.20898250e-01,5.72878394e-04,2.59949492e-01,-2.02413427e-03,-1.14304769e-02,3.53356690e-05,-7.20769588e-03,1.90190387e-03
light,0.4720,9.94364659e-01,-3.91556874e-03,-2.20682295e-01,5.83700297e-04,2.59912371e-01,-2.06578684e-03,-1.14257128e-02,3.66184346e-05,-7.19953908e-03,1.94001695e-03
light,0.4770,9.95730679e-01,-4.17142201e-03,-2.20463918e-01,5.94706995e-04,2.59875129e-01,-2.10786123e-03,-1.14208773e-02,3.79399981e-05,-7.19162168e-03,1.97845760e-03
light,0.4820,9.97105600e-01,-4.43563033e-03,-2.20243116e-01,6.05901683e-04,2.59837768e-01,-2.15035748e-03,-1.14159699e-02,3.93012155e-05,-7.18394770e-03,2.01722390e-03
light,0.4870,9.98489287e-01,-4.70833617e-03,-2.20019886e-01,6.17287564e-04,2.59800291e-01,-2.19327568e-03,-1.14109900e-02,4.07029535e-05,-7.17652113e-03,2.05631389e-03
light,0.4920,9.99881606e-01,-4.98968256e-03,-2.19794226e-01,6.28867858e-04,2.59762700e-01,-2.23661591e-03,-1.14059371e-02,4.21460900e-05,-7.16934593e-03,2.09572562e-03
light,0.4970,1.00128242e+00,-5.27981310e-03,-2.19566132e-01,6.40645795e-04,2.59724999e-01,-2.28037827e-03,-1.14008107e-02,4.36315139e-05,-7.16242604e-03,2.13545712e-03
light,0.5020,1.00269160e+00,-5.57887188e-03,-2.19335601e-01,6.52624617e-04,2.59687190e-01,-2.32456287e-03,-1.13956102e-02,4.51601251e-05,-7.15576535e-03,2.17550641e-03
light,0.5070,1.00410901e+00,-5.88700355e-03,-2.19102630e-01,6.64807580e-04,2.59649275e-01,-2.36916984e-03,-1.13903353e-02,4.67328348e-05,-7.14936773e-03,2.21587149e-03
light,0.5120,1.00553452e+00,-6.20435323e-03,-2.18867217e-01,6.77197948e-04,2.59611257e-01,-2.41419931e-03,-1.13849852e-02,4.83505655e-05,-7.14323703e-03,2.25655037e-03
light,0.5170,1.00696798e+00,-6.53106653e-03,-2.18629357e-01,6.89798997e-04,2.59573138e-01,-2.45965144e-03,-1.13795596e-02,5.00142508e-05,-7.13737707e-03,2.29754103e-03
light,0.5220,1.00840926e+00,-6.86728950e-03,-2.18389048e-01,7.02614014e-04,2.59534922e-01,-2.50552639e-03,-1.13740578e-02,5.17248359e-05,-7.13179163e-03,2.33884146e-03
light,0.5270,1.00985823e+00,-7.21316868e-03,-2.18146288e-01,7.15646295e-04,2.59496609e-01,-2.55182433e-03,-1.13684794e-02,5.34832774e-05,-7.12648450e-03,2.38044961e-03
light,0.5320,1.01131474e+00,-7.56885100e-03,-2.17901072e-01,7.28899147e-04,2.59458204e-01,-2.59854546e-03,-1.13628239e-02,5.52905434e-05,-7.12145940e-03,2.42236345e-03
light,0.5370,1.01277867e+00,-7.93448382e-03,-2.17653398e-01,7.42375886e-04,2.59419707e-01,-2.64568998e-03,-1.13570907e-02,5.71476137e-05,-7.11672006e-03,2.46458093e-03
light,0.5420,1.01424987e+00,-8.31021490e-03,-2.17403262e-01,7.56079835e-04,2.59381122e-01,-2.69325811e-03,-1.13512792e-02,5.90554797e-05,-7.11227017e-03,2.50709997e-03
light,0.5470,1.01572820e+00,-8.69619237e-03,-2.17150662e-01,7.70014328e-04,2.59342451e-01,-2.74125008e-03,-1.13453891e-02,6.10151445e-05,-7.10811340e-03,2.54991850e-03
light,0.5520,1.01721354e+00,-9.09256474e-03,-2.16895595e-01,7.84182707e-04,2.59303696e-01,-2.78966614e-03,-1.13394197e-02,6.30276231e-05,-7.10425339e-03,2.59303445e-03
light,0.5570,1.01870573e+00,-9.49948084e-03,-2.16638056e-01,7.98588319e-04,2.59264860e-01,-2.83850655e-03,-1.13333705e-02,6.50939424e-05,-7.10069378e-03,2.63644572e-03
light,0.5620,1.02020464e+00,-9.91708987e-03,-2.16378044e-01,8.13234522e-04,2.59225944e-01,-2.88777159e-03,-1.13272410e-02,6.72151414e-05,-7.09743816e-03,2.68015020e-03
light,0.5670,1.02171013e+00,-1.03455413e-02,-2.16115556e-01,8.28124679e-04,2.59186952e-01,-2.93746154e-03,-1.13210307e-02,6.93922708e-05,-7.09449012e-03,2.72414577e-03
light,0.5720,1.02322207e+00,-1.07849850e-02,-2.15850587e-01,8.43262162e-04,2.59147884e-01,-2.98757671e-03,-1.13147391e-02,7.16263939e-05,-7.09185321e-03,2.76843033e-03
light,0.5770,1.02474030e+00,-1.12355709e-02,-2.15583134e-01,8.58650345e-04,2.59108744e-01,-3.03811742e-03,-1.13083655e-02,7.39185859e-05,-7.08953099e-03,2.81300172e-03
light,0.5820,1.02626470e+00,-1.16974495e-02,-2.15313196e-01,8.74292613e-04,2.59069534e-01,-3.08908401e-03,-1.13019096e-02,7.62699344e-05,-7.08752697e-03,2.85785781e-03
light,0.5870,1.02779511e+00,-1.21707712e-02,-2.15040768e-01,8.90192353e-04,2.59030255e-01,-3.14047683e-03,-1.12953707e-02,7.86815395e-05,-7.08584466e-03,2.90299644e-03
light,0.5920,1.02933141e+00,-1.26556871e-02,-2.14765847e-01,9.06352959e-04,2.58990910e-01,-3.19229624e-03,-1.12887483e-02,8.11545136e-05,-7.08448754e-03,2.94841545e-03
light,0.5970,1.03087344e+00,-1.31523480e-02,-2.14488430e-01,9.22777830e-04,2.58951502e-01,-3.24454263e-03,-1.12820419e-02,8.36899817e-05,-7.08345908e-03,2.99411267e-03
light,0.6020,1.03242106e+00,-1.36609053e-02,-2.14208514e-01,9.39470369e-04,2.58912031e-01,-3.29721640e-03,-1.12752511e-02,8.62890815e-05,-7.08276273e-03,3.04008590e-03
light,0.6070,1.03397414e+00,-1.41815104e-02,-2.13926096e-01,9.56433984e-04,2.58872501e-01,-3.35031795e-03,-1.12683751e-02,8.89529636e-05,-7.08240192e-03,3.08633296e-03
light,0.6120,1.03553253e+00,-1.47143149e-02,-2.13641172e-01,9.73672085e-04,2.58832913e-01,-3.40384772e-03,-1.12614136e-02,9.16827910e-05,-7.08238006e-03,3.13285165e-03
light,0.6170,1.03709608e+00,-1.52594705e-02,-2.13353739e-01,9.91188087e-04,2.58793269e-01,-3.45780615e-03,-1.12543660e-02,9.44797401e-05,-7.08270056e-03,3.17963974e-03
light,0.6220,1.03866466e+00,-1.58171293e-02,-2.13063795e-01,1.00898541e-03,2.58753572e-01,-3.51219371e-03,-1.12472317e-02,9.73450001e-05,-7.08336680e-03,3.22669502e-03
light,0.6270,1.04023811e+00,-1.63874431e-02,-2.12771335e-01,1.02706747e-03,2.58713823e-01,-3.56701087e-03,-1.12400103e-02,1.00279773e-04,-7.08438214e-03,3.27401525e-03
light,0.6320,1.04181630e+00,-1.69705642e-02,-2.12476357e-01,1.04543770e-03,2.58674024e-01,-3.62225814e-03,-1.12327012e-02,1.03285275e-04,-7.08574995e-03,3.32159820e-03
light,0.6370,1.04339908e+00,-1.75666448e-02,-2.12178857e-01,1.06409951e-03,2.58634178e-01,-3.67793602e-03,-1.12253039e-02,1.06362734e-04,-7.08747355e-03,3.36944159e-03
light,0.6420,1.04498630e+00,-1.81758373e-02,-2.11878832e-01,1.08305634e-03,2.58594287e-01,-3.73404504e-03,-1.12178178e-02,1.09513394e-04,-7.08955628e-03,3.41754318e-03
light,0.6470,1.04657782e+00,-1.87982938e-02,-2.11576278e-01,1.10231161e-03,2.58554351e-01,-3.79058575e-03,-1.12102424e-02,1.12738509e-04,-7.09200145e-03,3.46590068e-03
light,0.6520,1.04817349e+00,-1.94341670e-02,-2.11271193e-01,1.12186876e-03,2.58514374e-01,-3.84755871e-03,-1.12025773e-02,1.16039349e-04,-7.09481235e-03,3.51451182e-03
light,0.6570,1.04977316e+00,-2.00836093e-02,-2.10963574e-01,1.14173121e-03,2.58474357e-01,-3.90496450e-03,-1.11948217e-02,1.19417197e-04,-7.09799227e-03,3.56337430e-03
light,0.6620,1.05137669e+00,-2.07467730e-02,-2.10653416e-01,1.16190239e-03,2.58434303e-01,-3.96280373e-03,-1.11869754e-02,1.22873350e-04,-7.10154448e-03,3.61248581e-03
light,0.6670,1.05298393e+00,-2.14238108e-02,-2.10340716e-01,1.18238574e-03,2.58394212e-01,-4.02107700e-03,-1.11790376e-02,1.26409119e-04,-7.10547225e-03,3.66184405e-03
light,0.6720,1.05459473e+00,-2.21148750e-02,-2.10025471e-01,1.20318469e-03,2.58354087e-01,-4.07978496e-03,-1.11710079e-02,1.30025830e-04,-7.10977883e-03,3.71144668e-03
light,0.6770,1.05620895e+00,-2.28201181e-02,-2.09707679e-01,1.22430266e-03,2.58313930e-01,-4.13892825e-03,-1.11628857e-02,1.33724820e-04,-7.11446746e-03,3.76129137e-03
light,0.6820,1.05782642e+00,-2.35396925e-02,-2.09387335e-01,1.24574308e-03,2.58273743e-01,-4.19850755e-03,-1.11546706e-02,1.37507444e-04,-7.11954136e-03,3.81137578e-03
light,0.6870,1.05944701e+00,-2.42737504e-02,-2.09064435e-01,1.26750938e-03,2.58233527e-01,-4.25852354e-03,-1.11463620e-02,1.41375070e-04,-7.12500375e-03,3.86169755e-03
light,0.6920,1.06107057e+00,-2.50224442e-02,-2.08738978e-01,1.28960499e-03,2.58193284e-01,-4.31897693e-03,-1.11379593e-02,1.45329080e-04,-7.13085785e-03,3.91225432e-03
light,0.6970,1.06269693e+00,-2.57859259e-02,-2.08410958e-01,1.31203333e-03,2.58153017e-01,-4.37986844e-03,-1.11294620e-02,1.49370871e-04,-7.13710685e-03,3.96304370e-03
light,0.7020,1.06432596e+00,-2.65643477e-02,-2.08080374e-01,1.33479782e-03,2.58112727e-01,-4.44119882e-03,-1.11208697e-02,1.53501854e-04,-7.14375394e-03,4.01406331e-03
light,0.7070,1.06595749e+00,-2.73578614e-02,-2.07747221e-01,1.35790188e-03,2.58072416e-01,-4.50296884e-03,-1.11121817e-02,1.57723457e-04,-7.15080231e-03,4.06531076e-03
light,0.7120,1.06759138e+00,-2.81666189e-02,-2.07411496e-01,1.38134893e-03,2.58032085e-01,-4.56517927e-03,-1.11033976e-02,1.62037122e-04,-7.15825513e-03,4.11678362e-03
light,0.7170,1.06922748e+00,-2.89907718e-02,-2.07073196e-01,1.40514236e-03,2.57991737e-01,-4.62783091e-03,-1.10945167e-02,1.66444304e-04,-7.16611556e-03,4.16847949e-03
light,0.7220,1.07086562e+00,-2.98304714e-02,-2.06732316e-01,1.42928561e-03,2.57951373e-01,-4.69092458e-03,-1.10855387e-02,1.70946477e-04,-7.17438677e-03,4.22039592e-03
light,0.7270,1.07250566e+00,-3.06858693e-02,-2.06388855e-01,1.45378206e-03,2.57910995e-01,-4.75446113e-03,-1.10764630e-02,1.75545129e-04,-7.18307190e-03,4.27253049e-03
light,0.7320,1.07414743e+00,-3.15571163e-02,-2.06042807e-01,1.47863512e-03,2.57870605e-01,-4.81844141e-03,-1.10672889e-02,1.80241762e-04,-7.19217411e-03,4.32488073e-03
light,0.7370,1.07579080e+00,-3.24443635e-02,-2.05694170e-01,1.50384818e-03,2.57830204e-01,-4.88286631e-03,-1.10580161e-02,1.85037896e-04,-7.20169652e-03,4.37744418e-03
light,0.7420,1.07743559e+00,-3.33477614e-02,-2.05342941e-01,1.52942463e-03,2.57789795e-01,-4.94773671e-03,-1.10486440e-02,1.89935065e-04,-7.21164228e-03,4.43021837e-03
light,0.7470,1.07908165e+00,-3.42674604e-02,-2.04989115e-01,1.55536786e-03,2.57749379e-01,-5.01305355e-03,-1.10391720e-02,1.94934821e-04,-7.22201451e-03,4.48320080e-03
light,0.7520,1.08072882e+00,-3.52036107e-02,-2.04632689e-01,1.58168124e-03,2.57708957e-01,-5.07881775e-03,-1.10295996e-02,2.00038731e-04,-7.23281633e-03,4.53638898e-03
light,0.7570,1.08237696e+00,-3.61563621e-02,-2.04273659e-01,1.60836815e-03,2.57668533e-01,-5.14503028e-03,-1.10199263e-02,2.05248377e-04,-7.24405086e-03,4.58978039e-03
light,0.7620,1.08402589e+00,-3.71258643e-02,-2.03912022e-01,1.63543195e-03,2.57628106e-01,-5.21169212e-03,-1.10101516e-02,2.10565361e-04,-7.25572122e-03,4.64337252e-03
light,0.7670,1.08567545e+00,-3.81122665e-02,-2.03547775e-01,1.66287600e-03,2.57587680e-01,-5.27880426e-03,-1.10002749e-02,2.15991299e-04,-7.26783052e-03,4.69716282e-03
light,0.7720,1.08732550e+00,-3.91157176e-02,-2.03180914e-01,1.69070365e-03,2.57547255e-01,-5.34636774e-03,-1.09902957e-02,2.21527824e-04,-7.28038186e-03,4.75114876e-03
light,0.7770,1.08897586e+00,-4.01363663e-02,-2.02811434e-01,1.71891824e-03,2.57506834e-01,-5.41438358e-03,-1.09802135e-02,2.27176587e-04,-7.29337835e-03,4.80532776e-03
light,0.7820,1.09062637e+00,-4.11743609e-02,-2.02439333e-01,1.74752312e-03,2.57466419e-01,-5.48285286e-03,-1.09700277e-02,2.32939256e-04,-7.30682309e-03,4.85969727e-03
light,0.7870,1.09227688e+00,-4.22298491e-02,-2.02064607e-01,1.77652161e-03,2.57426010e-01,-5.55177666e-03,-1.09597379e-02,2.38817515e-04,-7.32071917e-03,4.91425469e-03
light,0.7920,1.09392721e+00,-4.33029786e-02,-2.01687252e-01,1.80591702e-03,2.57385609e-01,-5.62115608e-03,-1.09493435e-02,2.44813067e-04,-7.33506969e-03,4.96899742e-03
light,0.7970,1.09557722e+00,-4.43938965e-02,-2.01307265e-01,1.83571267e-03,2.57345219e-01,-5.69099226e-03,-1.09388439e-02,2.50927633e-04,-7.34987776e-03,5.02392286e-03
light,0.8020,1.09722672e+00,-4.55027494e-02,-2.00924641e-01,1.86591186e-03,2.57304841e-01,-5.76128634e-03,-1.09282386e-02,2.57162950e-04,-7.36514646e-03,5.07902838e-03
light,0.8070,1.09887556e+00,-4.66296836e-02,-2.00539378e-01,1.89651788e-03,2.57264477e-01,-5.83203950e-03,-1.09175272e-02,2.63520775e-04,-7.38087889e-03,5.13431134e-03
light,0.8120,1.10052356e+00,-4.77748450e-02,-2.00151470e-01,1.92753401e-03,2.57224129e-01,-5.90325293e-03,-1.09067090e-02,2.70002883e-04,-7.39707814e-03,5.18976910e-03
light,0.8170,1.10217057e+00,-4.89383789e-02,-1.99760915e-01,1.95896353e-03,2.57183797e-01,-5.97492784e-03,-1.08957836e-02,2.76611067e-04,-7.41374731e-03,5.24539899e-03
light,0.8220,1.10381641e+00,-5.01204303e-02,-1.99367709e-01,1.99080968e-03,2.57143484e-01,-6.04706547e-03,-1.08847504e-02,2.83347138e-04,-7.43088948e-03,5.30119833e-03
light,0.8270,1.10546092e+00,-5.13211434e-02,-1.98971848e-01,2.02307573e-03,2.57103192e-01,-6.11966709e-03,-1.08736089e-02,2.90212927e-04,-7.44850776e-03,5.35716442e-03
light,0.8320,1.10710392e+00,-5.25406623e-02,-1.98573328e-01,2.05576490e-03,2.57062922e-01,-6.19273398e-03,-1.08623585e-02,2.97210284e-04,-7.46660525e-03,5.41329457e-03
light,0.8370,1.10874525e+00,-5.37791302e-02,-1.98172146e-01,2.08888043e-03,2.57022676e-01,-6.26626745e-03,-1.08509987e-02,3.04341079e-04,-7.48518503e-03,5.46958606e-03
light,0.8420,1.11038472e+00,-5.50366900e-02,-1.97768296e-01,2.12242552e-03,2.56982455e-01,-6.34026883e-03,-1.08395290e-02,3.11607200e-04,-7.50425022e-03,5.52603613e-03
light,0.8470,1.11202218e+00,-5.63134840e-02,-1.97361777e-01,2.15640339e-03,2.56942262e-01,-6.41473947e-03,-1.08279489e-02,3.19010556e-04,-7.52380391e-03,5.58264205e-03
light,0.8520,1.11365745e+00,-5.76096538e-02,-1.96952583e-01,2.19081721e-03,2.56902097e-01,-6.48968075e-03,-1.08162577e-02,3.26553075e-04,-7.54384922e-03,5.63940105e-03
light,0.8570,1.11529034e+00,-5.89253405e-02,-1.96540710e-01,2.22567016e-03,2.56861963e-01,-6.56509408e-03,-1.08044551e-02,3.34236707e-04,-7.56438925e-03,5.69631035e-03
light,0.8620,1.11692070e+00,-6.02606847e-02,-1.96126156e-01,2.26096541e-03,2.56821862e-01,-6.64098088e-03,-1.07925404e-02,3.42063421e-04,-7.58542712e-03,5.75336715e-03
light,0.8670,1.11854833e+00,-6.16158263e-02,-1.95708915e-01,2.29670609e-03,2.56781794e-01,-6.71734259e-03,-1.07805131e-02,3.50035207e-04,-7.60696594e-03,5.81056863e-03
light,0.8720,1.12017307e+00,-6.29909044e-02,-1.95288984e-01,2.33289535e-03,2.56741763e-01,-6.79418071e-03,-1.07683726e-02,3.58154077e-04,-7.62900885e-03,5.86791197e-03
light,0.8770,1.12179474e+00,-6.43860576e-02,-1.94866359e-01,2.36953630e-03,2.56701768e-01,-6.87149672e-03,-1.07561185e-02,3.66422064e-04,-7.65155896e-03,5.92539432e-03
light,0.8820,1.12341314e+00,-6.58014240e-02,-1.94441036e-01,2.40663204e-03,2.56661813e-01,-6.94929215e-03,-1.07437502e-02,3.74841221e-04,-7.67461942e-03,5.98301282e-03
light,0.8870,1.12502812e+00,-6.72371406e-02,-1.94013010e-01,2.44418566e-03,2.56621898e-01,-7.02756855e-03,-1.07312671e-02,3.83413625e-04,-7.69819336e-03,6.04076459e-03
light,0.8920,1.12663948e+00,-6.86933440e-02,-1.93582278e-01,2.48220024e-03,2.56582026e-01,-7.10632750e-03,-1.07186687e-02,3.92141375e-04,-7.72228393e-03,6.09864673e-03
light,0.8970,1.12824703e+00,-7.01701700e-02,-1.93148836e-01,2.52067883e-03,2.56542198e-01,-7.18557060e-03,-1.07059545e-02,4.01026590e-04,-7.74689430e-03,6.15665632e-03
light,0.9020,1.12985061e+00,-7.16677537e-02,-1.92712679e-01,2.55962446e-03,2.56502416e-01,-7.26529947e-03,-1.06931239e-02,4.10071415e-04,-7.77202761e-03,6.21479044e-03
light,0.9070,1.13145001e+00,-7.31862293e-02,-1.92273803e-01,2.59904016e-03,2.56462682e-01,-7.34551578e-03,-1.06801763e-02,4.19278015e-04,-7.79768704e-03,6.27304613e-03
light,0.9120,1.13304507e+00,-7.47257304e-02,-1.91832204e-01,2.63892893e-03,2.56422997e-01,-7.42622119e-03,-1.06671112e-02,4.28648582e-04,-7.82387577e-03,6.33142042e-03
light,0.9170,1.13463558e+00,-7.62863897e-02,-1.91387878e-01,2.67929377e-03,2.56383362e-01,-7.50741743e-03,-1.06539282e-02,4.38185328e-04,-7.85059698e-03,6.38991033e-03
light,0.9220,1.13622136e+00,-7.78683391e-02,-1.90940821e-01,2.72013763e-03,2.56343781e-01,-7.58910621e-03,-1.06406265e-02,4.47890491e-04,-7.87785388e-03,6.44851284e-03
light,0.9270,1.13780222e+00,-7.94717098e-02,-1.90491027e-01,2.76146347e-03,2.56304253e-01,-7.67128931e-03,-1.06272057e-02,4.57766333e-04,-7.90564968e-03,6.50722493e-03
light,0.9320,1.13937796e+00,-8.10966319e-02,-1.90038494e-01,2.80327422e-03,2.56264782e-01,-7.75396851e-03,-1.06136651e-02,4.67815140e-04,-7.93398758e-03,6.56604355e-03
light,0.9370,1.14094841e+00,-8.27432348e-02,-1.89583217e-01,2.84557278e-03,2.56225369e-01,-7.83714563e-03,-1.06000043e-02,4.78039225e-04,-7.96287082e-03,6.62496563e-03
light,0.9420,1.14251336e+00,-8.44116471e-02,-1.89125191e-01,2.88836206e-03,2.56186015e-01,-7.92082251e-03,-1.05862227e-02,4.88440924e-04,-7.99230264e-03,6.68398808e-03
light,0.9470,1.14407261e+00,-8.61019964e-02,-1.88664411e-01,2.93164492e-03,2.56146723e-01,-8.00500103e-03,-1.05723197e-02,4.99022600e-04,-8.02228630e-03,6.74310778e-03
light,0.9520,1.14562598e+00,-8.78144093e-02,-1.88200875e-01,2.97542421e-03,2.56107493e-01,-8.08968308e-03,-1.05582947e-02,5.09786642e-04,-8.05282505e-03,6.80232162e-03
light,0.9570,1.14717326e+00,-8.95490115e-02,-1.87734576e-01,3.01970276e-03,2.56068328e-01,-8.17487061e-03,-1.05441472e-02,5.20735465e-04,-8.08392218e-03,6.86162643e-03
light,0.9620,1.14871426e+00,-9.13059279e-02,-1.87265511e-01,3.06448338e-03,2.56029230e-01,-8.26056556e-03,-1.05298766e-02,5.31871512e-04,-8.11558098e-03,6.92101904e-03
light,0.9670,1.15024877e+00,-9.30852823e-02,-1.86793675e-01,3.10976885e-03,2.55990200e-01,-8.34676994e-03,-1.05154823e-02,5.43197253e-04,-8.14780476e-03,6.98049624e-03
light,0.9720,1.15177659e+00,-9.48871975e-02,-1.86319063e-01,3.15556194e-03,2.55951240e-01,-8.43348576e-03,-1.05009638e-02,5.54715186e-04,-8.18059684e-03,7.04005481e-03
light,0.9770,1.15329752e+00,-9.67117953e-02,-1.85841672e-01,3.20186539e-03,2.55912352e-01,-8.52071507e-03,-1.04863204e-02,5.66427836e-04,-8.21396055e-03,7.09969151e-03
light,0.9820,1.15481135e+00,-9.85591964e-02,-1.85361495e-01,3.24868192e-03,2.55873537e-01,-8.60845995e-03,-1.04715516e-02,5.78337757e-04,-8.24789924e-03,7.15940306e-03
light,0.9870,1.15631789e+00,-1.00429521e-01,-1.84878530e-01,3.29601421e-03,2.55834797e-01,-8.69672251e-03,-1.04566567e-02,5.90447533e-04,-8.28241630e-03,7.21918616e-03
light,0.9920,1.15781691e+00,-1.02322887e-01,-1.84392770e-01,3.34386495e-03,2.55796135e-01,-8.78550490e-03,-1.04416353e-02,6.02759778e-04,-8.31751509e-03,7.27903750e-03
light,0.9970,1.15930821e+00,-1.04239412e-01,-1.83904212e-01,3.39223676e-03,2.55757551e-01,-8.87480930e-03,-1.04264866e-02,6.15277134e-04,-8.35319904e-03,7.33895372e-03
light,1.0020,1.16079158e+00,-1.06179213e-01,-1.83412851e-01,3.44113228e-03,2.55719048e-01,-8.96463791e-03,-1.04112101e-02,6.28002275e-04,-8.38947155e-03,7.39893145e-03
light,1.0070,1.16226681e+00,-1.08142404e-01,-1.82918681e-01,3.49055410e-03,2.55680628e-01,-9.05499297e-03,-1.03958052e-02,6.40937906e-04,-8.42633608e-03,7.45896729e-03
light,1.0120,1.16373368e+00,-1.10129101e-01,-1.82421698e-01,3.54050478e-03,2.55642291e-01,-9.14587676e-03,-1.03802713e-02,6.54086763e-04,-8.46379609e-03,7.51905780e-03
light,1.0170,1.16519197e+00,-1.12139416e-01,-1.81921897e-01,3.59098687e-03,2.55604041e-01,-9.23729158e-03,-1.03646077e-02,6.67451614e-04,-8.50185505e-03,7.57919953e-03
light,1.0220,1.16664147e+00,-1.14173461e-01,-1.81419273e-01,3.64200288e-03,2.55565879e-01,-9.32923977e-03,-1.03488138e-02,6.81035261e-04,-8.54051647e-03,7.63938899e-03
light,1.0270,1.16808196e+00,-1.16231347e-01,-1.80913821e-01,3.69355530e-03,2.55527806e-01,-9.42172372e-03,-1.03328891e-02,6.94840537e-04,-8.57978387e-03,7.69962267e-03
light,1.0320,1.16951321e+00,-1.18313182e-01,-1.80405537e-01,3.74564659e-03,2.55489825e-01,-9.51474582e-03,-1.03168328e-02,7.08870310e-04,-8.61966080e-03,7.75989701e-03
light,1.0370,1.17093500e+00,-1.20419074e-01,-1.79894415e-01,3.79827917e-03,2.55451937e-01,-9.60830852e-03,-1.03006443e-02,7.23127483e-04,-8.66015083e-03,7.82020843e-03
light,1.0420,1.17234712e+00,-1.22549131e-01,-1.79380450e-01,3.85145545e-03,2.55414144e-01,-9.70241431e-03,-1.02843230e-02,7.37614992e-04,-8.70125756e-03,7.88055334e-03
light,1.0470,1.17374932e+00,-1.24703458e-01,-1.78863637e-01,3.90517781e-03,2.55376448e-01,-9.79706571e-03,-1.02678682e-02,7.52335811e-04,-8.74298460e-03,7.94092808e-03
light,1.0520,1.17514139e+00,-1.26882159e-01,-1.78343971e-01,3.95944858e-03,2.55338852e-01,-9.89226526e-03,-1.02512793e-02,7.67292949e-04,-8.78533559e-03,8.00132899e-03
light,1.0570,1.17652309e+00,-1.29085337e-01,-1.77821447e-01,4.01427008e-03,2.55301356e-01,-9.98801555e-03,-1.02345556e-02,7.82489451e-04,-8.82831422e-03,8.06175234e-03
light,1.0620,1.17789418e+00,-1.31313092e-01,-1.77296059e-01,4.06964458e-03,2.55263962e-01,-1.00843192e-02,-1.02176965e-02,7.97928400e-04,-8.87192416e-03,8.12219441e-03
light,1.0670,1.17925444e+00,-1.33565526e-01,-1.76767802e-01,4.12557433e-03,2.55226674e-01,-1.01811789e-02,-1.02007011e-02,8.13612919e-04,-8.91616914e-03,8.18265140e-03
light,1.0720,1.18060362e+00,-1.35842736e-01,-1.76236671e-01,4.18206156e-03,2.55189491e-01,-1.02785974e-02,-1.01835690e-02,8.29546168e-04,-8.96105293e-03,8.24311952e-03
light,1.0770,1.18194149e+00,-1.38144820e-01,-1.75702661e-01,4.23910845e-03,2.55152417e-01,-1.03765773e-02,-1.01662993e-02,8.45731347e-04,-9.00657929e-03,8.30359489e-03
light,1.0820,1.18326781e+00,-1.40471873e-01,-1.75165766e-01,4.29671714e-03,2.55115454e-01,-1.04751216e-02,-1.01488914e-02,8.62171696e-04,-9.05275204e-03,8.36407365e-03
light,1.0870,1.18458232e+00,-1.42823989e-01,-1.74625980e-01,4.35488975e-03,2.55078602e-01,-1.05742329e-02,-1.01313445e-02,8.78870498e-04,-9.09957503e-03,8.42455184e-03
light,1.0920,1.18588480e+00,-1.45201261e-01,-1.74083298e-01,4.41362837e-03,2.55041865e-01,-1.06739142e-02,-1.01136579e-02,8.95831076e-04,-9.14705211e-03,8.48502552e-03
light,1.0970,1.18717498e+00,-1.47603780e-01,-1.73537715e-01,4.47293504e-03,2.55005243e-01,-1.07741684e-02,-1.00958310e-02,9.13056797e-04,-9.19518721e-03,8.54549067e-03
light,1.1020,1.18845262e+00,-1.50031635e-01,-1.72989224e-01,4.53281178e-03,2.54968740e-01,-1.08749984e-02,-1.00778629e-02,9.30551072e-04,-9.24398426e-03,8.60594323e-03
light,1.1070,1.18971747e+00,-1.52484914e-01,-1.72437820e-01,4.59326056e-03,2.54932357e-01,-1.09764073e-02,-1.00597529e-02,9.48317354e-04,-9.29344724e-03,8.66637913e-03
light,1.1120,1.19096926e+00,-1.54963703e-01,-1.71883498e-01,4.65428331e-03,2.54896095e-01,-1.10783980e-02,-1.00415002e-02,9.66359145e-04,-9.34358015e-03,8.72679421e-03
light,1.1170,1.19220775e+00,-1.57468086e-01,-1.71326252e-01,4.71588194e-03,2.54859958e-01,-1.11809737e-02,-1.00231040e-02,9.84679991e-04,-9.39438704e-03,8.78718431e-03
light,1.1220,1.19343268e+00,-1.59998147e-01,-1.70766075e-01,4.77805832e-03,2.54823946e-01,-1.12841374e-02,-1.00045637e-02,1.00328348e-03,-9.44587199e-03,8.84754519e-03
light,1.1270,1.19464378e+00,-1.62553967e-01,-1.70202962e-01,4.84081425e-03,2.54788062e-01,-1.13878924e-02,-9.98587832e-03,1.02217327e-03,-9.49803913e-03,8.90787259e-03
light,1.1320,1.19584078e+00,-1.65135624e-01,-1.69636908e-01,4.90415154e-03,2.54752309e-01,-1.14922419e-02,-9.96704711e-03,1.04135304e-03,-9.55089262e-03,8.96816217e-03
light,1.1370,1.19702342e+00,-1.67743197e-01,-1.69067904e-01,4.96807193e-03,2.54716687e-01,-1.15971891e-02,-9.94806923e-03,1.06082653e-03,-9.60443665e-03,9.02840957e-03
light,1.1420,1.19819143e+00,-1.70376760e-01,-1.68495947e-01,5.03257711e-03,2.54681198e-01,-1.17027374e-02,-9.92894386e-03,1.08059753e-03,-9.65867547e-03,9.08861038e-03
light,1.1470,1.19934454e+00,-1.73036389e-01,-1.67921030e-01,5.09766875e-03,2.54645846e-01,-1.18088901e-02,-9.90967015e-03,1.10066990e-03,-9.71361336e-03,9.14876011e-03
light,1.1520,1.20048246e+00,-1.75722154e-01,-1.67343145e-01,5.16334847e-03,2.54610632e-01,-1.19156507e-02,-9.89024722e-03,1.12104753e-03,-9.76925465e-03,9.20885424e-03
light,1.1570,1.20160493e+00,-1.78434127e-01,-1.66762288e-01,5.22961785e-03,2.54575558e-01,-1.20230225e-02,-9.87067420e-03,1.14173437e-03,-9.82560372e-03,9.26888820e-03
light,1.1620,1.20271166e+00,-1.81172374e-01,-1.66178452e-01,5.29647841e-03,2.54540626e-01,-1.21310093e-02,-9.85095018e-03,1.16273443e-03,-9.88266499e-03,9.32885734e-03
light,1.1670,1.20380237e+00,-1.83936963e-01,-1.65591631e-01,5.36393166e-03,2.54505838e-01,-1.22396144e-02,-9.83107427e-03,1.18405179e-03,-9.94044291e-03,9.38875698e-03
light,1.1720,1.20487676e+00,-1.86727957e-01,-1.65001817e-01,5.43197902e-03,2.54471197e-01,-1.23488416e-02,-9.81104552e-03,1.20569056e-03,-9.99894201e-03,9.44858237e-03
light,1.1770,1.20593455e+00,-1.89545418e-01,-1.64409005e-01,5.50062191e-03,2.54436703e-01,-1.24586945e-02,-9.79086300e-03,1.22765492e-03,-1.00581669e-02,9.50832870e-03
light,1.1820,1.20697545e+00,-1.92389407e-01,-1.63813188e-01,5.56986166e-03,2.54402360e-01,-1.25691769e-02,-9.77052574e-03,1.24994914e-03,-1.01181221e-02,9.56799109e-03
light,1.1870,1.20799916e+00,-1.95259982e-01,-1.63214359e-01,5.63969959e-03,2.54368170e-01,-1.26802926e-02,-9.75003275e-03,1.27257750e-03,-1.01788123e-02,9.62756461e-03
light,1.1920,1.20900537e+00,-1.98157197e-01,-1.62612511e-01,5.71013694e-03,2.54334134e-01,-1.27920454e-02,-9.72938304e-03,1.29554439e-03,-1.02402423e-02,9.68704426e-03
light,1.1970,1.20999380e+00,-2.01081108e-01,-1.62007638e-01,5.78117493e-03,2.54300255e-01,-1.29044392e-02,-9.70857557e-03,1.31885424e-03,-1.03024168e-02,9.74642497e-03
light,1.2020,1.21096412e+00,-2.04031765e-01,-1.61399733e-01,5.85281471e-03,2.54266535e-01,-1.30174780e-02,-9.68760932e-03,1.34251155e-03,-1.03653406e-02,9.80570162e-03
light,1.2070,1.21191603e+00,-2.07009217e-01,-1.60788788e-01,5.92505738e-03,2.54232976e-01,-1.31311660e-02,-9.66648320e-03,1.36652090e-03,-1.04290187e-02,9.86486899e-03
light,1.2120,1.21284922e+00,-2.10013511e-01,-1.60174797e-01,5.99790400e-03,2.54199580e-01,-1.32455070e-02,-9.64519615e-03,1.39088693e-03,-1.04934560e-02,9.92392181e-03
light,1.2170,1.21376336e+00,-2.13044692e-01,-1.59557753e-01,6.07135556e-03,2.54166349e-01,-1.33605054e-02,-9.62374703e-03,1.41561435e-03,-1.05586575e-02,9.98285474e-03
light,1.2220,1.21465815e+00,-2.16102801e-01,-1.58937648e-01,6.14541302e-03,2.54133286e-01,-1.34761654e-02,-9.60213473e-03,1.44070795e-03,-1.06246283e-02,1.00416623e-02
light,1.2270,1.21553325e+00,-2.19187878e-01,-1.58314476e-01,6.22007726e-03,2.54100393e-01,-1.35924913e-02,-9.58035808e-03,1.46617260e-03,-1.06913735e-02,1.01003391e-02
light,1.2320,1.21638834e+00,-2.22299961e-01,-1.57688228e-01,6.29534913e-03,2.54067671e-01,-1.37094873e-02,-9.55841589e-03,1.49201322e-03,-1.07588984e-02,1.01588795e-02
light,1.2370,1.21722309e+00,-2.25439084e-01,-1.57058897e-01,6.37122939e-03,2.54035123e-01,-1.38271581e-02,-9.53630696e-03,1.51823485e-03,-1.08272081e-02,1.02172778e-02
light,1.2420,1.21803715e+00,-2.28605279e-01,-1.56426476e-01,6.44771878e-03,2.54002751e-01,-1.39455081e-02,-9.51403004e-03,1.54484258e-03,-1.08963081e-02,1.02755282e-02
light,1.2470,1.21883019e+00,-2.31798576e-01,-1.55790957e-01,6.52481796e-03,2.53970558e-01,-1.40645418e-02,-9.49158387e-03,1.57184158e-03,-1.09662038e-02,1.03336250e-02
light,1.2520,1.21960188e+00,-2.35019001e-01,-1.55152332e-01,6.60252752e-03,2.53938545e-01,-1.41842640e-02,-9.46896714e-03,1.59923714e-03,-1.10369006e-02,1.03915623e-02
light,1.2570,1.22035185e+00,-2.38266579e-01,-1.54510594e-01,6.68084803e-03,2.53906715e-01,-1.43046794e-02,-9.44617853e-03,1.62703460e-03,-1.11084041e-02,1.04493339e-02
light,1.2620,1.22107975e+00,-2.41541331e-01,-1.53865734e-01,6.75977994e-03,2.53875069e-01,-1.44257928e-02,-9.42321668e-03,1.65523941e-03,-1.11807199e-02,1.05069338e-02
light,1.2670,1.22178524e+00,-2.44843276e-01,-1.53217745e-01,6.83932370e-03,2.53843611e-01,-1.45476091e-02,-9.40008019e-03,1.68385710e-03,-1.12538538e-02,1.05643558e-02
light,1.2720,1.22246794e+00,-2.48172429e-01,-1.52566619e-01,6.91947965e-03,2.53812343e-01,-1.46701333e-02,-9.37676763e-03,1.71289330e-03,-1.13278116e-02,1.06215936e-02
light,1.2770,1.22312750e+00,-2.51528803e-01,-1.51912346e-01,7.00024807e-03,2.53781265e-01,-1.47933705e-02,-9.35327754e-03,1.74235373e-03,-1.14025991e-02,1.06786407e-02
light,1.2820,1.22376354e+00,-2.54912409e-01,-1.51254920e-01,7.08162920e-03,2.53750382e-01,-1.49173258e-02,-9.32960842e-03,1.77224423e-03,-1.14782223e-02,1.07354907e-02
light,1.2870,1.22437569e+00,-2.58323253e-01,-1.50594331e-01,7.16362319e-03,2.53719694e-01,-1.50420044e-02,-9.30575873e-03,1.80257072e-03,-1.15546873e-02,1.07921369e-02
light,1.2920,1.22496357e+00,-2.61761339e-01,-1.49930570e-01,7.24623013e-03,2.53689205e-01,-1.51674118e-02,-9.28172688e-03,1.83333922e-03,-1.16320001e-02,1.08485726e-02
light,1.2970,1.22552679e+00,-2.65226668e-01,-1.49263630e-01,7.32945003e-03,2.53658916e-01,-1.52935533e-02,-9.25751126e-03,1.86455588e-03,-1.17101672e-02,1.09047910e-02
light,1.3020,1.22606497e+00,-2.68719237e-01,-1.48593502e-01,7.41328283e-03,2.53628830e-01,-1.54204344e-02,-9.23311020e-03,1.89622695e-03,-1.17891947e-02,1.09607851e-02
light,1.3070,1.22657771e+00,-2.72239041e-01,-1.47920176e-01,7.49772842e-03,2.53598949e-01,-1.55480608e-02,-9.20852200e-03,1.92835879e-03,-1.18690891e-02,1.10165477e-02
light,1.3120,1.22706460e+00,-2.75786071e-01,-1.47243644e-01,7.58278659e-03,2.53569275e-01,-1.56764383e-02,-9.18374489e-03,1.96095787e-03,-1.19498569e-02,1.10720718e-02
light,1.3170,1.22752525e+00,-2.79360314e-01,-1.46563896e-01,7.66845706e-03,2.53539810e-01,-1.58055726e-02,-9.15877709e-03,1.99403080e-03,-1.20315049e-02,1.11273498e-02
light,1.3220,1.22795924e+00,-2.82961754e-01,-1.45880923e-01,7.75473947e-03,2.53510556e-01,-1.59354696e-02,-9.13361674e-03,2.02758429e-03,-1.21140396e-02,1.11823745e-02
light,1.3270,1.22836616e+00,-2.86590374e-01,-1.45194716e-01,7.84163341e-03,2.53481516e-01,-1.60661355e-02,-9.10826193e-03,2.06162519e-03,-1.21974681e-02,1.12371381e-02
light,1.3320,1.22874558e+00,-2.90246148e-01,-1.44505266e-01,7.92913834e-03,2.53452692e-01,-1.61975764e-02,-9.08271072e-03,2.09616048e-03,-1.22817971e-02,1.12916330e-02
light,1.3370,1.22909708e+00,-2.93929052e-01,-1.43812562e-01,8.01725368e-03,2.53424087e-01,-1.63297985e-02,-9.05696109e-03,2.13119727e-03,-1.23670339e-02,1.13458511e-02
light,1.3420,1.22942021e+00,-2.97639055e-01,-1.43116595e-01,8.10597875e-03,2.53395701e-01,-1.64628083e-02,-9.03101097e-03,2.16674282e-03,-1.24531855e-02,1.13997846e-02
light,1.3470,1.22971455e+00,-3.01376124e-01,-1.42417355e-01,8.19531278e-03,2.53367538e-01,-1.65966123e-02,-9.00485823e-03,2.20280450e-03,-1.25402594e-02,1.14534251e-02
light,1.3520,1.22997964e+00,-3.05140219e-01,-1.41714832e-01,8.28525493e-03,2.53339599e-01,-1.67312170e-02,-8.97850069e-03,2.23938986e-03,-1.26282629e-02,1.15067643e-02
light,1.3570,1.23021503e+00,-3.08931301e-01,-1.41009016e-01,8.37580427e-03,2.53311887e-01,-1.68666294e-02,-8.95193610e-03,2.27650659e-03,-1.27172036e-02,1.15597938e-02
light,1.3620,1.23042025e+00,-3.12749322e-01,-1.40299896e-01,8.46695975e-03,2.53284404e-01,-1.70028562e-02,-8.92516213e-03,2.31416253e-03,-1.28070893e-02,1.16125048e-02
light,1.3670,1.23059485e+00,-3.16594234e-01,-1.39587462e-01,8.55872026e-03,2.53257152e-01,-1.71399045e-02,-8.89817640e-03,2.35236567e-03,-1.28979278e-02,1.16648884e-02
light,1.3720,1.23073835e+00,-3.20465982e-01,-1.38871703e-01,8.65108459e-03,2.53230133e-01,-1.72777816e-02,-8.87097644e-03,2.39112420e-03,-1.29897270e-02,1.17169356e-02
light,1.3770,1.23085026e+00,-3.24364508e-01,-1.38152608e-01,8.74405143e-03,2.53203349e-01,-1.74164947e-02,-8.84355973e-03,2.43044643e-03,-1.30824950e-02,1.17686372e-02
light,1.3820,1.23093010e+00,-3.28289750e-01,-1.37430167e-01,8.83761937e-03,2.53176803e-01,-1.75560513e-02,-8.81592364e-03,2.47034089e-03,-1.31762402e-02,1.18199838e-02
light,1.3870,1.23097737e+00,-3.32241640e-01,-1.36704368e-01,8.93178690e-03,2.53150495e-01,-1.76964591e-02,-8.78806550e-03,2.51081627e-03,-1.32709710e-02,1.18709657e-02
light,1.3920,1.23099157e+00,-3.36220107e-01,-1.35975200e-01,9.02655242e-03,2.53124429e-01,-1.78377258e-02,-8.75998252e-03,2.55188143e-03,-1.33666959e-02,1.19215732e-02
light,1.3970,1.23097219e+00,-3.40225076e-01,-1.35242652e-01,9.12191420e-03,2.53098606e-01,-1.79798593e-02,-8.73167183e-03,2.59354546e-03,-1.34634236e-02,1.19717961e-02
light,1.4020,1.23091870e+00,-3.44256464e-01,-1.34506711e-01,9.21787044e-03,2.53073028e-01,-1.81228679e-02,-8.70313050e-03,2.63581762e-03,-1.35611632e-02,1.20216243e-02
light,1.4070,1.23083058e+00,-3.48314186e-01,-1.33767365e-01,9.31441919e-03,2.53047698e-01,-1.82667598e-02,-8.67435547e-03,2.67870738e-03,-1.36599237e-02,1.20710473e-02
light,1.4120,1.23070728e+00,-3.52398152e-01,-1.33024604e-01,9.41155843e-03,2.53022616e-01,-1.84115436e-02,-8.64534359e-03,2.72222443e-03,-1.37597143e-02,1.21200544e-02
light,1.4170,1.23054828e+00,-3.56508266e-01,-1.32278414e-01,9.50928599e-03,2.52997785e-01,-1.85572277e-02,-8.61609163e-03,2.76637867e-03,-1.38605445e-02,1.21686347e-02
light,1.4220,1.23035300e+00,-3.60644427e-01,-1.31528783e-01,9.60759961e-03,2.52973207e-01,-1.87038212e-02,-8.58659624e-03,2.81118021e-03,-1.39624239e-02,1.22167768e-02
light,1.4270,1.23012089e+00,-3.64806529e-01,-1.30775698e-01,9.70649689e-03,2.52948883e-01,-1.88513331e-02,-8.55685394e-03,2.85663944e-03,-1.40653623e-02,1.22644695e-02
light,1.4320,1.22985138e+00,-3.68994459e-01,-1.30019146e-01,9.80597533e-03,2.52924815e-01,-1.89997726e-02,-8.52686118e-03,2.90276694e-03,-1.41693698e-02,1.23117009e-02
light,1.4370,1.22954387e+00,-3.73208102e-01,-1.29259115e-01,9.90603230e-03,2.52901005e-01,-1.91491492e-02,-8.49661425e-03,2.94957357e-03,-1.42744566e-02,1.23584592e-02
light,1.4420,1.22919778e+00,-3.77447334e-01,-1.28495590e-01,1.00066650e-02,2.52877455e-01,-1.92994727e-02,-8.46610934e-03,2.99707043e-03,-1.43806331e-02,1.24047319e-02
light,1.4470,1.22881249e+00,-3.81712027e-01,-1.27728559e-01,1.01078706e-02,2.52854165e-01,-1.94507528e-02,-8.43534251e-03,3.04526891e-03,-1.44879100e-02,1.24505067e-02
light,1.4520,1.22838741e+00,-3.86002046e-01,-1.26958007e-01,1.02096460e-02,2.52831138e-01,-1.96029999e-02,-8.40430967e-03,3.09418065e-03,-1.45962983e-02,1.24957705e-02
light,1.4570,1.22792189e+00,-3.90317251e-01,-1.26183920e-01,1.03119881e-02,2.52808375e-01,-1.97562243e-02,-8.37300660e-03,3.14381760e-03,-1.47058090e-02,1.25405102e-02
light,1.4620,1.22741531e+00,-3.94657494e-01,-1.25406284e-01,1.04148936e-02,2.52785877e-01,-1.99104367e-02,-8.34142894e-03,3.19419197e-03,-1.48164535e-02,1.25847123e-02
light,1.4670,1.22686701e+00,-3.99022623e-01,-1.24625085e-01,1.05183590e-02,2.52763645e-01,-2.00656479e-02,-8.30957218e-03,3.24531633e-03,-1.49282435e-02,1.26283629e-02
light,1.4720,1.22627633e+00,-4.03412478e-01,-1.23840307e-01,1.06223808e-02,2.52741682e-01,-2.02218692e-02,-8.27743162e-03,3.29720352e-03,-1.50411908e-02,1.26714479e-02
light,1.4770,1.22564261e+00,-4.07826893e-01,-1.23051936e-01,1.07269551e-02,2.52719987e-01,-2.03791121e-02,-8.24500244e-03,3.34986674e-03,-1.51553075e-02,1.27139526e-02
light,1.4820,1.22496514e+00,-4.12265694e-01,-1.22259956e-01,1.08320781e-02,2.52698561e-01,-2.05373882e-02,-8.21227962e-03,3.40331951e-03,-1.52706062e-02,1.27558622e-02
light,1.4870,1.22424325e+00,-4.16728701e-01,-1.21464351e-01,1.09377458e-02,2.52677407e-01,-2.06967098e-02,-8.17925796e-03,3.45757572e-03,-1.53870996e-02,1.27971612e-02
light,1.4920,1.22347620e+00,-4.21215727e-01,-1.20665104e-01,1.10439539e-02,2.52656524e-01,-2.08570891e-02,-8.14593209e-03,3.51264963e-03,-1.55048006e-02,1.28378340e-02
light,1.4970,1.22266328e+00,-4.25726576e-01,-1.19862201e-01,1.11506980e-02,2.52635913e-01,-2.10185390e-02,-8.11229641e-03,3.56855588e-03,-1.56237226e-02,1.28778644e-02
light,1.5020,1.22180373e+00,-4.30261046e-01,-1.19055624e-01,1.12579735e-02,2.52615576e-01,-2.11810723e-02,-8.07834516e-03,3.62530950e-03,-1.57438792e-02,1.29172357e-02
light,1.5070,1.22089682e+00,-4.34818927e-01,-1.18245356e-01,1.13657759e-02,2.52595511e-01,-2.13447027e-02,-8.04407233e-03,3.68292593e-03,-1.58652845e-02,1.29559310e-02
light,1.5120,1.21994176e+00,-4.39399999e-01,-1.17431379e-01,1.14741000e-02,2.52575720e-01,-2.15094437e-02,-8.00947169e-03,3.74142105e-03,-1.59879527e-02,1.29939326e-02
light,1.5170,1.21893776e+00,-4.44004038e-01,-1.16613677e-01,1.15829409e-02,2.52556203e-01,-2.16753097e-02,-7.97453680e-03,3.80081118e-03,-1.61118986e-02,1.30312226e-02
light,1.5220,1.21788402e+00,-4.48630806e-01,-1.15792230e-01,1.16922931e-02,2.52536960e-01,-2.18423151e-02,-7.93926095e-03,3.86111312e-03,-1.62371372e-02,1.30677824e-02
light,1.5270,1.21677972e+00,-4.53280061e-01,-1.14967021e-01,1.18021514e-02,2.52517990e-01,-2.20104749e-02,-7.90363718e-03,3.92234412e-03,-1.63636840e-02,1.31035930e-02
light,1.5320,1.21562401e+00,-4.57951550e-01,-1.14138030e-01,1.19125099e-02,2.52499294e-01,-2.21798045e-02,-7.86765826e-03,3.98452197e-03,-1.64915547e-02,1.31386347e-02
light,1.5370,1.21441605e+00,-4.62645010e-01,-1.13305239e-01,1.20233627e-02,2.52480871e-01,-2.23503199e-02,-7.83131669e-03,4.04766495e-03,-1.66207657e-02,1.31728874e-02
light,1.5420,1.21315495e+00,-4.67360170e-01,-1.12468626e-01,1.21347038e-02,2.52462719e-01,-2.25220373e-02,-7.79460465e-03,4.11179191e-03,-1.67513336e-02,1.32063302e-02
light,1.5470,1.21183981e+00,-4.72096749e-01,-1.11628173e-01,1.22465268e-02,2.52444839e-01,-2.26949736e-02,-7.75751405e-03,4.17692226e-03,-1.68832756e-02,1.32389417e-02
light,1.5520,1.21046972e+00,-4.76854454e-01,-1.10783859e-01,1.23588252e-02,2.52427229e-01,-2.28691461e-02,-7.72003643e-03,4.24307599e-03,-1.70166092e-02,1.32706998e-02
light,1.5570,1.20904374e+00,-4.81632985e-01,-1.09935662e-01,1.24715922e-02,2.52409888e-01,-2.30445726e-02,-7.68216302e-03,4.31027374e-03,-1.71513527e-02,1.33015818e-02
light,1.5620,1.20756090e+00,-4.86432028e-01,-1.09083560e-01,1.25848206e-02,2.52392814e-01,-2.32212716e-02,-7.64388469e-03,4.37853676e-03,-1.72875245e-02,1.33315643e-02
light,1.5670,1.20602023e+00,-4.91251260e-01,-1.08227533e-01,1.26985033e-02,2.52376006e-01,-2.33992622e-02,-7.60519192e-03,4.44788700e-03,-1.74251439e-02,1.33606229e-02
light,1.5720,1.20442071e+00,-4.96090345e-01,-1.07367556e-01,1.28126328e-02,2.52359460e-01,-2.35785640e-02,-7.56607482e-03,4.51834711e-03,-1.75642304e-02,1.33887328e-02
light,1.5770,1.20276131e+00,-5.00948937e-01,-1.06503607e-01,1.29272011e-02,2.52343175e-01,-2.37591972e-02,-7.52652306e-03,4.58994046e-03,-1.77048044e-02,1.34158681e-02
light,1.5820,1.20104098e+00,-5.05826677e-01,-1.05635662e-01,1.30422002e-02,2.52327148e-01,-2.39411827e-02,-7.48652589e-03,4.66269122e-03,-1.78468867e-02,1.34420023e-02
light,1.5870,1.19925862e+00,-5.10723193e-01,-1.04763697e-01,1.31576219e-02,2.52311376e-01,-2.41245424e-02,-7.44607210e-03,4.73662433e-03,-1.79904989e-02,1.34671077e-02
light,1.5920,1.19741313e+00,-5.15638101e-01,-1.03887686e-01,1.32734573e-02,2.52295855e-01,-2.43092984e-02,-7.40514999e-03,4.81176560e-03,-1.81356629e-02,1.34911561e-02
light,1.5970,1.19550337e+00,-5.20571002e-01,-1.03007603e-01,1.33896975e-02,2.52280581e-01,-2.44954741e-02,-7.36374737e-03,4.88814172e-03,-1.82824018e-02,1.35141179e-02
light,1.6020,1.19352815e+00,-5.25521484e-01,-1.02123423e-01,1.35063334e-02,2.52265550e-01,-2.46830934e-02,-7.32185150e-03,4.96578030e-03,-1.84307389e-02,1.35359627e-02
light,1.6070,1.19148628e+00,-5.30489121e-01,-1.01235119e-01,1.36233552e-02,2.52250757e-01,-2.48721810e-02,-7.27944907e-03,5.04470993e-03,-1.85806987e-02,1.35566592e-02
light,1.6120,1.18937651e+00,-5.35473471e-01,-1.00342661e-01,1.37407531e-02,2.52236198e-01,-2.50627628e-02,-7.23652619e-03,5.12496020e-03,-1.87323061e-02,1.35761747e-02
light,1.6170,1.18719758e+00,-5.40474078e-01,-9.94460230e-02,1.38585168e-02,2.52221866e-01,-2.52548655e-02,-7.19306833e-03,5.20656180e-03,-1.88855872e-02,1.35944754e-02
light,1.6220,1.18494818e+00,-5.45490469e-01,-9.85451740e-02,1.39766355e-02,2.52207755e-01,-2.54485166e-02,-7.14906031e-03,5.28954652e-03,-1.90405686e-02,1.36115264e-02
light,1.6270,1.18262695e+00,-5.50522153e-01,-9.76400840e-02,1.40950984e-02,2.52193858e-01,-2.56437450e-02,-7.10448622e-03,5.37394735e-03,-1.91972781e-02,1.36272914e-02
light,1.6320,1.18023253e+00,-5.55568624e-01,-9.67307219e-02,1.42138940e-02,2.52180168e-01,-2.58405804e-02,-7.05932944e-03,5.45979850e-03,-1.93557443e-02,1.36417329e-02
light,1.6370,1.17776347e+00,-5.60629356e-01,-9.58170556e-02,1.43330105e-02,2.52166677e-01,-2.60390538e-02,-7.01357255e-03,5.54713551e-03,-1.95159968e-02,1.36548118e-02
light,1.6420,1.17521831e+00,-5.65703807e-01,-9.48990520e-02,1.44524357e-02,2.52153376e-01,-2.62391974e-02,-6.96719729e-03,5.63599530e-03,-1.96780664e-02,1.36664876e-02
light,1.6470,1.17259553e+00,-5.70791412e-01,-9.39766770e-02,1.45721568e-02,2.52140255e-01,-2.64410447e-02,-6.92018453e-03,5.72641624e-03,-1.98419848e-02,1.36767182e-02
light,1.6520,1.16989358e+00,-5.75891588e-01,-9.30498955e-02,1.46921607e-02,2.52127304e-01,-2.66446307e-02,-6.87251421e-03,5.81843821e-03,-2.00077850e-02,1.36854598e-02
light,1.6570,1.16711082e+00,-5.81003731e-01,-9.21186710e-02,1.48124339e-02,2.52114512e-01,-2.68499915e-02,-6.82416525e-03,5.91210274e-03,-2.01755013e-02,1.36926670e-02
light,1.6620,1.16424561e+00,-5.86127213e-01,-9.11829662e-02,1.49329623e-02,2.52101867e-01,-2.70571652e-02,-6.77511555e-03,6.00745305e-03,-2.03451692e-02,1.36982925e-02
light,1.6670,1.16129621e+00,-5.91261386e-01,-9.02427422e-02,1.50537312e-02,2.52089356e-01,-2.72661911e-02,-6.72534187e-03,6.10453419e-03,-2.05168255e-02,1.37022869e-02
light,1.6720,1.15826085e+00,-5.96405574e-01,-8.92979591e-02,1.51747254e-02,2.52076965e-01,-2.74771104e-02,-6.67481978e-03,6.20339310e-03,-2.06905086e-02,1.37045989e-02
light,1.6770,1.15513768e+00,-6.01559079e-01,-8.83485753e-02,1.52959293e-02,2.52064677e-01,-2.76899662e-02,-6.62352358e-03,6.30407875e-03,-2.08662585e-02,1.37051750e-02
light,1.6820,1.15192480e+00,-6.06721176e-01,-8.73945480e-02,1.54173265e-02,2.52052478e-01,-2.79048034e-02,-6.57142622e-03,6.40664227e-03,-2.10441166e-02,1.37039595e-02
light,1.6870,1.14862023e+00,-6.11891111e-01,-8.64358326e-02,1.55389000e-02,2.52040350e-01,-2.81216691e-02,-6.51849921e-03,6.51113706e-03,-2.12241263e-02,1.37008940e-02
light,1.6920,1.14522192e+00,-6.17068104e-01,-8.54723832e-02,1.56606323e-02,2.52028272e-01,-2.83406125e-02,-6.46471251e-03,6.61761893e-03,-2.14063327e-02,1.36959177e-02
light,1.6970,1.14172775e+00,-6.22251342e-01,-8.45041518e-02,1.57825052e-02,2.52016225e-01,-2.85616852e-02,-6.41003445e-03,6.72614628e-03,-2.15907827e-02,1.36889671e-02
light,1.7020,1.13813551e+00,-6.27439981e-01,-8.35310889e-02,1.59044996e-02,2.52004187e-01,-2.87849411e-02,-6.35443158e-03,6.83678024e-03,-2.17775256e-02,1.36799756e-02
light,1.7070,1.13444290e+00,-6.32633145e-01,-8.25531428e-02,1.60265958e-02,2.51992133e-01,-2.90104370e-02,-6.29786858e-03,6.94958483e-03,-2.19666127e-02,1.36688737e-02
light,1.7120,1.13064755e+00,-6.37829921e-01,-8.15702599e-02,1.61487732e-02,2.51980037e-01,-2.92382325e-02,-6.24030810e-03,7.06462722e-03,-2.21580978e-02,1.36555884e-02
light,1.7170,1.12674697e+00,-6.43029361e-01,-8.05823844e-02,1.62710106e-02,2.51967873e-01,-2.94683900e-02,-6.18171065e-03,7.18197784e-03,-2.23520370e-02,1.36400434e-02
light,1.7220,1.12273858e+00,-6.48230475e-01,-7.95894581e-02,1.63932857e-02,2.51955609e-01,-2.97009756e-02,-6.12203436e-03,7.30171072e-03,-2.25484894e-02,1.36221584e-02
light,1.7270,1.11861969e+00,-6.53432234e-01,-7.85914204e-02,1.65155753e-02,2.51943214e-01,-2.99360584e-02,-6.06123491e-03,7.42390364e-03,-2.27475168e-02,1.36018494e-02
light,1.7320,1.11438747e+00,-6.58633566e-01,-7.75882080e-02,1.66378552e-02,2.51930653e-01,-3.01737116e-02,-5.99926525e-03,7.54863844e-03,-2.29491840e-02,1.35790277e-02
light,1.7370,1.11003899e+00,-6.63833353e-01,-7.65797549e-02,1.67601004e-02,2.51917888e-01,-3.04140121e-02,-5.93607545e-03,7.67600132e-03,-2.31535594e-02,1.35536004e-02
light,1.7420,1.10557119e+00,-6.69030427e-01,-7.55659918e-02,1.68822846e-02,2.51904879e-01,-3.06570415e-02,-5.87161243e-03,7.80608316e-03,-2.33607146e-02,1.35254696e-02
light,1.7470,1.10098084e+00,-6.74223568e-01,-7.45468464e-02,1.70043803e-02,2.51891581e-01,-3.09028858e-02,-5.80581973e-03,7.93897985e-03,-2.35707253e-02,1.34945319e-02
light,1.7520,1.09626458e+00,-6.79411504e-01,-7.35222430e-02,1.71263588e-02,2.51877948e-01,-3.11516360e-02,-5.73863722e-03,8.07479269e-03,-2.37836712e-02,1.34606784e-02
light,1.7570,1.09141887e+00,-6.84592903e-01,-7.24921021e-02,1.72481903e-02,2.51863927e-01,-3.14033888e-02,-5.67000079e-03,8.21362881e-03,-2.39996367e-02,1.34237940e-02
light,1.7620,1.08644000e+00,-6.89766372e-01,-7.14563400e-02,1.73698434e-02,2.51849465e-01,-3.16582464e-02,-5.59984205e-03,8.35560165e-03,-2.42187105e-02,1.33837572e-02
light,1.7670,1.08132407e+00,-6.94930450e-01,-7.04148692e-02,1.74912851e-02,2.51834501e-01,-3.19163177e-02,-5.52808788e-03,8.50083144e-03,-2.44409871e-02,1.33404392e-02
light,1.7720,1.07606697e+00,-7.00083608e-01,-6.93675969e-02,1.76124812e-02,2.51818970e-01,-3.21777184e-02,-5.45466010e-03,8.64944581e-03,-2.46665662e-02,1.32937035e-02
light,1.7770,1.07066437e+00,-7.05224242e-01,-6.83144259e-02,1.77333954e-02,2.51802802e-01,-3.24425716e-02,-5.37947494e-03,8.80158038e-03,-2.48955538e-02,1.32434053e-02
light,1.7820,1.06511170e+00,-7.10350664e-01,-6.72552532e-02,1.78539899e-02,2.51785921e-01,-3.27110089e-02,-5.30244258e-03,8.95737950e-03,-2.51280627e-02,1.31893908e-02
light,1.7870,1.05940412e+00,-7.15461105e-01,-6.61899701e-02,1.79742249e-02,2.51768243e-01,-3.29831704e-02,-5.22346653e-03,9.11699697e-03,-2.53642128e-02,1.31314963e-02
light,1.7920,1.05353651e+00,-7.20553699e-01,-6.51184614e-02,1.80940582e-02,2.51749680e-01,-3.32592065e-02,-5.14244304e-03,9.28059697e-03,-2.56041320e-02,1.30695473e-02
light,1.7970,1.04750344e+00,-7.25626483e-01,-6.40406049e-02,1.82134459e-02,2.51730132e-01,-3.35392778e-02,-5.05926033e-03,9.44835500e-03,-2.58479569e-02,1.30033577e-02
light,1.8020,1.04129915e+00,-7.30677386e-01,-6.29562709e-02,1.83323412e-02,2.51709494e-01,-3.38235571e-02,-4.97379782e-03,9.62045894e-03,-2.60958338e-02,1.29327285e-02
light,1.8070,1.03491751e+00,-7.35704220e-01,-6.18653214e-02,1.84506950e-02,2.51687649e-01,-3.41122299e-02,-4.88592524e-03,9.79711033e-03,-2.63479193e-02,1.28574467e-02
light,1.8120,1.02835197e+00,-7.40704674e-01,-6.07676093e-02,1.85684552e-02,2.51664470e-01,-3.44054961e-02,-4.79550154e-03,9.97852570e-03,-2.66043817e-02,1.27772838e-02
light,1.8170,1.02159555e+00,-7.45676301e-01,-5.96629774e-02,1.86855668e-02,2.51639818e-01,-3.47035715e-02,-4.70237381e-03,1.01649382e-02,-2.68654020e-02,1.26919942e-02
light,1.8220,1.01464077e+00,-7.50616505e-01,-5.85512574e-02,1.88019714e-02,2.51613540e-01,-3.50066893e-02,-4.60637591e-03,1.03565992e-02,-2.71311754e-02,1.26013135e-02
light,1.8270,1.00747963e+00,-7.55522533e-01,-5.74322691e-02,1.89176070e-02,2.51585471e-01,-3.53151021e-02,-4.50732699e-03,1.05537805e-02,-2.74019129e-02,1.25049565e-02
light,1.8320,1.00010350e+00,-7.60391457e-01,-5.63058186e-02,1.90324078e-02,2.51555426e-01,-3.56290847e-02,-4.40502976e-03,1.07567767e-02,-2.76778429e-02,1.24026146e-02
light,1.8370,9.92503094e-01,-7.65220157e-01,-5.51716971e-02,1.91463035e-02,2.51523203e-01,-3.59489358e-02,-4.29926857e-03,1.09659075e-02,-2.79592134e-02,1.22939535e-02
light,1.8420,9.84668397e-01,-7.70005308e-01,-5.40296789e-02,1.92592194e-02,2.51488580e-01,-3.62749816e-02,-4.18980708e-03,1.11815211e-02,-2.82462944e-02,1.21786097e-02
light,1.8470,9.76588550e-01,-7.74743354e-01,-5.28795199e-02,1.93710755e-02,2.51451309e-01,-3.66075791e-02,-4.07638571e-03,1.14039975e-02,-2.85393805e-02,1.20561874e-02
light,1.8520,9.68251761e-01,-7.79430493e-01,-5.17209546e-02,1.94817861e-02,2.51411117e-01,-3.69471203e-02,-3.95871858e-03,1.16337528e-02,-2.88387940e-02,1.19262540e-02
light,1.8570,9.59645189e-01,-7.84062643e-01,-5.05536943e-02,1.95912595e-02,2.51367701e-01,-3.72940365e-02,-3.83648997e-03,1.18712439e-02,-2.91448888e-02,1.17883354e-02
light,1.8620,9.50754803e-01,-7.88635420e-01,-4.93774231e-02,1.96993969e-02,2.51320723e-01,-3.76488043e-02,-3.70935022e-03,1.21169742e-02,-2.94580545e-02,1.16419102e-02
light,1.8670,9.41565216e-01,-7.93144105e-01,-4.81917949e-02,1.98060924e-02,2.51269805e-01,-3.80119518e-02,-3.57691086e-03,1.23715002e-02,-2.97787214e-02,1.14864031e-02
light,1.8720,9.32059500e-01,-7.97583605e-01,-4.69964288e-02,1.99112311e-02,2.51214523e-01,-3.83840666e-02,-3.43873887e-03,1.26354394e-02,-3.01073666e-02,1.13211770e-02
light,1.8770,9.22218951e-01,-8.01948415e-01,-4.57909039e-02,2.00146893e-02,2.51154402e-01,-3.87658054e-02,-3.29434990e-03,1.29094801e-02,-3.04445211e-02,1.11455232e-02
light,1.8820,9.12022819e-01,-8.06232573e-01,-4.45747534e-02,2.01163329e-02,2.51088906e-01,-3.91579049e-02,-3.14320011e-03,1.31943923e-02,-3.07907780e-02,1.09586503e-02
light,1.8870,9.01447980e-01,-8.10429605e-01,-4.33474571e-02,2.02160161e-02,2.51017427e-01,-3.95611956e-02,-2.98467643e-03,1.34910423e-02,-3.11468027e-02,1.07596696e-02
light,1.8920,8.90468537e-01,-8.14532470e-01,-4.21084321e-02,2.03135806e-02,2.50939274e-01,-3.99766189e-02,-2.81808476e-03,1.38004090e-02,-3.15133453e-02,1.05475786e-02
light,1.8970,8.79055330e-01,-8.18533496e-01,-4.08570224e-02,2.04088537e-02,2.50853658e-01,-4.04052479e-02,-2.64263560e-03,1.41236056e-02,-3.18912552e-02,1.03212398e-02
light,1.9020,8.67175334e-01,-8.22424310e-01,-3.95924850e-02,2.05016470e-02,2.50759676e-01,-4.08483129e-02,-2.45742644e-03,1.44619054e-02,-3.22814998e-02,1.00793539e-02
light,1.9070,8.54790910e-01,-8.26195761e-01,-3.83139730e-02,2.05917546e-02,2.50656284e-01,-4.13072352e-02,-2.26142006e-03,1.48167751e-02,-3.26851863e-02,9.82042704e-03
light,1.9120,8.41858856e-01,-8.29837850e-01,-3.70205143e-02,2.06789516e-02,2.50542272e-01,-4.17836683e-02,-2.05341745e-03,1.51899172e-02,-3.31035906e-02,9.54272831e-03
light,1.9170,8.28329204e-01,-8.33339647e-01,-3.57109846e-02,2.07629921e-02,2.50416228e-01,-4.22795526e-02,-1.83202388e-03,1.55833243e-02,-3.35381916e-02,9.24423478e-03
light,1.9220,8.14143664e-01,-8.36689240e-01,-3.43840724e-02,2.08436079e-02,2.50276495e-01,-4.27971866e-02,-1.59560587e-03,1.59993511e-02,-3.39907165e-02,8.92255974e-03
light,1.9270,7.99233584e-01,-8.39873706e-01,-3.30382332e-02,2.09205084e-02,2.50121111e-01,-4.33393221e-02,-1.34223632e-03,1.64408097e-02,-3.44631977e-02,8.57485687e-03
light,1.9320,7.83517252e-01,-8.42879157e-01,-3.16716282e-02,2.09933810e-02,2.49947740e-01,-4.39092934e-02,-1.06962361e-03,1.69110995e-02,-3.49580460e-02,8.19769024e-03
light,1.9370,7.66896229e-01,-8.45690925e-01,-3.02820427e-02,2.10618958e-02,2.49753570e-01,-4.45111964e-02,-7.75019498e-04,1.74143856e-02,-3.54781467e-02,7.78685449e-03
light,1.9420,7.49250315e-01,-8.48294019e-01,-2.88667721e-02,2.11257154e-02,2.49535192e-01,-4.51501418e-02,-4.55098393e-04,1.79558537e-02,-3.60269858e-02,7.33712004e-03
light,1.9470,7.30430448e-01,-8.50674084e-01,-2.74224626e-02,2.11845169e-02,2.49288434e-01,-4.58326242e-02,-1.05798397e-04,1.85420773e-02,-3.66088154e-02,6.84186319e-03
light,1.9520,7.10248490e-01,-8.52819362e-01,-2.59448810e-02,2.12380356e-02,2.49008137e-01,-4.65670733e-02,2.77887655e-04,1.91815687e-02,-3.72288733e-02,6.29251278e-03
light,1.9570,6.88462104e-01,-8.54724616e-01,-2.44285748e-02,2.12861539e-02,2.48687875e-01,-4.73647077e-02,7.02182757e-04,1.98856296e-02,-3.78936690e-02,5.67769455e-03
light,1.9620,6.64751764e-01,-8.56399065e-01,-2.28663547e-02,2.13290790e-02,2.48319593e-01,-4.82409065e-02,1.17485941e-03,2.06697165e-02,-3.86113397e-02,4.98185625e-03
light,1.9670,6.38684762e-01,-8.57882916e-01,-2.12484847e-02,2.13677156e-02,2.47893218e-01,-4.92175137e-02,1.70559286e-03,2.15557296e-02,-3.93920403e-02,4.18296017e-03
light,1.9720,6.09657322e-01,-8.59283210e-01,-1.95613798e-02,2.14044722e-02,2.47396437e-01,-5.03269005e-02,2.30612606e-03,2.25760413e-02,-4.02481653e-02,3.24841545e-03
light,1.9770,5.76800383e-01,-8.60855959e-01,-1.77854861e-02,2.14451091e-02,2.46815411e-01,-5.16195103e-02,2.98945610e-03,2.37809621e-02,-4.11936298e-02,2.12752628e-03
light,1.9820,5.38832209e-01,-8.63206851e-01,-1.58919647e-02,2.15032541e-02,2.46139334e-01,-5.31785130e-02,3.76512393e-03,2.52531961e-02,-4.22393045e-02,7.36828027e-04
light,1.9870,4.93885990e-01,-8.67811386e-01,-1.38388123e-02,2.16121062e-02,2.45379878e-01,-5.51482100e-02,4.61958495e-03,2.71357258e-02,-4.33735548e-02,-1.06833117e-03
light,1.9920,4.39711542e-01,-8.78348287e-01,-1.15753997e-02,2.18544365e-02,2.44646670e-01,-5.77767495e-02,5.44092891e-03,2.96731856e-02,-4.44867421e-02,-3.53652104e-03
light,1.9970,3.76465792e-01,-9.02985454e-01,-9.10525782e-03,2.24140227e-02,2.44380955e-01,-6.13671920e-02,5.78800728e-03,3.31606146e-02,-4.51374961e-02,-6.97129934e-03
light,2.0020,3.15060671e-01,-9.50686584e-01,-6.67390510e-03,2.34925481e-02,2.45521287e-01,-6.56756022e-02,4.73314826e-03,3.73452568e-02,-4.43869321e-02,-1.11292408e-02
light,2.0070,2.72193806e-01,-1.01421876e+00,-4.65703813e-03,2.49272722e-02,2.48352429e-01,-6.94219316e-02,2.00822566e-03,4.09545599e-02,-4.19497473e-02,-1.47306427e-02
light,2.0120,2.48466351e-01,-1.07777074e+00,-3.06818291e-03,2.63624417e-02,2.51927624e-01,-7.18759617e-02,-1.43967532e-03,4.32743520e-02,-3.87721368e-02,-1.70453621e-02
light,2.0170,2.36141295e-01,-1.13515582e+00,-1.73325664e-03,2.76588558e-02,2.55497455e-01,-7.32647282e-02,-4.86918897e-03,4.45378889e-02,-3.56030839e-02,-1.83003467e-02
light,2.0220,2.29824839e-01,-1.18620622e+00,-5.30898885e-04,2.88127399e-02,2.58808167e-01,-7.39516183e-02,-8.03217245e-03,4.51086621e-02,-3.26960411e-02,-1.88588524e-02
light,2.0270,2.26733822e-01,-1.23202880e+00,6.01511496e-04,2.98489981e-02,2.61815720e-01,-7.41863912e-02,-1.08875126e-02,4.52352465e-02,-3.00948312e-02,-1.89705116e-02
light,2.0320,2.25446422e-01,-1.27369628e+00,1.69596551e-03,3.07917663e-02,2.64538269e-01,-7.41225943e-02,-1.34548837e-02,4.50700485e-02,-2.77811383e-02,-1.87887616e-02
light,2.0370,2.25198591e-01,-1.31204683e+00,2.76965420e-03,3.16599037e-02,2.67007998e-01,-7.38555327e-02,-1.57673095e-02,4.47074781e-02,-2.57226482e-02,-1.84088148e-02
light,2.0420,2.25555960e-01,-1.34770978e+00,3.83235090e-03,3.24675701e-02,2.69256959e-01,-7.34464752e-02,-1.78573316e-02,4.42081283e-02,-2.38872070e-02,-1.78918627e-02
light,2.0470,2.26258991e-01,-1.38115856e+00,4.88989519e-03,3.32254177e-02,2.71313403e-01,-7.29363100e-02,-1.97535103e-02,4.36123762e-02,-2.22464734e-02,-1.72787300e-02
light,2.0520,2.27146075e-01,-1.41275431e+00,5.94592331e-03,3.39415720e-02,2.73201322e-01,-7.23532619e-02,-2.14800368e-02,4.29480545e-02,-2.07763818e-02,-1.65975886e-02
light,2.0570,2.28113148e-01,-1.44277722e+00,7.00277667e-03,3.46223374e-02,2.74940880e-01,-7.17173873e-02,-2.30572140e-02,4.22349147e-02,-1.94567017e-02,-1.58684524e-02
light,2.0620,2.29091375e-01,-1.47144835e+00,8.06200406e-03,3.52726880e-02,2.76549032e-01,-7.10432919e-02,-2.45020982e-02,4.14873209e-02,-1.82704163e-02,-1.51058918e-02
light,2.0670,2.30034248e-01,-1.49894489e+00,9.12465192e-03,3.58966099e-02,2.78040111e-01,-7.03418315e-02,-2.58290942e-02,4.07159359e-02,-1.72031407e-02,-1.43207353e-02
light,2.0720,2.30909825e-01,-1.52541083e+00,1.01914389e-02,3.64973437e-02,2.79426306e-01,-6.96212139e-02,-2.70504517e-02,3.99288109e-02,-1.62426325e-02,-1.35211689e-02
light,2.0770,2.31695908e-01,-1.55096475e+00,1.12628646e-02,3.70775569e-02,2.80718068e-01,-6.88877329e-02,-2.81766645e-02,3.91321114e-02,-1.53783967e-02,-1.27134700e-02
light,2.0820,2.32376951e-01,-1.57570537e+00,1.23392786e-02,3.76394708e-02,2.81924413e-01,-6.81462704e-02,-2.92167890e-02,3.83306136e-02,-1.46013704e-02,-1.19025092e-02
light,2.0870,2.32942031e-01,-1.59971572e+00,1.34209268e-02,3.81849538e-02,2.83053181e-01,-6.74006487e-02,-3.01786953e-02,3.75280521e-02,-1.39036736e-02,-1.10921012e-02
light,2.0920,2.33383480e-01,-1.62306629e+00,1.45079817e-02,3.87155916e-02,2.84111226e-01,-6.66538819e-02,-3.10692676e-02,3.67273675e-02,-1.32784094e-02,-1.02852564e-02
light,2.0970,2.33695956e-01,-1.64581739e+00,1.56005635e-02,3.92327412e-02,2.85104583e-01,-6.59083593e-02,-3.18945647e-02,3.59308882e-02,-1.27195048e-02,-9.48436392e-03
light,2.1020,2.33875786e-01,-1.66802099e+00,1.66987548e-02,3.97375723e-02,2.86038592e-01,-6.51659813e-02,-3.26599487e-02,3.51404634e-02,-1.22215824e-02,-8.69132696e-03
light,2.1070,2.33920512e-01,-1.68972219e+00,1.78026110e-02,4.02310994e-02,2.86918000e-01,-6.44282620e-02,-3.33701896e-02,3.43575640e-02,-1.17798557e-02,-7.90766496e-03
light,2.1120,2.33828555e-01,-1.71096035e+00,1.89121675e-02,4.07142079e-02,2.87747052e-01,-6.36964064e-02,-3.40295512e-02,3.35833594e-02,-1.13900443e-02,-7.13459116e-03
light,2.1170,2.33598977e-01,-1.73176998e+00,2.00274455e-02,4.11876746e-02,2.88529555e-01,-6.29713712e-02,-3.46418611e-02,3.28187765e-02,-1.10483032e-02,-6.37307256e-03
light,2.1220,2.33231310e-01,-1.75218152e+00,2.11484555e-02,4.16521842e-02,2.89268943e-01,-6.22539115e-02,-3.52105695e-02,3.20645458e-02,-1.07511649e-02,-5.62387673e-03
light,2.1270,2.32725421e-01,-1.77222189e+00,2.22752005e-02,4.21083425e-02,2.89968317e-01,-6.15446176e-02,-3.57387974e-02,3.13212377e-02,-1.04954903e-02,-4.88760856e-03
light,2.1320,2.32081419e-01,-1.79191503e+00,2.34076781e-02,4.25566882e-02,2.90630494e-01,-6.08439449e-02,-3.62293783e-02,3.05892913e-02,-1.02784279e-02,-4.16473967e-03
light,2.1370,2.31299581e-01,-1.81128228e+00,2.45458819e-02,4.29977013e-02,2.91258035e-01,-6.01522371e-02,-3.66848923e-02,2.98690379e-02,-1.00973795e-02,-3.45563182e-03
light,2.1420,2.30380302e-01,-1.83034273e+00,2.56898032e-02,4.34318114e-02,2.91853279e-01,-5.94697454e-02,-3.71076956e-02,2.91607192e-02,-9.94997014e-03,-2.76055596e-03
light,2.1470,2.29324048e-01,-1.84911348e+00,2.68394314e-02,4.38594034e-02,2.92418367e-01,-5.87966445e-02,-3.74999462e-02,2.84645029e-02,-9.83402343e-03,-2.07970767e-03
light,2.1520,2.28131331e-01,-1.86760994e+00,2.79947550e-02,4.42808236e-02,2.92955262e-01,-5.81330445e-02,-3.78636250e-02,2.77804951e-02,-9.74753958e-03,-1.41321981e-03
light,2.1570,2.26802682e-01,-1.88584595e+00,2.91557622e-02,4.46963840e-02,2.93465768e-01,-5.74790022e-02,-3.82005547e-02,2.71087503e-02,-9.68867676e-03,-7.61172944e-04
light,2.1620,2.25338633e-01,-1.90383404e+00,3.03224408e-02,4.51063658e-02,2.93951548e-01,-5.68345296e-02,-3.85124163e-02,2.64492803e-02,-9.65573481e-03,-1.23604003e-04
light,2.1670,2.23739708e-01,-1.92158549e+00,3.14947791e-02,4.55110236e-02,2.94414137e-01,-5.61996007e-02,-3.88007629e-02,2.58020610e-02,-9.64714106e-03,4.99486550e-04
light,2.1720,2.22006407e-01,-1.93911055e+00,3.26727658e-02,4.59105875e-02,2.94854954e-01,-5.55741584e-02,-3.90670325e-02,2.51670384e-02,-9.66143791e-03,1.10812870e-03
light,2.1770,2.20139204e-01,-1.95641848e+00,3.38563904e-02,4.63052659e-02,2.95275313e-01,-5.49581188e-02,-3.93125583e-02,2.45441335e-02,-9.69727189e-03,1.70237783e-03
light,2.1820,2.18138540e-01,-1.97351768e+00,3.50456429e-02,4.66952479e-02,2.95676435e-01,-5.43513760e-02,-3.95385792e-02,2.39332466e-02,-9.75338405e-03,2.28231049e-03
light,2.1870,2.16004815e-01,-1.99041576e+00,3.62405142e-02,4.70807046e-02,2.96059450e-01,-5.37538056e-02,-3.97462474e-02,2.33342607e-02,-9.82860139e-03,2.84802079e-03
light,2.1920,2.13738393e-01,-2.00711962e+00,3.74409962e-02,4.74617915e-02,2.96425413e-01,-5.31652678e-02,-3.99366368e-02,2.27470446e-02,-9.92182930e-03,3.39961736e-03
light,2.1970,2.11339593e-01,-2.02363552e+00,3.86470817e-02,4.78386491e-02,2.96775305e-01,-5.25856100e-02,-4.01107488e-02,2.21714554e-02,-1.00320448e-02,3.93722075e-03
light,2.2020,2.08808693e-01,-2.03996911e+00,3.98587644e-02,4.82114050e-02,2.97110041e-01,-5.20146692e-02,-4.02695194e-02,2.16073407e-02,-1.01582904e-02,4.46096125e-03
light,2.2070,2.06145926e-01,-2.05612552e+00,4.10760392e-02,4.85801742e-02,2.97430473e-01,-5.14522735e-02,-4.04138238e-02,2.10545404e-02,-1.02996690e-02,4.97097700e-03
light,2.2120,2.03351482e-01,-2.07210938e+00,4.22989017e-02,4.89450610e-02,2.97737400e-01,-5.08982443e-02,-4.05444815e-02,2.05128882e-02,-1.04553385e-02,5.46741236e-03
light,2.2170,2.00425508e-01,-2.08792485e+00,4.35273486e-02,4.93061591e-02,2.98031568e-01,-5.03523975e-02,-4.06622607e-02,1.99822133e-02,-1.06245079e-02,5.95041657e-03
light,2.2220,1.97368107e-01,-2.10357567e+00,4.47613776e-02,4.96635527e-02,2.98313674e-01,-4.98145444e-02,-4.07678824e-02,1.94623411e-02,-1.08064329e-02,6.42014254e-03
light,2.2270,1.94179341e-01,-2.11906521e+00,4.60009873e-02,5.00173172e-02,2.98584371e-01,-4.92844933e-02,-4.08620235e-02,1.89530944e-02,-1.10004129e-02,6.87674587e-03
light,2.2320,1.90859230e-01,-2.13439644e+00,4.72461773e-02,5.03675200e-02,2.98844272e-01,-4.87620500e-02,-4.09453207e-02,1.84542946e-02,-1.12057869e-02,7.32038397e-03
light,2.2370,1.87407754e-01,-2.14957202e+00,4.84969480e-02,5.07142205e-02,2.99093952e-01,-4.82470186e-02,-4.10183728e-02,1.79657617e-02,-1.14219314e-02,7.75121528e-03
light,2.2420,1.83824851e-01,-2.16459427e+00,4.97533009e-02,5.10574712e-02,2.99333948e-01,-4.77392024e-02,-4.10817440e-02,1.74873156e-02,-1.16482570e-02,8.16939872e-03
light,2.2470,1.80110423e-01,-2.17946524e+00,5.10152380e-02,5.13973178e-02,2.99564767e-01,-4.72384043e-02,-4.11359659e-02,1.70187763e-02,-1.18842065e-02,8.57509306e-03
light,2.2520,1.76264334e-01,-2.19418666e+00,5.22827625e-02,5.17337999e-02,2.99786883e-01,-4.67444273e-02,-4.11815398e-02,1.65599644e-02,-1.21292521e-02,8.96845650e-03
light,2.2570,1.72286409e-01,-2.20876004e+00,5.35558783e-02,5.20669509e-02,3.00000743e-01,-4.62570749e-02,-4.12189390e-02,1.61107015e-02,-1.23828937e-02,9.34964629e-03
light,2.2620,1.68176441e-01,-2.22318661e+00,5.48345901e-02,5.23967986e-02,3.00206765e-01,-4.57761517e-02,-4.12486105e-02,1.56708107e-02,-1.26446569e-02,9.71881835e-03
light,2.2670,1.63934187e-01,-2.23746737e+00,5.61189033e-02,5.27233658e-02,3.00405343e-01,-4.53014633e-02,-4.12709767e-02,1.52401167e-02,-1.29140912e-02,1.00761270e-02
light,2.2720,1.59559368e-01,-2.25160310e+00,5.74088242e-02,5.30466697e-02,3.00596849e-01,-4.48328170e-02,-4.12864372e-02,1.48184460e-02,-1.31907685e-02,1.04217247e-02
light,2.2770,1.55051678e-01,-2.26559436e+00,5.87043598e-02,5.33667232e-02,3.00781629e-01,-4.43700217e-02,-4.12953699e-02,1.44056273e-02,-1.34742813e-02,1.07557621e-02
light,2.2820,1.50410774e-01,-2.27944152e+00,6.00055176e-02,5.36835342e-02,3.00960011e-01,-4.39128883e-02,-4.12981330e-02,1.40014915e-02,-1.37642418e-02,1.10783872e-02
light,2.2870,1.45636285e-01,-2.29314472e+00,6.13123061e-02,5.39971063e-02,3.01132304e-01,-4.34612297e-02,-4.12950654e-02,1.36058720e-02,-1.40602803e-02,1.13897461e-02
light,2.2920,1.40727812e-01,-2.30670395e+00,6.26247342e-02,5.43074389e-02,3.01298795e-01,-4.30148611e-02,-4.12864886e-02,1.32186046e-02,-1.43620442e-02,1.16899824e-02
light,2.2970,1.35684924e-01,-2.32011898e+00,6.39428117e-02,5.46145272e-02,3.01459758e-01,-4.25735999e-02,-4.12727073e-02,1.28395278e-02,-1.46691965e-02,1.19792369e-02
light,2.3020,1.30507164e-01,-2.33338944e+00,6.52665488e-02,5.49183623e-02,3.01615448e-01,-4.21372662e-02,-4.12540109e-02,1.24684828e-02,-1.49814155e-02,1.22576480e-02
light,2.3070,1.25194050e-01,-2.34651475e+00,6.65959564e-02,5.52189318e-02,3.01766104e-01,-4.17056825e-02,-4.12306736e-02,1.21053135e-02,-1.52983932e-02,1.25253516e-02
light,2.3120,1.19745070e-01,-2.35949419e+00,6.79310459e-02,5.55162192e-02,3.01911953e-01,-4.12786736e-02,-4.12029563e-02,1.17498666e-02,-1.56198347e-02,1.27824807e-02
light,2.3170,1.14159690e-01,-2.37232686e+00,6.92718295e-02,5.58102044e-02,3.02053206e-01,-4.08560673e-02,-4.11711066e-02,1.14019917e-02,-1.59454575e-02,1.30291656e-02
light,2.3220,1.08437350e-01,-2.38501173e+00,7.06183196e-02,5.61008639e-02,3.02190061e-01,-4.04376940e-02,-4.11353598e-02,1.10615410e-02,-1.62749903e-02,1.32655342e-02
light,2.3270,1.02577469e-01,-2.39754757e+00,7.19705294e-02,5.63881703e-02,3.02322705e-01,-4.00233866e-02,-4.10959397e-02,1.07283700e-02,-1.66081729e-02,1.34917113e-02
light,2.3320,9.65794401e-02,-2.40993303e+00,7.33284726e-02,5.66720931e-02,3.02451311e-01,-3.96129809e-02,-4.10530592e-02,1.04023366e-02,-1.69447550e-02,1.37078192e-02
light,2.3370,9.04426365e-02,-2.42216659e+00,7.46921632e-02,5.69525983e-02,3.02576043e-01,-3.92063152e-02,-4.10069209e-02,1.00833018e-02,-1.72844957e-02,1.39139777e-02
light,2.3420,8.41664098e-02,-2.43424659e+00,7.60616158e-02,5.72296483e-02,3.02697053e-01,-3.88032309e-02,-4.09577176e-02,9.77112938e-03,-1.76271633e-02,1.41103038e-02
light,2.3470,7.77500911e-02,-2.44617122e+00,7.74368455e-02,5.75032025e-02,3.02814484e-01,-3.84035718e-02,-4.09056328e-02,9.46568589e-03,-1.79725341e-02,1.42969118e-02
light,2.3520,7.11929920e-02,-2.45793852e+00,7.88178677e-02,5.77732168e-02,3.02928467e-01,-3.80071845e-02,-4.08508414e-02,9.16684072e-03,-1.83203924e-02,1.44739135e-02
light,2.3570,6.44944052e-02,-2.46954638e+00,8.02046984e-02,5.80396436e-02,3.03039127e-01,-3.76139185e-02,-4.07935101e-02,8.87446604e-03,-1.86705298e-02,1.46414184e-02
light,2.3620,5.76536054e-02,-2.48099255e+00,8.15973539e-02,5.83024323e-02,3.03146578e-01,-3.72236257e-02,-4.07337976e-02,8.58843674e-03,-1.90227448e-02,1.47995333e-02
light,2.3670,5.06698498e-02,-2.49227461e+00,8.29958509e-02,5.85615288e-02,3.03250926e-01,-3.68361610e-02,-4.06718554e-02,8.30863042e-03,-1.93768422e-02,1.49483626e-02
light,2.3720,4.35423789e-02,-2.50339004e+00,8.44002065e-02,5.88168758e-02,3.03352270e-01,-3.64513818e-02,-4.06078279e-02,8.03492736e-03,-1.97326330e-02,1.50880083e-02
light,2.3770,3.62704175e-02,-2.51433611e+00,8.58104381e-02,5.90684125e-02,3.03450700e-01,-3.60691482e-02,-4.05418528e-02,7.76721046e-03,-2.00899339e-02,1.52185702e-02
light,2.3820,2.88531751e-02,-2.52511000e+00,8.72265636e-02,5.93160749e-02,3.03546299e-01,-3.56893230e-02,-4.04740616e-02,7.50536525e-03,-2.04485666e-02,1.53401458e-02
light,2.3870,2.12898470e-02,-2.53570869e+00,8.86486009e-02,5.95597954e-02,3.03639144e-01,-3.53117715e-02,-4.04045798e-02,7.24927978e-03,-2.08083581e-02,1.54528304e-02
light,2.3920,1.35796148e-02,-2.54612903e+00,9.00765687e-02,5.97995032e-02,3.03729303e-01,-3.49363617e-02,-4.03335271e-02,6.99884464e-03,-2.11691397e-02,1.55567171e-02
light,2.3970,5.72164720e-03,-2.55636772e+00,9.15104854e-02,6.00351238e-02,3.03816840e-01,-3.45629641e-02,-4.02610180e-02,6.75395291e-03,-2.15307474e-02,1.56518971e-02
light,2.4020,-2.28489892e-03,-2.56642130e+00,9.29503702e-02,6.02665793e-02,3.03901811e-01,-3.41914518e-02,-4.01871617e-02,6.51450007e-03,-2.18930208e-02,1.57384595e-02
light,2.4070,-1.04408780e-02,-2.57628614e+00,9.43962423e-02,6.04937881e-02,3.03984267e-01,-3.38217005e-02,-4.01120626e-02,6.28038403e-03,-2.22558035e-02,1.58164915e-02
light,2.4120,-1.87471547e-02,-2.58595845e+00,9.58481210e-02,6.07166650e-02,3.04064253e-01,-3.34535882e-02,-4.00358205e-02,6.05150502e-03,-2.26189426e-02,1.58860783e-02
light,2.4170,-2.72046032e-02,-2.59543427e+00,9.73060261e-02,6.09351211e-02,3.04141808e-01,-3.30869956e-02,-3.99585309e-02,5.82776559e-03,-2.29822883e-02,1.59473035e-02
light,2.4220,-3.58141063e-02,-2.60470949e+00,9.87699774e-02,6.11490634e-02,3.04216966e-01,-3.27218058e-02,-3.98802848e-02,5.60907058e-03,-2.33456939e-02,1.60002489e-02
light,2.4270,-4.45765544e-02,-2.61377980e+00,1.00239995e-01,6.13583954e-02,3.04289755e-01,-3.23579043e-02,-3.98011696e-02,5.39532701e-03,-2.37090154e-02,1.60449947e-02
light,2.4320,-5.34928445e-02,-2.62264072e+00,1.01716099e-01,6.15630163e-02,3.04360200e-01,-3.19951790e-02,-3.97212686e-02,5.18644411e-03,-2.40721115e-02,1.60816193e-02
light,2.4370,-6.25638793e-02,-2.63128761e+00,1.03198310e-01,6.17628211e-02,3.04428319e-01,-3.16335203e-02,-3.96406617e-02,4.98233326e-03,-2.44348431e-02,1.61101999e-02
light,2.4420,-7.17905662e-02,-2.63971560e+00,1.04686648e-01,6.19577009e-02,3.04494125e-01,-3.12728209e-02,-3.95594252e-02,4.78290792e-03,-2.47970733e-02,1.61308120e-02
light,2.4470,-8.11738157e-02,-2.64791965e+00,1.06181133e-01,6.21475420e-02,3.04557630e-01,-3.09129760e-02,-3.94776324e-02,4.58808362e-03,-2.51586671e-02,1.61435300e-02
light,2.4520,-9.07145412e-02,-2.65589451e+00,1.07681787e-01,6.23322265e-02,3.04618837e-01,-3.05538829e-02,-3.93953531e-02,4.39777792e-03,-2.55194915e-02,1.61484267e-02
light,2.4570,-1.00413657e-01,-2.66363475e+00,1.09188630e-01,6.25116318e-02,3.04677747e-01,-3.01954415e-02,-3.93126545e-02,4.21191037e-03,-2.58794148e-02,1.61455739e-02
light,2.4620,-1.10272076e-01,-2.67113468e+00,1.10701682e-01,6.26856303e-02,3.04734357e-01,-2.98375539e-02,-3.92296006e-02,4.03040243e-03,-2.62383070e-02,1.61350423e-02
light,2.4670,-1.20290713e-01,-2.67838843e+00,1.12220964e-01,6.28540896e-02,3.04788659e-01,-2.94801244e-02,-3.91462531e-02,3.85317753e-03,-2.65960392e-02,1.61169013e-02
light,2.4720,-1.30470475e-01,-2.68538987e+00,1.13746496e-01,6.30168720e-02,3.04840641e-01,-2.91230597e-02,-3.90626709e-02,3.68016091e-03,-2.69524837e-02,1.60912194e-02
light,2.4770,-1.40812268e-01,-2.69213265e+00,1.15278299e-01,6.31738346e-02,3.04890288e-01,-2.87662688e-02,-3.89789105e-02,3.51127970e-03,-2.73075139e-02,1.60580643e-02
light,2.4820,-1.51316991e-01,-2.69861017e+00,1.16816392e-01,6.33248288e-02,3.04937580e-01,-2.84096630e-02,-3.88950259e-02,3.34646280e-03,-2.76610038e-02,1.60175028e-02
light,2.4870,-1.61985535e-01,-2.70481557e+00,1.18360797e-01,6.34697002e-02,3.04982495e-01,-2.80531558e-02,-3.88110692e-02,3.18564092e-03,-2.80128282e-02,1.59696009e-02
light,2.4920,-1.72818782e-01,-2.71074171e+00,1.19911533e-01,6.36082885e-02,3.05025005e-01,-2.76966628e-02,-3.87270902e-02,3.02874648e-03,-2.83628624e-02,1.59144239e-02
light,2.4970,-1.83817600e-01,-2.71638120e+00,1.21468618e-01,6.37404269e-02,3.05065079e-01,-2.73401021e-02,-3.86431365e-02,2.87571362e-03,-2.87109823e-02,1.58520364e-02
light,2.5020,-1.94982846e-01,-2.72172632e+00,1.23032074e-01,6.38659422e-02,3.05102685e-01,-2.69833939e-02,-3.85592540e-02,2.72647817e-03,-2.90570638e-02,1.57825028e-02
light,2.5070,-2.06315359e-01,-2.72676908e+00,1.24601918e-01,6.39846543e-02,3.05137784e-01,-2.66264608e-02,-3.84754867e-02,2.58097759e-03,-2.94009832e-02,1.57058867e-02
light,2.5120,-2.17815962e-01,-2.73150115e+00,1.26178169e-01,6.40963759e-02,3.05170335e-01,-2.62692273e-02,-3.83918768e-02,2.43915100e-03,-2.97426167e-02,1.56222515e-02
light,2.5170,-2.29485455e-01,-2.73591387e+00,1.27760845e-01,6.42009122e-02,3.05200294e-01,-2.59116205e-02,-3.83084649e-02,2.30093908e-03,-3.00818405e-02,1.55316603e-02
light,2.5220,-2.41324614e-01,-2.73999824e+00,1.29349964e-01,6.42980604e-02,3.05227614e-01,-2.55535695e-02,-3.82252899e-02,2.16628413e-03,-3.04185305e-02,1.54341759e-02
light,2.5270,-2.53334191e-01,-2.74374487e+00,1.30945542e-01,6.43876097e-02,3.05252242e-01,-2.51950058e-02,-3.81423891e-02,2.03512995e-03,-3.07525624e-02,1.53298610e-02
light,2.5320,-2.65514905e-01,-2.74714401e+00,1.32547595e-01,6.44693402e-02,3.05274125e-01,-2.48358629e-02,-3.80597986e-02,1.90742190e-03,-3.10838114e-02,1.52187785e-02
light,2.5370,-2.77867443e-01,-2.75018548e+00,1.34156140e-01,6.45430234e-02,3.05293205e-01,-2.44760769e-02,-3.79775528e-02,1.78310686e-03,-3.14121519e-02,1.51009910e-02
light,2.5420,-2.90392456e-01,-2.75285869e+00,1.35771190e-01,6.46084206e-02,3.05309421e-01,-2.41155857e-02,-3.78956850e-02,1.66213317e-03,-3.17374581e-02,1.49765615e-02
light,2.5470,-3.03090553e-01,-2.75515259e+00,1.37392760e-01,6.46652832e-02,3.05322709e-01,-2.37543299e-02,-3.78142271e-02,1.54445066e-03,-3.20596029e-02,1.48455531e-02
light,2.5520,-3.15962298e-01,-2.75705564e+00,1.39020862e-01,6.47133519e-02,3.05333001e-01,-2.33922521e-02,-3.77332099e-02,1.43001061e-03,-3.23784585e-02,1.47080292e-02
light,2.5570,-3.29008203e-01,-2.75855582e+00,1.40655507e-01,6.47523560e-02,3.05340226e-01,-2.30292972e-02,-3.76526629e-02,1.31876575e-03,-3.26938961e-02,1.45640537e-02
light,2.5620,-3.42228728e-01,-2.75964057e+00,1.42296706e-01,6.47820127e-02,3.05344311e-01,-2.26654125e-02,-3.75726145e-02,1.21067022e-03,-3.30057857e-02,1.44136910e-02
light,2.5670,-3.55624271e-01,-2.76029674e+00,1.43944469e-01,6.48020266e-02,3.05345178e-01,-2.23005476e-02,-3.74930923e-02,1.10567960e-03,-3.33139958e-02,1.42570060e-02
light,2.5720,-3.69195162e-01,-2.76051061e+00,1.45598801e-01,6.48120887e-02,3.05342747e-01,-2.19346541e-02,-3.74141226e-02,1.00375087e-03,-3.36183938e-02,1.40940644e-02
light,2.5770,-3.82941661e-01,-2.76026780e+00,1.47259710e-01,6.48118755e-02,3.05336933e-01,-2.15676864e-02,-3.73357308e-02,9.04842408e-04,-3.39188451e-02,1.39249328e-02
light,2.5820,-3.96863944e-01,-2.75955327e+00,1.48927199e-01,6.48010485e-02,3.05327649e-01,-2.11996010e-02,-3.72579416e-02,8.08914003e-04,-3.42152139e-02,1.37496786e-02
light,2.5870,-4.10962101e-01,-2.75835122e+00,1.50601270e-01,6.47792525e-02,3.05314805e-01,-2.08303568e-02,-3.71807785e-02,7.15926835e-04,-3.45073621e-02,1.35683704e-02
light,2.5920,-4.25236126e-01,-2.75664512e+00,1.52281923e-01,6.47461151e-02,3.05298306e-01,-2.04599149e-02,-3.71042645e-02,6.25843483e-04,-3.47951498e-02,1.33810776e-02
light,2.5970,-4.39685907e-01,-2.75441757e+00,1.53969155e-01,6.47012453e-02,3.05278054e-01,-2.00882393e-02,-3.70284215e-02,5.38627926e-04,-3.50784349e-02,1.31878714e-02
light,2.6020,-4.54311215e-01,-2.75165031e+00,1.55662962e-01,6.46442320e-02,3.05253948e-01,-1.97152960e-02,-3.69532709e-02,4.54245556e-04,-3.53570730e-02,1.29888240e-02
light,2.6070,-4.69111696e-01,-2.74832412e+00,1.57363336e-01,6.45746426e-02,3.05225883e-01,-1.93410535e-02,-3.68788333e-02,3.72663182e-04,-3.56309171e-02,1.27840093e-02
light,2.6120,-4.84086854e-01,-2.74441874e+00,1.59070264e-01,6.44920217e-02,3.05193751e-01,-1.89654830e-02,-3.68051285e-02,2.93849045e-04,-3.58998174e-02,1.25735030e-02
light,2.6170,-4.99236044e-01,-2.73991284e+00,1.60783733e-01,6.43958888e-02,3.05157437e-01,-1.85885581e-02,-3.67321758e-02,2.17772842e-04,-3.61636215e-02,1.23573824e-02
light,2.6220,-5.14558452e-01,-2.73478386e+00,1.62503725e-01,6.42857368e-02,3.05116826e-01,-1.82102550e-02,-3.66599939e-02,1.44405742e-04,-3.64221734e-02,1.21357272e-02
light,2.6270,-5.30053082e-01,-2.72900798e+00,1.64230217e-01,6.41610296e-02,3.05071796e-01,-1.78305523e-02,-3.65886007e-02,7.37204175e-05,-3.66753142e-02,1.19086188e-02
light,2.6320,-5.45718733e-01,-2.72255998e+00,1.65963182e-01,6.40211997e-02,3.05022222e-01,-1.74494315e-02,-3.65180138e-02,5.69108041e-06,-3.69228810e-02,1.16761414e-02
light,2.6370,-5.61553989e-01,-2.71541312e+00,1.67702587e-01,6.38656453e-02,3.04967974e-01,-1.70668766e-02,-3.64482501e-02,-5.97064805e-05,-3.71647070e-02,1.14383815e-02
light,2.6420,-5.77557186e-01,-2.70753901e+00,1.69448397e-01,6.36937278e-02,3.04908918e-01,-1.66828742e-02,-3.63793261e-02,-1.22494849e-04,-3.74006215e-02,1.11954284e-02
light,2.6470,-5.93726396e-01,-2.69890746e+00,1.71200566e-01,6.35047678e-02,3.04844913e-01,-1.62974140e-02,-3.63112576e-02,-1.82694926e-04,-3.76304487e-02,1.09473747e-02
light,2.6520,-6.10059395e-01,-2.68948631e+00,1.72959046e-01,6.32980419e-02,3.04775815e-01,-1.59104880e-02,-3.62440602e-02,-2.40325862e-04,-3.78540084e-02,1.06943160e-02
light,2.6570,-6.26553637e-01,-2.67924123e+00,1.74723779e-01,6.30727777e-02,3.04701473e-01,-1.55220915e-02,-3.61777490e-02,-2.95404977e-04,-3.80711147e-02,1.04363514e-02
light,2.6620,-6.43206217e-01,-2.66813554e+00,1.76494700e-01,6.28281495e-02,3.04621730e-01,-1.51322224e-02,-3.61123386e-02,-3.47947676e-04,-3.82815758e-02,1.01735843e-02
light,2.6670,-6.60013838e-01,-2.65612989e+00,1.78271734e-01,6.25632726e-02,3.04536424e-01,-1.47408817e-02,-3.60478433e-02,-3.97967335e-04,-3.84851940e-02,9.90612181e-03
light,2.6720,-6.76972767e-01,-2.64318207e+00,1.80054797e-01,6.22771966e-02,3.04445386e-01,-1.43480733e-02,-3.59842768e-02,-4.45475184e-04,-3.86817641e-02,9.63407601e-03
light,2.6770,-6.94078788e-01,-2.62924661e+00,1.81843795e-01,6.19688988e-02,3.04348438e-01,-1.39538045e-02,-3.59216528e-02,-4.90480155e-04,-3.88710740e-02,9.35756388e-03
light,2.6820,-7.11327154e-01,-2.61427446e+00,1.83638621e-01,6.16372753e-02,3.04245395e-01,-1.35580853e-02,-3.58599843e-02,-5.32988721e-04,-3.90529027e-02,9.07670796e-03
light,2.6870,-7.28712529e-01,-2.59821251e+00,1.85439154e-01,6.12811315e-02,3.04136065e-01,-1.31609294e-02,-3.57992842e-02,-5.73004693e-04,-3.92270206e-02,8.79163691e-03
light,2.6920,-7.46228919e-01,-2.58100316e+00,1.87245261e-01,6.08991712e-02,3.04020244e-01,-1.27623536e-02,-3.57395650e-02,-6.10528985e-04,-3.93931878e-02,8.50248611e-03
light,2.6970,-7.63869610e-01,-2.56258368e+00,1.89056789e-01,6.04899828e-02,3.03897720e-01,-1.23623782e-02,-3.56808389e-02,-6.45559342e-04,-3.95511533e-02,8.20939845e-03
light,2.7020,-7.81627078e-01,-2.54288553e+00,1.90873569e-01,6.00520245e-02,3.03768268e-01,-1.19610273e-02,-3.56231177e-02,-6.78090012e-04,-3.97006540e-02,7.91252513e-03
light,2.7070,-7.99492913e-01,-2.52183358e+00,1.92695413e-01,5.95836056e-02,3.03631652e-01,-1.15583285e-02,-3.55664130e-02,-7.08111355e-04,-3.98414127e-02,7.61202675e-03
light,2.7120,-8.17457712e-01,-2.49934512e+00,1.94522109e-01,5.90828651e-02,3.03487620e-01,-1.11543135e-02,-3.55107363e-02,-7.35609378e-04,-3.99731371e-02,7.30807444e-03
light,2.7170,-8.35510980e-01,-2.47532869e+00,1.96353420e-01,5.85477455e-02,3.03335907e-01,-1.07490180e-02,-3.54560984e-02,-7.60565172e-04,-4.00955176e-02,7.00085128e-03
light,2.7220,-8.53641019e-01,-2.44968272e+00,1.98189083e-01,5.79759612e-02,3.03176228e-01,-1.03424821e-02,-3.54025101e-02,-7.82954229e-04,-4.02082249e-02,6.69055404e-03
light,2.7270,-8.71834807e-01,-2.42229379e+00,2.00028806e-01,5.73649603e-02,3.03008279e-01,-9.93475044e-03,-3.53499821e-02,-8.02745608e-04,-4.03109076e-02,6.37739522e-03
light,2.7320,-8.90077883e-01,-2.39303456e+00,2.01872262e-01,5.67118776e-02,3.02831735e-01,-9.52587279e-03,-3.52985246e-02,-8.19900903e-04,-4.04031893e-02,6.06160561e-03
light,2.7370,-9.08354241e-01,-2.36176115e+00,2.03719093e-01,5.60134758e-02,3.02646241e-01,-9.11590425e-03,-3.52481477e-02,-8.34372964e-04,-4.04846642e-02,5.74343736e-03
light,2.7420,-9.26646249e-01,-2.32830987e+00,2.05568901e-01,5.52660720e-02,3.02451415e-01,-8.70490592e-03,-3.51988615e-02,-8.46104284e-04,-4.05548933e-02,5.42316801e-03
light,2.7470,-9.44934620e-01,-2.29249311e+00,2.07421251e-01,5.44654449e-02,3.02246838e-01,-8.29294553e-03,-3.51506760e-02,-8.55024944e-04,-4.06133986e-02,5.10110538e-03
light,2.7520,-9.63198501e-01,-2.25409398e+00,2.09275676e-01,5.36067145e-02,3.02032049e-01,-7.88009840e-03,-3.51036014e-02,-8.61049978e-04,-4.06596567e-02,4.77759405e-03
light,2.7570,-9.81415737e-01,-2.21285937e+00,2.11131677e-01,5.26841858e-02,3.01806536e-01,-7.46644863e-03,-3.50576484e-02,-8.64075914e-04,-4.06930906e-02,4.45302373e-03
light,2.7620,-9.99563506e-01,-2.16849075e+00,2.12988739e-01,5.16911419e-02,3.01569730e-01,-7.05209080e-03,-3.50128286e-02,-8.63976199e-04,-4.07130596e-02,4.12784043e-03
light,2.7670,-1.01761956e+00,-2.12063173e+00,2.14846363e-01,5.06195639e-02,3.01320986e-01,-6.63713224e-03,-3.49691556e-02,-8.60595015e-04,-4.07188471e-02,3.80256152e-03
light,2.7720,-1.03556460e+00,-2.06885099e+00,2.16704114e-01,4.94597472e-02,3.01059567e-01,-6.22169641e-03,-3.49266462e-02,-8.53738767e-04,-4.07096445e-02,3.47779669e-03
light,2.7770,-1.05338675e+00,-2.01261829e+00,2.18561724e-01,4.81997615e-02,3.00784623e-01,-5.80592777e-03,-3.48853234e-02,-8.43164118e-04,-4.06845315e-02,3.15427747e-03
light,2.7820,-1.07108991e+00,-1.95126995e+00,2.20419283e-01,4.68246738e-02,3.00495157e-01,-5.38999940e-03,-3.48452205e-02,-8.28560753e-04,-4.06424514e-02,2.83290026e-03
light,2.7870,-1.08870968e+00,-1.88395782e+00,2.22277590e-01,4.53154008e-02,3.00189977e-01,-4.97412508e-03,-3.48063902e-02,-8.09525891e-04,-4.05821800e-02,2.51479079e-03
light,2.7920,-1.10634470e+00,-1.80957173e+00,2.24138866e-01,4.36469640e-02,2.99867632e-01,-4.55857958e-03,-3.47689209e-02,-7.85525523e-04,-4.05022882e-02,2.20140386e-03
light,2.7970,-1.12422056e+00,-1.72661825e+00,2.26008185e-01,4.17857606e-02,2.99526307e-01,-4.14373489e-03,-3.47329700e-02,-7.55833746e-04,-4.04011035e-02,1.89468393e-03
light,2.8020,-1.14282703e+00,-1.63302633e+00,2.27896568e-01,3.96851925e-02,2.99163662e-01,-3.73012989e-03,-3.46988346e-02,-7.19435565e-04,-4.02766840e-02,1.59733370e-03
light,2.8070,-1.16323197e+00,-1.52583521e+00,2.29828042e-01,3.72786423e-02,2.98776563e-01,-3.31861728e-03,-3.46671119e-02,-6.74870760e-04,-4.01268626e-02,1.31328099e-03
light,2.8120,-1.18784977e+00,-1.40072961e+00,2.31856930e-01,3.44690162e-02,2.98360605e-01,-2.91071291e-03,-3.46390901e-02,-6.20001903e-04,-3.99495480e-02,1.04850526e-03
light,2.8170,-1.22242367e+00,-1.25164241e+00,2.34112455e-01,3.11198043e-02,2.97909291e-01,-2.50955126e-03,-3.46177539e-02,-5.51819284e-04,-3.97439038e-02,8.12407445e-04
light,2.8220,-1.28082931e+00,-1.07240909e+00,2.36906819e-01,2.70923044e-02,2.97413035e-01,-2.12282404e-03,-3.46102161e-02,-4.67289871e-04,-3.95142165e-02,6.19096381e-04
light,2.8270,-1.39045044e+00,-8.69142941e-01,2.40856157e-01,2.25240662e-02,2.96862066e-01,-1.77065668e-03,-3.46304280e-02,-3.69641074e-04,-3.92782637e-02,4.82772877e-04
light,2.8320,-1.56946296e+00,-6.82523930e-01,2.46369427e-01,1.83303884e-02,2.96267100e-01,-1.48854050e-03,-3.46876422e-02,-2.79655971e-04,-3.90650643e-02,3.98117489e-04
light,2.8370,-1.78580066e+00,-5.51575762e-01,2.52725137e-01,1.53893046e-02,2.95671106e-01,-1.29093443e-03,-3.47655927e-02,-2.17296833e-04,-3.88851833e-02,3.40490681e-04
light,2.8420,-2.00118923e+00,-4.69312887e-01,2.59062118e-01,1.35436399e-02,2.95105500e-01,-1.15587312e-03,-3.48448046e-02,-1.79187489e-04,-3.87314813e-02,2.95320507e-04
light,2.8470,-2.20341652e+00,-4.16457979e-01,2.65105594e-01,1.23596545e-02,2.94576136e-01,-1.05903117e-03,-3.49189814e-02,-1.55671106e-04,-3.85976771e-02,2.58004472e-04
light,2.8520,-2.39222408e+00,-3.80598834e-01,2.70849752e-01,1.15580738e-02,2.94079448e-01,-9.85656552e-04,-3.49878875e-02,-1.40528182e-04,-3.84801507e-02,2.26486277e-04
light,2.8570,-2.56986107e+00,-3.55038457e-01,2.76345197e-01,1.09882153e-02,2.93610569e-01,-9.27540490e-04,-3.50525705e-02,-1.30410771e-04,-3.83764955e-02,1.99422658e-04
light,2.8620,-2.73859214e+00,-3.36101356e-01,2.81642883e-01,1.05673805e-02,2.93165248e-01,-8.79938985e-04,-3.51140979e-02,-1.23487872e-04,-3.82849118e-02,1.75850482e-04
light,2.8670,-2.90025657e+00,-3.21656442e-01,2.86784195e-01,1.02476199e-02,2.92740065e-01,-8.39944348e-04,-3.51733318e-02,-1.18702491e-04,-3.82039793e-02,1.55063534e-04
light,2.8720,-3.05628260e+00,-3.10396586e-01,2.91801269e-01,9.99952317e-03,2.92332300e-01,-8.05673310e-04,-3.52309343e-02,-1.15409640e-04,-3.81325453e-02,1.36535505e-04
light,2.8770,-3.20777609e+00,-3.01479244e-01,2.96718984e-01,9.80413299e-03,2.91939771e-01,-7.75847331e-04,-3.52874107e-02,-1.13196012e-04,-3.80696581e-02,1.19867386e-04
light,2.8820,-3.35560197e+00,-2.94337929e-01,3.01556804e-01,9.64870340e-03,2.91560708e-01,-7.49563642e-04,-3.53431497e-02,-1.11785540e-04,-3.80145211e-02,1.04751416e-04
light,2.8870,-3.50044641e+00,-2.88577945e-01,3.06330167e-01,9.52435376e-03,2.91193653e-01,-7.26163565e-04,-3.53984543e-02,-1.10987274e-04,-3.79664599e-02,9.09462748e-05
light,2.8920,-3.64286187e+00,-2.83915862e-01,3.11051502e-01,9.42470689e-03,2.90837389e-01,-7.05153092e-04,-3.54535632e-02,-1.10665185e-04,-3.79248979e-02,7.82598431e-05
light,2.8970,-3.78329958e+00,-2.80142841e-01,3.15730963e-01,9.34506392e-03,2.90490886e-01,-6.86152966e-04,-3.55086674e-02,-1.10719913e-04,-3.78893380e-02,6.65370385e-05
light,2.9020,-3.92213309e+00,-2.77101559e-01,3.20376955e-01,9.28188508e-03,2.90153264e-01,-6.68866138e-04,-3.55639212e-02,-1.11077309e-04,-3.78593478e-02,5.56510987e-05
light,2.9070,-4.05967547e+00,-2.74671204e-01,3.24996521e-01,9.23245208e-03,2.89823764e-01,-6.53055901e-04,-3.56194510e-02,-1.11681010e-04,-3.78345493e-02,4.54972332e-05
light,2.9120,-4.19619209e+00,-2.72757434e-01,3.29595632e-01,9.19464225e-03,2.89501724e-01,-6.38530768e-04,-3.56753611e-02,-1.12487481e-04,-3.78146092e-02,3.59879267e-05
light,2.9170,-4.33191030e+00,-2.71285485e-01,3.34179404e-01,9.16677342e-03,2.89186563e-01,-6.25133774e-04,-3.57317383e-02,-1.13462624e-04,-3.77992326e-02,2.70494141e-05
light,2.9220,-4.46702670e+00,-2.70195334e-01,3.38752261e-01,9.14749503e-03,2.88877765e-01,-6.12734742e-04,-3.57886559e-02,-1.14579403e-04,-3.77881568e-02,1.86189971e-05
light,2.9270,-4.60171287e+00,-2.69438230e-01,3.43318062e-01,9.13571017e-03,2.88574873e-01,-6.01224583e-04,-3.58461757e-02,-1.15816155e-04,-3.77811472e-02,1.06429765e-05
light,2.9320,-4.73611975e+00,-2.68974164e-01,3.47880204e-01,9.13051870e-03,2.88277476e-01,-5.90511023e-04,-3.59043509e-02,-1.17155350e-04,-3.77779929e-02,3.07503935e-06
light,2.9370,-4.87038119e+00,-2.68770002e-01,3.52441699e-01,9.13117504e-03,2.87985205e-01,-5.80515360e-04,-3.59632270e-02,-1.18582691e-04,-3.77785038e-02,-4.12501269e-06
light,2.9420,-5.00461671e+00,-2.68798068e-01,3.57005236e-01,9.13705653e-03,2.87697724e-01,-5.71169957e-04,-3.60228435e-02,-1.20086427e-04,-3.77825082e-02,-1.09922758e-05
light,2.9470,-5.13893379e+00,-2.69035074e-01,3.61573233e-01,9.14763917e-03,2.87414729e-01,-5.62416282e-04,-3.60832349e-02,-1.21656843e-04,-3.77898501e-02,-1.75575577e-05
light,2.9520,-5.27342965e+00,-2.69461293e-01,3.66147877e-01,9.16247909e-03,2.87135942e-01,-5.54203372e-04,-3.61444314e-02,-1.23285854e-04,-3.78003878e-02,-2.38480380e-05
light,2.9570,-5.40819281e+00,-2.70059906e-01,3.70731161e-01,9.18119788e-03,2.86861107e-01,-5.46486594e-04,-3.62064597e-02,-1.24966705e-04,-3.78139919e-02,-2.98878066e-05
light,2.9620,-5.54330429e+00,-2.70816500e-01,3.75324907e-01,9.20347124e-03,2.86589990e-01,-5.39226654e-04,-3.62693438e-02,-1.26693725e-04,-3.78305442e-02,-3.56983084e-05
light,2.9670,-5.67883868e+00,-2.71718657e-01,3.79930793e-01,9.22901979e-03,2.86322375e-01,-5.32388794e-04,-3.63331048e-02,-1.28462138e-04,-3.78499363e-02,-4.12987107e-05
light,2.9720,-5.81486499e+00,-2.72755633e-01,3.84550372e-01,9.25760175e-03,2.86058059e-01,-5.25942129e-04,-3.63977620e-02,-1.30267909e-04,-3.78720688e-02,-4.67062107e-05
light,2.9770,-5.95144735e+00,-2.73918093e-01,3.89185088e-01,9.28900709e-03,2.85796858e-01,-5.19859101e-04,-3.64633329e-02,-1.32107622e-04,-3.78968502e-02,-5.19362926e-05
light,2.9820,-6.08864570e+00,-2.75197895e-01,3.93836288e-01,9.32305263e-03,2.85538597e-01,-5.14115029e-04,-3.65298332e-02,-1.33978381e-04,-3.79241964e-02,-5.70029457e-05
light,2.9870,-6.22651624e+00,-2.76587917e-01,3.98505238e-01,9.35957813e-03,2.85283114e-01,-5.08687731e-04,-3.65972777e-02,-1.35877726e-04,-3.79540296e-02,-6.19188491e-05
light,2.9920,-6.36511195e+00,-2.78081911e-01,4.03193129e-01,9.39844299e-03,2.85030256e-01,-5.03557200e-04,-3.66656799e-02,-1.37803570e-04,-3.79862781e-02,-6.66955283e-05
light,2.9970,-6.50448295e+00,-2.79674381e-01,4.07901089e-01,9.43952356e-03,2.84779882e-01,-4.98705341e-04,-3.67350523e-02,-1.39754144e-04,-3.80208757e-02,-7.13434912e-05
light,3.0020,-6.64467683e+00,-2.81360483e-01,4.12630189e-01,9.48271087e-03,2.84531858e-01,-4.94115740e-04,-3.68054068e-02,-1.41727947e-04,-3.80577609e-02,-7.58723432e-05
light,3.0070,-6.78573895e+00,-2.83135942e-01,4.17381449e-01,9.52790869e-03,2.84286056e-01,-4.89773466e-04,-3.68767546e-02,-1.43723714e-04,-3.80968771e-02,-8.02908885e-05
light,3.0120,-6.92771272e+00,-2.84996976e-01,4.22155846e-01,9.57503195e-03,2.84042357e-01,-4.85664904e-04,-3.69491061e-02,-1.45740378e-04,-3.81381714e-02,-8.46072162e-05
light,3.0170,-7.07063981e+00,-2.86940239e-01,4.26954318e-01,9.62400537e-03,2.83800650e-01,-4.81777610e-04,-3.70224715e-02,-1.47777048e-04,-3.81815951e-02,-8.88287769e-05
light,3.0220,-7.21456032e+00,-2.88962768e-01,4.31777767e-01,9.67476228e-03,2.83560825e-01,-4.78100187e-04,-3.70968606e-02,-1.49832985e-04,-3.82271030e-02,-9.29624485e-05
light,3.0270,-7.35951302e+00,-2.91061940e-01,4.36627065e-01,9.72724366e-03,2.83322782e-01,-4.74622173e-04,-3.71722827e-02,-1.51907581e-04,-3.82746529e-02,-9.70145947e-05
light,3.0320,-7.50553543e+00,-2.93235432e-01,4.41503057e-01,9.78139722e-03,2.83086425e-01,-4.71333948e-04,-3.72487469e-02,-1.54000343e-04,-3.83242060e-02,-1.00991116e-04
light,3.0370,-7.65266403e+00,-2.95481189e-01,4.46406563e-01,9.83717675e-03,2.82851660e-01,-4.68226649e-04,-3.73262622e-02,-1.56110882e-04,-3.83757260e-02,-1.04897494e-04
light,3.0420,-7.80093433e+00,-2.97797396e-01,4.51338382e-01,9.89454141e-03,2.82618400e-01,-4.65292098e-04,-3.74048374e-02,-1.58238898e-04,-3.84291795e-02,-1.08738832e-04
light,3.0470,-7.95038101e+00,-3.00182453e-01,4.56299295e-01,9.95345519e-03,2.82386561e-01,-4.62522735e-04,-3.74844810e-02,-1.60384169e-04,-3.84845353e-02,-1.12519893e-04
light,3.0520,-8.10103801e+00,-3.02634954e-01,4.61290065e-01,1.00138865e-02,2.82156062e-01,-4.59911564e-04,-3.75652016e-02,-1.62546545e-04,-3.85417647e-02,-1.16245126e-04
light,3.0570,-8.25293864e+00,-3.05153668e-01,4.66311442e-01,1.00758075e-02,2.81926826e-01,-4.57452102e-04,-3.76470076e-02,-1.64725939e-04,-3.86008408e-02,-1.19918698e-04
light,3.0620,-8.40611561e+00,-3.07737523e-01,4.71364161e-01,1.01391943e-02,2.81698780e-01,-4.55138329e-04,-3.77299077e-02,-1.66922318e-04,-3.86617392e-02,-1.23544518e-04
light,3.0670,-8.56060118e+00,-3.10385590e-01,4.76448949e-01,1.02040258e-02,2.81471852e-01,-4.52964656e-04,-3.78139101e-02,-1.69135702e-04,-3.87244369e-02,-1.27126259e-04
light,3.0720,-8.71642716e+00,-3.13097074e-01,4.81566521e-01,1.02702842e-02,2.81245973e-01,-4.50925883e-04,-3.78990234e-02,-1.71366155e-04,-3.87889129e-02,-1.30667381e-04
light,3.0770,-8.87362501e+00,-3.15871299e-01,4.86717585e-01,1.03379542e-02,2.81021078e-01,-4.49017169e-04,-3.79852562e-02,-1.73613783e-04,-3.88551479e-02,-1.34171146e-04
light,3.0820,-9.03222587e+00,-3.18707699e-01,4.91902842e-01,1.04070232e-02,2.80797102e-01,-4.47234002e-04,-3.80726170e-02,-1.75878726e-04,-3.89231241e-02,-1.37640636e-04
light,3.0870,-9.19226066e+00,-3.21605812e-01,4.97122987e-01,1.04774808e-02,2.80573985e-01,-4.45572176e-04,-3.81611145e-02,-1.78161163e-04,-3.89928252e-02,-1.41078766e-04
light,3.0920,-9.35376008e+00,-3.24565267e-01,5.02378712e-01,1.05493185e-02,2.80351667e-01,-4.44027765e-04,-3.82507575e-02,-1.80461299e-04,-3.90642363e-02,-1.44488303e-04
light,3.0970,-9.51675465e+00,-3.27585785e-01,5.07670702e-01,1.06225302e-02,2.80130090e-01,-4.42597103e-04,-3.83415549e-02,-1.82779370e-04,-3.91373439e-02,-1.47871871e-04
light,3.1020,-9.68127482e+00,-3.30667164e-01,5.12999643e-01,1.06971112e-02,2.79909199e-01,-4.41276763e-04,-3.84335156e-02,-1.85115638e-04,-3.92121356e-02,-1.51231967e-04
light,3.1070,-9.84735092e+00,-3.33809280e-01,5.18366218e-01,1.07730588e-02,2.79688939e-01,-4.40063543e-04,-3.85266489e-02,-1.87470389e-04,-3.92886005e-02,-1.54570971e-04
light,3.1120,-1.00150133e+01,-3.37012080e-01,5.23771109e-01,1.08503718e-02,2.79469257e-01,-4.38954449e-04,-3.86209641e-02,-1.89843930e-04,-3.93667286e-02,-1.57891153e-04
light,3.1170,-1.01842922e+01,-3.40275576e-01,5.29214996e-01,1.09290505e-02,2.79250103e-01,-4.37946679e-04,-3.87164705e-02,-1.92236591e-04,-3.94465111e-02,-1.61194681e-04
light,3.1220,-1.03552179e+01,-3.43599846e-01,5.34698563e-01,1.10090965e-02,2.79031426e-01,-4.37037612e-04,-3.88131780e-02,-1.94648720e-04,-3.95279403e-02,-1.64483635e-04
light,3.1270,-1.05278209e+01,-3.46985024e-01,5.40222493e-01,1.10905130e-02,2.78813177e-01,-4.36224795e-04,-3.89110961e-02,-1.97080686e-04,-3.96110095e-02,-1.67760005e-04
light,3.1320,-1.07021316e+01,-3.50431302e-01,5.45787472e-01,1.11733043e-02,2.78595310e-01,-4.35505934e-04,-3.90102350e-02,-1.99532874e-04,-3.96957128e-02,-1.71025706e-04
light,3.1370,-1.08781806e+01,-3.53938927e-01,5.51394187e-01,1.12574759e-02,2.78377779e-01,-4.34878881e-04,-3.91106049e-02,-2.02005684e-04,-3.97820455e-02,-1.74282577e-04
light,3.1420,-1.10559986e+01,-3.57508195e-01,5.57043329e-01,1.13430344e-02,2.78160536e-01,-4.34341629e-04,-3.92122162e-02,-2.04499536e-04,-3.98700037e-02,-1.77532393e-04
light,3.1470,-1.12356165e+01,-3.61139451e-01,5.62735593e-01,1.14299877e-02,2.77943540e-01,-4.33892300e-04,-3.93150794e-02,-2.07014862e-04,-3.99595842e-02,-1.80776865e-04
light,3.1520,-1.14170653e+01,-3.64833090e-01,5.68471679e-01,1.15183445e-02,2.77726745e-01,-4.33529138e-04,-3.94192055e-02,-2.09552111e-04,-4.00507849e-02,-1.84017647e-04
light,3.1570,-1.16003763e+01,-3.68589548e-01,5.74252288e-01,1.16081148e-02,2.77510109e-01,-4.33250505e-04,-3.95246054e-02,-2.12111744e-04,-4.01436043e-02,-1.87256342e-04
light,3.1620,-1.17855809e+01,-3.72409310e-01,5.80078131e-01,1.16993095e-02,2.77293591e-01,-4.33054871e-04,-3.96312905e-02,-2.14694240e-04,-4.02380419e-02,-1.90494502e-04
light,3.1670,-1.19727111e+01,-3.76292899e-01,5.85949922e-01,1.17919402e-02,2.77077149e-01,-4.32940810e-04,-3.97392724e-02,-2.17300087e-04,-4.03340977e-02,-1.93733637e-04
light,3.1720,-1.21617987e+01,-3.80240883e-01,5.91868381e-01,1.18860199e-02,2.76860744e-01,-4.32906994e-04,-3.98485628e-02,-2.19929790e-04,-4.04317727e-02,-1.96975214e-04
light,3.1770,-1.23528761e+01,-3.84253868e-01,5.97834235e-01,1.19815620e-02,2.76644335e-01,-4.32952187e-04,-3.99591737e-02,-2.22583867e-04,-4.05310684e-02,-2.00220662e-04
light,3.1820,-1.25459760e+01,-3.88332502e-01,6.03848219e-01,1.20785813e-02,2.76427883e-01,-4.33075244e-04,-4.00711176e-02,-2.25262847e-04,-4.06319872e-02,-2.03471378e-04
light,3.1870,-1.27411312e+01,-3.92477469e-01,6.09911075e-01,1.21770931e-02,2.76211349e-01,-4.33275102e-04,-4.01844069e-02,-2.27967274e-04,-4.07345321e-02,-2.06728724e-04
light,3.1920,-1.29383752e+01,-3.96689493e-01,6.16023551e-01,1.22771136e-02,2.75994696e-01,-4.33550778e-04,-4.02990545e-02,-2.30697705e-04,-4.08387066e-02,-2.09994035e-04
light,3.1970,-1.31377416e+01,-4.00969336e-01,6.22186408e-01,1.23786601e-02,2.75777886e-01,-4.33901367e-04,-4.04150736e-02,-2.33454710e-04,-4.09445153e-02,-2.13268619e-04
light,3.2020,-1.33392644e+01,-4.05317797e-01,6.28400410e-01,1.24817504e-02,2.75560881e-01,-4.34326038e-04,-4.05324775e-02,-2.36238870e-04,-4.10519630e-02,-2.16553761e-04
light,3.2070,-1.35429783e+01,-4.09735711e-01,6.34666334e-01,1.25864035e-02,2.75343645e-01,-4.34824027e-04,-4.06512801e-02,-2.39050783e-04,-4.11610553e-02,-2.19850722e-04
light,3.2120,-1.37489181e+01,-4.14223950e-01,6.40984967e-01,1.26926389e-02,2.75126142e-01,-4.35394639e-04,-4.07714952e-02,-2.41891057e-04,-4.12717984e-02,-2.23160746e-04
light,3.2170,-1.39571191e+01,-4.18783425e-01,6.47357103e-01,1.28004771e-02,2.74908335e-01,-4.36037245e-04,-4.08931373e-02,-2.44760316e-04,-4.13841993e-02,-2.26485058e-04
light,3.2220,-1.41676173e+01,-4.23415080e-01,6.53783549e-01,1.29099393e-02,2.74690188e-01,-4.36751277e-04,-4.10162210e-02,-2.47659195e-04,-4.14982654e-02,-2.29824870e-04
light,3.2270,-1.43804488e+01,-4.28119897e-01,6.60265121e-01,1.30210477e-02,2.74471666e-01,-4.37536226e-04,-4.11407612e-02,-2.50588345e-04,-4.16140047e-02,-2.33181377e-04
light,3.2320,-1.45956506e+01,-4.32898896e-01,6.66802649e-01,1.31338252e-02,2.74252734e-01,-4.38391642e-04,-4.12667732e-02,-2.53548429e-04,-4.17314259e-02,-2.36555764e-04
light,3.2370,-1.48132599e+01,-4.37753132e-01,6.73396971e-01,1.32482955e-02,2.74033356e-01,-4.39317132e-04,-4.13942727e-02,-2.56540127e-04,-4.18505383e-02,-2.39949207e-04
light,3.2420,-1.50333147e+01,-4.42683698e-01,6.80048940e-01,1.33644832e-02,2.73813498e-01,-4.40312354e-04,-4.15232756e-02,-2.59564131e-04,-4.19713516e-02,-2.43362872e-04
light,3.2470,-1.52558533e+01,-4.47691722e-01,6.86759421e-01,1.34824137e-02,2.73593125e-01,-4.41377023e-04,-4.16537983e-02,-2.62621148e-04,-4.20938762e-02,-2.46797918e-04
light,3.2520,-1.54809147e+01,-4.52778372e-01,6.93529290e-01,1.36021134e-02,2.73372202e-01,-4.42510902e-04,-4.17858574e-02,-2.65711902e-04,-4.22181232e-02,-2.50255498e-04
light,3.2570,-1.57085385e+01,-4.57944854e-01,7.00359438e-01,1.37236092e-02,2.73150695e-01,-4.43713805e-04,-4.19194700e-02,-2.68837130e-04,-4.23441041e-02,-2.53736764e-04
light,3.2620,-1.59387649e+01,-4.63192411e-01,7.07250770e-01,1.38469292e-02,2.72928569e-01,-4.44985594e-04,-4.20546534e-02,-2.71997588e-04,-4.24718310e-02,-2.57242862e-04
light,3.2670,-1.61716348e+01,-4.68522324e-01,7.14204205e-01,1.39721023e-02,2.72705789e-01,-4.46326179e-04,-4.21914256e-02,-2.75194044e-04,-4.26013166e-02,-2.60774940e-04
light,3.2720,-1.64071896e+01,-4.73935916e-01,7.21220676e-01,1.40991581e-02,2.72482323e-01,-4.47735517e-04,-4.23298046e-02,-2.78427286e-04,-4.27325743e-02,-2.64334142e-04
light,3.2770,-1.66454715e+01,-4.79434549e-01,7.28301131e-01,1.42281273e-02,2.72258134e-01,-4.49213608e-04,-4.24698090e-02,-2.81698118e-04,-4.28656178e-02,-2.67921617e-04
light,3.2820,-1.68865233e+01,-4.85019623e-01,7.35446533e-01,1.43590415e-02,2.72033189e-01,-4.50760501e-04,-4.26114579e-02,-2.85007360e-04,-4.30004616e-02,-2.71538515e-04
light,3.2870,-1.71303885e+01,-4.90692583e-01,7.42657865e-01,1.44919331e-02,2.71807454e-01,-4.52376285e-04,-4.27547706e-02,-2.88355853e-04,-4.31371206e-02,-2.75185990e-04
light,3.2920,-1.73771116e+01,-4.96454915e-01,7.49936120e-01,1.46268356e-02,2.71580894e-01,-4.54061094e-04,-4.28997669e-02,-2.91744453e-04,-4.32756105e-02,-2.78865202e-04
light,3.2970,-1.76267374e+01,-5.02308146e-01,7.57282314e-01,1.47637833e-02,2.71353474e-01,-4.55815106e-04,-4.30464672e-02,-2.95174037e-04,-4.34159474e-02,-2.82577316e-04
light,3.3020,-1.78793118e+01,-5.08253849e-01,7.64697476e-01,1.49028116e-02,2.71125159e-01,-4.57638539e-04,-4.31948921e-02,-2.98645501e-04,-4.35581481e-02,-2.86323504e-04
light,3.3070,-1.81348814e+01,-5.14293640e-01,7.72182655e-01,1.50439569e-02,2.70895916e-01,-4.59531653e-04,-4.33450627e-02,-3.02159760e-04,-4.37022298e-02,-2.90104948e-04
light,3.3120,-1.83934937e+01,-5.20429183e-01,7.79738919e-01,1.51872566e-02,2.70665709e-01,-4.61494753e-04,-4.34970008e-02,-3.05717752e-04,-4.38482105e-02,-2.93922839e-04
light,3.3170,-1.86551969e+01,-5.26662185e-01,7.87367353e-01,1.53327492e-02,2.70434504e-01,-4.63528181e-04,-4.36507284e-02,-3.09320432e-04,-4.39961087e-02,-2.97778378e-04
light,3.3220,-1.89200401e+01,-5.32994403e-01,7.95069063e-01,1.54804741e-02,2.70202264e-01,-4.65632322e-04,-4.38062680e-02,-3.12968782e-04,-4.41459435e-02,-3.01672780e-04
light,3.3270,-1.91880734e+01,-5.39427642e-01,8.02845174e-01,1.56304720e-02,2.69968954e-01,-4.67807603e-04,-4.39636427e-02,-3.16663801e-04,-4.42977347e-02,-3.05607270e-04
light,3.3320,-1.94593477e+01,-5.45963758e-01,8.10696834e-01,1.57827846e-02,2.69734540e-01,-4.70054489e-04,-4.41228761e-02,-3.20406516e-04,-4.44515026e-02,-3.09583090e-04
light,3.3370,-1.97339149e+01,-5.52604657e-01,8.18625208e-01,1.59374548e-02,2.69498984e-01,-4.72373489e-04,-4.42839923e-02,-3.24197974e-04,-4.46072681e-02,-3.13601494e-04
light,3.3420,-2.00118278e+01,-5.59352298e-01,8.26631486e-01,1.60945267e-02,2.69262251e-01,-4.74765150e-04,-4.44470159e-02,-3.28039248e-04,-4.47650529e-02,-3.17663757e-04
light,3.3470,-2.02931403e+01,-5.66208692e-01,8.34716879e-01,1.62540456e-02,2.69024304e-01,-4.77230063e-04,-4.46119721e-02,-3.31931436e-04,-4.49248792e-02,-3.21771166e-04
light,3.3520,-2.05779072e+01,-5.73175909e-01,8.42882622e-01,1.64160579e-02,2.68785107e-01,-4.79768858e-04,-4.47788867e-02,-3.35875663e-04,-4.50867699e-02,-3.25925031e-04
light,3.3570,-2.08661844e+01,-5.80256071e-01,8.51129972e-01,1.65806116e-02,2.68544623e-01,-4.82382206e-04,-4.49477857e-02,-3.39873079e-04,-4.52507485e-02,-3.30126680e-04
light,3.3620,-2.11580289e+01,-5.87451362e-01,8.59460211e-01,1.67477556e-02,2.68302813e-01,-4.85070823e-04,-4.51186963e-02,-3.43924862e-04,-4.54168392e-02,-3.34377461e-04
light,3.3670,-2.14534988e+01,-5.94764024e-01,8.67874646e-01,1.69175405e-02,2.68059640e-01,-4.87835463e-04,-4.52916458e-02,-3.48032221e-04,-4.55850670e-02,-3.38678745e-04
light,3.3720,-2.17526533e+01,-6.02196360e-01,8.76374609e-01,1.70900181e-02,2.67815067e-01,-4.90676924e-04,-4.54666622e-02,-3.52196390e-04,-4.57554574e-02,-3.43031926e-04
light,3.3770,-2.20555528e+01,-6.09750738e-01,8.84961459e-01,1.72652416e-02,2.67569054e-01,-4.93596049e-04,-4.56437744e-02,-3.56418636e-04,-4.59280367e-02,-3.47438424e-04
light,3.3820,-2.23622588e+01,-6.17429589e-01,8.93636583e-01,1.74432658e-02,2.67321563e-01,-4.96593720e-04,-4.58230116e-02,-3.60700258e-04,-4.61028319e-02,-3.51899681e-04
light,3.3870,-2.26728342e+01,-6.25235411e-01,9.02401391e-01,1.76241468e-02,2.67072553e-01,-4.99670867e-04,-4.60044038e-02,-3.65042586e-04,-4.62798708e-02,-3.56417170e-04
light,3.3920,-2.29873430e+01,-6.33170773e-01,9.11257328e-01,1.78079424e-02,2.66821986e-01,-5.02828461e-04,-4.61879817e-02,-3.69446982e-04,-4.64591817e-02,-3.60992389e-04
light,3.3970,-2.33058507e+01,-6.41238311e-01,9.20205863e-01,1.79947120e-02,2.66569820e-01,-5.06067522e-04,-4.63737767e-02,-3.73914846e-04,-4.66407940e-02,-3.65626867e-04
light,3.4020,-2.36284239e+01,-6.49440738e-01,9.29248499e-01,1.81845166e-02,2.66316014e-01,-5.09389113e-04,-4.65618208e-02,-3.78447609e-04,-4.68247376e-02,-3.70322164e-04
light,3.4070,-2.39551308e+01,-6.57780839e-01,9.38386765e-01,1.83774189e-02,2.66060528e-01,-5.12794344e-04,-4.67521469e-02,-3.83046742e-04,-4.70110433e-02,-3.75079870e-04
light,3.4120,-2.42860408e+01,-6.66261478e-01,9.47622227e-01,1.85734832e-02,2.65803319e-01,-5.16284375e-04,-4.69447884e-02,-3.87713753e-04,-4.71997428e-02,-3.79901612e-04
light,3.4170,-2.46212248e+01,-6.74885598e-01,9.56956481e-01,1.87727760e-02,2.65544344e-01,-5.19860412e-04,-4.71397796e-02,-3.92450188e-04,-4.73908683e-02,-3.84789048e-04
light,3.4220,-2.49607554e+01,-6.83656225e-01,9.66391157e-01,1.89753651e-02,2.65283560e-01,-5.23523710e-04,-4.73371557e-02,-3.97257634e-04,-4.75844532e-02,-3.89743876e-04
light,3.4270,-2.53047065e+01,-6.92576469e-01,9.75927918e-01,1.91813206e-02,2.65020924e-01,-5.27275577e-04,-4.75369525e-02,-4.02137722e-04,-4.77805315e-02,-3.94767829e-04
light,3.4320,-2.56531535e+01,-7.01649529e-01,9.85568465e-01,1.93907144e-02,2.64756390e-01,-5.31117371e-04,-4.77392067e-02,-4.07092121e-04,-4.79791383e-02,-3.99862682e-04
light,3.4370,-2.60061738e+01,-7.10878692e-01,9.95314534e-01,1.96036206e-02,2.64489913e-01,-5.35050503e-04,-4.79439559e-02,-4.12122549e-04,-4.81803093e-02,-4.05030248e-04
light,3.4420,-2.63638461e+01,-7.20267340e-01,1.00516790e+00,1.98201151e-02,2.64221448e-01,-5.39076438e-04,-4.81512385e-02,-4.17230769e-04,-4.83840815e-02,-4.10272386e-04
light,3.4470,-2.67262510e+01,-7.29818950e-01,1.01513037e+00,2.00402764e-02,2.63950947e-01,-5.43196696e-04,-4.83610938e-02,-4.22418591e-04,-4.85904925e-02,-4.15590997e-04
light,3.4520,-2.70934707e+01,-7.39537100e-01,1.02520380e+00,2.02641848e-02,2.63678363e-01,-5.47412854e-04,-4.85735620e-02,-4.27687873e-04,-4.87995810e-02,-4.20988029e-04
light,3.4570,-2.74655895e+01,-7.49425470e-01,1.03539009e+00,2.04919231e-02,2.63403648e-01,-5.51726547e-04,-4.87886843e-02,-4.33040526e-04,-4.90113867e-02,-4.26465477e-04
light,3.4620,-2.78426931e+01,-7.59487844e-01,1.04569116e+00,2.07235765e-02,2.63126752e-01,-5.56139469e-04,-4.90065029e-02,-4.38478513e-04,-4.92259502e-02,-4.32025388e-04
light,3.4670,-2.82248697e+01,-7.69728119e-01,1.05610899e+00,2.09592327e-02,2.62847626e-01,-5.60653377e-04,-4.92270609e-02,-4.44003852e-04,-4.94433134e-02,-4.37669858e-04
light,3.4720,-2.86122090e+01,-7.80150302e-01,1.06664561e+00,2.11989818e-02,2.62566219e-01,-5.65270089e-04,-4.94504024e-02,-4.49618616e-04,-4.96635189e-02,-4.43401040e-04
light,3.4770,-2.90048029e+01,-7.90758519e-01,1.07730309e+00,2.14429167e-02,2.62282478e-01,-5.69991487e-04,-4.96765727e-02,-4.55324938e-04,-4.98866107e-02,-4.49221138e-04
light,3.4820,-2.94027454e+01,-8.01557017e-01,1.08808353e+00,2.16911329e-02,2.61996352e-01,-5.74819523e-04,-4.99056180e-02,-4.61125009e-04,-5.01126336e-02,-4.55132419e-04
light,3.4870,-2.98061328e+01,-8.12550168e-01,1.09898911e+00,2.19437288e-02,2.61707785e-01,-5.79756214e-04,-5.01375857e-02,-4.67021084e-04,-5.03416339e-02,-4.61137207e-04
light,3.4920,-3.02150632e+01,-8.23742472e-01,1.11002203e+00,2.22008056e-02,2.61416725e-01,-5.84803649e-04,-5.03725243e-02,-4.73015484e-04,-5.05736589e-02,-4.67237889e-04
light,3.4970,-3.06296374e+01,-8.35138566e-01,1.12118456e+00,2.24624677e-02,2.61123113e-01,-5.89963988e-04,-5.06104836e-02,-4.79110595e-04,-5.08087571e-02,-4.73436919e-04
light,3.5020,-3.10499584e+01,-8.46743224e-01,1.13247902e+00,2.27288225e-02,2.60826895e-01,-5.95239469e-04,-5.08515145e-02,-4.85308873e-04,-5.10469781e-02,-4.79736814e-04
light,3.5070,-3.14761315e+01,-8.58561364e-01,1.14390778e+00,2.29999807e-02,2.60528011e-01,-6.00632404e-04,-5.10956691e-02,-4.91612846e-04,-5.12883732e-02,-4.86140165e-04
light,3.5120,-3.19082647e+01,-8.70598052e-01,1.15547327e+00,2.32760562e-02,2.60226402e-01,-6.06145186e-04,-5.13430010e-02,-4.98025117e-04,-5.15329945e-02,-4.92649635e-04
light,3.5170,-3.23464684e+01,-8.82858510e-01,1.16717796e+00,2.35571665e-02,2.59922009e-01,-6.11780290e-04,-5.15935647e-02,-5.04548366e-04,-5.17808958e-02,-4.99267959e-04
light,3.5220,-3.27908558e+01,-8.95348117e-01,1.17902442e+00,2.38434326e-02,2.59614768e-01,-6.17540277e-04,-5.18474166e-02,-5.11185353e-04,-5.20321321e-02,-5.05997955e-04
light,3.5270,-3.32415426e+01,-9.08072420e-01,1.19101523e+00,2.41349795e-02,2.59304617e-01,-6.23427793e-04,-5.21046140e-02,-5.17938920e-04,-5.22867600e-02,-5.12842519e-04
light,3.5320,-3.36986476e+01,-9.21037138e-01,1.20315308e+00,2.44319356e-02,2.58991492e-01,-6.29445577e-04,-5.23652160e-02,-5.24811997e-04,-5.25448374e-02,-5.19804632e-04
light,3.5370,-3.41622923e+01,-9.34248163e-01,1.21544070e+00,2.47344337e-02,2.58675327e-01,-6.35596462e-04,-5.26292830e-02,-5.31807602e-04,-5.28064239e-02,-5.26887365e-04
light,3.5420,-3.46326013e+01,-9.47711578e-01,1.22788089e+00,2.50426105e-02,2.58356054e-01,-6.41883375e-04,-5.28968770e-02,-5.38928847e-04,-5.30715803e-02,-5.34093877e-04
light,3.5470,-3.51097020e+01,-9.61433653e-01,1.24047652e+00,2.53566072e-02,2.58033606e-01,-6.48309346e-04,-5.31680615e-02,-5.46178939e-04,-5.33403695e-02,-5.41427424e-04
light,3.5520,-3.55937255e+01,-9.75420857e-01,1.25323053e+00,2.56765693e-02,2.57707911e-01,-6.54877508e-04,-5.34429017e-02,-5.53561185e-04,-5.36128556e-02,-5.48891358e-04
light,3.5570,-3.60848057e+01,-9.89679866e-01,1.26614595e+00,2.60026470e-02,2.57378898e-01,-6.61591102e-04,-5.37214645e-02,-5.61078995e-04,-5.38891047e-02,-5.56489137e-04
light,3.5620,-3.65830801e+01,-1.00421757e+00,1.27922586e+00,2.63349953e-02,2.57046494e-01,-6.68453479e-04,-5.40038184e-02,-5.68735889e-04,-5.41691844e-02,-5.64224321e-04
light,3.5670,-3.70886897e+01,-1.01904108e+00,1.29247344e+00,2.66737743e-02,2.56710622e-01,-6.75468108e-04,-5.42900338e-02,-5.76535497e-04,-5.44531643e-02,-5.72100583e-04
light,3.5720,-3.76017791e+01,-1.03415774e+00,1.30589194e+00,2.70191491e-02,2.56371207e-01,-6.82638575e-04,-5.45801830e-02,-5.84481565e-04,-5.47411159e-02,-5.80121711e-04
light,3.5770,-3.81224965e+01,-1.04957512e+00,1.31948469e+00,2.73712903e-02,2.56028170e-01,-6.89968592e-04,-5.48743400e-02,-5.92577960e-04,-5.50331124e-02,-5.88291612e-04
light,3.5820,-3.86509941e+01,-1.06530107e+00,1.33325513e+00,2.77303741e-02,2.55681429e-01,-6.97461999e-04,-5.51725808e-02,-6.00828675e-04,-5.53292292e-02,-5.96614317e-04
light,3.5870,-3.91874280e+01,-1.08134366e+00,1.34720675e+00,2.80965824e-02,2.55330903e-01,-7.05122770e-04,-5.54749837e-02,-6.09237832e-04,-5.56295435e-02,-6.05093985e-04
light,3.5920,-3.97319585e+01,-1.09771127e+00,1.36134318e+00,2.84701035e-02,2.54976507e-01,-7.12955018e-04,-5.57816288e-02,-6.17809691e-04,-5.59341350e-02,-6.13734913e-04
light,3.5970,-4.02847499e+01,-1.11441251e+00,1.37566809e+00,2.88511315e-02,2.54618153e-01,-7.20963000e-04,-5.60925984e-02,-6.26548651e-04,-5.62430851e-02,-6.22541536e-04
light,3.6020,-4.08459712e+01,-1.13145633e+00,1.39018531e+00,2.92398675e-02,2.54255754e-01,-7.29151121e-04,-5.64079771e-02,-6.35459259e-04,-5.65564778e-02,-6.31518433e-04
light,3.6070,-4.14157956e+01,-1.14885196e+00,1.40489872e+00,2.96365190e-02,2.53889218e-01,-7.37523946e-04,-5.67278518e-02,-6.44546213e-04,-5.68743993e-02,-6.40670337e-04
light,3.6120,-4.19944014e+01,-1.16660893e+00,1.41981234e+00,3.00413009e-02,2.53518451e-01,-7.46086198e-04,-5.70523118e-02,-6.53814372e-04,-5.71969381e-02,-6.50002140e-04
light,3.6170,-4.25819713e+01,-1.18473713e+00,1.43493028e+00,3.04544354e-02,2.53143358e-01,-7.54842769e-04,-5.73814489e-02,-6.63268760e-04,-5.75241855e-02,-6.59518896e-04
light,3.6220,-4.31786933e+01,-1.20324677e+00,1.45025676e+00,3.08761523e-02,2.52763841e-01,-7.63798729e-04,-5.77153572e-02,-6.72914572e-04,-5.78562351e-02,-6.69225832e-04
light,3.6270,-4.37847605e+01,-1.22214842e+00,1.46579613e+00,3.13066894e-02,2.52379798e-01,-7.72959325e-04,-5.80541337e-02,-6.82757184e-04,-5.81931831e-02,-6.79128353e-04
light,3.6320,-4.44003714e+01,-1.24145302e+00,1.48155287e+00,3.17462930e-02,2.51991127e-01,-7.82330000e-04,-5.83978782e-02,-6.92802161e-04,-5.85351286e-02,-6.89232051e-04
light,3.6370,-4.50257301e+01,-1.26117191e+00,1.49753155e+00,3.21952180e-02,2.51597720e-01,-7.91916389e-04,-5.87466930e-02,-7.03055258e-04,-5.88821736e-02,-6.99542713e-04
light,3.6420,-4.56610461e+01,-1.28131681e+00,1.51373690e+00,3.26537282e-02,2.51199469e-01,-8.01724337e-04,-5.91006836e-02,-7.13522438e-04,-5.92344228e-02,-7.10066326e-04
light,3.6470,-4.63065355e+01,-1.30189987e+00,1.53017377e+00,3.31220971e-02,2.50796262e-01,-8.11759900e-04,-5.94599584e-02,-7.24209875e-04,-5.95919841e-02,-7.20809092e-04
light,3.6520,-4.69624199e+01,-1.32293369e+00,1.54684716e+00,3.36006080e-02,2.50387982e-01,-8.22029362e-04,-5.98246289e-02,-7.35123964e-04,-5.99549686e-02,-7.31777431e-04
light,3.6570,-4.76289278e+01,-1.34443130e+00,1.56376220e+00,3.40895543e-02,2.49974513e-01,-8.32539236e-04,-6.01948101e-02,-7.46271330e-04,-6.03234905e-02,-7.42977994e-04
light,3.6620,-4.83062941e+01,-1.36640624e+00,1.58092418e+00,3.45892404e-02,2.49555731e-01,-8.43296281e-04,-6.05706200e-02,-7.57658840e-04,-6.06976675e-02,-7.54417673e-04
light,3.6670,-4.89947606e+01,-1.38887252e+00,1.59833854e+00,3.50999816e-02,2.49131513e-01,-8.54307509e-04,-6.09521803e-02,-7.69293614e-04,-6.10776208e-02,-7.66103609e-04
light,3.6720,-4.96945762e+01,-1.41184468e+00,1.61601087e+00,3.56221053e-02,2.48701729e-01,-8.65580197e-04,-6.13396164e-02,-7.81183034e-04,-6.14634751e-02,-7.78043209e-04
light,3.6770,-5.04059972e+01,-1.43533781e+00,1.63394696e+00,3.61559507e-02,2.48266247e-01,-8.77121900e-04,-6.17330572e-02,-7.93334755e-04,-6.18553590e-02,-7.90244152e-04
light,3.6820,-5.11292876e+01,-1.45936756e+00,1.65215273e+00,3.67018701e-02,2.47824930e-01,-8.88940460e-04,-6.21326357e-02,-8.05756723e-04,-6.22534049e-02,-8.02714402e-04
light,3.6870,-5.18647195e+01,-1.48395018e+00,1.67063431e+00,3.72602290e-02,2.47377639e-01,-9.01044023e-04,-6.25384889e-02,-8.18457181e-04,-6.26577494e-02,-8.15462226e-04
light,3.6920,-5.26125728e+01,-1.50910253e+00,1.68939800e+00,3.78314070e-02,2.46924229e-01,-9.13441052e-04,-6.29507578e-02,-8.31444687e-04,-6.30685331e-02,-8.28496203e-04
light,3.6970,-5.33731365e+01,-1.53484214e+00,1.70845029e+00,3.84157981e-02,2.46464551e-01,-9.26140337e-04,-6.33695881e-02,-8.44728128e-04,-6.34859012e-02,-8.41825239e-04
light,3.7020,-5.41467083e+01,-1.56118720e+00,1.72779790e+00,3.90138119e-02,2.45998452e-01,-9.39151016e-04,-6.37951298e-02,-8.58316735e-04,-6.39100032e-02,-8.55458585e-04
light,3.7070,-5.49335950e+01,-1.58815661e+00,1.74744771e+00,3.96258738e-02,2.45525774e-01,-9.52482589e-04,-6.42275375e-02,-8.72220099e-04,-6.43409933e-02,-8.69405851e-04
light,3.7120,-5.57341132e+01,-1.61577004e+00,1.76740686e+00,4.02524259e-02,2.45046356e-01,-9.66144934e-04,-6.46669708e-02,-8.86448187e-04,-6.47790309e-02,-8.83677023e-04
light,3.7170,-5.65485894e+01,-1.64404792e+00,1.78768268e+00,4.08939281e-02,2.44560028e-01,-9.80148326e-04,-6.51135945e-02,-9.01011362e-04,-6.52242802e-02,-8.98282482e-04
light,3.7220,-5.73773607e+01,-1.67301150e+00,1.80828278e+00,4.15508587e-02,2.44066618e-01,-9.94503456e-04,-6.55675785e-02,-9.15920402e-04,-6.56769106e-02,-9.13233023e-04
light,3.7270,-5.82207747e+01,-1.70268289e+00,1.82921495e+00,4.22237150e-02,2.43565948e-01,-1.00922145e-03,-6.60290981e-02,-9.31186516e-04,-6.61370973e-02,-9.28539873e-04
light,3.7320,-5.90791905e+01,-1.73308511e+00,1.85048730e+00,4.29130150e-02,2.43057833e-01,-1.02431389e-03,-6.64983346e-02,-9.46821371e-04,-6.66050209e-02,-9.44214716e-04
light,3.7370,-5.99529788e+01,-1.76424211e+00,1.87210815e+00,4.36192975e-02,2.42542085e-01,-1.03979284e-03,-6.69754749e-02,-9.62837110e-04,-6.70808682e-02,-9.60269711e-04
light,3.7420,-6.08425224e+01,-1.79617884e+00,1.89408611e+00,4.43431239e-02,2.42018506e-01,-1.05567087e-03,-6.74607123e-02,-9.79246380e-04,-6.75648321e-02,-9.76717520e-04
light,3.7470,-6.17482171e+01,-1.82892128e+00,1.91643011e+00,4.50850788e-02,2.41486895e-01,-1.07196106e-03,-6.79542465e-02,-9.96062351e-04,-6.80571118e-02,-9.93571330e-04
light,3.7520,-6.26704716e+01,-1.86249652e+00,1.93914932e+00,4.58457716e-02,2.40947042e-01,-1.08867707e-03,-6.84562839e-02,-1.01329875e-03,-6.85579135e-02,-1.01084488e-03
light,3.7570,-6.36097085e+01,-1.89693278e+00,1.96225326e+00,4.66258375e-02,2.40398732e-01,-1.10583312e-03,-6.89670378e-02,-1.03096988e-03,-6.90674500e-02,-1.02855249e-03
light,3.7620,-6.45663649e+01,-1.93225949e+00,1.98575177e+00,4.74259386e-02,2.39841740e-01,-1.12344406e-03,-6.94867289e-02,-1.04909066e-03,-6.95859418e-02,-1.04670910e-03
light,3.7670,-6.55408927e+01,-1.96850738e+00,2.00965501e+00,4.82467660e-02,2.39275837e-01,-1.14152538e-03,-7.00155854e-02,-1.06767664e-03,-7.01136168e-02,-1.06533027e-03
light,3.7720,-6.65337595e+01,-2.00570847e+00,2.03397350e+00,4.90890405e-02,2.38700783e-01,-1.16009324e-03,-7.05538435e-02,-1.08674408e-03,-7.06507108e-02,-1.08443226e-03
light,3.7770,-6.75454494e+01,-2.04389621e+00,2.05871813e+00,4.99535148e-02,2.38116331e-01,-1.17916451e-03,-7.11017476e-02,-1.10630990e-03,-7.11974680e-02,-1.10403202e-03
light,3.7820,-6.85764632e+01,-2.08310554e+00,2.08390018e+00,5.08409747e-02,2.37522227e-01,-1.19875683e-03,-7.16595509e-02,-1.12639181e-03,-7.17541411e-02,-1.12414727e-03
light,3.7870,-6.96273197e+01,-2.12337295e+00,2.10953132e+00,5.17522414e-02,2.36918204e-01,-1.21888861e-03,-7.22275154e-02,-1.14700830e-03,-7.23209919e-02,-1.14479651e-03
light,3.7920,-7.06985564e+01,-2.16473657e+00,2.13562363e+00,5.26881728e-02,2.36303990e-01,-1.23957911e-03,-7.28059126e-02,-1.16817869e-03,-7.28982916e-02,-1.16599906e-03
light,3.7970,-7.17907300e+01,-2.20723627e+00,2.16218965e+00,5.36496660e-02,2.35679301e-01,-1.26084846e-03,-7.33950239e-02,-1.18992317e-03,-7.34863214e-02,-1.18777515e-03
light,3.8020,-7.29044177e+01,-2.25091375e+00,2.18924236e+00,5.46376593e-02,2.35043842e-01,-1.28271772e-03,-7.39951409e-02,-1.21226286e-03,-7.40853725e-02,-1.21014589e-03
light,3.8070,-7.40402178e+01,-2.29581264e+00,2.21679522e+00,5.56531345e-02,2.34397309e-01,-1.30520892e-03,-7.46065660e-02,-1.23521988e-03,-7.46957472e-02,-1.23313342e-03
light,3.8120,-7.51987510e+01,-2.34197863e+00,2.24486221e+00,5.66971191e-02,2.33739386e-01,-1.32834515e-03,-7.52296130e-02,-1.25881735e-03,-7.53177588e-02,-1.25676087e-03
light,3.8170,-7.63806613e+01,-2.38945952e+00,2.27345780e+00,5.77706893e-02,2.33069745e-01,-1.35215056e-03,-7.58646074e-02,-1.28307950e-03,-7.59517327e-02,-1.28105248e-03
light,3.8220,-7.75866169e+01,-2.43830545e+00,2.30259704e+00,5.88749725e-02,2.32388047e-01,-1.37665047e-03,-7.65118869e-02,-1.30803171e-03,-7.65980063e-02,-1.30603364e-03
light,3.8270,-7.88173117e+01,-2.48856891e+00,2.33229554e+00,6.00111505e-02,2.31693937e-01,-1.40187143e-03,-7.71718024e-02,-1.33370058e-03,-7.72569302e-02,-1.33173095e-03
light,3.8320,-8.00734664e+01,-2.54030499e+00,2.36256951e+00,6.11804622e-02,2.30987049e-01,-1.42784127e-03,-7.78447182e-02,-1.36011400e-03,-7.79288685e-02,-1.35817234e-03
light,3.8370,-8.13558299e+01,-2.59357145e+00,2.39343579e+00,6.23842075e-02,2.30267004e-01,-1.45458919e-03,-7.85310129e-02,-1.38730122e-03,-7.86141996e-02,-1.38538705e-03
light,3.8420,-8.26651803e+01,-2.64842892e+00,2.42491192e+00,6.36237507e-02,2.29533404e-01,-1.48214583e-03,-7.92310801e-02,-1.41529297e-03,-7.93133168e-02,-1.41340580e-03
light,3.8470,-8.40023268e+01,-2.70494108e+00,2.45701608e+00,6.49005243e-02,2.28785840e-01,-1.51054340e-03,-7.99453289e-02,-1.44412146e-03,-8.00266290e-02,-1.44226086e-03
light,3.8520,-8.53681112e+01,-2.76317480e+00,2.48976721e+00,6.62160330e-02,2.28023882e-01,-1.53981570e-03,-8.06741850e-02,-1.47382059e-03,-8.07545616e-02,-1.47198609e-03
light,3.8570,-8.67634094e+01,-2.82320039e+00,2.52318503e+00,6.75718587e-02,2.27247087e-01,-1.56999828e-03,-8.14180914e-02,-1.50442595e-03,-8.14975574e-02,-1.50261711e-03
light,3.8620,-8.81891331e+01,-2.88509176e+00,2.55729005e+00,6.89696647e-02,2.26454991e-01,-1.60112852e-03,-8.21775091e-02,-1.53597497e-03,-8.22560774e-02,-1.53419136e-03
light,3.8670,-8.96462317e+01,-2.94892670e+00,2.59210364e+00,7.04112008e-02,2.25647111e-01,-1.63324576e-03,-8.29529185e-02,-1.56850704e-03,-8.30306014e-02,-1.56674824e-03
light,3.8720,-9.11356947e+01,-3.01478708e+00,2.62764804e+00,7.18983093e-02,2.24822946e-01,-1.66639141e-03,-8.37448198e-02,-1.60206361e-03,-8.38216298e-02,-1.60032920e-03
light,3.8770,-9.26585530e+01,-3.08275912e+00,2.66394647e+00,7.34329303e-02,2.23981971e-01,-1.70060907e-03,-8.45537348e-02,-1.63668836e-03,-8.46296838e-02,-1.63497793e-03
light,3.8820,-9.42158819e+01,-3.15293370e+00,2.70102310e+00,7.50171082e-02,2.23123642e-01,-1.73594472e-03,-8.53802071e-02,-1.67242729e-03,-8.54553071e-02,-1.67074045e-03
light,3.8870,-9.58088028e+01,-3.22540662e+00,2.73890319e+00,7.66529990e-02,2.22247389e-01,-1.77244681e-03,-8.62248043e-02,-1.70932891e-03,-8.62990670e-02,-1.70766527e-03
light,3.8920,-9.74384865e+01,-3.30027896e+00,2.77761306e+00,7.83428767e-02,2.21352617e-01,-1.81016649e-03,-8.70881185e-02,-1.74744442e-03,-8.71615553e-02,-1.74580358e-03
light,3.8970,-9.91061552e+01,-3.37765742e+00,2.81718021e+00,8.00891420e-02,2.20438707e-01,-1.84915773e-03,-8.79707681e-02,-1.78682782e-03,-8.80433903e-02,-1.78520942e-03
light,3.9020,-1.00813086e+02,-3.45765469e+00,2.85763339e+00,8.18943305e-02,2.19505011e-01,-1.88947753e-03,-8.88733990e-02,-1.82753618e-03,-8.89452178e-02,-1.82593985e-03
light,3.9070,-1.02560612e+02,-3.54038986e+00,2.89900260e+00,8.37611219e-02,2.18550852e-01,-1.93118617e-03,-8.97966865e-02,-1.86962981e-03,-8.98677128e-02,-1.86805518e-03
light,3.9120,-1.04350131e+02,-3.62598889e+00,2.94131925e+00,8.56923500e-02,2.17575521e-01,-1.97434736e-03,-9.07413365e-02,-1.91317247e-03,-9.08115811e-02,-1.91161919e-03
light,3.9170,-1.06183101e+02,-3.71458504e+00,2.98461619e+00,8.76910134e-02,2.16578279e-01,-2.01902855e-03,-9.17080878e-02,-1.95823165e-03,-9.17775613e-02,-1.95669936e-03
light,3.9220,-1.08061051e+02,-3.80631943e+00,3.02892780e+00,8.97602872e-02,2.15558351e-01,-2.06530113e-03,-9.26977135e-02,-2.00487878e-03,-9.27664262e-02,-2.00336716e-03
light,3.9270,-1.09985580e+02,-3.90134158e+00,3.07429008e+00,9.19035357e-02,2.14514925e-01,-2.11324076e-03,-9.37110235e-02,-2.05318958e-03,-9.37789857e-02,-2.05169828e-03
light,3.9320,-1.11958367e+02,-3.99981003e+00,3.12074077e+00,9.41243256e-02,2.13447151e-01,-2.16292768e-03,-9.47488662e-02,-2.10324431e-03,-9.48160880e-02,-2.10177301e-03
light,3.9370,-1.13981169e+02,-4.10189296e+00,3.16831942e+00,9.64264417e-02,2.12354138e-01,-2.21444700e-03,-9.58121314e-02,-2.15512813e-03,-9.58786227e-02,-2.15367650e-03
light,3.9420,-1.16055829e+02,-4.20776898e+00,3.21706752e+00,9.88139021e-02,2.11234950e-01,-2.26788909e-03,-9.69017522e-02,-2.20893145e-03,-9.69675228e-02,-2.20749918e-03
light,3.9470,-1.18184285e+02,-4.31762784e+00,3.26702864e+00,1.01290976e-01,2.10088607e-01,-2.32335000e-03,-9.80187084e-02,-2.26475036e-03,-9.80837678e-02,-2.26333714e-03
light,3.9520,-1.20368569e+02,-4.43167130e+00,3.31824851e+00,1.03862204e-01,2.08914078e-01,-2.38093184e-03,-9.91640288e-02,-2.32268701e-03,-9.92283865e-02,-2.32129253e-03
light,3.9570,-1.22610817e+02,-4.55011407e+00,3.37077521e+00,1.06532417e-01,2.07710280e-01,-2.44074326e-03,-1.00338795e-01,-2.38285009e-03,-1.00402460e-01,-2.38147406e-03
light,3.9620,-1.24913277e+02,-4.67318482e+00,3.42465929e+00,1.09306758e-01,2.06476074e-01,-2.50290001e-03,-1.01544143e-01,-2.44535538e-03,-1.01607125e-01,-2.44399750e-03
light,3.9670,-1.27278311e+02,-4.80112724e+00,3.47995392e+00,1.12190713e-01,2.05210264e-01,-2.56752542e-03,-1.02781270e-01,-2.51032625e-03,-1.02843577e-01,-2.50898624e-03
light,3.9720,-1.29708409e+02,-4.93420130e+00,3.53671511e+00,1.15190129e-01,2.03911587e-01,-2.63475108e-03,-1.04051435e-01,-2.57789433e-03,-1.04113077e-01,-2.57657190e-03
light,3.9770,-1.32206193e+02,-5.07268452e+00,3.59500185e+00,1.18311252e-01,2.02578715e-01,-2.70471744e-03,-1.05355965e-01,-2.64820011e-03,-1.05416951e-01,-2.64689500e-03
light,3.9820,-1.34774427e+02,-5.21687345e+00,3.65487636e+00,1.21560753e-01,2.01210247e-01,-2.77757461e-03,-1.06696261e-01,-2.72139373e-03,-1.06756598e-01,-2.72010565e-03
light,3.9870,-1.37416029e+02,-5.36708522e+00,3.71640427e+00,1.24945767e-01,1.99804705e-01,-2.85348312e-03,-1.08073797e-01,-2.79763576e-03,-1.08133495e-01,-2.79636444e-03
light,3.9920,-1.40134078e+02,-5.52365932e+00,3.77965486e+00,1.28473935e-01,1.98360530e-01,-2.93261479e-03,-1.09490134e-01,-2.87709805e-03,-1.09549200e-01,-2.87584324e-03
light,3.9970,-1.42931829e+02,-5.68695949e+00,3.84470136e+00,1.32153439e-01,1.96876072e-01,-3.01515375e-03,-1.10946917e-01,-2.95996476e-03,-1.11005361e-01,-2.95872620e-03
light,4.0020,-1.45812722e+02,-5.85737583e+00,3.91162120e+00,1.35993056e-01,1.95349589e-01,-3.10129746e-03,-1.12445889e-01,-3.04643338e-03,-1.12503718e-01,-3.04521083e-03
light,4.0070,-1.48780399e+02,-6.03532712e+00,3.98049629e+00,1.40002210e-01,1.93779235e-01,-3.19125790e-03,-1.13988893e-01,-3.13671594e-03,-1.14046115e-01,-3.13550914e-03
light,4.0120,-1.51838717e+02,-6.22126342e+00,4.05141344e+00,1.44191027e-01,1.92163058e-01,-3.28526288e-03,-1.15577882e-01,-3.23104028e-03,-1.15634503e-01,-3.22984899e-03
light,4.0170,-1.54991764e+02,-6.41566888e+00,4.12446461e+00,1.48570400e-01,1.90498986e-01,-3.38355749e-03,-1.17214923e-01,-3.32965151e-03,-1.17270954e-01,-3.32847548e-03
light,4.0220,-1.58243877e+02,-6.61906490e+00,4.19974740e+00,1.53152060e-01,1.88784822e-01,-3.48640565e-03,-1.18902214e-01,-3.43281358e-03,-1.18957660e-01,-3.43165260e-03
light,4.0270,-1.61599663e+02,-6.83201360e+00,4.27736544e+00,1.57948656e-01,1.87018235e-01,-3.59409192e-03,-1.20642085e-01,-3.54081110e-03,-1.20696954e-01,-3.53966492e-03
light,4.0320,-1.65064015e+02,-7.05512176e+00,4.35742885e+00,1.62973840e-01,1.85196745e-01,-3.70692345e-03,-1.22437014e-01,-3.65395124e-03,-1.22491314e-01,-3.65281963e-03
light,4.0370,-1.68642141e+02,-7.28904504e+00,4.44005481e+00,1.68242363e-01,1.83317715e-01,-3.82523216e-03,-1.24289636e-01,-3.77256593e-03,-1.24343374e-01,-3.77144869e-03
light,4.0420,-1.72339587e+02,-7.53449289e+00,4.52536806e+00,1.73770190e-01,1.81378336e-01,-3.94937716e-03,-1.26202760e-01,-3.89701435e-03,-1.26255943e-01,-3.89591124e-03
light,4.0470,-1.76162262e+02,-7.79223386e+00,4.61350161e+00,1.79574612e-01,1.79375616e-01,-4.07974752e-03,-1.28179375e-01,-4.02768557e-03,-1.28232010e-01,-4.02659639e-03
light,4.0520,-1.80116472e+02,-8.06310162e+00,4.70459733e+00,1.85674386e-01,1.77306361e-01,-4.21676527e-03,-1.30222676e-01,-4.16500166e-03,-1.30274770e-01,-4.16392619e-03
light,4.0570,-1.84208954e+02,-8.34800171e+00,4.79880680e+00,1.92089889e-01,1.75167160e-01,-4.36088881e-03,-1.32336071e-01,-4.30942104e-03,-1.32387630e-01,-4.30835908e-03
light,4.0620,-1.88446912e+02,-8.64791910e+00,4.89629208e+00,1.98843280e-01,1.72954365e-01,-4.51261675e-03,-1.34523207e-01,-4.46144236e-03,-1.34574239e-01,-4.46039371e-03
light,4.0670,-1.92838056e+02,-8.96392667e+00,4.99722667e+00,2.05958700e-01,1.70664072e-01,-4.67249222e-03,-1.36787987e-01,-4.62160878e-03,-1.36838498e-01,-4.62057323e-03
light,4.0720,-1.97390650e+02,-9.29719482e+00,5.10179653e+00,2.13462483e-01,1.68292095e-01,-4.84110772e-03,-1.39134595e-01,-4.79051281e-03,-1.39184593e-01,-4.78949017e-03
light,4.0770,-2.02113564e+02,-9.64900228e+00,5.21020121e+00,2.21383401e-01,1.65833945e-01,-5.01911059e-03,-1.41567522e-01,-4.96880182e-03,-1.41617011e-01,-4.96779190e-03
light,4.0820,-2.07016327e+02,-1.00207484e+01,5.32265511e+00,2.29752939e-01,1.63284796e-01,-5.20720920e-03,-1.44091589e-01,-5.15718422e-03,-1.44140577e-01,-5.15618683e-03
light,4.0870,-2.12109190e+02,-1.04139669e+01,5.43938890e+00,2.38605606e-01,1.60639456e-01,-5.40618005e-03,-1.46711988e-01,-5.35643652e-03,-1.46760480e-01,-5.35545148e-03
light,4.0920,-2.17403198e+02,-1.08303421e+01,5.56065106e+00,2.47979297e-01,1.57892335e-01,-5.61687569e-03,-1.49434309e-01,-5.56741131e-03,-1.49482312e-01,-5.56643843e-03
light,4.0970,-2.22910265e+02,-1.12717263e+01,5.68670969e+00,2.57915691e-01,1.55037399e-01,-5.84023390e-03,-1.52264584e-01,-5.79104639e-03,-1.52312103e-01,-5.79008549e-03
light,4.1020,-2.28643265e+02,-1.17401608e+01,5.81785441e+00,2.68460718e-01,1.52068131e-01,-6.07728810e-03,-1.55209329e-01,-6.02837521e-03,-1.55256370e-01,-6.02742611e-03
light,4.1070,-2.34616124e+02,-1.22378996e+01,5.95439862e+00,2.79665090e-01,1.48977478e-01,-6.32917927e-03,-1.58275594e-01,-6.28053876e-03,-1.58322165e-01,-6.27960130e-03
light,4.1120,-2.40843938e+02,-1.27674359e+01,6.09668192e+00,2.91584908e-01,1.45757799e-01,-6.59716968e-03,-1.61471022e-01,-6.54879935e-03,-1.61517127e-01,-6.54787335e-03
light,4.1170,-2.47343092e+02,-1.33315341e+01,6.24507300e+00,3.04282367e-01,1.42400797e-01,-6.88265869e-03,-1.64803908e-01,-6.83455635e-03,-1.64849552e-01,-6.83364164e-03
light,4.1220,-2.54131402e+02,-1.39332651e+01,6.39997271e+00,3.17826564e-01,1.38897453e-01,-7.18720097e-03,-1.68283269e-01,-7.13936446e-03,-1.68328459e-01,-7.13846089e-03
light,4.1270,-2.61228274e+02,-1.45760485e+01,6.56181770e+00,3.32294441e-01,1.35237940e-01,-7.51252768e-03,-1.71918931e-01,-7.46495487e-03,-1.71963672e-01,-7.46406227e-03
light,4.1320,-2.68654888e+02,-1.52637011e+01,6.73108448e+00,3.47771874e-01,1.31411537e-01,-7.86057102e-03,-1.75721614e-01,-7.81325981e-03,-1.75765912e-01,-7.81237801e-03
light,4.1370,-2.76434399e+02,-1.60004933e+01,6.90829410e+00,3.64354949e-01,1.27406519e-01,-8.23349293e-03,-1.79703043e-01,-8.18644121e-03,-1.79746902e-01,-8.18557007e-03
light,4.1420,-2.84592178e+02,-1.67912157e+01,7.09401738e+00,3.82151453e-01,1.23210042e-01,-8.63371857e-03,-1.83876060e-01,-8.58692428e-03,-1.83919486e-01,-8.58606364e-03
light,4.1470,-2.93156082e+02,-1.76412565e+01,7.28888107e+00,4.01282622e-01,1.18808003e-01,-9.06397575e-03,-1.88254767e-01,-9.01743685e-03,-1.88297766e-01,-9.01658656e-03
light,4.1520,-3.02156760e+02,-1.85566937e+01,7.49357481e+00,4.21885209e-01,1.14184885e-01,-9.52734138e-03,-1.92854680e-01,-9.48105585e-03,-1.92897257e-01,-9.48021576e-03
light,4.1570,-3.11628017e+02,-1.95444032e+01,7.70885921e+00,4.44113923e-01,1.09323573e-01,-1.00272964e-02,-1.97692914e-01,-9.98126223e-03,-1.97735073e-01,-9.98043220e-03
light,4.1620,-3.21607227e+02,-2.06121882e+01,7.93557518e+00,4.68144333e-01,1.04205145e-01,-1.05677911e-02,-2.02788388e-01,-1.05220063e-02,-2.02830135e-01,-1.05211862e-02
light,4.1670,-3.32135816e+02,-2.17689327e+01,8.17465479e+00,4.94176335e-01,9.88086301e-02,-1.11533232e-02,-2.08162074e-01,-1.11077858e-02,-2.08203413e-01,-1.11069754e-02
light,4.1720,-3.43259823e+02,-2.30247868e+01,8.42713394e+00,5.22438304e-01,9.31107192e-02,-1.17890309e-02,-2.13837279e-01,-1.17437390e-02,-2.13878216e-01,-1.17429383e-02
light,4.1770,-3.55030560e+02,-2.43913889e+01,8.69416712e+00,5.53192101e-01,8.70854353e-02,-1.24808063e-02,-2.19839979e-01,-1.24357580e-02,-2.19880518e-01,-1.24349668e-02
light,4.1820,-3.67505384e+02,-2.58821348e+01,8.97704489e+00,5.86739133e-01,8.07037404e-02,-1.32354310e-02,-2.26199212e-01,-1.31906243e-02,-2.26239357e-01,-1.31898424e-02
light,4.1870,-3.80748612e+02,-2.75125062e+01,9.27721440e+00,6.23427740e-01,7.39330729e-02,-1.40607425e-02,-2.32947537e-01,-1.40161756e-02,-2.32987294e-01,-1.40154029e-02
light,4.1920,-3.94832607e+02,-2.93004720e+01,9.59630376e+00,6.63662220e-01,6.67367993e-02,-1.49658375e-02,-2.40121588e-01,-1.49215086e-02,-2.40160961e-01,-1.49207451e-02
light,4.1970,-4.09839064e+02,-3.12669830e+01,9.93615117e+00,7.07913968e-01,5.90735595e-02,-1.59613226e-02,-2.47762724e-01,-1.59172297e-02,-2.47801717e-01,-1.59164751e-02
light,4.2020,-4.25860566e+02,-3.34365852e+01,1.02988397e+01,7.56735268e-01,5.08964841e-02,-1.70596239e-02,-2.55917813e-01,-1.70157653e-02,-2.55956431e-01,-1.70150196e-02
light,4.2070,-4.43002440e+02,-3.58381848e+01,1.06867392e+01,8.10776509e-01,4.21522495e-02,-1.82753753e-02,-2.64640177e-01,-1.82317492e-02,-2.64678425e-01,-1.82310122e-02
light,4.2120,-4.61385023e+02,-3.85060101e+01,1.11025573e+01,8.70807827e-01,3.27799352e-02,-1.96259048e-02,-2.73990737e-01,-1.95825093e-02,-2.74028619e-01,-1.95817809e-02
light,4.2170,-4.81146410e+02,-4.14808294e+01,1.15494011e+01,9.37746512e-01,2.27096292e-02,-2.11318514e-02,-2.84039404e-01,-2.10886849e-02,-2.84076924e-01,-2.10879650e-02
light,4.2220,-5.02445837e+02,-4.48115072e+01,1.20308535e+01,1.01269201e+00,1.18607178e-02,-2.28179527e-02,-2.94866790e-01,-2.27750133e-02,-2.94903952e-01,-2.27743018e-02
light,4.2270,-5.25467853e+02,-4.85570074e+01,1.25510667e+01,1.09697102e+00,1.39773210e-04,-2.47140591e-02,-3.06566323e-01,-2.46713452e-02,-3.06603131e-01,-2.46706419e-02
light,4.2320,-5.50427510e+02,-5.27889995e+01,1.31148795e+01,1.19219609e+00,-1.25620763e-02,-2.68564535e-02,-3.19246873e-01,-2.68139633e-02,-3.19283331e-01,-2.68132681e-02
light,4.2370,-5.77576882e+02,-5.75952817e+01,1.37279635e+01,1.30034269e+00,-2.63724436e-02,-2.92895834e-02,-3.33036051e-01,-2.92473153e-02,-3.33072165e-01,-2.92466281e-02
light,4.2420,-6.07213301e+02,-6.30843263e+01,1.43970086e+01,1.42385144e+00,-4.14418536e-02,-3.20683631e-02,-3.48084384e-01,-3.20263153e-02,-3.48120155e-01,-3.20256361e-02
light,4.2470,-6.39689868e+02,-6.93913879e+01,1.51299598e+01,1.56576558e+00,-5.79490644e-02,-3.52612652e-02,-3.64570626e-01,-3.52194361e-02,-3.64606061e-01,-3.52187647e-02
light,4.2520,-6.75428995e+02,-7.66868172e+01,1.59363211e+01,1.72991799e+00,-7.61079226e-02,-3.89545297e-02,-3.82708625e-01,-3.89129176e-02,-3.82743726e-01,-3.89122539e-02
light,4.2570,-7.14940026e+02,-8.51875344e+01,1.68275529e+01,1.92118937e+00,-9.61762838e-02,-4.32579724e-02,-4.02756236e-01,-4.32165758e-02,-4.02791006e-01,-4.32159197e-02
light,4.2620,-7.58842412e+02,-9.51731083e+01,1.78175928e+01,2.14587004e+00,-1.18467746e-01,-4.83131251e-02,-4.25027055e-01,-4.82719423e-02,-4.25061499e-01,-4.82712937e-02
light,4.2670,-8.07896557e+02,-1.07008666e+02,1.89235500e+01,2.41217533e+00,-1.43367265e-01,-5.43048332e-02,-4.49906036e-01,-5.42638626e-02,-4.49940158e-01,-5.42632214e-02
light,4.2720,-8.63045356e+02,-1.21178140e+02,2.01666394e+01,2.73099376e+00,-1.71352181e-01,-6.14780880e-02,-4.77870521e-01,-6.14373280e-02,-4.77904324e-01,-6.14366941e-02
light,4.2770,-9.25470854e+02,-1.38333513e+02,2.15734572e+01,3.11699489e+00,-2.03020906e-01,-7.01629548e-02,-5.09518919e-01,-7.01224039e-02,-5.09552407e-01,-7.01217772e-02
light,4.2820,-9.96672558e+02,-1.59369398e+02,2.31777423e+01,3.59030755e+00,-2.39132565e-01,-8.08123322e-02,-5.45610356e-01,-8.07719889e-02,-5.45643532e-01,-8.07713692e-02
light,4.2870,-1.07857707e+03,-1.85538886e+02,2.50228431e+01,4.17912628e+00,-2.80662500e-01,-9.40605976e-02,-5.87120171e-01,-9.40204602e-02,-5.87153040e-01,-9.40198475e-02
light,4.2920,-1.17369340e+03,-2.18638588e+02,2.71652127e+01,4.92387483e+00,-3.28880903e-01,-1.10817285e-01,-6.35318557e-01,-1.10777352e-01,-6.35351121e-01,-1.10776746e-01
light,4.2970,-1.28533510e+03,-2.61313671e+02,2.96794054e+01,5.88406946e+00,-3.85465251e-01,-1.32421510e-01,-6.91882991e-01,-1.32381780e-01,-6.91915254e-01,-1.32381181e-01
light,4.3020,-1.41793846e+03,-3.17578864e+02,3.26652384e+01,7.15004154e+00,-4.52661428e-01,-1.60905729e-01,-7.59059355e-01,-1.60866201e-01,-7.59091320e-01,-1.60865608e-01
light,4.3070,-1.57751227e+03,-3.93744571e+02,3.62579088e+01,8.86377519e+00,-5.33511370e-01,-1.99464584e-01,-8.39889584e-01,-1.99425256e-01,-8.39921255e-01,-1.99424670e-01
light,4.3120,-1.77223776e+03,-5.00138274e+02,4.06414950e+01,1.12576388e+01,-6.32156842e-01,-2.53326364e-01,-9.38515442e-01,-2.53287234e-01,-9.38546821e-01,-2.53286655e-01
light,4.3170,-2.01311952e+03,-6.54464517e+02,4.60635996e+01,1.47299845e+01,-7.54168903e-01,-3.31453993e-01,-1.06050799e+00,-3.31415061e-01,-1.06053908e+00,-3.31414488e-01
light,4.3220,-2.31404541e+03,-8.88702182e+02,5.28366998e+01,2.00003372e+01,-9.06578293e-01,-4.50036781e-01,-1.21289796e+00,-4.49998044e-01,-1.21292877e+00,-4.49997478e-01
light,4.3270,-2.68832482e+03,-1.26386852e+03,6.12602570e+01,2.84415851e+01,-1.09612289e+00,-6.39964712e-01,-1.40242324e+00,-6.39926170e-01,-1.40245376e+00,-6.39925610e-01
light,4.3320,-3.12910466e+03,-1.90152505e+03,7.11800764e+01,4.27888621e+01,-1.31933331e+00,-9.62778299e-01,-1.62561444e+00,-9.62739949e-01,-1.62564469e+00,-9.62739395e-01
light,4.3370,-3.52141164e+03,-3.03739047e+03,8.00092590e+01,6.83458395e+01,-1.51800433e+00,-1.53781014e+00,-1.82426634e+00,-1.53777199e+00,-1.82429631e+00,-1.53777144e+00
light,4.3420,-3.32160809e+03,-4.96984511e+03,7.55159574e+01,1.11826074e+02,-1.41691939e+00,-2.51611528e+00,-1.72316236e+00,-2.51607731e+00,-1.72319206e+00,-2.51607677e+00
light,4.3470,-1.21641764e+03,-7.05053330e+03,2.81514531e+01,1.58641564e+02,-3.51232311e-01,-3.56946365e+00,-6.57456346e-01,-3.56942587e+00,-6.57485777e-01,-3.56942534e+00
light,4.3520,2.17204010e+03,-6.61883293e+03,-4.80865625e+01,1.48928311e+02,1.36410884e+00,-3.35091531e+00,1.05790365e+00,-3.35087772e+00,1.05787449e+00,-3.35087719e+00
light,4.3570,3.64139469e+03,-4.36744697e+03,-8.11447548e+01,9.82721316e+01,2.10790404e+00,-2.21115115e+00,1.80171760e+00,-2.21111374e+00,1.80168870e+00,-2.21111322e+00
light,4.3620,3.58016265e+03,-2.66320033e+03,-7.97647451e+01,5.99265876e+01,2.07683977e+00,-1.34837627e+00,1.77067198e+00,-1.34833904e+00,1.77064334e+00,-1.34833853e+00
light,4.3670,3.14877072e+03,-1.69301861e+03,-7.00561353e+01,3.80975041e+01,1.85838206e+00,-8.57221749e-01,1.55223283e+00,-8.57184711e-01,1.55220445e+00,-8.57184199e-01
light,4.3720,2.72205206e+03,-1.14350508e+03,-6.04526713e+01,2.57334549e+01,1.64229020e+00,-5.79030504e-01,1.33615945e+00,-5.78993648e-01,1.33613132e+00,-5.78993142e-01
light,4.3770,2.36839694e+03,-8.14967518e+02,-5.24931347e+01,1.83413650e+01,1.46318678e+00,-4.12708344e-01,1.15707441e+00,-4.12671669e-01,1.15704653e+00,-4.12671168e-01
light,4.3820,2.08513098e+03,-6.06682829e+02,-4.61173513e+01,1.36549648e+01,1.31971787e+00,-3.07264203e-01,1.01362379e+00,-3.07227707e-01,1.01359616e+00,-3.07227211e-01
light,4.3870,1.85795493e+03,-4.67653278e+02,-4.10035884e+01,1.05268051e+01,1.20464449e+00,-2.36880475e-01,8.98568614e-01,-2.36844158e-01,8.98541234e-01,-2.36843667e-01
light,4.3920,1.67366303e+03,-3.70758700e+02,-3.68547162e+01,8.34668234e+00,1.11128122e+00,-1.87827579e-01,8.05223457e-01,-1.87791439e-01,8.05196321e-01,-1.87790954e-01
light,4.3970,1.52206491e+03,-3.00764133e+02,-3.34414511e+01,6.77180985e+00,1.03446918e+00,-1.52392815e-01,7.28429440e-01,-1.52356851e-01,7.28402546e-01,-1.52356370e-01
light,4.4020,1.39563126e+03,-2.48665301e+02,-3.05943843e+01,5.59959138e+00,9.70396661e-01,-1.26017767e-01,6.64374861e-01,-1.25981977e-01,6.64348205e-01,-1.25981502e-01
light,4.4070,1.28883019e+03,-2.08896912e+02,-2.81890479e+01,4.70480788e+00,9.16263145e-01,-1.05885007e-01,6.10259196e-01,-1.05849391e-01,6.10232776e-01,-1.05848921e-01
light,4.4120,1.19756624e+03,-1.77882947e+02,-2.61332940e+01,4.00699891e+00,8.69995300e-01,-9.01841748e-02,5.64009115e-01,-9.01487305e-02,5.63982929e-01,-9.01482657e-02
light,4.4170,1.11876946e+03,-1.53246900e+02,-2.43580488e+01,3.45269310e+00,8.30038967e-01,-7.77121646e-02,5.24070461e-01,-7.76768913e-02,5.24044506e-01,-7.76764315e-02
light,4.4220,1.05010647e+03,-1.33362474e+02,-2.28108114e+01,3.00529876e+00,7.95212872e-01,-6.76456635e-02,4.89261959e-01,-6.76105600e-02,4.89236233e-01,-6.76101051e-02
light,4.4270,9.89778882e+02,-1.17087879e+02,-2.14511178e+01,2.63912564e+00,7.64606579e-01,-5.94066405e-02,4.58673175e-01,-5.93717056e-02,4.58647675e-01,-5.93712555e-02
light,4.4320,9.36382046e+02,-1.03603221e+02,-2.02473635e+01,2.33572606e+00,7.37508983e-01,-5.25800234e-02,4.31593004e-01,-5.25452559e-02,4.31567727e-01,-5.25448106e-02
light,4.4370,8.88805050e+02,-9.23078878e+01,-1.91745530e+01,2.08158632e+00,7.13357685e-01,-4.68617533e-02,4.07459047e-01,-4.68271521e-02,4.07433992e-01,-4.68267116e-02
light,4.4420,8.46159047e+02,-8.27540265e+01,-1.82126872e+01,1.86662970e+00,6.91702706e-01,-4.20251042e-02,3.85821326e-01,-4.19906681e-02,3.85796490e-01,-4.19902323e-02
light,4.4470,8.07725210e+02,-7.46023377e+01,-1.73455925e+01,1.68322195e+00,6.72180139e-01,-3.78983057e-02,3.66315936e-01,-3.78640336e-02,3.66291316e-01,-3.78636023e-02
light,4.4520,7.72916442e+02,-6.75920620e+01,-1.65600592e+01,1.52549599e+00,6.54492765e-01,-3.43493484e-02,3.48645657e-01,-3.43152393e-02,3.48621252e-01,-3.43148125e-02
light,4.4570,7.41248852e+02,-6.15201922e+01,-1.58451998e+01,1.38888418e+00,6.38395616e-01,-3.12754600e-02,3.32565521e-01,-3.12415127e-02,3.32541328e-01,-3.12410904e-02
light,4.4620,7.12320256e+02,-5.62268159e+01,-1.51919652e+01,1.26978846e+00,6.23685085e-01,-2.85956848e-02,3.17871922e-01,-2.85618981e-02,3.17847939e-01,-2.85614803e-02
light,4.4670,6.85793779e+02,-5.15846110e+01,-1.45927756e+01,1.16534410e+00,6.10190627e-01,-2.62455658e-02,3.04394317e-01,-2.62119388e-02,3.04370542e-01,-2.62115254e-02
light,4.4720,6.61385217e+02,-4.74912051e+01,-1.40412365e+01,1.07324771e+00,5.97768366e-01,-2.41732772e-02,2.91988829e-01,-2.41398087e-02,2.91965260e-01,-2.41393996e-02
light,4.4770,6.38853209e+02,-4.38635423e+01,-1.35319172e+01,9.91630551e-01,5.86296110e-01,-2.23367719e-02,2.80533267e-01,-2.23034608e-02,2.80509901e-01,-2.23030560e-02
light,4.4820,6.17991503e+02,-4.06336765e+01,-1.30601771e+01,9.18963821e-01,5.75669445e-01,-2.07016521e-02,2.69923218e-01,-2.06684975e-02,2.69900054e-01,-2.06680969e-02
light,4.4870,5.98622841e+02,-3.77455947e+01,-1.26220278e+01,8.53987230e-01,5.65798634e-01,-1.92395613e-02,2.60068944e-01,-1.92065619e-02,2.60045979e-01,-1.92061655e-02
light,4.4920,5.80594060e+02,-3.51527912e+01,-1.22140232e+01,7.95654402e-01,5.56606136e-01,-1.79269559e-02,2.50892908e-01,-1.78941109e-02,2.50870139e-01,-1.78937186e-02
light,4.4970,5.63772155e+02,-3.28163982e+01,-1.18331708e+01,7.43090809e-01,5.48024619e-01,-1.67441591e-02,2.42327774e-01,-1.67114673e-02,2.42305201e-01,-1.67110791e-02
light,4.5020,5.48041084e+02,-3.07037300e+01,-1.14768594e+01,6.95561026e-01,5.39995336e-01,-1.56746238e-02,2.34314798e-01,-1.56420843e-02,2.34292418e-01,-1.56417000e-02
light,4.5070,5.33299161e+02,-2.87871416e+01,-1.11428013e+01,6.52443036e-01,5.32466807e-01,-1.47043546e-02,2.26802500e-01,-1.46719663e-02,2.26780311e-01,-1.46715861e-02
light,4.5120,5.19456907e+02,-2.70431244e+01,-1.08289831e+01,6.13207899e-01,5.25393733e-01,-1.38214504e-02,2.19745582e-01,-1.37892123e-02,2.19723582e-01,-1.37888360e-02
light,4.5170,5.06435283e+02,-2.54515863e+01,-1.05336264e+01,5.77403543e-01,5.18736101e-01,-1.30157395e-02,2.13104031e-01,-1.29836506e-02,2.13082218e-01,-1.29832782e-02
light,4.5220,4.94164214e+02,-2.39952735e+01,-1.02551547e+01,5.44641753e-01,5.12458434e-01,-1.22784871e-02,2.06842371e-01,-1.22465465e-02,2.06820743e-01,-1.22461778e-02
light,4.5270,4.82581357e+02,-2.26593026e+01,-9.99216502e+00,5.14587659e-01,5.06529172e-01,-1.16021585e-02,2.00929041e-01,-1.15703652e-02,2.00907597e-01,-1.15700003e-02
light,4.5320,4.71631069e+02,-2.14307812e+01,-9.74340555e+00,4.86951177e-01,5.00920144e-01,-1.09802271e-02,1.95335873e-01,-1.09485800e-02,1.95314610e-01,-1.09482189e-02
light,4.5370,4.61263531e+02,-2.02984966e+01,-9.50775532e+00,4.61480024e-01,4.95606129e-01,-1.04070162e-02,1.90037644e-01,-1.03755145e-02,1.90016561e-01,-1.03751570e-02
light,4.5420,4.51434006e+02,-1.92526603e+01,-9.28420778e+00,4.37953956e-01,4.90564479e-01,-9.87757047e-03,1.85011709e-01,-9.84621311e-03,1.84990803e-01,-9.84585933e-03
light,4.5470,4.42102215e+02,-1.82846961e+01,-9.07185660e+00,4.16180013e-01,4.85774802e-01,-9.38754828e-03,1.80237674e-01,-9.35633435e-03,1.80216945e-01,-9.35598417e-03
light,4.5520,4.33231789e+02,-1.73870651e+01,-8.86988353e+00,3.95988564e-01,4.81218687e-01,-8.93313293e-03,1.75697129e-01,-8.90206149e-03,1.75676574e-01,-8.90171487e-03
light,4.5570,4.24789812e+02,-1.65531181e+01,-8.67754795e+00,3.77230007e-01,4.76879468e-01,-8.51095835e-03,1.71373410e-01,-8.48002847e-03,1.71353027e-01,-8.47968536e-03
light,4.5620,4.16746421e+02,-1.57769731e+01,-8.49417792e+00,3.59771996e-01,4.72742028e-01,-8.11804673e-03,1.67251399e-01,-8.08725750e-03,1.67231187e-01,-8.08691786e-03
light,4.5670,4.09074460e+02,-1.50534114e+01,-8.31916242e+00,3.43497107e-01,4.68792618e-01,-7.75175609e-03,1.63317348e-01,-7.72110659e-03,1.63297305e-01,-7.72077038e-03
light,4.5720,4.01749178e+02,-1.43777898e+01,-8.15194460e+00,3.28300871e-01,4.65018708e-01,-7.40973580e-03,1.59558727e-01,-7.37922513e-03,1.59538851e-01,-7.37889230e-03
light,4.5770,3.94747975e+02,-1.37459662e+01,-7.99201592e+00,3.14090089e-01,4.61408856e-01,-7.08988893e-03,1.55964096e-01,-7.05951619e-03,1.55944385e-01,-7.05918671e-03
light,4.5820,3.88050170e+02,-1.31542361e+01,-7.83891106e+00,3.00781412e-01,4.57952592e-01,-6.79034009e-03,1.52522983e-01,-6.76010438e-03,1.52503437e-01,-6.75977822e-03
light,4.5870,3.81636800e+02,-1.25992784e+01,-7.69220338e+00,2.88300113e-01,4.54640316e-01,-6.50940794e-03,1.49225791e-01,-6.47930839e-03,1.49206407e-01,-6.47898549e-03
light,4.5920,3.75490451e+02,-1.20781086e+01,-7.55150104e+00,2.76579043e-01,4.51463212e-01,-6.24558159e-03,1.46063702e-01,-6.21561732e-03,1.46044478e-01,-6.21529766e-03
light,4.5970,3.69595099e+02,-1.15880389e+01,-7.41644351e+00,2.65557725e-01,4.48413167e-01,-5.99750031e-03,1.43028605e-01,-5.96767046e-03,1.43009540e-01,-5.96735399e-03
light,4.6020,3.63935976e+02,-1.11266433e+01,-7.28669849e+00,2.55181574e-01,4.45482704e-01,-5.76393597e-03,1.40113022e-01,-5.73423967e-03,1.40094115e-01,-5.73392635e-03
light,4.6070,3.58499447e+02,-1.06917278e+01,-7.16195923e+00,2.45401225e-01,4.42664921e-01,-5.54377781e-03,1.37310054e-01,-5.51421421e-03,1.37291303e-01,-5.51390402e-03
light,4.6120,3.53272908e+02,-1.02813041e+01,-7.04194213e+00,2.36171943e-01,4.39953436e-01,-5.33601930e-03,1.34613317e-01,-5.30658756e-03,1.34594720e-01,-5.30628045e-03
light,4.6170,3.48244688e+02,-9.89356719e+00,-6.92638456e+00,2.27453112e-01,4.37342341e-01,-5.13974657e-03,1.32016905e-01,-5.11044585e-03,1.31998460e-01,-5.11014178e-03
light,4.6220,3.43403963e+02,-9.52687501e+00,-6.81504300e+00,2.19207788e-01,4.34826155e-01,-4.95412839e-03,1.29515336e-01,-4.92495785e-03,1.29497043e-01,-4.92465680e-03
light,4.6270,3.38740682e+02,-9.17973150e+00,-6.70769131e+00,2.11402309e-01,4.32399790e-01,-4.77840734e-03,1.27103524e-01,-4.74936618e-03,1.27085381e-01,-4.74906809e-03
light,4.6320,3.34245500e+02,-8.85077114e+00,-6.60411925e+00,2.04005951e-01,4.30058516e-01,-4.61189214e-03,1.24776737e-01,-4.58297952e-03,1.24758742e-01,-4.58268438e-03
light,4.6370,3.29909718e+02,-8.53874554e+00,-6.50413102e+00,1.96990625e-01,4.27797926e-01,-4.45395078e-03,1.22530571e-01,-4.42516589e-03,1.22512723e-01,-4.42487366e-03
light,4.6420,3.25725223e+02,-8.24251161e+00,-6.40754416e+00,1.90330611e-01,4.25613915e-01,-4.30400456e-03,1.20360921e-01,-4.27534660e-03,1.20343218e-01,-4.27505724e-03
light,4.6470,3.21684447e+02,-7.96102104e+00,-6.31418834e+00,1.84002323e-01,4.23502651e-01,-4.16152277e-03,1.18263953e-01,-4.13299095e-03,1.18246394e-01,-4.13270443e-03
light,4.6520,3.17780316e+02,-7.69331108e+00,-6.22390440e+00,1.77984099e-01,4.21460551e-01,-4.02601802e-03,1.16236087e-01,-3.99761155e-03,1.16218671e-01,-3.99732783e-03
light,4.6570,3.14006214e+02,-7.43849628e+00,-6.13654348e+00,1.72256016e-01,4.19484266e-01,-3.89704203e-03,1.14273974e-01,-3.86876012e-03,1.14256699e-01,-3.86847918e-03
light,4.6620,3.10355943e+02,-7.19576113e+00,-6.05196615e+00,1.66799725e-01,4.17570660e-01,-3.77418197e-03,1.12374477e-01,-3.74602384e-03,1.12357341e-01,-3.74574564e-03
light,4.6670,3.06823695e+02,-6.96435360e+00,-5.97004172e+00,1.61598306e-01,4.15716789e-01,-3.65705709e-03,1.10534654e-01,-3.62902198e-03,1.10517657e-01,-3.62874648e-03
light,4.6720,3.03404019e+02,-6.74357922e+00,-5.89064753e+00,1.56636132e-01,4.13919896e-01,-3.54531583e-03,1.08751747e-01,-3.51740297e-03,1.08734887e-01,-3.51713015e-03
light,4.6770,3.00091795e+02,-6.53279597e+00,-5.81366836e+00,1.51898759e-01,4.12177387e-01,-3.43863315e-03,1.07023163e-01,-3.41084178e-03,1.07006439e-01,-3.41057161e-03
light,4.6820,2.96882207e+02,-6.33140951e+00,-5.73899590e+00,1.47372814e-01,4.10486824e-01,-3.33670817e-03,1.05346466e-01,-3.30903754e-03,1.05329876e-01,-3.30876999e-03
light,4.6870,2.93770725e+02,-6.13886905e+00,-5.66652818e+00,1.43045904e-01,4.08845913e-01,-3.23926205e-03,1.03719360e-01,-3.21171141e-03,1.03702903e-01,-3.21144645e-03
light,4.6920,2.90753079e+02,-5.95466357e+00,-5.59616917e+00,1.38906530e-01,4.07252494e-01,-3.14603607e-03,1.02139686e-01,-3.11860469e-03,1.02123361e-01,-3.11834228e-03
light,4.6970,2.87825247e+02,-5.77831840e+00,-5.52782834e+00,1.34944014e-01,4.05704528e-01,-3.05678993e-03,1.00605405e-01,-3.02947707e-03,1.00589211e-01,-3.02921719e-03
light,4.7020,2.84983431e+02,-5.60939218e+00,-5.46142023e+00,1.31148424e-01,4.04200094e-01,-2.97130019e-03,9.91145974e-02,-2.94410512e-03,9.90985324e-02,-2.94384774e-03
light,4.7070,2.82224044e+02,-5.44747410e+00,-5.39686418e+00,1.27510517e-01,4.02737375e-01,-2.88935887e-03,9.76654460e-02,-2.86228086e-03,9.76495091e-02,-2.86202596e-03
light,4.7120,2.79543698e+02,-5.29218137e+00,-5.33408391e+00,1.24021681e-01,4.01314655e-01,-2.81077217e-03,9.62562356e-02,-2.78381052e-03,9.62404255e-02,-2.78355806e-03
light,4.7170,2.76939187e+02,-5.14315700e+00,-5.27300729e+00,1.20673883e-01,3.99930311e-01,-2.73535938e-03,9.48853432e-02,-2.70851336e-03,9.48696587e-02,-2.70826332e-03
light,4.7220,2.74407476e+02,-5.00006770e+00,-5.21356605e+00,1.17459623e-01,3.98582807e-01,-2.66295174e-03,9.35512327e-02,-2.63622067e-03,9.35356726e-02,-2.63597302e-03
light,4.7270,2.71945690e+02,-4.86260205e+00,-5.15569550e+00,1.14371896e-01,3.97270686e-01,-2.59339161e-03,9.22524487e-02,-2.56677478e-03,9.22370118e-02,-2.56652949e-03
light,4.7320,2.69551104e+02,-4.73046878e+00,-5.09933433e+00,1.11404148e-01,3.95992570e-01,-2.52653153e-03,9.09876116e-02,-2.50002824e-03,9.09722968e-02,-2.49978528e-03
light,4.7370,2.67221132e+02,-4.60339523e+00,-5.04442436e+00,1.08550243e-01,3.94747148e-01,-2.46223344e-03,8.97554127e-02,-2.43584301e-03,8.97402188e-02,-2.43560237e-03
light,4.7420,2.64953321e+02,-4.48112594e+00,-4.99091037e+00,1.05804434e-01,3.93533178e-01,-2.40036804e-03,8.85546097e-02,-2.37408978e-03,8.85395355e-02,-2.37385142e-03
light,4.7470,2.62745339e+02,-4.36342137e+00,-4.93873990e+00,1.03161331e-01,3.92349480e-01,-2.34081404e-03,8.73840223e-02,-2.31464728e-03,8.73690667e-02,-2.31441118e-03
light,4.7520,2.60594970e+02,-4.25005674e+00,-4.88786311e+00,1.00615877e-01,3.91194931e-01,-2.28345764e-03,8.62425288e-02,-2.25740171e-03,8.62276906e-02,-2.25716784e-03
light,4.7570,2.58500105e+02,-4.14082092e+00,-4.83823254e+00,9.81633206e-02,3.90068465e-01,-2.22819196e-03,8.51290621e-02,-2.20224619e-03,8.51143403e-02,-2.20201453e-03
light,4.7620,2.56458740e+02,-4.03551544e+00,-4.78980308e+00,9.57991975e-02,3.88969064e-01,-2.17491651e-03,8.40426066e-02,-2.14908024e-03,8.40280001e-02,-2.14885077e-03
light,4.7670,2.54468963e+02,-3.93395366e+00,-4.74253173e+00,9.35193074e-02,3.87895762e-01,-2.12353681e-03,8.29821954e-02,-2.09780939e-03,8.29677030e-02,-2.09758207e-03
light,4.7720,2.52528953e+02,-3.83595985e+00,-4.69637754e+00,9.13196966e-02,3.86847638e-01,-2.07396389e-03,8.19469068e-02,-2.04834466e-03,8.19325276e-02,-2.04811948e-03
light,4.7770,2.50636977e+02,-3.74136848e+00,-4.65130145e+00,8.91966408e-02,3.85823811e-01,-2.02611395e-03,8.09358624e-02,-2.00060226e-03,8.09215952e-02,-2.00037920e-03
light,4.7820,2.48791377e+02,-3.65002351e+00,-4.60726621e+00,8.71466289e-02,3.84823444e-01,-1.97990798e-03,7.99482239e-02,-1.95450320e-03,7.99340677e-02,-1.95428222e-03
light,4.7870,2.46990573e+02,-3.56177773e+00,-4.56423627e+00,8.51663489e-02,3.83845736e-01,-1.93527146e-03,7.89831914e-02,-1.90997295e-03,7.89691452e-02,-1.90975404e-03
light,4.7920,2.45233056e+02,-3.47649220e+00,-4.52217765e+00,8.32526746e-02,3.82889923e-01,-1.89213404e-03,7.80400010e-02,-1.86694118e-03,7.80260637e-02,-1.86672431e-03
light,4.7970,2.43517385e+02,-3.39403567e+00,-4.48105793e+00,8.14026525e-02,3.81955275e-01,-1.85042928e-03,7.71179227e-02,-1.82534143e-03,7.71040933e-02,-1.82512659e-03
light,4.8020,2.41842179e+02,-3.31428407e+00,-4.44084608e+00,7.96134916e-02,3.81041094e-01,-1.81009436e-03,7.62162586e-02,-1.78511091e-03,7.62025361e-02,-1.78489806e-03
light,4.8070,2.40206122e+02,-3.23712008e+00,-4.40151243e+00,7.78825517e-02,3.80146711e-01,-1.77106988e-03,7.53343414e-02,-1.74619022e-03,7.53207248e-02,-1.74597934e-03
light,4.8120,2.38607951e+02,-3.16243264e+00,-4.36302860e+00,7.62073344e-02,3.79271488e-01,-1.73329962e-03,7.44715324e-02,-1.70852313e-03,7.44580207e-02,-1.70831421e-03
light,4.8170,2.37046459e+02,-3.09011662e+00,-4.32536740e+00,7.45854740e-02,3.78414814e-01,-1.69673036e-03,7.36272200e-02,-1.67205643e-03,7.36138123e-02,-1.67184944e-03
light,4.8220,2.35520488e+02,-3.02007239e+00,-4.28850281e+00,7.30147287e-02,3.77576102e-01,-1.66131164e-03,7.28008188e-02,-1.63673967e-03,7.27875141e-02,-1.63653460e-03
light,4.8270,2.34028929e+02,-2.95220549e+00,-4.25240988e+00,7.14929735e-02,3.76754790e-01,-1.62699565e-03,7.19917673e-02,-1.60252505e-03,7.19785647e-02,-1.60232187e-03
light,4.8320,2.32570720e+02,-2.88642633e+00,-4.21706469e+00,7.00181925e-02,3.75950341e-01,-1.59373703e-03,7.11995277e-02,-1.56936720e-03,7.11864262e-02,-1.56916589e-03
light,4.8370,2.31144841e+02,-2.82264989e+00,-4.18244430e+00,6.85884725e-02,3.75162237e-01,-1.56149273e-03,7.04235838e-02,-1.53722309e-03,7.04105825e-02,-1.53702363e-03
light,4.8420,2.29750314e+02,-2.76079540e+00,-4.14852671e+00,6.72019966e-02,3.74389984e-01,-1.53022186e-03,6.96634406e-02,-1.50605182e-03,6.96505385e-02,-1.50585419e-03
light,4.8470,2.28386200e+02,-2.70078616e+00,-4.11529079e+00,6.58570387e-02,3.73633107e-01,-1.49988558e-03,6.89186226e-02,-1.47581457e-03,6.89058189e-02,-1.47561876e-03
light,4.8520,2.27051598e+02,-2.64254923e+00,-4.08271624e+00,6.45519578e-02,3.72891147e-01,-1.47044698e-03,6.81886735e-02,-1.44647441e-03,6.81759672e-02,-1.44628039e-03
light,4.8570,2.25745640e+02,-2.58601526e+00,-4.05078357e+00,6.32851933e-02,3.72163667e-01,-1.44187092e-03,6.74731547e-02,-1.41799624e-03,6.74605449e-02,-1.41780399e-03
light,4.8620,2.24467494e+02,-2.53111823e+00,-4.01947405e+00,6.20552601e-02,3.71450244e-01,-1.41412400e-03,6.67716447e-02,-1.39034663e-03,6.67591306e-02,-1.39015614e-03
light,4.8670,2.23216359e+02,-2.47779531e+00,-3.98876966e+00,6.08607445e-02,3.70750474e-01,-1.38717440e-03,6.60837383e-02,-1.36349379e-03,6.60713190e-02,-1.36330503e-03
light,4.8720,2.21991466e+02,-2.42598666e+00,-3.95865308e+00,5.97002998e-02,3.70063965e-01,-1.36099182e-03,6.54090458e-02,-1.33740740e-03,6.53967204e-02,-1.33722036e-03
light,4.8770,2.20792074e+02,-2.37563523e+00,-3.92910764e+00,5.85726427e-02,3.69390344e-01,-1.33554738e-03,6.47471920e-02,-1.31205860e-03,6.47349598e-02,-1.31187326e-03
light,4.8820,2.19617469e+02,-2.32668667e+00,-3.90011729e+00,5.74765500e-02,3.68729248e-01,-1.31081355e-03,6.40978162e-02,-1.28741987e-03,6.40856761e-02,-1.28723620e-03
light,4.8870,2.18466964e+02,-2.27908909e+00,-3.87166658e+00,5.64108546e-02,3.68080329e-01,-1.28676408e-03,6.34605705e-02,-1.26346495e-03,6.34485219e-02,-1.26328294e-03
light,4.8920,2.17339899e+02,-2.23279303e+00,-3.84374062e+00,5.53744433e-02,3.67443253e-01,-1.26337391e-03,6.28351203e-02,-1.24016878e-03,6.28231623e-02,-1.23998842e-03
light,4.8970,2.16235636e+02,-2.18775124e+00,-3.81632508e+00,5.43662530e-02,3.66817697e-01,-1.24061911e-03,6.22211429e-02,-1.21750746e-03,6.22092746e-02,-1.21732873e-03
heavy,0.0020,-2.66475873e+00,-7.94224046e-04,6.66469484e-01,8.20782753e-05,-5.12921208e-01,-1.23849402e-05,-5.43750691e-02,-8.69016157e-06,-4.49100527e-02,-5.72804491e-06
heavy,0.0070,-2.66564959e+00,-2.78170721e-03,6.66561537e-01,2.87481861e-04,-5.12934288e-01,-4.35445036e-05,-5.43848148e-02,-3.04379749e-05,-4.49172875e-02,-1.98960268e-05
heavy,0.0120,-2.66753197e+00,-4.77568151e-03,6.66756051e-01,4.93587191e-04,-5.12961779e-01,-7.53019564e-05,-5.44054085e-02,-5.22614298e-05,-4.49327235e-02,-3.36182934e-05
heavy,0.0170,-2.67040939e+00,-6.78105120e-03,6.67053407e-01,7.00924455e-04,-5.13003512e-01,-1.07950403e-04,-5.44368912e-02,-7.42176753e-05,-4.49566111e-02,-4.67167136e-05
heavy,0.0220,-2.67428713e+00,-8.80308974e-03,6.67454177e-01,9.10063756e-04,-5.13059348e-01,-1.41697604e-04,-5.44793245e-02,-9.63681624e-05,-4.49892142e-02,-5.91071551e-05
heavy,0.0270,-2.67917217e+00,-1.08475296e-02,6.67959113e-01,1.12162483e-03,-5.13129191e-01,-1.76704829e-04,-5.45327897e-02,-1.18779692e-04,-4.50307917e-02,-7.07627392e-05
heavy,0.0320,-2.68507313e+00,-1.29206337e-02,6.68569149e-01,1.33628472e-03,-5.13212990e-01,-2.13109899e-04,-5.45973873e-02,-1.41525244e-04,-4.50815975e-02,-8.16924646e-05
heavy,0.0370,-2.69200022e+00,-1.50292571e-02,6.69285389e-01,1.55478455e-03,-5.13310730e-01,-2.51039724e-04,-5.46732364e-02,-1.64684706e-04,-4.51418844e-02,-9.19301281e-05
heavy,0.0420,-2.69996527e+00,-1.71809067e-02,6.70109110e-01,1.77793586e-03,-5.13422434e-01,-2.90617467e-04,-5.47604747e-02,-1.88345562e-04,-4.52119075e-02,-1.01528540e-04
heavy,0.0470,-2.70898165e+00,-1.93837997e-02,6.71041759e-01,2.00662699e-03,-5.13548154e-01,-3.31966988e-04,-5.48592582e-02,-2.12603574e-04,-4.52919277e-02,-1.10556456e-04
heavy,0.0520,-2.71906432e+00,-2.16469238e-02,6.72084953e-01,2.24182961e-03,-5.13687973e-01,-3.75215846e-04,-5.49697612e-02,-2.37563496e-04,-4.53822137e-02,-1.19096992e-04
heavy,0.0570,-2.73022980e+00,-2.39801016e-02,6.73240478e-01,2.48460558e-03,-5.13841999e-01,-4.20497518e-04,-5.50921764e-02,-2.63339812e-04,-4.54830439e-02,-1.27246894e-04
heavy,0.0620,-2.74249621e+00,-2.63940580e-02,6.74510293e-01,2.73611438e-03,-5.14010367e-01,-4.67953179e-04,-5.52267150e-02,-2.90057535e-04,-4.55947084e-02,-1.35116346e-04
heavy,0.0670,-2.75588326e+00,-2.89004933e-02,6.75896528e-01,2.99762090e-03,-5.14193235e-01,-5.17733235e-04,-5.53736067e-02,-3.17853056e-04,-4.57175096e-02,-1.42829149e-04
heavy,0.0720,-2.77041229e+00,-3.15121626e-02,6.77401491e-01,3.27050406e-03,-5.14390788e-01,-5.69998731e-04,-5.55331004e-02,-3.46875071e-04,-4.58517641e-02,-1.50523155e-04
heavy,0.0770,-2.78610631e+00,-3.42429612e-02,6.79027668e-01,3.55626607e-03,-5.14603233e-01,-6.24922708e-04,-5.57054643e-02,-3.77285579e-04,-4.59978033e-02,-1.58350923e-04
heavy,0.0820,-2.80299000e+00,-3.71080182e-02,6.80777730e-01,3.85654251e-03,-5.14830801e-01,-6.82691557e-04,-5.58909864e-02,-4.09260979e-04,-4.61559745e-02,-1.66480542e-04
heavy,0.0870,-2.82108979e+00,-4.01237982e-02,6.82654532e-01,4.17311332e-03,-5.15073747e-01,-7.43506410e-04,-5.60899746e-02,-4.42993256e-04,-4.63266418e-02,-1.75096622e-04
heavy,0.0920,-2.84043387e+00,-4.33082126e-02,6.84661122e-01,4.50791487e-03,-5.15332350e-01,-8.07584592e-04,-5.63027578e-02,-4.78691279e-04,-4.65101870e-02,-1.84401443e-04
heavy,0.0970,-2.86105226e+00,-4.66807408e-02,6.86800745e-01,4.86305306e-03,-5.15606912e-01,-8.75161164e-04,-5.65296860e-02,-5.16582225e-04,-4.67070109e-02,-1.94616248e-04
heavy,0.1020,-2.88297684e+00,-5.02625632e-02,6.89076848e-01,5.24081765e-03,-5.15897761e-01,-9.46490569e-04,-5.67711311e-02,-5.56913124e-04,-4.69175332e-02,-2.05982705e-04
heavy,0.1070,-2.90624143e+00,-5.40767068e-02,6.91493087e-01,5.64369803e-03,-5.16205247e-01,-1.02184841e-03,-5.70274873e-02,-5.99952566e-04,-4.71421945e-02,-2.18764527e-04
heavy,0.1120,-2.93088180e+00,-5.81482038e-02,6.94053330e-01,6.07440041e-03,-5.16529747e-01,-1.10153337e-03,-5.72991722e-02,-6.45992555e-04,-4.73814563e-02,-2.33249269e-04
heavy,0.1170,-2.95693581e+00,-6.25042663e-02,6.96761669e-01,6.53586663e-03,-5.16871665e-01,-1.18586929e-03,-5.75866271e-02,-6.95350548e-04,-4.76358026e-02,-2.49750315e-04
heavy,0.1220,-2.98444339e+00,-6.71744775e-02,6.99622421e-01,7.03129487e-03,-5.17231428e-01,-1.27520749e-03,-5.78903178e-02,-7.48371689e-04,-4.79057401e-02,-2.68609074e-04
heavy,0.1270,-3.01344665e+00,-7.21910009e-02,7.02640138e-01,7.56416226e-03,-5.17609492e-01,-1.36992918e-03,-5.82107355e-02,-8.05431257e-04,-4.81917996e-02,-2.90197389e-04
heavy,0.1320,-3.04398993e+00,-7.75888100e-02,7.05819614e-01,8.13824973e-03,-5.18006339e-01,-1.47044823e-03,-5.85483976e-02,-8.66937350e-04,-4.84945366e-02,-3.14920193e-04
heavy,0.1370,-3.07611987e+00,-8.34059409e-02,7.09165891e-01,8.75766929e-03,-5.18422481e-01,-1.57721413e-03,-5.89038481e-02,-9.33333833e-04,-4.88145325e-02,-3.43218437e-04
heavy,0.1420,-3.10988547e+00,-8.96837683e-02,7.12684267e-01,9.42689387e-03,-5.18858457e-01,-1.69071521e-03,-5.92776587e-02,-1.00510357e-03,-4.91523949e-02,-3.75572298e-04
heavy,0.1470,-3.14533818e+00,-9.64673099e-02,7.16380303e-01,1.01507903e-02,-5.19314837e-01,-1.81148227e-03,-5.96704295e-02,-1.08277197e-03,-4.95087590e-02,-4.12504711e-04
heavy,0.1520,-3.18253189e+00,-1.03805559e-01,7.20259826e-01,1.09346551e-02,-5.19792220e-01,-1.94009244e-03,-6.00827896e-02,-1.16691089e-03,-4.98842879e-02,-4.54585260e-04
heavy,0.1570,-3.22152308e+00,-1.11751853e-01,7.24328941e-01,1.17842544e-02,-5.20291235e-01,-2.07717348e-03,-6.05153976e-02,-1.25814293e-03,-5.02796738e-02,-5.02434442e-04
heavy,0.1620,-3.26237077e+00,-1.20364273e-01,7.28594029e-01,1.27058673e-02,-5.20812544e-01,-2.22340853e-03,-6.09689425e-02,-1.35714611e-03,-5.06956380e-02,-5.56728362e-04
heavy,0.1670,-3.30513665e+00,-1.29706087e-01,7.33061759e-01,1.37063338e-02,-5.21356838e-01,-2.37954125e-03,-6.14441440e-02,-1.46465906e-03,-5.11329322e-02,-6.18203895e-04
heavy,0.1720,-3.34988503e+00,-1.39846240e-01,7.37739084e-01,1.47931070e-02,-5.21924842e-01,-2.54638153e-03,-6.19417526e-02,-1.58148668e-03,-5.15923381e-02,-6.87664357e-04
heavy,0.1770,-3.39668291e+00,-1.50859880e-01,7.42633247e-01,1.59743113e-02,-5.22517312e-01,-2.72481175e-03,-6.24625501e-02,-1.70850641e-03,-5.20746680e-02,-7.65985741e-04
heavy,0.1820,-3.44559993e+00,-1.62828952e-01,7.47751776e-01,1.72588056e-02,-5.23135035e-01,-2.91579359e-03,-6.30073493e-02,-1.84667506e-03,-5.25807646e-02,-8.54123570e-04
heavy,0.1870,-3.49670836e+00,-1.75842839e-01,7.53102485e-01,1.86562529e-02,-5.23778830e-01,-3.12037564e-03,-6.35769935e-02,-1.99703637e-03,-5.31115008e-02,-9.53120426e-04
heavy,0.1920,-3.55008304e+00,-1.89999072e-01,7.58693464e-01,2.01771970e-02,-5.24449547e-01,-3.33970163e-03,-6.41723561e-02,-2.16072927e-03,-5.36677790e-02,-1.06411422e-03
heavy,0.1970,-3.60580125e+00,-2.05404106e-01,7.64533068e-01,2.18331465e-02,-5.25148065e-01,-3.57501951e-03,-6.47943392e-02,-2.33899694e-03,-5.42505296e-02,-1.18834727e-03
heavy,0.2020,-3.66394261e+00,-2.22174170e-01,7.70629904e-01,2.36366670e-02,-5.25875288e-01,-3.82769149e-03,-6.54438719e-02,-2.53319683e-03,-5.48607100e-02,-1.32717627e-03
heavy,0.2070,-3.72458884e+00,-2.40436208e-01,7.76992807e-01,2.56014820e-02,-5.26632150e-01,-4.09920487e-03,-6.61219079e-02,-2.74481153e-03,-5.54993016e-02,-1.48208321e-03
heavy,0.2120,-3.78782351e+00,-2.60328899e-01,7.83630812e-01,2.77425837e-02,-5.27419604e-01,-4.39118408e-03,-6.68294228e-02,-2.97546078e-03,-5.61673071e-02,-1.65468733e-03
heavy,0.2170,-3.85373170e+00,-2.82003777e-01,7.90553116e-01,3.00763542e-02,-5.28238620e-01,-4.70540374e-03,-6.75674094e-02,-3.22691452e-03,-5.68657464e-02,-1.84675824e-03
heavy,0.2220,-3.92239954e+00,-3.05626453e-01,7.97769031e-01,3.26206977e-02,-5.29090183e-01,-5.04380298e-03,-6.83368731e-02,-3.50110724e-03,-5.75956515e-02,-2.06023019e-03
heavy,0.2270,-3.99391366e+00,-3.31377955e-01,8.05287923e-01,3.53951844e-02,-5.29975284e-01,-5.40850102e-03,-6.91388248e-02,-3.80015350e-03,-5.83580597e-02,-2.29721764e-03
heavy,0.2320,-4.06836050e+00,-3.59456172e-01,8.13119135e-01,3.84212078e-02,-5.30894911e-01,-5.80181411e-03,-6.99742735e-02,-4.12636497e-03,-5.91540059e-02,-2.56003229e-03
heavy,0.2370,-4.14582542e+00,-3.90077431e-01,8.21271897e-01,4.17221547e-02,-5.31850040e-01,-6.22627396e-03,-7.08442152e-02,-4.48226875e-03,-5.99845121e-02,-2.85120138e-03
heavy,0.2420,-4.22639168e+00,-4.23478198e-01,8.29755209e-01,4.53235889e-02,-5.32841623e-01,-6.68464761e-03,-7.17496217e-02,-4.87062728e-03,-6.08505754e-02,-3.17348765e-03
heavy,0.2470,-4.31013913e+00,-4.59916910e-01,8.38577703e-01,4.92534497e-02,-5.33870572e-01,-7.17995882e-03,-7.26914247e-02,-5.29445976e-03,-6.17531529e-02,-3.52991071e-03
heavy,0.2520,-4.39714265e+00,-4.99675936e-01,8.47747475e-01,5.35422633e-02,-5.34937743e-01,-7.71551102e-03,-7.36704977e-02,-5.75706509e-03,-6.26931432e-02,-3.92376997e-03
heavy,0.2570,-4.48747026e+00,-5.43063666e-01,8.57271880e-01,5.82233693e-02,-5.36043909e-01,-8.29491172e-03,-7.46876344e-02,-6.26204622e-03,-6.36713650e-02,-4.35866906e-03
heavy,0.2620,-4.58118091e+00,-5.90416717e-01,8.67157287e-01,6.33331586e-02,-5.37189740e-01,-8.92209827e-03,-7.57435220e-02,-6.81333599e-03,-6.46885299e-02,-4.83854160e-03
heavy,0.2670,-4.67832169e+00,-6.42102238e-01,8.77408791e-01,6.89113230e-02,-5.38375766e-01,-9.60136481e-03,-7.68387094e-02,-7.41522403e-03,-6.57452116e-02,-5.36767816e-03
heavy,0.2720,-4.77892470e+00,-6.98520289e-01,8.88029860e-01,7.50011124e-02,-5.39602342e-01,-1.03373901e-02,-7.79735703e-02,-8.07238463e-03,-6.68418079e-02,-5.95075406e-03
heavy,0.2770,-4.88300319e+00,-7.60106265e-01,8.99021926e-01,8.16495962e-02,-5.40869605e-01,-1.11352659e-02,-7.91482577e-02,-8.78990498e-03,-6.79784963e-02,-6.59285767e-03
heavy,0.2820,-4.99054706e+00,-8.27333293e-01,9.10383898e-01,8.89079235e-02,-5.42177417e-01,-1.20005247e-02,-8.03626521e-02,-9.57331323e-03,-6.91551811e-02,-7.29951848e-03
heavy,0.2870,-5.10151758e+00,-9.00714543e-01,9.22111589e-01,9.68315722e-02,-5.43525306e-01,-1.29391672e-02,-8.16162991e-02,-1.04286055e-02,-7.03714319e-02,-8.07673408e-03
heavy,0.2920,-5.21584117e+00,-9.80805355e-01,9.34197046e-01,1.05480579e-01,-5.44912393e-01,-1.39576867e-02,-8.29083372e-02,-1.13622708e-02,-7.16264112e-02,-8.93099500e-03
heavy,0.2970,-5.33340223e+00,-1.06820503e+00,9.46627768e-01,1.14919734e-01,-5.46337310e-01,-1.50630904e-02,-8.42374137e-02,-1.23813119e-02,-7.29187896e-02,-9.86930573e-03
heavy,0.3020,-5.45403474e+00,-1.16355817e+00,9.59385809e-01,1.25218721e-01,-5.47798096e-01,-1.62629147e-02,-8.56015864e-02,-1.34932607e-02,-7.42466488e-02,-1.08992001e-02
heavy,0.3070,-5.57751267e+00,-1.26755523e+00,9.72446735e-01,1.36452187e-01,-5.49292092e-01,-1.75652321e-02,-8.69982120e-02,-1.47061854e-02,-7.56073690e-02,-1.20287483e-02
heavy,0.3120,-5.70353903e+00,-1.38093220e+00,9.85778436e-01,1.48699697e-01,-5.50815809e-01,-1.89786471e-02,-8.84238178e-02,-1.60286860e-02,-7.69975006e-02,-1.32665525e-02
heavy,0.3170,-5.83173344e+00,-1.50446888e+00,9.99339791e-01,1.62045555e-01,-5.52364783e-01,-2.05122762e-02,-8.98739563e-02,-1.74698749e-02,-7.84126196e-02,-1.46217274e-02
heavy,0.3220,-5.96161822e+00,-1.63898548e+00,1.01307916e+00,1.76578430e-01,-5.53933413e-01,-2.21757082e-02,-9.13430429e-02,-1.90393363e-02,-7.98471647e-02,-1.61038595e-02
heavy,0.3270,-6.09260302e+00,-1.78533695e+00,1.02693272e+00,1.92390751e-01,-5.55514781e-01,-2.39789375e-02,-9.28241764e-02,-2.07470606e-02,-8.12942577e-02,-1.77229418e-02
heavy,0.3320,-6.22396812e+00,-1.94440452e+00,1.04082266e+00,2.09577786e-01,-5.57100460e-01,-2.59322663e-02,-9.43089430e-02,-2.26033453e-02,-8.27455081e-02,-1.94892748e-02
heavy,0.3370,-6.35484650e+00,-2.11708377e+00,1.05465526e+00,2.28236353e-01,-5.58680296e-01,-2.80461637e-02,-9.57872081e-02,-2.46186556e-02,-8.41908041e-02,-2.14133263e-02
heavy,0.3420,-6.48420532e+00,-2.30426843e+00,1.06831885e+00,2.48463074e-01,-5.60242203e-01,-3.03310778e-02,-9.72468983e-02,-2.68034352e-02,-8.56180955e-02,-2.35055432e-02
heavy,0.3470,-6.61082721e+00,-2.50682920e+00,1.08168182e+00,2.70352076e-01,-5.61771935e-01,-3.27971868e-02,-9.86737843e-02,-2.91678581e-02,-8.70131757e-02,-2.57761027e-02
heavy,0.3520,-6.73329249e+00,-2.72558666e+00,1.09459070e+00,2.93992071e-01,-5.63252882e-01,-3.54540836e-02,-1.00051271e-01,-3.17215130e-02,-8.83594732e-02,-2.82345967e-02
heavy,0.3570,-6.84996340e+00,-2.96127760e+00,1.10686844e+00,3.19462714e-01,-5.64665886e-01,-3.83103817e-02,-1.01360217e-01,-3.44730093e-02,-8.96378682e-02,-3.08896382e-02
heavy,0.3620,-6.95897221e+00,-3.21451423e+00,1.11831310e+00,3.46830188e-01,-5.65989100e-01,-4.13732382e-02,-1.02578791e-01,-3.74294998e-02,-9.08265524e-02,-3.37483838e-02
heavy,0.3670,-7.05821508e+00,-3.48573577e+00,1.12869727e+00,3.76141975e-01,-5.67197921e-01,-4.46477886e-02,-1.03682401e-01,-4.05961160e-02,-9.19009587e-02,-3.68159687e-02
heavy,0.3720,-7.14535442e+00,-3.77515283e+00,1.13776821e+00,4.07420846e-01,-5.68265010e-01,-4.81364966e-02,-1.04643727e-01,-4.39753173e-02,-9.28337874e-02,-4.00948564e-02
heavy,0.3770,-7.21783247e+00,-4.08268536e+00,1.14524942e+00,4.40658147e-01,-5.69160457e-01,-5.18384285e-02,-1.05432873e-01,-4.75661662e-02,-9.35951659e-02,-4.35841136e-02
heavy,0.3820,-7.27289929e+00,-4.40789601e+00,1.15084360e+00,4.75806596e-01,-5.69852105e-01,-5.57484748e-02,-1.06017697e-01,-5.13635490e-02,-9.41529753e-02,-4.72786309e-02
heavy,0.3870,-7.30765823e+00,-4.74992183e+00,1.15423761e+00,5.12772901e-01,-5.70306085e-01,-5.98565517e-02,-1.06364343e-01,-5.53573780e-02,-9.44733822e-02,-5.11683250e-02
heavy,0.3920,-7.31913150e+00,-5.10740872e+00,1.15510951e+00,5.51410673e-01,-5.70487576e-01,-6.41468353e-02,-1.06438007e-01,-5.95318251e-02,-9.45216047e-02,-5.52373728e-02
heavy,0.3970,-7.30434741e+00,-5.47845432e+00,1.15313806e+00,5.91514250e-01,-5.70361831e-01,-6.85970936e-02,-1.06203955e-01,-6.38646546e-02,-9.42629324e-02,-5.94635433e-02
heavy,0.4020,-7.26044952e+00,-5.86056620e+00,1.14801443e+00,6.32814184e-01,-5.69895450e-01,-7.31781986e-02,-1.05628801e-01,-6.83267344e-02,-9.36640016e-02,-6.38177095e-02
heavy,0.4070,-7.18482524e+00,-6.25064331e+00,1.13945620e+00,6.74975222e-01,-5.69057880e-01,-7.78539085e-02,-1.04682008e-01,-7.28818188e-02,-9.26942985e-02,-6.82636311e-02
heavy,0.4120,-7.07524905e+00,-6.64498823e+00,1.12722276e+00,7.17597646e-01,-5.67823096e-01,-8.25810120e-02,-1.03337565e-01,-7.74866928e-02,-9.13278331e-02,-7.27580982e-02
heavy,0.4170,-6.93003199e+00,-7.03935729e+00,1.11113153e+00,7.60222680e-01,-5.66171341e-01,-8.73099130e-02,-1.01575729e-01,-8.20917564e-02,-8.95448869e-02,-7.72515168e-02
heavy,0.4220,-6.74816646e+00,-7.42905271e+00,1.09107356e+00,8.02342455e-01,-5.64090824e-01,-9.19857085e-02,-9.93847227e-02,-8.66421026e-02,-8.73337040e-02,-8.16889857e-02
heavy,0.4270,-6.52945266e+00,-7.80905762e+00,1.06702727e+00,8.43414608e-01,-5.61579192e-01,-9.65497657e-02,-9.67622082e-02,-9.10790951e-02,-8.46919699e-02,-8.60118744e-02
heavy,0.4320,-6.27459273e+00,-8.17420977e+00,1.03906857e+00,8.82881056e-01,-5.58644635e-01,-1.00941753e-01,-9.37163895e-02,-9.53423982e-02,-8.16279112e-02,-9.01598535e-02
heavy,0.4370,-5.98523920e+00,-8.51940448e+00,1.00737609e+00,9.20189944e-01,-5.55306452e-01,-1.05102010e-01,-9.02665785e-02,-9.93723492e-02,-7.81608622e-02,-9.40732668e-02
heavy,0.4420,-5.66398821e+00,-8.83981259e+00,9.72230509e-01,9.54819199e-01,-5.51594967e-01,-1.08974100e-01,-8.64431148e-02,-1.03112505e-01,-7.43211854e-02,-9.76956781e-02
heavy,0.4470,-5.31431276e+00,-9.13109550e+00,9.34007285e-01,9.86299784e-01,-5.47550756e-01,-1.12507315e-01,-8.22865865e-02,-1.06512157e-01,-7.01494916e-02,-1.00976385e-01
heavy,0.4520,-4.94043828e+00,-9.38959826e+00,8.93163220e-01,1.01423657e+00,-5.43223186e-01,-1.15658941e-01,-7.78463755e-02,-1.09528585e-01,-6.56951852e-02,-1.03872675e-01
heavy,0.4570,-4.54716935e+00,-9.61250317e+00,8.50217727e-01,1.03832494e+00,-5.38668393e-01,-1.18396046e-01,-7.31786325e-02,-1.12128856e-01,-6.10144399e-02,-1.06351621e-01
heavy,0.4620,-4.13968240e+00,-9.79793050e+00,8.05730422e-01,1.05836168e+00,-5.33946862e-01,-1.20696662e-01,-6.83438540e-02,-1.14290997e-01,-5.61677747e-02,-1.08391259e-01
heavy,0.4670,-3.72330268e+00,-9.94497908e+00,7.60277006e-01,1.07424936e+00,-5.29120813e-01,-1.22550257e-01,-6.34042760e-02,-1.16004473e-01,-5.12174485e-02,-1.09981061e-01
heavy,0.4720,-3.30328500e+00,-1.00537065e+01,7.14425568e-01,1.08599421e+00,-5.24251646e-01,-1.23957506e-01,-5.84213109e-02,-1.17269954e-01,-4.62248964e-02,-1.11121706e-01
heavy,0.4770,-2.88461559e+00,-1.01250551e+01,6.68715158e-01,1.09369812e+00,-5.19397621e-01,-1.24929422e-01,-5.34532323e-02,-1.18098452e-01,-4.12484149e-02,-1.11824213e-01
heavy,0.4820,-2.47184878e+00,-1.01607356e+01,6.23638139e-01,1.09754601e+00,-5.14611950e-01,-1.25485999e-01,-4.85532662e-02,-1.18509957e-01,-3.63412528e-02,-1.12108580e-01
heavy,0.4870,-2.06898664e+00,-1.01630817e+01,5.79627164e-01,1.09779018e+00,-5.09941391e-01,-1.25654512e-01,-4.37681837e-02,-1.18531739e-01,-3.15502038e-02,-1.12002087e-01
heavy,0.4920,-1.67940421e+00,-1.01348915e+01,5.37047104e-01,1.09473314e+00,-5.05425374e-01,-1.25467665e-01,-3.91374280e-02,-1.18196502e-01,-2.69147341e-02,-1.11537445e-01
heavy,0.4970,-1.30581839e+00,-1.00792696e+01,4.96191677e-01,1.08871049e+00,-5.01095635e-01,-1.24961741e-01,-3.46927499e-02,-1.17540522e-01,-2.24666173e-02,-1.10750942e-01
heavy,0.5020,-9.50294487e-01,-9.99947884e+00,4.57284161e-01,1.08007501e+00,-4.96976298e-01,-1.24174875e-01,-3.04582850e-02,-1.16601935e-01,-1.82300121e-02,-1.09680719e-01
heavy,0.5070,-6.14282731e-01,-9.89881257e+00,4.20481336e-01,1.06918271e+00,-4.93084296e-01,-1.23145558e-01,-2.64509805e-02,-1.15419225e-01,-1.42218882e-02,-1.08365273e-01
heavy,0.5120,-2.98676000e-01,-9.78048859e+00,3.85879730e-01,1.05638147e+00,-4.89430049e-01,-1.21911397e-01,-2.26812692e-02,-1.14029997e-01,-1.04527017e-02,-1.06842218e-01
heavy,0.5170,-3.88051073e-03,-9.64756809e+00,3.53523258e-01,1.04200223e+00,-4.86018288e-01,-1.20508168e-01,-1.91538963e-02,-1.12470026e-01,-6.92722049e-03,-1.05147338e-01
heavy,0.5220,2.70107716e-01,-9.50289809e+00,3.23411490e-01,1.02635277e+00,-4.82848951e-01,-1.18969146e-01,-1.58688128e-02,-1.10772581e-01,-3.64541872e-03,-1.03313915e-01
heavy,0.5270,5.23626333e-01,-9.34907470e+00,2.95507923e-01,1.00971375e+00,-4.79918078e-01,-1.17324672e-01,-1.28220701e-02,-1.08968003e-01,-6.03370582e-04,-1.01372296e-01
heavy,0.5320,7.57274237e-01,-9.18842442e+00,2.69747812e-01,9.92336694e-01,-4.77218652e-01,-1.15601936e-01,-1.00066661e-02,-1.07083477e-01,2.20590291e-03,-9.93496811e-02
heavy,0.5370,9.71845909e-01,-9.02299948e+00,2.46045267e-01,9.74443457e-01,-4.74741372e-01,-1.13824922e-01,-7.41331290e-03,-1.05142985e-01,4.79166665e-03,-9.72700617e-02
heavy,0.5420,1.16827402e+00,-8.85458394e+00,2.24299457e-01,9.56226912e-01,-4.72475324e-01,-1.12014482e-01,-5.03110758e-03,-1.03167375e-01,7.16480056e-03,-9.51542969e-02
heavy,0.5470,1.34758079e+00,-8.68470744e+00,2.04399874e-01,9.37852426e-01,-4.70408543e-01,-1.10188490e-01,-2.84810049e-03,-1.01174522e-01,9.33723122e-03,-9.30202724e-02
heavy,0.5520,1.51083798e+00,-8.51466388e+00,1.86230651e-01,9.19459879e-01,-4.68528490e-01,-1.08362070e-01,-8.51763055e-04,-9.91795418e-02,1.13214641e-02,-9.08831183e-02
heavy,0.5570,1.65913486e+00,-8.34553280e+00,1.69674028e-01,9.01165978e-01,-4.66822417e-01,-1.06547836e-01,9.70637975e-04,-9.71950497e-02,1.31302094e-02,-8.87554603e-02
heavy,0.5620,1.79355333e+00,-8.17820208e+00,1.54613045e-01,8.83066712e-01,-4.65277664e-01,-1.04756165e-01,2.63174975e-03,-9.52314185e-02,1.47760912e-02,-8.66476841e-02
heavy,0.5670,1.91514922e+00,-8.01339050e+00,1.40933558e-01,8.65239784e-01,-4.63881877e-01,-1.02995456e-01,4.14391463e-03,-9.32970447e-02,1.62714287e-02,-8.45681989e-02
heavy,0.5720,2.02493872e+00,-7.85166939e+00,1.28525706e-01,8.47746961e-01,-4.62623164e-01,-1.01272385e-01,5.51901206e-03,-9.13986021e-02,1.76280781e-02,-8.25236914e-02
heavy,0.5770,2.12388917e+00,-7.69348295e+00,1.17284914e-01,8.30636265e-01,-4.61490204e-01,-9.95921416e-02,6.76835014e-03,-8.95412783e-02,1.88573245e-02,-8.05193625e-02
heavy,0.5820,2.21291314e+00,-7.53916681e+00,1.07112525e-01,8.13943980e-01,-4.60472315e-01,-9.79586476e-02,7.90259709e-03,-8.77289916e-02,1.99698129e-02,-7.85591443e-02
heavy,0.5870,2.29286526e+00,-7.38896469e+00,9.79161472e-02,7.97696453e-01,-4.59559495e-01,-9.63747494e-02,8.93174396e-03,-8.59645866e-02,2.09755112e-02,-7.66458948e-02
heavy,0.5920,2.36454109e+00,-7.24304319e+00,8.96097744e-02,7.81911696e-01,-4.58742430e-01,-9.48423926e-02,9.86509132e-03,-8.42500062e-02,2.18836967e-02,-7.47815716e-02
heavy,0.5970,2.42867748e+00,-7.10150482e+00,8.21137454e-02,7.66600791e-01,-4.58012494e-01,-9.33627732e-02,1.07112539e-02,-8.25864444e-02,2.27029610e-02,-7.29673827e-02
heavy,0.6020,2.48595414e+00,-6.96439923e+00,7.53545796e-02,7.51769106e-01,-4.57361727e-01,-9.19364697e-02,1.14781783e-02,-8.09744772e-02,2.34412274e-02,-7.12039191e-02
heavy,0.6070,2.53699587e+00,-6.83173295e+00,6.92647301e-02,7.37417346e-01,-4.56782811e-01,-9.05635560e-02,1.21731696e-02,-7.94141764e-02,2.41057779e-02,-6.94912677e-02
heavy,0.6120,2.58237540e+00,-6.70347764e+00,6.37822810e-02,7.23542447e-01,-4.56269039e-01,-8.92436990e-02,1.28029241e-02,-7.79052065e-02,2.47032855e-02,-6.78291084e-02
heavy,0.6170,2.62261646e+00,-6.57957717e+00,5.88506122e-02,7.10138342e-01,-4.55814274e-01,-8.79762402e-02,1.33735658e-02,-7.64469071e-02,2.52398509e-02,-6.62167963e-02
heavy,0.6220,2.65819707e+00,-6.45995355e+00,5.44180465e-02,6.97196600e-01,-4.55412915e-01,-8.67602658e-02,1.38906840e-02,-7.50383620e-02,2.57210404e-02,-6.46534316e-02
heavy,0.6270,2.68955280e+00,-6.34451191e+00,5.04374941e-02,6.84706963e-01,-4.55059856e-01,-8.55946644e-02,1.43593724e-02,-7.36784580e-02,2.61519242e-02,-6.31379170e-02
heavy,0.6320,2.71708007e+00,-6.23314466e+00,4.68661007e-02,6.72657801e-01,-4.54750449e-01,-8.44781760e-02,1.47842667e-02,-7.23659328e-02,2.65371150e-02,-6.16690073e-02
heavy,0.6370,2.74113923e+00,-6.12573494e+00,4.36649079e-02,6.61036480e-01,-4.54480468e-01,-8.34094321e-02,1.51695815e-02,-7.10994160e-02,2.68808039e-02,-6.02453488e-02
heavy,0.6420,2.76205761e+00,-6.02215945e+00,4.07985285e-02,6.49829670e-01,-4.54246072e-01,-8.23869887e-02,1.55191452e-02,-6.98774616e-02,2.71867963e-02,-5.88655130e-02
heavy,0.6470,2.78013235e+00,-5.92229079e+00,3.82348408e-02,6.39023599e-01,-4.54043775e-01,-8.14093539e-02,1.58364333e-02,-6.86985758e-02,2.74585444e-02,-5.75280238e-02
heavy,0.6520,2.79563301e+00,-5.82599936e+00,3.59447012e-02,6.28604255e-01,-4.53870410e-01,-8.04750099e-02,1.61245993e-02,-6.75612389e-02,2.76991784e-02,-5.62313794e-02
heavy,0.6570,2.80880409e+00,-5.73315486e+00,3.39016789e-02,6.18557553e-01,-4.53723107e-01,-7.95824308e-02,1.63865036e-02,-6.64639229e-02,2.79115356e-02,-5.49740703e-02
heavy,0.6620,2.81986727e+00,-5.64362755e+00,3.20818090e-02,6.08869465e-01,-4.53599259e-01,-7.87300969e-02,1.66247397e-02,-6.54051065e-02,2.80981864e-02,-5.37545939e-02
heavy,0.6670,2.82902348e+00,-5.55728920e+00,3.04633667e-02,5.99526130e-01,-4.53496504e-01,-7.79165062e-02,1.68416593e-02,-6.43832857e-02,2.82614590e-02,-5.25714651e-02
heavy,0.6720,2.83645490e+00,-5.47401385e+00,2.90266592e-02,5.90513930e-01,-4.53412698e-01,-7.71401829e-02,1.70393942e-02,-6.33969831e-02,2.84034624e-02,-5.14232261e-02
heavy,0.6770,2.84232663e+00,-5.39367839e+00,2.77538370e-02,5.81819556e-01,-4.53345898e-01,-7.63996847e-02,1.72198772e-02,-6.24447543e-02,2.85261059e-02,-5.03084524e-02
heavy,0.6820,2.84678834e+00,-5.31616299e+00,2.66287203e-02,5.73430053e-01,-4.53294340e-01,-7.56936072e-02,1.73848602e-02,-6.15251936e-02,2.86311185e-02,-4.92257581e-02
heavy,0.6870,2.84997568e+00,-5.24135142e+00,2.56366423e-02,5.65332857e-01,-4.53256423e-01,-7.50205885e-02,1.75359319e-02,-6.06369369e-02,2.87200658e-02,-4.81738000e-02
heavy,0.6920,2.85201167e+00,-5.16913130e+00,2.47643061e-02,5.57515816e-01,-4.53230698e-01,-7.43793109e-02,1.76745328e-02,-5.97786650e-02,2.87943650e-02,-4.71512795e-02
heavy,0.6970,2.85300781e+00,-5.09939417e+00,2.39996558e-02,5.49967207e-01,-4.53215846e-01,-7.37685028e-02,1.78019692e-02,-5.89491048e-02,2.88552996e-02,-4.61569448e-02
heavy,0.7020,2.85306523e+00,-5.03203563e+00,2.33317586e-02,5.42675743e-01,-4.53210671e-01,-7.31869401e-02,1.79194261e-02,-5.81470300e-02,2.89040314e-02,-4.51895916e-02
heavy,0.7070,2.85227566e+00,-4.96695533e+00,2.27506992e-02,5.35630576e-01,-4.53214088e-01,-7.26334456e-02,1.80279784e-02,-5.73712622e-02,2.89416125e-02,-4.42480631e-02
heavy,0.7120,2.85072228e+00,-4.90405698e+00,2.22474833e-02,5.28821295e-01,-4.53225110e-01,-7.21068894e-02,1.81286017e-02,-5.66206696e-02,2.89689951e-02,-4.33312501e-02
heavy,0.7170,2.84848058e+00,-4.84324825e+00,2.18139511e-02,5.22237919e-01,-4.53242842e-01,-7.16061883e-02,1.82221809e-02,-5.58941674e-02,2.89870417e-02,-4.24380907e-02
heavy,0.7220,2.84561904e+00,-4.78444077e+00,2.14426986e-02,5.15870894e-01,-4.53266469e-01,-7.11303046e-02,1.83095198e-02,-5.51907162e-02,2.89965329e-02,-4.15675686e-02
heavy,0.7270,2.84219981e+00,-4.72754997e+00,2.11270068e-02,5.09711078e-01,-4.53295252e-01,-7.06782454e-02,1.83913476e-02,-5.45093215e-02,2.89981753e-02,-4.07187129e-02
heavy,0.7320,2.83827931e+00,-4.67249499e+00,2.08607776e-02,5.03749729e-01,-4.53328517e-01,-7.02490609e-02,1.84683269e-02,-5.38490318e-02,2.89926084e-02,-3.98905962e-02
heavy,0.7370,2.83390872e+00,-4.61919860e+00,2.06384757e-02,4.97978497e-01,-4.53365654e-01,-6.98418435e-02,1.85410592e-02,-5.32089378e-02,2.89804110e-02,-3.90823336e-02
heavy,0.7420,2.82913454e+00,-4.56758701e+00,2.04550763e-02,4.92389406e-01,-4.53406105e-01,-6.94557260e-02,1.86100907e-02,-5.25881707e-02,2.89621069e-02,-3.82930811e-02
heavy,0.7470,2.82399896e+00,-4.51758979e+00,2.03060180e-02,4.86974843e-01,-4.53449364e-01,-6.90898802e-02,1.86759177e-02,-5.19859007e-02,2.89381696e-02,-3.75220341e-02
heavy,0.7520,2.81854027e+00,-4.46913974e+00,2.01871597e-02,4.81727539e-01,-4.53494971e-01,-6.87435154e-02,1.87389912e-02,-5.14013352e-02,2.89090274e-02,-3.67684259e-02
heavy,0.7570,2.81279326e+00,-4.42217271e+00,2.00947420e-02,4.76640563e-01,-4.53542505e-01,-6.84158768e-02,1.87997207e-02,-5.08337177e-02,2.88750673e-02,-3.60315259e-02
heavy,0.7620,2.80678949e+00,-4.37662751e+00,2.00253524e-02,4.71707299e-01,-4.53591586e-01,-6.81062438e-02,1.88584782e-02,-5.02823261e-02,2.88366391e-02,-3.53106386e-02
heavy,0.7670,2.80055761e+00,-4.33244579e+00,1.99758933e-02,4.66921436e-01,-4.53641865e-01,-6.78139291e-02,1.89156020e-02,-4.97464709e-02,2.87940584e-02,-3.46051016e-02
heavy,0.7720,2.79412363e+00,-4.28957185e+00,1.99435535e-02,4.62276957e-01,-4.53693026e-01,-6.75382762e-02,1.89713990e-02,-4.92254943e-02,2.87476100e-02,-3.39142842e-02
heavy,0.7770,2.78751114e+00,-4.24795260e+00,1.99257824e-02,4.57768119e-01,-4.53744780e-01,-6.72786590e-02,1.90261482e-02,-4.87187680e-02,2.86975506e-02,-3.32375862e-02
heavy,0.7820,2.78074154e+00,-4.20753738e+00,1.99202662e-02,4.53389446e-01,-4.53796865e-01,-6.70344797e-02,1.90801030e-02,-4.82256925e-02,2.86441114e-02,-3.25744363e-02
heavy,0.7870,2.77383424e+00,-4.16827785e+00,1.99249067e-02,4.49135714e-01,-4.53849042e-01,-6.68051678e-02,1.91334934e-02,-4.77456953e-02,2.85875005e-02,-3.19242908e-02
heavy,0.7920,2.76680683e+00,-4.13012791e+00,1.99378019e-02,4.45001936e-01,-4.53901092e-01,-6.65901784e-02,1.91865284e-02,-4.72782297e-02,2.85279046e-02,-3.12866321e-02
heavy,0.7970,2.75967526e+00,-4.09304357e+00,1.99572287e-02,4.40983359e-01,-4.53952818e-01,-6.63889915e-02,1.92393974e-02,-4.68227735e-02,2.84654915e-02,-3.06609678e-02
heavy,0.8020,2.75245395e+00,-4.05698283e+00,1.99816266e-02,4.37075441e-01,-4.54004038e-01,-6.62011105e-02,1.92922724e-02,-4.63788281e-02,2.84004112e-02,-3.00468294e-02
heavy,0.8070,2.74515597e+00,-4.02190562e+00,2.00095838e-02,4.33273851e-01,-4.54054588e-01,-6.60260609e-02,1.93453093e-02,-4.59459168e-02,2.83327980e-02,-2.94437709e-02
heavy,0.8120,2.73779313e+00,-3.98777369e+00,2.00398234e-02,4.29574453e-01,-4.54104318e-01,-6.58633895e-02,1.93986494e-02,-4.55235842e-02,2.82627715e-02,-2.88513678e-02
heavy,0.8170,2.73037610e+00,-3.95455051e+00,2.00711920e-02,4.25973298e-01,-4.54153093e-01,-6.57126630e-02,1.94524207e-02,-4.51113950e-02,2.81904383e-02,-2.82692164e-02
heavy,0.8220,2.72291450e+00,-3.92220117e+00,2.01026486e-02,4.22466613e-01,-4.54200786e-01,-6.55734675e-02,1.95067390e-02,-4.47089327e-02,2.81158928e-02,-2.76969323e-02
heavy,0.8270,2.71541702e+00,-3.89069236e+00,2.01332549e-02,4.19050796e-01,-4.54247287e-01,-6.54454072e-02,1.95617091e-02,-4.43157990e-02,2.80392184e-02,-2.71341498e-02
heavy,0.8320,2.70789146e+00,-3.85999223e+00,2.01621661e-02,4.15722403e-01,-4.54292492e-01,-6.53281035e-02,1.96174255e-02,-4.39316129e-02,2.79604886e-02,-2.65805208e-02
heavy,0.8370,2.70034486e+00,-3.83007033e+00,2.01886229e-02,4.12478144e-01,-4.54336309e-01,-6.52211942e-02,1.96739736e-02,-4.35560095e-02,2.78797678e-02,-2.60357141e-02
heavy,0.8420,2.69278352e+00,-3.80089758e+00,2.02119441e-02,4.09314873e-01,-4.54378651e-01,-6.51243327e-02,1.97314304e-02,-4.31886397e-02,2.77971120e-02,-2.54994144e-02
heavy,0.8470,2.68521307e+00,-3.77244614e+00,2.02315196e-02,4.06229582e-01,-4.54419444e-01,-6.50371873e-02,1.97898652e-02,-4.28291687e-02,2.77125697e-02,-2.49713217e-02
heavy,0.8520,2.67763856e+00,-3.74468939e+00,2.02468042e-02,4.03219393e-01,-4.54458616e-01,-6.49594404e-02,1.98493401e-02,-4.24772761e-02,2.76261825e-02,-2.44511505e-02
heavy,0.8570,2.67006449e+00,-3.71760187e+00,2.02573124e-02,4.00281554e-01,-4.54496105e-01,-6.48907878e-02,1.99099111e-02,-4.21326545e-02,2.75379857e-02,-2.39386291e-02
heavy,0.8620,2.66249483e+00,-3.69115921e+00,2.02626126e-02,3.97413429e-01,-4.54531854e-01,-6.48309380e-02,1.99716280e-02,-4.17950093e-02,2.74480090e-02,-2.34334990e-02
heavy,0.8670,2.65493314e+00,-3.66533808e+00,2.02623230e-02,3.94612495e-01,-4.54565811e-01,-6.47796116e-02,2.00345354e-02,-4.14640578e-02,2.73562766e-02,-2.29355141e-02
heavy,0.8720,2.64738251e+00,-3.64011613e+00,2.02561068e-02,3.91876339e-01,-4.54597930e-01,-6.47365408e-02,2.00986731e-02,-4.11395287e-02,2.72628083e-02,-2.24444402e-02
heavy,0.8770,2.63984569e+00,-3.61547197e+00,2.02436685e-02,3.89202645e-01,-4.54628169e-01,-6.47014688e-02,2.01640762e-02,-4.08211614e-02,2.71676195e-02,-2.19600548e-02
heavy,0.8820,2.63232506e+00,-3.59138507e+00,2.02247507e-02,3.86589197e-01,-4.54656490e-01,-6.46741492e-02,2.02307761e-02,-4.05087060e-02,2.70707216e-02,-2.14821457e-02
heavy,0.8870,2.62482267e+00,-3.56783580e+00,2.01991298e-02,3.84033870e-01,-4.54682860e-01,-6.46543455e-02,2.02987999e-02,-4.02019218e-02,2.69721225e-02,-2.10105116e-02
heavy,0.8920,2.61734032e+00,-3.54480531e+00,2.01666143e-02,3.81534628e-01,-4.54707247e-01,-6.46418307e-02,2.03681719e-02,-3.99005779e-02,2.68718268e-02,-2.05449607e-02
heavy,0.8970,2.60987950e+00,-3.52227552e+00,2.01270408e-02,3.79089516e-01,-4.54729626e-01,-6.46363870e-02,2.04389129e-02,-3.96044520e-02,2.67698362e-02,-2.00853106e-02
heavy,0.9020,2.60244148e+00,-3.50022912e+00,2.00802725e-02,3.76696661e-01,-4.54749971e-01,-6.46378050e-02,2.05110409e-02,-3.93133301e-02,2.66661500e-02,-1.96313882e-02
heavy,0.9070,2.59502731e+00,-3.47864945e+00,2.00261963e-02,3.74354265e-01,-4.54768263e-01,-6.46458835e-02,2.05845716e-02,-3.90270066e-02,2.65607647e-02,-1.91830285e-02
heavy,0.9120,2.58763783e+00,-3.45752056e+00,1.99647210e-02,3.72060601e-01,-4.54784482e-01,-6.46604293e-02,2.06595179e-02,-3.87452831e-02,2.64536748e-02,-1.87400752e-02
heavy,0.9170,2.58027371e+00,-3.43682711e+00,1.98957750e-02,3.69814012e-01,-4.54798612e-01,-6.46812563e-02,2.07358909e-02,-3.84679686e-02,2.63448730e-02,-1.83023794e-02
heavy,0.9220,2.57293543e+00,-3.41655440e+00,1.98193051e-02,3.67612908e-01,-4.54810638e-01,-6.47081860e-02,2.08136995e-02,-3.81948789e-02,2.62343501e-02,-1.78698000e-02
heavy,0.9270,2.56562334e+00,-3.39668826e+00,1.97352742e-02,3.65455758e-01,-4.54820548e-01,-6.47410463e-02,2.08929510e-02,-3.79258366e-02,2.61220952e-02,-1.74422029e-02
heavy,0.9320,2.55833764e+00,-3.37721512e+00,1.96436605e-02,3.63341094e-01,-4.54828332e-01,-6.47796717e-02,2.09736509e-02,-3.76606703e-02,2.60080962e-02,-1.70194608e-02
heavy,0.9370,2.55107841e+00,-3.35812191e+00,1.95444556e-02,3.61267504e-01,-4.54833981e-01,-6.48239031e-02,2.10558034e-02,-3.73992146e-02,2.58923396e-02,-1.66014532e-02
heavy,0.9420,2.54384561e+00,-3.33939606e+00,1.94376637e-02,3.59233629e-01,-4.54837488e-01,-6.48735869e-02,2.11394110e-02,-3.71413097e-02,2.57748110e-02,-1.61880655e-02
heavy,0.9470,2.53663910e+00,-3.32102551e+00,1.93232999e-02,3.57238163e-01,-4.54838845e-01,-6.49285756e-02,2.12244753e-02,-3.68868013e-02,2.56554947e-02,-1.57791894e-02
heavy,0.9520,2.52945865e+00,-3.30299861e+00,1.92013896e-02,3.55279850e-01,-4.54838050e-01,-6.49887269e-02,2.13109967e-02,-3.66355402e-02,2.55343743e-02,-1.53747224e-02
heavy,0.9570,2.52230392e+00,-3.28530419e+00,1.90719676e-02,3.53357480e-01,-4.54835097e-01,-6.50539036e-02,2.13989745e-02,-3.63873819e-02,2.54114326e-02,-1.49745673e-02
heavy,0.9620,2.51517454e+00,-3.26793148e+00,1.89350767e-02,3.51469890e-01,-4.54829986e-01,-6.51239737e-02,2.14884071e-02,-3.61421867e-02,2.52866518e-02,-1.45786323e-02
heavy,0.9670,2.50807003e+00,-3.25087012e+00,1.87907675e-02,3.49615959e-01,-4.54822713e-01,-6.51988098e-02,2.15792921e-02,-3.58998195e-02,2.51600134e-02,-1.41868308e-02
heavy,0.9720,2.50098985e+00,-3.23411012e+00,1.86390971e-02,3.47794607e-01,-4.54813280e-01,-6.52782890e-02,2.16716263e-02,-3.56601490e-02,2.50314985e-02,-1.37990810e-02
heavy,0.9770,2.49393343e+00,-3.21764185e+00,1.84801288e-02,3.46004795e-01,-4.54801685e-01,-6.53622929e-02,2.17654059e-02,-3.54230483e-02,2.49010878e-02,-1.34153056e-02
heavy,0.9820,2.48690013e+00,-3.20145606e+00,1.83139315e-02,3.44245520e-01,-4.54787931e-01,-6.54507072e-02,2.18606262e-02,-3.51883940e-02,2.47687617e-02,-1.30354323e-02
heavy,0.9870,2.47988927e+00,-3.18554380e+00,1.81405787e-02,3.42515816e-01,-4.54772018e-01,-6.55434218e-02,2.19572824e-02,-3.49560666e-02,2.46345002e-02,-1.26593925e-02
heavy,0.9920,2.47290013e+00,-3.16989646e+00,1.79601485e-02,3.40814752e-01,-4.54753949e-01,-6.56403301e-02,2.20553686e-02,-3.47259499e-02,2.44982831e-02,-1.22871224e-02
heavy,0.9970,2.46593194e+00,-3.15450573e+00,1.77727227e-02,3.39141430e-01,-4.54733728e-01,-6.57413296e-02,2.21548790e-02,-3.44979311e-02,2.43600902e-02,-1.19185617e-02
heavy,1.0020,2.45898392e+00,-3.13936359e+00,1.75783866e-02,3.37494983e-01,-4.54711358e-01,-6.58463211e-02,2.22558071e-02,-3.42719006e-02,2.42199012e-02,-1.15536543e-02
heavy,1.0070,2.45205526e+00,-3.12446232e+00,1.73772285e-02,3.35874575e-01,-4.54686843e-01,-6.59552089e-02,2.23581459e-02,-3.40477515e-02,2.40776956e-02,-1.11923476e-02
heavy,1.0120,2.44514511e+00,-3.10979444e+00,1.71693394e-02,3.34279399e-01,-4.54660187e-01,-6.60679007e-02,2.24618884e-02,-3.38253801e-02,2.39334531e-02,-1.08345929e-02
heavy,1.0170,2.43825261e+00,-3.09535275e+00,1.69548126e-02,3.32708676e-01,-4.54631396e-01,-6.61843072e-02,2.25670271e-02,-3.36046852e-02,2.37871531e-02,-1.04803445e-02
heavy,1.0220,2.43137688e+00,-3.08113029e+00,1.67337432e-02,3.31161653e-01,-4.54600475e-01,-6.63043423e-02,2.26735541e-02,-3.33855682e-02,2.36387756e-02,-1.01295606e-02
heavy,1.0270,2.42451701e+00,-3.06712034e+00,1.65062282e-02,3.29637604e-01,-4.54567430e-01,-6.64279229e-02,2.27814616e-02,-3.31679330e-02,2.34883002e-02,-9.78220208e-03
heavy,1.0320,2.41767211e+00,-3.05331639e+00,1.62723661e-02,3.28135826e-01,-4.54532267e-01,-6.65549685e-02,2.28907412e-02,-3.29516859e-02,2.33357070e-02,-9.43823331e-03
heavy,1.0370,2.41084125e+00,-3.03971218e+00,1.60322565e-02,3.26655641e-01,-4.54494991e-01,-6.66854015e-02,2.30013846e-02,-3.27367353e-02,2.31809762e-02,-9.09762154e-03
heavy,1.0420,2.40402350e+00,-3.02630164e+00,1.57859999e-02,3.25196393e-01,-4.54455611e-01,-6.68191471e-02,2.31133831e-02,-3.25229917e-02,2.30240882e-02,-8.76033693e-03
heavy,1.0470,2.39721792e+00,-3.01307889e+00,1.55336977e-02,3.23757448e-01,-4.54414133e-01,-6.69561329e-02,2.32267280e-02,-3.23103677e-02,2.28650236e-02,-8.42635248e-03
heavy,1.0520,2.39042357e+00,-3.00003827e+00,1.52754518e-02,3.22338192e-01,-4.54370563e-01,-6.70962889e-02,2.33414103e-02,-3.20987777e-02,2.27037634e-02,-8.09564391e-03
heavy,1.0570,2.38363950e+00,-2.98717429e+00,1.50113648e-02,3.20938031e-01,-4.54324910e-01,-6.72395478e-02,2.34574211e-02,-3.18881381e-02,2.25402887e-02,-7.76818958e-03
heavy,1.0620,2.37686476e+00,-2.97448163e+00,1.47415392e-02,3.19556393e-01,-4.54277181e-01,-6.73858443e-02,2.35747511e-02,-3.16783667e-02,2.23745811e-02,-7.44397043e-03
heavy,1.0670,2.37009840e+00,-2.96195516e+00,1.44660779e-02,3.18192720e-01,-4.54227384e-01,-6.75351156e-02,2.36933911e-02,-3.14693832e-02,2.22066225e-02,-7.12296988e-03
heavy,1.0720,2.36333948e+00,-2.94958990e+00,1.41850837e-02,3.16846476e-01,-4.54175527e-01,-6.76873009e-02,2.38133317e-02,-3.12611087e-02,2.20363951e-02,-6.80517375e-03
heavy,1.0770,2.35658703e+00,-2.93738103e+00,1.38986594e-02,3.15517138e-01,-4.54121618e-01,-6.78423418e-02,2.39345635e-02,-3.10534658e-02,2.18638814e-02,-6.49057021e-03
heavy,1.0820,2.34984011e+00,-2.92532389e+00,1.36069075e-02,3.14204204e-01,-4.54065665e-01,-6.80001817e-02,2.40570768e-02,-3.08463784e-02,2.16890647e-02,-6.17914970e-03
heavy,1.0870,2.34309777e+00,-2.91341395e+00,1.33099304e-02,3.12907184e-01,-4.54007676e-01,-6.81607662e-02,2.41808621e-02,-3.06397718e-02,2.15119282e-02,-5.87090490e-03
heavy,1.0920,2.33635907e+00,-2.90164684e+00,1.30078298e-02,3.11625604e-01,-4.53947661e-01,-6.83240428e-02,2.43059095e-02,-3.04335724e-02,2.13324558e-02,-5.56583061e-03
heavy,1.0970,2.32962308e+00,-2.89001831e+00,1.27007072e-02,3.10359007e-01,-4.53885627e-01,-6.84899608e-02,2.44322094e-02,-3.02277078e-02,2.11506319e-02,-5.26392374e-03
heavy,1.1020,2.32288886e+00,-2.87852425e+00,1.23886635e-02,3.09106946e-01,-4.53821583e-01,-6.86584715e-02,2.45597517e-02,-3.00221069e-02,2.09664412e-02,-4.96518326e-03
heavy,1.1070,2.31615548e+00,-2.86716066e+00,1.20717990e-02,3.07868991e-01,-4.53755538e-01,-6.88295281e-02,2.46885267e-02,-2.98166991e-02,2.07798690e-02,-4.66961010e-03
heavy,1.1120,2.30942203e+00,-2.85592368e+00,1.17502134e-02,3.06644723e-01,-4.53687501e-01,-6.90030854e-02,2.48185241e-02,-2.96114154e-02,2.05909011e-02,-4.37720715e-03
heavy,1.1170,2.30268757e+00,-2.84480956e+00,1.14240057e-02,3.05433736e-01,-4.53617481e-01,-6.91791000e-02,2.49497340e-02,-2.94061871e-02,2.03995237e-02,-4.08797921e-03
heavy,1.1220,2.29595121e+00,-2.83381464e+00,1.10932742e-02,3.04235637e-01,-4.53545486e-01,-6.93575303e-02,2.50821461e-02,-2.92009467e-02,2.02057236e-02,-3.80193291e-03
heavy,1.1270,2.28921205e+00,-2.82293540e+00,1.07581163e-02,3.03050044e-01,-4.53471525e-01,-6.95383362e-02,2.52157501e-02,-2.89956273e-02,2.00094882e-02,-3.51907670e-03
heavy,1.1320,2.28246918e+00,-2.81216841e+00,1.04186287e-02,3.01876585e-01,-4.53395608e-01,-6.97214795e-02,2.53505357e-02,-2.87901628e-02,1.98108053e-02,-3.23942081e-03
heavy,1.1370,2.27572173e+00,-2.80151033e+00,1.00749074e-02,3.00714900e-01,-4.53317743e-01,-6.99069233e-02,2.54864924e-02,-2.85844877e-02,1.96096633e-02,-2.96297719e-03
heavy,1.1420,2.26896881e+00,-2.79095792e+00,9.72704727e-03,2.99564640e-01,-4.53237940e-01,-7.00946324e-02,2.56236096e-02,-2.83785371e-02,1.94060513e-02,-2.68975951e-03
heavy,1.1470,2.26220956e+00,-2.78050805e+00,9.37514251e-03,2.98425465e-01,-4.53156206e-01,-7.02845734e-02,2.57618767e-02,-2.81722467e-02,1.91999588e-02,-2.41978310e-03
heavy,1.1520,2.25544310e+00,-2.77015767e+00,9.01928634e-03,2.97297045e-01,-4.53072552e-01,-7.04767141e-02,2.59012828e-02,-2.79655527e-02,1.89913760e-02,-2.15306491e-03
heavy,1.1570,2.24866859e+00,-2.75990379e+00,8.65957111e-03,2.96179059e-01,-4.52986986e-01,-7.06710239e-02,2.60418171e-02,-2.77583917e-02,1.87802937e-02,-1.88962353e-03
heavy,1.1620,2.24188518e+00,-2.74974355e+00,8.29608822e-03,2.95071194e-01,-4.52899516e-01,-7.08674738e-02,2.61834685e-02,-2.75507007e-02,1.85667034e-02,-1.62947910e-03
heavy,1.1670,2.23509204e+00,-2.73967413e+00,7.92892817e-03,2.93973149e-01,-4.52810153e-01,-7.10660363e-02,2.63262257e-02,-2.73424171e-02,1.83505970e-02,-1.37265333e-03
heavy,1.1720,2.22828833e+00,-2.72969281e+00,7.55818049e-03,2.92884628e-01,-4.52718903e-01,-7.12666852e-02,2.64700775e-02,-2.71334787e-02,1.81319673e-02,-1.11916945e-03
heavy,1.1770,2.22147324e+00,-2.71979693e+00,7.18393381e-03,2.91805344e-01,-4.52625777e-01,-7.14693958e-02,2.66150124e-02,-2.69238233e-02,1.79108077e-02,-8.69052201e-04
heavy,1.1820,2.21464595e+00,-2.70998392e+00,6.80627579e-03,2.90735018e-01,-4.52530782e-01,-7.16741449e-02,2.67610187e-02,-2.67133892e-02,1.76871122e-02,-6.22327810e-04
heavy,1.1870,2.20780566e+00,-2.70025126e+00,6.42529317e-03,2.89673379e-01,-4.52433928e-01,-7.18809107e-02,2.69080845e-02,-2.65021147e-02,1.74608754e-02,-3.79023968e-04
heavy,1.1920,2.20095159e+00,-2.69059651e+00,6.04107172e-03,2.88620163e-01,-4.52335222e-01,-7.20896728e-02,2.70561977e-02,-2.62899383e-02,1.72320928e-02,-1.39169814e-04
heavy,1.1970,2.19408293e+00,-2.68101729e+00,5.65369630e-03,2.87575112e-01,-4.52234673e-01,-7.23004121e-02,2.72053461e-02,-2.60767986e-02,1.70007606e-02,9.72040811e-05
heavy,1.2020,2.18719893e+00,-2.67151128e+00,5.26325084e-03,2.86537976e-01,-4.52132289e-01,-7.25131111e-02,2.73555172e-02,-2.58626343e-02,1.67668755e-02,3.30065734e-04
heavy,1.2070,2.18029881e+00,-2.66207622e+00,4.86981831e-03,2.85508511e-01,-4.52028077e-01,-7.27277535e-02,2.75066981e-02,-2.56473840e-02,1.65304353e-02,5.59381758e-04
heavy,1.2120,2.17338180e+00,-2.65270992e+00,4.47348081e-03,2.84486478e-01,-4.51922047e-01,-7.29443245e-02,2.76588759e-02,-2.54309863e-02,1.62914381e-02,7.85117380e-04
heavy,1.2170,2.16644717e+00,-2.64341023e+00,4.07431947e-03,2.83471647e-01,-4.51814204e-01,-7.31628107e-02,2.78120374e-02,-2.52133798e-02,1.60498831e-02,1.00723645e-03
heavy,1.2220,2.15949417e+00,-2.63417507e+00,3.67241458e-03,2.82463791e-01,-4.51704558e-01,-7.33831999e-02,2.79661688e-02,-2.49945029e-02,1.58057703e-02,1.22570146e-03
heavy,1.2270,2.15252205e+00,-2.62500239e+00,3.26784550e-03,2.81462691e-01,-4.51593114e-01,-7.36054815e-02,2.81212564e-02,-2.47742940e-02,1.55591004e-02,1.44047352e-03
heavy,1.2320,2.14553011e+00,-2.61589022e+00,2.86069071e-03,2.80468131e-01,-4.51479880e-01,-7.38296462e-02,2.82772858e-02,-2.45526912e-02,1.53098748e-02,1.65151243e-03
heavy,1.2370,2.13851762e+00,-2.60683660e+00,2.45102784e-03,2.79479903e-01,-4.51364863e-01,-7.40556860e-02,2.84342426e-02,-2.43296324e-02,1.50580959e-02,1.85877661e-03
heavy,1.2420,2.13148386e+00,-2.59783967e+00,2.03893367e-03,2.78497802e-01,-4.51248070e-01,-7.42835943e-02,2.85921116e-02,-2.41050553e-02,1.48037669e-02,2.06222318e-03
heavy,1.2470,2.12442815e+00,-2.58889756e+00,1.62448411e-03,2.77521628e-01,-4.51129505e-01,-7.45133661e-02,2.87508777e-02,-2.38788972e-02,1.45468919e-02,2.26180790e-03
heavy,1.2520,2.11734977e+00,-2.58000848e+00,1.20775427e-03,2.76551187e-01,-4.51009176e-01,-7.47449974e-02,2.89105250e-02,-2.36510952e-02,1.42874759e-02,2.45748521e-03
heavy,1.2570,2.11024805e+00,-2.57117067e+00,7.88818433e-04,2.75586289e-01,-4.50887088e-01,-7.49784859e-02,2.90710373e-02,-2.34215858e-02,1.40255247e-02,2.64920825e-03
heavy,1.2620,2.10312231e+00,-2.56238242e+00,3.67750101e-04,2.74626749e-01,-4.50763247e-01,-7.52138307e-02,2.92323980e-02,-2.31903055e-02,1.37610451e-02,2.83692881e-03
heavy,1.2670,2.09597187e+00,-2.55364205e+00,-5.53780172e-05,2.73672384e-01,-4.50637656e-01,-7.54510321e-02,2.93945898e-02,-2.29571900e-02,1.34940450e-02,3.02059736e-03
heavy,1.2720,2.08879607e+00,-2.54494792e+00,-4.80493972e-04,2.72723019e-01,-4.50510320e-01,-7.56900919e-02,2.95575951e-02,-2.27221747e-02,1.32245331e-02,3.20016307e-03
heavy,1.2770,2.08159425e+00,-2.53629843e+00,-9.07526561e-04,2.71778479e-01,-4.50381245e-01,-7.59310135e-02,2.97213956e-02,-2.24851945e-02,1.29525190e-02,3.37557375e-03
heavy,1.2820,2.07436575e+00,-2.52769201e+00,-1.33640531e-03,2.70838595e-01,-4.50250432e-01,-7.61738015e-02,2.98859726e-02,-2.22461835e-02,1.26780136e-02,3.54677592e-03
heavy,1.2870,2.06710993e+00,-2.51912713e+00,-1.76706046e-03,2.69903203e-01,-4.50117886e-01,-7.64184621e-02,3.00513066e-02,-2.20050756e-02,1.24010286e-02,3.71371476e-03
heavy,1.2920,2.05982616e+00,-2.51060229e+00,-2.19942294e-03,2.68972139e-01,-4.49983609e-01,-7.66650029e-02,3.02173776e-02,-2.17618038e-02,1.21215770e-02,3.87633410e-03
heavy,1.2970,2.05251380e+00,-2.50211603e+00,-2.63342437e-03,2.68045246e-01,-4.49847603e-01,-7.69134328e-02,3.03841647e-02,-2.15163007e-02,1.18396727e-02,4.03457645e-03
heavy,1.3020,2.04517222e+00,-2.49366691e+00,-3.06899700e-03,2.67122368e-01,-4.49709869e-01,-7.71637626e-02,3.05516467e-02,-2.12684979e-02,1.15553309e-02,4.18838298e-03
heavy,1.3070,2.03780081e+00,-2.48525352e+00,-3.50607374e-03,2.66203354e-01,-4.49570409e-01,-7.74160043e-02,3.07198013e-02,-2.10183265e-02,1.12685678e-02,4.33769350e-03
heavy,1.3120,2.03039894e+00,-2.47687450e+00,-3.94458810e-03,2.65288054e-01,-4.49429223e-01,-7.76701713e-02,3.08886055e-02,-2.07657167e-02,1.09794010e-02,4.48244646e-03
heavy,1.3170,2.02296601e+00,-2.46852848e+00,-4.38447422e-03,2.64376323e-01,-4.49286310e-01,-7.79262789e-02,3.10580356e-02,-2.05105982e-02,1.06878490e-02,4.62257895e-03
heavy,1.3220,2.01550142e+00,-2.46021416e+00,-4.82566678e-03,2.63468018e-01,-4.49141670e-01,-7.81843437e-02,3.12280670e-02,-2.02528994e-02,1.03939320e-02,4.75802668e-03
heavy,1.3270,2.00800456e+00,-2.45193024e+00,-5.26810104e-03,2.62562999e-01,-4.48995300e-01,-7.84443838e-02,3.13986740e-02,-1.99925482e-02,1.00976711e-02,4.88872398e-03
heavy,1.3320,2.00047484e+00,-2.44367544e+00,-5.71171280e-03,2.61661128e-01,-4.48847198e-01,-7.87064190e-02,3.15698303e-02,-1.97294714e-02,9.79908900e-03,5.01460377e-03
heavy,1.3370,1.99291168e+00,-2.43544851e+00,-6.15643836e-03,2.60762272e-01,-4.48697361e-01,-7.89704709e-02,3.17415083e-02,-1.94635951e-02,9.49820962e-03,5.13559758e-03
heavy,1.3420,1.98531448e+00,-2.42724825e+00,-6.60221454e-03,2.59866297e-01,-4.48545784e-01,-7.92365622e-02,3.19136796e-02,-1.91948440e-02,9.19505838e-03,5.25163550e-03
heavy,1.3470,1.97768268e+00,-2.41907343e+00,-7.04897861e-03,2.58973074e-01,-4.48392462e-01,-7.95047178e-02,3.20863144e-02,-1.89231423e-02,8.88966213e-03,5.36264621e-03
heavy,1.3520,1.97001568e+00,-2.41092290e+00,-7.49666831e-03,2.58082475e-01,-4.48237390e-01,-7.97749640e-02,3.22593822e-02,-1.86484128e-02,8.58204925e-03,5.46855691e-03
heavy,1.3570,1.96231293e+00,-2.40279548e+00,-7.94522180e-03,2.57194376e-01,-4.48080558e-01,-8.00473286e-02,3.24328509e-02,-1.83705772e-02,8.27224965e-03,5.56929336e-03
heavy,1.3620,1.95457384e+00,-2.39469004e+00,-8.39457767e-03,2.56308653e-01,-4.47921960e-01,-8.03218414e-02,3.26066873e-02,-1.80895563e-02,7.96029486e-03,5.66477983e-03
heavy,1.3670,1.94679787e+00,-2.38660546e+00,-8.84467486e-03,2.55425184e-01,-4.47761586e-01,-8.05985339e-02,3.27808570e-02,-1.78052695e-02,7.64621805e-03,5.75493911e-03
heavy,1.3720,1.93898444e+00,-2.37854063e+00,-9.29545270e-03,2.54543852e-01,-4.47599425e-01,-8.08774391e-02,3.29553240e-02,-1.75176352e-02,7.33005411e-03,5.83969247e-03
heavy,1.3770,1.93113300e+00,-2.37049448e+00,-9.74685087e-03,2.53664539e-01,-4.47435466e-01,-8.11585921e-02,3.31300511e-02,-1.72265705e-02,7.01183971e-03,5.91895965e-03
heavy,1.3820,1.92324299e+00,-2.36246594e+00,-1.01988093e-02,2.52787129e-01,-4.47269694e-01,-8.14420296e-02,3.33049993e-02,-1.69319911e-02,6.69161332e-03,5.99265884e-03
heavy,1.3870,1.91531386e+00,-2.35445396e+00,-1.06512684e-02,2.51911509e-01,-4.47102097e-01,-8.17277901e-02,3.34801284e-02,-1.66338116e-02,6.36941532e-03,6.06070667e-03
heavy,1.3920,1.90734506e+00,-2.34645750e+00,-1.11041685e-02,2.51037567e-01,-4.46932656e-01,-8.20159140e-02,3.36553962e-02,-1.63319450e-02,6.04528803e-03,6.12301819e-03
heavy,1.3970,1.89933604e+00,-2.33847554e+00,-1.15574506e-02,2.50165193e-01,-4.46761356e-01,-8.23064436e-02,3.38307590e-02,-1.60263031e-02,5.71927582e-03,6.17950684e-03
heavy,1.4020,1.89128626e+00,-2.33050707e+00,-1.20110555e-02,2.49294278e-01,-4.46588176e-01,-8.25994231e-02,3.40061711e-02,-1.57167962e-02,5.39142514e-03,6.23008444e-03
heavy,1.4070,1.88319518e+00,-2.32255111e+00,-1.24649246e-02,2.48424714e-01,-4.46413096e-01,-8.28948986e-02,3.41815852e-02,-1.54033331e-02,5.06178459e-03,6.27466118e-03
heavy,1.4120,1.87506224e+00,-2.31460667e+00,-1.29189991e-02,2.47556396e-01,-4.46236093e-01,-8.31929180e-02,3.43569517e-02,-1.50858211e-02,4.73040506e-03,6.31314554e-03
heavy,1.4170,1.86688692e+00,-2.30667278e+00,-1.33732206e-02,2.46689220e-01,-4.46057142e-01,-8.34935314e-02,3.45322191e-02,-1.47641661e-02,4.39733975e-03,6.34544438e-03
heavy,1.4220,1.85866866e+00,-2.29874849e+00,-1.38275306e-02,2.45823080e-01,-4.45876217e-01,-8.37967908e-02,3.47073338e-02,-1.44382723e-02,4.06264427e-03,6.37146280e-03
heavy,1.4270,1.85040693e+00,-2.29083286e+00,-1.42818710e-02,2.44957876e-01,-4.45693290e-01,-8.41027502e-02,3.48822397e-02,-1.41080421e-02,3.72637677e-03,6.39110419e-03
heavy,1.4320,1.84210120e+00,-2.28292493e+00,-1.47361834e-02,2.44093506e-01,-4.45508330e-01,-8.44114657e-02,3.50568787e-02,-1.37733766e-02,3.38859798e-03,6.40427020e-03
heavy,1.4370,1.83375091e+00,-2.27502380e+00,-1.51904096e-02,2.43229871e-01,-4.45321303e-01,-8.47229954e-02,3.52311898e-02,-1.34341750e-02,3.04937135e-03,6.41086070e-03
heavy,1.4420,1.82535555e+00,-2.26712855e+00,-1.56444914e-02,2.42366870e-01,-4.45132175e-01,-8.50373996e-02,3.54051097e-02,-1.30903346e-02,2.70876312e-03,6.41077377e-03
heavy,1.4470,1.81691455e+00,-2.25923825e+00,-1.60983706e-02,2.41504406e-01,-4.44940908e-01,-8.53547406e-02,3.55785723e-02,-1.27417513e-02,2.36684246e-03,6.40390567e-03
heavy,1.4520,1.80842740e+00,-2.25135202e+00,-1.65519889e-02,2.40642381e-01,-4.44747461e-01,-8.56750830e-02,3.57515087e-02,-1.23883190e-02,2.02368157e-03,6.39015082e-03
heavy,1.4570,1.79989354e+00,-2.24346896e+00,-1.70052878e-02,2.39780698e-01,-4.44551790e-01,-8.59984934e-02,3.59238470e-02,-1.20299295e-02,1.67935581e-03,6.36940181e-03
heavy,1.4620,1.79131243e+00,-2.23558818e+00,-1.74582088e-02,2.38919263e-01,-4.44353851e-01,-8.63250408e-02,3.60955121e-02,-1.16664733e-02,1.33394382e-03,6.34154932e-03
heavy,1.4670,1.78268354e+00,-2.22770880e+00,-1.79106932e-02,2.38057979e-01,-4.44153593e-01,-8.66547962e-02,3.62664259e-02,-1.12978384e-02,9.87527628e-04,6.30648217e-03
heavy,1.4720,1.77400631e+00,-2.21982995e+00,-1.83626822e-02,2.37196751e-01,-4.43950965e-01,-8.69878330e-02,3.64365068e-02,-1.09239111e-02,6.40192835e-04,6.26408723e-03
heavy,1.4770,1.76528020e+00,-2.21195074e+00,-1.88141165e-02,2.36335486e-01,-4.43745912e-01,-8.73242269e-02,3.66056695e-02,-1.05445758e-02,2.92028723e-04,6.21424947e-03
heavy,1.4820,1.75650467e+00,-2.20407033e+00,-1.92649368e-02,2.35474089e-01,-4.43538374e-01,-8.76640556e-02,3.67738251e-02,-1.01597148e-02,-5.68715742e-05,6.15685188e-03
heavy,1.4870,1.74767915e+00,-2.19618783e+00,-1.97150834e-02,2.34612468e-01,-4.43328288e-01,-8.80073995e-02,3.69408809e-02,-9.76920817e-03,-4.06410922e-04,6.09177550e-03
heavy,1.4920,1.73880309e+00,-2.18830239e+00,-2.01644962e-02,2.33750529e-01,-4.43115589e-01,-8.83543409e-02,3.71067401e-02,-9.37293421e-03,-7.56488013e-04,6.01889940e-03
heavy,1.4970,1.72987594e+00,-2.18041316e+00,-2.06131147e-02,2.32888179e-01,-4.42900205e-01,-8.87049647e-02,3.72713016e-02,-8.97076892e-03,-1.10699719e-03,5.93810065e-03
heavy,1.5020,1.72089712e+00,-2.17251927e+00,-2.10608782e-02,2.32025326e-01,-4.42682063e-01,-8.90593580e-02,3.74344598e-02,-8.56258622e-03,-1.45782827e-03,5.84925430e-03
heavy,1.5070,1.71186608e+00,-2.16461986e+00,-2.15077252e-02,2.31161877e-01,-4.42461083e-01,-8.94176105e-02,3.75961046e-02,-8.14825785e-03,-1.80886635e-03,5.75223343e-03
heavy,1.5120,1.70278224e+00,-2.15671409e+00,-2.19535938e-02,2.30297739e-01,-4.42237183e-01,-8.97798139e-02,3.77561210e-02,-7.72765341e-03,-2.15999158e-03,5.64690905e-03
heavy,1.5170,1.69364503e+00,-2.14880109e+00,-2.23984216e-02,2.29432821e-01,-4.42010273e-01,-9.01460625e-02,3.79143887e-02,-7.30064026e-03,-2.51107900e-03,5.53315021e-03
heavy,1.5220,1.68445385e+00,-2.14088001e+00,-2.28421456e-02,2.28567028e-01,-4.41780260e-01,-9.05164528e-02,3.80707823e-02,-6.86708357e-03,-2.86199829e-03,5.41082389e-03
heavy,1.5270,1.67520812e+00,-2.13294999e+00,-2.32847020e-02,2.27700269e-01,-4.41547046e-01,-9.08910837e-02,3.82251709e-02,-6.42684630e-03,-3.21261351e-03,5.27979508e-03
heavy,1.5320,1.66590724e+00,-2.12501016e+00,-2.37260264e-02,2.26832450e-01,-4.41310527e-01,-9.12700567e-02,3.83774175e-02,-5.97978916e-03,-3.56278291e-03,5.13992676e-03
heavy,1.5370,1.65655062e+00,-2.11705967e+00,-2.41660534e-02,2.25963478e-01,-4.41070593e-01,-9.16534752e-02,3.85273791e-02,-5.52577061e-03,-3.91235865e-03,4.99107991e-03
heavy,1.5420,1.64713763e+00,-2.10909764e+00,-2.46047171e-02,2.25093259e-01,-4.40827127e-01,-9.20414451e-02,3.86749064e-02,-5.06464690e-03,-4.26118650e-03,4.83311353e-03
heavy,1.5470,1.63766767e+00,-2.10112320e+00,-2.50419504e-02,2.24221698e-01,-4.40580008e-01,-9.24340748e-02,3.88198433e-02,-4.59627204e-03,-4.60910562e-03,4.66588467e-03
heavy,1.5520,1.62814009e+00,-2.09313548e+00,-2.54776854e-02,2.23348700e-01,-4.40329106e-01,-9.28314746e-02,3.89620267e-02,-4.12049781e-03,-4.95594821e-03,4.48924843e-03
heavy,1.5570,1.61855427e+00,-2.08513358e+00,-2.59118532e-02,2.22474171e-01,-4.40074286e-01,-9.32337573e-02,3.91012864e-02,-3.63717379e-03,-5.30153923e-03,4.30305803e-03
heavy,1.5620,1.60890955e+00,-2.07711662e+00,-2.63443836e-02,2.21598013e-01,-4.39815405e-01,-9.36410378e-02,3.92374441e-02,-3.14614739e-03,-5.64569606e-03,4.10716484e-03
heavy,1.5670,1.59920528e+00,-2.06908369e+00,-2.67752055e-02,2.20720129e-01,-4.39552310e-01,-9.40534330e-02,3.93703137e-02,-2.64726384e-03,-5.98822816e-03,3.90141841e-03
heavy,1.5720,1.58944078e+00,-2.06103390e+00,-2.72042464e-02,2.19840421e-01,-4.39284845e-01,-9.44710620e-02,3.94997009e-02,-2.14036630e-03,-6.32893673e-03,3.68566657e-03
heavy,1.5770,1.57961537e+00,-2.05296631e+00,-2.76314323e-02,2.18958790e-01,-4.39012841e-01,-9.48940460e-02,3.96254021e-02,-1.62529583e-03,-6.66761431e-03,3.45975543e-03
heavy,1.5820,1.56972837e+00,-2.04488001e+00,-2.80566882e-02,2.18075136e-01,-4.38736122e-01,-9.53225079e-02,3.97472050e-02,-1.10189152e-03,-7.00404438e-03,3.22352954e-03
heavy,1.5870,1.55977904e+00,-2.03677404e+00,-2.84799372e-02,2.17189356e-01,-4.38454503e-01,-9.57565725e-02,3.98648871e-02,-5.69990489e-04,-7.33800099e-03,2.97683192e-03
heavy,1.5920,1.54976668e+00,-2.02864747e+00,-2.89011011e-02,2.16301348e-01,-4.38167789e-01,-9.61963664e-02,3.99782163e-02,-2.94280293e-05,-7.66924826e-03,2.71950418e-03
heavy,1.5970,1.53969055e+00,-2.02049933e+00,-2.93200997e-02,2.15411008e-01,-4.37875775e-01,-9.66420176e-02,4.00869495e-02,5.19962345e-04,-7.99753999e-03,2.45138663e-03
heavy,1.6020,1.52954987e+00,-2.01232862e+00,-2.97368512e-02,2.14518230e-01,-4.37578246e-01,-9.70936558e-02,4.01908327e-02,1.07834877e-03,-8.32261913e-03,2.17231844e-03
heavy,1.6070,1.51934389e+00,-2.00413437e+00,-3.01512719e-02,2.13622905e-01,-4.37274973e-01,-9.75514118e-02,4.02896001e-02,1.64590092e-03,-8.64421732e-03,1.88213774e-03
heavy,1.6120,1.50907180e+00,-1.99591554e+00,-3.05632760e-02,2.12724924e-01,-4.36965720e-01,-9.80154177e-02,4.03829740e-02,2.22278984e-03,-8.96205432e-03,1.58068182e-03
heavy,1.6170,1.49873280e+00,-1.98767112e+00,-3.09727756e-02,2.11824175e-01,-4.36650235e-01,-9.84858064e-02,4.04706636e-02,2.80918785e-03,-9.27583749e-03,1.26778730e-03
heavy,1.6220,1.48832604e+00,-1.97940005e+00,-3.13796803e-02,2.10920546e-01,-4.36328255e-01,-9.89627116e-02,4.05523648e-02,3.40526829e-03,-9.58526121e-03,9.43290355e-04
heavy,1.6270,1.47785068e+00,-1.97110125e+00,-3.17838975e-02,2.10013919e-01,-4.35999503e-01,-9.94462674e-02,4.06277597e-02,4.01120538e-03,-9.89000623e-03,6.07026910e-04
heavy,1.6320,1.46730582e+00,-1.96277363e+00,-3.21853319e-02,2.09104176e-01,-4.35663689e-01,-9.99366084e-02,4.06965154e-02,4.62717394e-03,-1.01897391e-02,2.58832923e-04
heavy,1.6370,1.45669057e+00,-1.95441607e+00,-3.25838856e-02,2.08191197e-01,-4.35320505e-01,-1.00433869e-01,4.07582837e-02,5.25334922e-03,-1.04841114e-02,-1.01455338e-04
heavy,1.6420,1.44600398e+00,-1.94602743e+00,-3.29794576e-02,2.07274857e-01,-4.34969633e-01,-1.00938183e-01,4.08127002e-02,5.88990652e-03,-1.07727592e-02,-4.74000989e-04
heavy,1.6470,1.43524511e+00,-1.93760652e+00,-3.33719439e-02,2.06355029e-01,-4.34610733e-01,-1.01449683e-01,4.08593838e-02,6.53702099e-03,-1.10553021e-02,-8.58966176e-04
heavy,1.6520,1.42441295e+00,-1.92915215e+00,-3.37612373e-02,2.05431584e-01,-4.34243453e-01,-1.01968502e-01,4.08979353e-02,7.19486717e-03,-1.13313426e-02,-1.25651170e-03
heavy,1.6570,1.41350647e+00,-1.92066309e+00,-3.41472270e-02,2.04504388e-01,-4.33867419e-01,-1.02494771e-01,4.09279372e-02,7.86361872e-03,-1.16004653e-02,-1.66679657e-03
heavy,1.6620,1.40252464e+00,-1.91213806e+00,-3.45297985e-02,2.03573303e-01,-4.33482242e-01,-1.03028617e-01,4.09489522e-02,8.54344792e-03,-1.18622360e-02,-2.08997760e-03
heavy,1.6670,1.39146633e+00,-1.90357575e+00,-3.49088333e-02,2.02638190e-01,-4.33087511e-01,-1.03570167e-01,4.09605228e-02,9.23452523e-03,-1.21162009e-02,-2.52620882e-03
heavy,1.6720,1.38033043e+00,-1.89497484e+00,-3.52842090e-02,2.01698901e-01,-4.32682796e-01,-1.04119543e-01,4.09621698e-02,9.93701879e-03,-1.23618853e-02,-2.97564095e-03
heavy,1.6770,1.36911576e+00,-1.88633393e+00,-3.56557983e-02,2.00755289e-01,-4.32267645e-01,-1.04676865e-01,4.09533917e-02,1.06510938e-02,-1.25987932e-02,-3.43842082e-03
heavy,1.6820,1.35782109e+00,-1.87765159e+00,-3.60234696e-02,1.99807199e-01,-4.31841583e-01,-1.05242247e-01,4.09336633e-02,1.13769121e-02,-1.28264058e-02,-3.91469059e-03
heavy,1.6870,1.34644517e+00,-1.86892636e+00,-3.63870857e-02,1.98854471e-01,-4.31404111e-01,-1.05815798e-01,4.09024346e-02,1.21146311e-02,-1.30441804e-02,-4.40458712e-03
heavy,1.6920,1.33498667e+00,-1.86015671e+00,-3.67465046e-02,1.97896941e-01,-4.30954708e-01,-1.06397621e-01,4.08591298e-02,1.28644034e-02,-1.32515498e-02,-4.90824108e-03
heavy,1.6970,1.32344422e+00,-1.85134106e+00,-3.71015780e-02,1.96934439e-01,-4.30492824e-01,-1.06987814e-01,4.08031457e-02,1.36263757e-02,-1.34479205e-02,-5.42577606e-03
heavy,1.7020,1.31181640e+00,-1.84247779e+00,-3.74521517e-02,1.95966788e-01,-4.30017883e-01,-1.07586463e-01,4.07338506e-02,1.44006882e-02,-1.36326717e-02,-5.95730760e-03
heavy,1.7070,1.30010173e+00,-1.83356519e+00,-3.77980650e-02,1.94993805e-01,-4.29529281e-01,-1.08193649e-01,4.06505828e-02,1.51874732e-02,-1.38051539e-02,-6.50294214e-03
heavy,1.7120,1.28829864e+00,-1.82460152e+00,-3.81391499e-02,1.94015300e-01,-4.29026383e-01,-1.08809441e-01,4.05526490e-02,1.59868543e-02,-1.39646878e-02,-7.06277577e-03
heavy,1.7170,1.27640551e+00,-1.81558495e+00,-3.84752310e-02,1.93031076e-01,-4.28508524e-01,-1.09433895e-01,4.04393232e-02,1.67989452e-02,-1.41105625e-02,-7.63689300e-03
heavy,1.7220,1.26442066e+00,-1.80651358e+00,-3.88061249e-02,1.92040927e-01,-4.27975006e-01,-1.10067056e-01,4.03098445e-02,1.76238482e-02,-1.42420342e-02,-8.22536533e-03
heavy,1.7270,1.25234229e+00,-1.79738542e+00,-3.91316394e-02,1.91044640e-01,-4.27425095e-01,-1.10708955e-01,4.01634156e-02,1.84616529e-02,-1.43583244e-02,-8.82824969e-03
heavy,1.7320,1.24016855e+00,-1.78819842e+00,-3.94515730e-02,1.90041992e-01,-4.26858023e-01,-1.11359603e-01,3.99992014e-02,1.93124347e-02,-1.44586185e-02,-9.44558673e-03
heavy,1.7370,1.22789748e+00,-1.77895042e+00,-3.97657143e-02,1.89032749e-01,-4.26272982e-01,-1.12018998e-01,3.98163262e-02,2.01762527e-02,-1.45420639e-02,-1.00773990e-02
heavy,1.7420,1.21552703e+00,-1.76963918e+00,-4.00738409e-02,1.88016668e-01,-4.25669127e-01,-1.12687113e-01,3.96138727e-02,2.10531484e-02,-1.46077681e-02,-1.07236889e-02
heavy,1.7470,1.20305503e+00,-1.76026232e+00,-4.03757191e-02,1.86993494e-01,-4.25045569e-01,-1.13363901e-01,3.93908792e-02,2.19431431e-02,-1.46547971e-02,-1.13844364e-02
heavy,1.7520,1.19047920e+00,-1.75081739e+00,-4.06711024e-02,1.85962961e-01,-4.24401377e-01,-1.14049291e-01,3.91463376e-02,2.28462359e-02,-1.46821729e-02,-1.20595967e-02
heavy,1.7570,1.17779714e+00,-1.74130179e+00,-4.09597309e-02,1.84924789e-01,-4.23735573e-01,-1.14743181e-01,3.88791913e-02,2.37624011e-02,-1.46888717e-02,-1.27490974e-02
heavy,1.7620,1.16500630e+00,-1.73171281e+00,-4.12413300e-02,1.83878682e-01,-4.23047133e-01,-1.15445441e-01,3.85883324e-02,2.46915855e-02,-1.46738216e-02,-1.34528359e-02
heavy,1.7670,1.15210401e+00,-1.72204758e+00,-4.15156092e-02,1.82824333e-01,-4.22334980e-01,-1.16155906e-01,3.82725991e-02,2.56337054e-02,-1.46359004e-02,-1.41706756e-02
heavy,1.7720,1.13908741e+00,-1.71230308e+00,-4.17822611e-02,1.81761414e-01,-4.21597987e-01,-1.16874374e-01,3.79307734e-02,2.65886436e-02,-1.45739328e-02,-1.49024431e-02
heavy,1.7770,1.12595350e+00,-1.70247613e+00,-4.20409590e-02,1.80689582e-01,-4.20834971e-01,-1.17600602e-01,3.75615776e-02,2.75562452e-02,-1.44866883e-02,-1.56479236e-02
heavy,1.7820,1.11269905e+00,-1.69256338e+00,-4.22913563e-02,1.79608474e-01,-4.20044690e-01,-1.18334301e-01,3.71636719e-02,2.85363142e-02,-1.43728781e-02,-1.64068571e-02
heavy,1.7870,1.09932065e+00,-1.68256128e+00,-4.25330840e-02,1.78517706e-01,-4.19225842e-01,-1.19075129e-01,3.67356506e-02,2.95286087e-02,-1.42311524e-02,-1.71789337e-02
heavy,1.7920,1.08581467e+00,-1.67246605e+00,-4.27657486e-02,1.77416870e-01,-4.18377062e-01,-1.19822694e-01,3.62760389e-02,3.05328366e-02,-1.40600975e-02,-1.79637882e-02
heavy,1.7970,1.07217723e+00,-1.66227370e+00,-4.29889304e-02,1.76305535e-01,-4.17496917e-01,-1.20576536e-01,3.57832893e-02,3.15486498e-02,-1.38582325e-02,-1.87609945e-02
heavy,1.8020,1.05840417e+00,-1.65197999e+00,-4.32021801e-02,1.75183242e-01,-4.16583904e-01,-1.21336133e-01,3.52557778e-02,3.25756387e-02,-1.36240060e-02,-1.95700595e-02
heavy,1.8070,1.04449103e+00,-1.64158039e+00,-4.34050165e-02,1.74049502e-01,-4.15636447e-01,-1.22100885e-01,3.46917994e-02,3.36133260e-02,-1.33557929e-02,-2.03904160e-02
heavy,1.8120,1.03043304e+00,-1.63107010e+00,-4.35969228e-02,1.72903794e-01,-4.14652893e-01,-1.22870111e-01,3.40895642e-02,3.46611588e-02,-1.30518902e-02,-2.12214148e-02
heavy,1.8170,1.01622505e+00,-1.62044395e+00,-4.37773432e-02,1.71745562e-01,-4.13631507e-01,-1.23643038e-01,3.34471924e-02,3.57185017e-02,-1.27105133e-02,-2.20623166e-02
heavy,1.8220,1.00186153e+00,-1.60969644e+00,-4.39456784e-02,1.70574210e-01,-4.12570468e-01,-1.24418793e-01,3.27627092e-02,3.67846273e-02,-1.23297920e-02,-2.29122824e-02
heavy,1.8270,9.87336474e-01,-1.59882167e+00,-4.41012810e-02,1.69389099e-01,-4.11467868e-01,-1.25196391e-01,3.20340396e-02,3.78587068e-02,-1.19077658e-02,-2.37703627e-02
heavy,1.8320,9.72643410e-01,-1.58781327e+00,-4.42434497e-02,1.68189542e-01,-4.10321701e-01,-1.25974725e-01,3.12590022e-02,3.89397991e-02,-1.14423796e-02,-2.46354861e-02
heavy,1.8370,9.57775291e-01,-1.57666441e+00,-4.43714234e-02,1.66974801e-01,-4.09129864e-01,-1.26752551e-01,3.04353029e-02,4.00268389e-02,-1.09314779e-02,-2.55064456e-02
heavy,1.8420,9.42724453e-01,-1.56536771e+00,-4.44843733e-02,1.65744076e-01,-4.07890149e-01,-1.27528475e-01,2.95605283e-02,4.11186225e-02,-1.03728001e-02,-2.63818844e-02
heavy,1.8470,9.27482530e-01,-1.55391518e+00,-4.45813951e-02,1.64496506e-01,-4.06600237e-01,-1.28300932e-01,2.86321374e-02,4.22137930e-02,-9.76397460e-03,-2.72602787e-02
heavy,1.8520,9.12040363e-01,-1.54229818e+00,-4.46614987e-02,1.63231155e-01,-4.05257694e-01,-1.29068172e-01,2.76474538e-02,4.33108230e-02,-9.10251193e-03,-2.81399189e-02
heavy,1.8570,8.96387897e-01,-1.53050729e+00,-4.47235969e-02,1.61947004e-01,-4.03859958e-01,-1.29828237e-01,2.66036561e-02,4.44079943e-02,-8.38579847e-03,-2.90188883e-02
heavy,1.8620,8.80514050e-01,-1.51853224e+00,-4.47664919e-02,1.60642945e-01,-4.02404342e-01,-1.30578934e-01,2.54977675e-02,4.55033764e-02,-7.61108872e-03,-2.98950383e-02
heavy,1.8670,8.64406571e-01,-1.50636182e+00,-4.47888590e-02,1.59317765e-01,-4.00888015e-01,-1.31317808e-01,2.43266443e-02,4.65947997e-02,-6.77549714e-03,-3.07659602e-02
heavy,1.8720,8.48051863e-01,-1.49398374e+00,-4.47892284e-02,1.57970135e-01,-3.99308000e-01,-1.32042110e-01,2.30869630e-02,4.76798270e-02,-5.87598904e-03,-3.16289530e-02
heavy,1.8770,8.31434770e-01,-1.48138447e+00,-4.47659617e-02,1.56598591e-01,-3.97661164e-01,-1.32748760e-01,2.17752048e-02,4.87557178e-02,-4.90937061e-03,-3.24809851e-02
heavy,1.8820,8.14538330e-01,-1.46854907e+00,-4.47172249e-02,1.55201521e-01,-3.95944201e-01,-1.33434299e-01,2.03876393e-02,4.98193889e-02,-3.87227768e-03,-3.33186504e-02
heavy,1.8870,7.97343462e-01,-1.45546099e+00,-4.46409554e-02,1.53777134e-01,-3.94153627e-01,-1.34094838e-01,1.89203045e-02,5.08673666e-02,-2.76116324e-03,-3.41381156e-02
heavy,1.8920,7.79828594e-01,-1.44210186e+00,-4.45348210e-02,1.52323444e-01,-3.92285762e-01,-1.34725998e-01,1.73689840e-02,5.18957298e-02,-1.57228332e-03,-3.49350588e-02
heavy,1.8970,7.61969201e-01,-1.42845112e+00,-4.43961703e-02,1.50838229e-01,-3.90336715e-01,-1.35322833e-01,1.57291807e-02,5.29000427e-02,-3.01681257e-04,-3.57045943e-02
heavy,1.9020,7.43737223e-01,-1.41448575e+00,-4.42219701e-02,1.49319000e-01,-3.88302366e-01,-1.35879740e-01,1.39960855e-02,5.38752721e-02,1.05483022e-03,-3.64411827e-02
heavy,1.9070,7.25100347e-01,-1.40017981e+00,-4.40087266e-02,1.47762952e-01,-3.86178348e-01,-1.36390346e-01,1.21645406e-02,5.48156865e-02,2.50168893e-03,-3.71385201e-02
heavy,1.9120,7.06021073e-01,-1.38550392e+00,-4.37523863e-02,1.46166910e-01,-3.83960024e-01,-1.36847373e-01,1.02289955e-02,5.57147307e-02,4.04360551e-03,-3.77894006e-02
heavy,1.9170,6.86455534e-01,-1.37042466e+00,-4.34482064e-02,1.44527261e-01,-3.81642464e-01,-1.37242466e-01,8.18345561e-03,5.65648678e-02,5.68558776e-03,-3.83855446e-02
heavy,1.9220,6.66351933e-01,-1.35490379e+00,-4.30905873e-02,1.42839869e-01,-3.79220417e-01,-1.37565968e-01,6.02141984e-03,5.73573776e-02,7.43296645e-03,-3.89173787e-02
heavy,1.9270,6.45648485e-01,-1.33889727e+00,-4.26728497e-02,1.41099976e-01,-3.76688290e-01,-1.37806643e-01,3.73580751e-03,5.80820950e-02,9.29142086e-03,-3.93737529e-02
heavy,1.9320,6.24270639e-01,-1.32235415e+00,-4.21869339e-02,1.39302071e-01,-3.74040124e-01,-1.37951295e-01,1.31887185e-03,5.87270645e-02,1.12670006e-02,-3.97415674e-02
heavy,1.9370,6.02127258e-01,-1.30521505e+00,-4.16229873e-02,1.37439735e-01,-3.71269586e-01,-1.37984275e-01,-1.23789938e-03,5.92780755e-02,1.33661363e-02,-4.00052745e-02
heavy,1.9420,5.79105268e-01,-1.28741040e+00,-4.09687858e-02,1.35505449e-01,-3.68369984e-01,-1.37886799e-01,-3.94389348e-03,5.97180237e-02,1.55956248e-02,-4.01461991e-02
heavy,1.9470,5.55061975e-01,-1.26885829e+00,-4.02089027e-02,1.33490355e-01,-3.65334340e-01,-1.37635996e-01,-6.80948216e-03,6.00260138e-02,1.79625593e-02,-4.01415912e-02
heavy,1.9520,5.29813735e-01,-1.24946192e+00,-3.93234849e-02,1.31383992e-01,-3.62155570e-01,-1.37203558e-01,-9.84610248e-03,6.01760669e-02,2.04741472e-02,-3.99632747e-02
heavy,1.9570,5.03118756e-01,-1.22910709e+00,-3.82863925e-02,1.29174010e-01,-3.58826912e-01,-1.36553766e-01,-1.30662407e-02,6.01352037e-02,2.31372929e-02,-3.95756727e-02
heavy,1.9620,4.74650086e-01,-1.20766029e+00,-3.70622795e-02,1.26845978e-01,-3.55342830e-01,-1.35640515e-01,-1.64831529e-02,5.98605204e-02,2.59576889e-02,-3.89328400e-02
heavy,1.9670,4.43951614e-01,-1.18497025e+00,-3.56018366e-02,1.24383540e-01,-3.51700998e-01,-1.34402745e-01,-2.01099172e-02,5.92945799e-02,2.89378425e-02,-3.79738916e-02
heavy,1.9720,4.10363504e-01,-1.16088010e+00,-3.38337301e-02,1.21769741e-01,-3.47906683e-01,-1.32757234e-01,-2.39567959e-02,5.83579263e-02,3.20726989e-02,-3.66158033e-02
heavy,1.9770,3.72891203e-01,-1.13527212e+00,-3.16504409e-02,1.18991850e-01,-3.43982841e-01,-1.30587233e-01,-2.80242096e-02,5.69366704e-02,3.53395589e-02,-3.47420433e-02
heavy,1.9820,3.29971659e-01,-1.10821229e+00,-2.88829901e-02,1.16057004e-01,-3.39994506e-01,-1.27725580e-01,-3.22838175e-02,5.48622312e-02,3.86737047e-02,-3.21856952e-02
heavy,1.9870,2.79085912e-01,-1.08041173e+00,-2.52590580e-02,1.13042079e-01,-3.36110127e-01,-1.23937702e-01,-3.66262562e-02,5.18835465e-02,4.19070972e-02,-2.87124519e-02
heavy,1.9920,2.16432892e-01,-1.05466429e+00,-2.03677181e-02,1.10249112e-01,-3.32749502e-01,-1.18955132e-01,-4.07208520e-02,4.76669754e-02,4.46204893e-02,-2.40541105e-02
heavy,1.9970,1.38857879e-01,-1.03924998e+00,-1.38679194e-02,1.08573241e-01,-3.30801238e-01,-1.12798389e-01,-4.37531173e-02,4.20395920e-02,4.59260322e-02,-1.82313858e-02
heavy,2.0020,5.36450394e-02,-1.04744837e+00,-6.54713939e-03,1.09450094e-01,-3.31154338e-01,-1.06589802e-01,-4.46642755e-02,3.58132870e-02,4.49357058e-02,-1.23665422e-02
heavy,2.0070,-1.99255450e-02,-1.07876932e+00,-4.89711354e-04,1.12826684e-01,-3.33099180e-01,-1.01888935e-01,-4.37137681e-02,3.05588186e-02,4.23601052e-02,-8.01861989e-03
heavy,2.0120,-7.49906833e-02,-1.11811972e+00,3.56239820e-03,1.17071321e-01,-3.35252382e-01,-9.87393911e-02,-4.21248636e-02,2.66721705e-02,3.95832347e-02,-5.23038574e-03
heavy,2.0170,-1.16467326e-01,-1.15647058e+00,6.14075151e-03,1.21207901e-01,-3.37097435e-01,-9.65198303e-02,-4.05291276e-02,2.37426364e-02,3.71218514e-02,-3.37966996e-03
heavy,2.0220,-1.49391541e-01,-1.19145262e+00,7.78978824e-03,1.24980284e-01,-3.38598280e-01,-9.48167066e-02,-3.90803556e-02,2.14117084e-02,3.50120554e-02,-2.05223828e-03
heavy,2.0270,-1.76840914e-01,-1.22293899e+00,8.84222046e-03,1.28374756e-01,-3.39816413e-01,-9.34185083e-02,-3.77889646e-02,1.94705609e-02,3.31923013e-02,-1.03602164e-03
heavy,2.0320,-2.00603158e-01,-1.25132295e+00,9.49131436e-03,1.31433833e-01,-3.40813933e-01,-9.22150633e-02,-3.66346013e-02,1.77996012e-02,3.16004051e-02,-2.20391148e-04
heavy,2.0370,-2.21755901e-01,-1.27705091e+00,9.85357033e-03,1.34205774e-01,-3.41639086e-01,-9.11447605e-02,-3.55941567e-02,1.63265920e-02,3.01880172e-02,4.56647159e-04
heavy,2.0420,-2.40982907e-01,-1.30051398e+00,1.00029088e-02,1.36732863e-01,-3.42327655e-01,-9.01705777e-02,-3.46477759e-02,1.50052053e-02,2.89192459e-02,1.03244277e-03
heavy,2.0470,-2.58739538e-01,-1.32203370e+00,9.98855814e-03,1.39049860e-01,-3.42906206e-01,-8.92688391e-02,-3.37794827e-02,1.38041073e-02,2.77674170e-02,1.53095540e-03
heavy,2.0520,-2.75342070e-01,-1.34187043e+00,9.84471026e-03,1.41184912e-01,-3.43394747e-01,-8.84235976e-02,-3.29766112e-02,1.27011402e-02,2.67124188e-02,1.96838242e-03
heavy,2.0570,-2.91018171e-01,-1.36023527e+00,9.59597795e-03,1.43160840e-01,-3.43808607e-01,-8.76236393e-02,-3.22291002e-02,1.16800442e-02,2.57388167e-02,2.35616040e-03
heavy,2.0620,-3.05936770e-01,-1.37730065e+00,9.26062380e-03,1.44996287e-01,-3.44159743e-01,-8.68607914e-02,-3.15288926e-02,1.07285161e-02,2.48345556e-02,2.70266219e-03
heavy,2.0670,-3.20226490e-01,-1.39320877e+00,8.85255295e-03,1.46706623e-01,-3.44457631e-01,-8.61289165e-02,-3.08694708e-02,9.83700391e-03,2.39900634e-02,3.01420662e-03
heavy,2.0720,-3.33987455e-01,-1.40807806e+00,8.38258976e-03,1.48304655e-01,-3.44709894e-01,-8.54232869e-02,-3.02455069e-02,8.99792900e-03,2.31976257e-02,3.29568632e-03
heavy,2.0770,-3.47299112e-01,-1.42200815e+00,7.85932294e-03,1.49801151e-01,-3.44922744e-01,-8.47401822e-02,-2.96526005e-02,8.20516637e-03,2.24509410e-02,3.55097329e-03
heavy,2.0820,-3.60225555e-01,-1.43508362e+00,7.28968161e-03,1.51205256e-01,-3.45101308e-01,-8.40766194e-02,-2.90870826e-02,7.45368648e-03,2.17447996e-02,3.78318985e-03
heavy,2.0870,-3.72819252e-01,-1.44737688e+00,6.67933803e-03,1.52524798e-01,-3.45249856e-01,-8.34301685e-02,-2.85458661e-02,6.73930218e-03,2.10748473e-02,3.99489492e-03
heavy,2.0920,-3.85123709e-01,-1.45895043e+00,6.03299560e-03,1.53766533e-01,-3.45371985e-01,-8.27988220e-02,-2.80263328e-02,6.05848537e-03,2.04374094e-02,4.18821554e-03
heavy,2.0970,-3.97175417e-01,-1.46985860e+00,5.35459911e-03,1.54936335e-01,-3.45470749e-01,-8.21809015e-02,-2.75262444e-02,5.40823178e-03,1.98293572e-02,4.36494170e-03
heavy,2.1020,-4.09005290e-01,-1.48014894e+00,4.64749084e-03,1.56039345e-01,-3.45548760e-01,-8.15749878e-02,-2.70436750e-02,4.78595908e-03,1.92480054e-02,4.52659628e-03
heavy,2.1070,-4.20639765e-01,-1.48986331e+00,3.91452862e-03,1.57080088e-01,-3.45608268e-01,-8.09798701e-02,-2.65769560e-02,4.18942904e-03,1.86910327e-02,4.67448749e-03
heavy,2.1120,-4.32101629e-01,-1.49903880e+00,3.15817611e-03,1.58062573e-01,-3.45651227e-01,-8.03945062e-02,-2.61246337e-02,3.61668719e-03,1.81564188e-02,4.80974877e-03
heavy,2.1170,-4.43410676e-01,-1.50770840e+00,2.38057306e-03,1.58990368e-01,-3.45679341e-01,-7.98179920e-02,-2.56854349e-02,3.06601532e-03,1.76423949e-02,4.93336979e-03
heavy,2.1220,-4.54584212e-01,-1.51590164e+00,1.58359048e-03,1.59866663e-01,-3.45694102e-01,-7.92495382e-02,-2.52582381e-02,2.53589373e-03,1.71474039e-02,5.04622062e-03
heavy,2.1270,-4.65637464e-01,-1.52364501e+00,7.68874433e-04,1.60694326e-01,-3.45696829e-01,-7.86884509e-02,-2.48420515e-02,2.02497085e-03,1.66700676e-02,5.14907101e-03
heavy,2.1320,-4.76583902e-01,-1.53096246e+00,-6.21187110e-05,1.61475941e-01,-3.45688688e-01,-7.81341171e-02,-2.44359942e-02,1.53203861e-03,1.62091605e-02,5.24260578e-03
heavy,2.1370,-4.87435507e-01,-1.53787562e+00,-9.08093788e-04,1.62213851e-01,-3.45670717e-01,-7.75859920e-02,-2.40392801e-02,1.05601218e-03,1.57635882e-02,5.32743736e-03
heavy,2.1420,-4.98202985e-01,-1.54440420e+00,-1.76789352e-03,1.62910183e-01,-3.45643842e-01,-7.70435896e-02,-2.36512055e-02,5.95913347e-04,1.53323695e-02,5.40411597e-03
heavy,2.1470,-5.08895941e-01,-1.55056612e+00,-2.64047931e-03,1.63566878e-01,-3.45608894e-01,-7.65064739e-02,-2.32711382e-02,1.50856549e-04,1.49146208e-02,5.47313812e-03
heavy,2.1520,-5.19523033e-01,-1.55637779e+00,-3.52491533e-03,1.64185707e-01,-3.45566618e-01,-7.59742528e-02,-2.28985083e-02,-2.79962760e-04,1.45095441e-02,5.53495356e-03
heavy,2.1570,-5.30092090e-01,-1.56185427e+00,-4.42035516e-03,1.64768299e-01,-3.45517689e-01,-7.54465717e-02,-2.25328002e-02,-6.97277953e-04,1.41164164e-02,5.58997121e-03
heavy,2.1620,-5.40610216e-01,-1.56700938e+00,-5.32603067e-03,1.65316149e-01,-3.45462716e-01,-7.49231094e-02,-2.21735468e-02,-1.10175959e-03,1.37345799e-02,5.63856405e-03
heavy,2.1670,-5.51083882e-01,-1.57185589e+00,-6.24124246e-03,1.65830636e-01,-3.45402252e-01,-7.44035737e-02,-2.18203228e-02,-1.49402257e-03,1.33634352e-02,5.68107340e-03
heavy,2.1720,-5.61518995e-01,-1.57640556e+00,-7.16535187e-03,1.66313034e-01,-3.45336800e-01,-7.38876978e-02,-2.14727409e-02,-1.87463222e-03,1.30024341e-02,5.71781245e-03
heavy,2.1770,-5.71920965e-01,-1.58066933e+00,-8.09777407e-03,1.66764522e-01,-3.45266819e-01,-7.33752378e-02,-2.11304469e-02,-2.24410964e-03,1.26510743e-02,5.74906936e-03
heavy,2.1820,-5.82294758e-01,-1.58465730e+00,-9.03797213e-03,1.67186194e-01,-3.45192728e-01,-7.28659701e-02,-2.07931164e-02,-2.60293623e-03,1.23088942e-02,5.77510992e-03
heavy,2.1870,-5.92644945e-01,-1.58837889e+00,-9.98545194e-03,1.67579069e-01,-3.45114911e-01,-7.23596887e-02,-2.04604514e-02,-2.95155773e-03,1.19754688e-02,5.79617983e-03
heavy,2.1920,-6.02975741e-01,-1.59184286e+00,-1.09397577e-02,1.67944093e-01,-3.45033722e-01,-7.18562041e-02,-2.01321781e-02,-3.29038767e-03,1.16504056e-02,5.81250674e-03
heavy,2.1970,-6.13291043e-01,-1.59505740e+00,-1.19004683e-02,1.68282151e-01,-3.44949484e-01,-7.13553409e-02,-1.98080439e-02,-3.61981048e-03,1.13333420e-02,5.82430198e-03
heavy,2.2020,-6.23594460e-01,-1.59803013e+00,-1.28671936e-02,1.68594068e-01,-3.44862498e-01,-7.08569367e-02,-1.94878154e-02,-3.94018411e-03,1.10239421e-02,5.83176210e-03
heavy,2.2070,-6.33889338e-01,-1.60076821e+00,-1.38395716e-02,1.68880617e-01,-3.44773039e-01,-7.03608411e-02,-1.91712769e-02,-4.25184251e-03,1.07218938e-02,5.83507022e-03
heavy,2.2120,-6.44178789e-01,-1.60327832e+00,-1.48172661e-02,1.69142522e-01,-3.44681362e-01,-6.98669140e-02,-1.88582284e-02,-4.55509766e-03,1.04269072e-02,5.83439724e-03
heavy,2.2170,-6.54465708e-01,-1.60556677e+00,-1.57999640e-02,1.69380461e-01,-3.44587705e-01,-6.93750249e-02,-1.85484842e-02,-4.85024148e-03,1.01387124e-02,5.82990292e-03
heavy,2.2220,-6.64752794e-01,-1.60763944e+00,-1.67873736e-02,1.69595074e-01,-3.44492288e-01,-6.88850523e-02,-1.82418718e-02,-5.13754754e-03,9.85705775e-03,5.82173679e-03
heavy,2.2270,-6.75042566e-01,-1.60950188e+00,-1.77792226e-02,1.69786960e-01,-3.44395314e-01,-6.83968822e-02,-1.79382302e-02,-5.41727251e-03,9.58170805e-03,5.81003901e-03
heavy,2.2320,-6.85337378e-01,-1.61115932e+00,-1.87752564e-02,1.69956684e-01,-3.44296972e-01,-6.79104082e-02,-1.76374098e-02,-5.68965751e-03,9.31244355e-03,5.79494115e-03
heavy,2.2370,-6.95639432e-01,-1.61261668e+00,-1.97752371e-02,1.70104776e-01,-3.44197442e-01,-6.74255303e-02,-1.73392706e-02,-5.95492936e-03,9.04905848e-03,5.77656684e-03
heavy,2.2420,-7.05950791e-01,-1.61387860e+00,-2.07789416e-02,1.70231740e-01,-3.44096887e-01,-6.69421547e-02,-1.70436816e-02,-6.21330162e-03,8.79135998e-03,5.75503240e-03
heavy,2.2470,-7.16273387e-01,-1.61494945e+00,-2.17861609e-02,1.70338049e-01,-3.43995462e-01,-6.64601929e-02,-1.67505205e-02,-6.46497561e-03,8.53916711e-03,5.73044738e-03
heavy,2.2520,-7.26609035e-01,-1.61583338e+00,-2.27966989e-02,1.70424149e-01,-3.43893312e-01,-6.59795617e-02,-1.64596724e-02,-6.71014129e-03,8.29230994e-03,5.70291508e-03
heavy,2.2570,-7.36959438e-01,-1.61653428e+00,-2.38103715e-02,1.70490463e-01,-3.43790571e-01,-6.55001825e-02,-1.61710295e-02,-6.94897804e-03,8.05062869e-03,5.67253299e-03
heavy,2.2620,-7.47326196e-01,-1.61705586e+00,-2.48270058e-02,1.70537391e-01,-3.43687367e-01,-6.50219809e-02,-1.58844907e-02,-7.18165544e-03,7.81397305e-03,5.63939319e-03
heavy,2.2670,-7.57710814e-01,-1.61740161e+00,-2.58464391e-02,1.70565310e-01,-3.43583820e-01,-6.45448866e-02,-1.55999608e-02,-7.40833392e-03,7.58220151e-03,5.60358275e-03
heavy,2.2720,-7.68114705e-01,-1.61757484e+00,-2.68685184e-02,1.70574578e-01,-3.43480040e-01,-6.40688330e-02,-1.53173501e-02,-7.62916535e-03,7.35518069e-03,5.56518408e-03
heavy,2.2770,-7.78539202e-01,-1.61757868e+00,-2.78930998e-02,1.70565533e-01,-3.43376134e-01,-6.35937565e-02,-1.50365741e-02,-7.84429363e-03,7.13278485e-03,5.52427519e-03
heavy,2.2820,-7.88985557e-01,-1.61741610e+00,-2.89200479e-02,1.70538497e-01,-3.43272201e-01,-6.31195970e-02,-1.47575532e-02,-8.05385517e-03,6.91489538e-03,5.48093005e-03
heavy,2.2870,-7.99454949e-01,-1.61708990e+00,-2.99492353e-02,1.70493773e-01,-3.43168334e-01,-6.26462970e-02,-1.44802122e-02,-8.25797937e-03,6.70140031e-03,5.43521879e-03
heavy,2.2920,-8.09948488e-01,-1.61660274e+00,-3.09805418e-02,1.70431648e-01,-3.43064622e-01,-6.21738020e-02,-1.42044799e-02,-8.45678907e-03,6.49219393e-03,5.38720800e-03
heavy,2.2970,-8.20467220e-01,-1.61595715e+00,-3.20138545e-02,1.70352395e-01,-3.42961148e-01,-6.17020595e-02,-1.39302890e-02,-8.65040091e-03,6.28717636e-03,5.33696091e-03
heavy,2.3020,-8.31012129e-01,-1.61515551e+00,-3.30490671e-02,1.70256271e-01,-3.42857991e-01,-6.12310196e-02,-1.36575759e-02,-8.83892568e-03,6.08625328e-03,5.28453760e-03
heavy,2.3070,-8.41584140e-01,-1.61420007e+00,-3.40860795e-02,1.70143521e-01,-3.42755227e-01,-6.07606344e-02,-1.33862802e-02,-9.02246873e-03,5.88933551e-03,5.22999522e-03
heavy,2.3120,-8.52184123e-01,-1.61309298e+00,-3.51247975e-02,1.70014376e-01,-3.42652926e-01,-6.02908579e-02,-1.31163447e-02,-9.20113020e-03,5.69633881e-03,5.17338816e-03
heavy,2.3170,-8.62812898e-01,-1.61183625e+00,-3.61651327e-02,1.69869054e-01,-3.42551156e-01,-5.98216459e-02,-1.28477150e-02,-9.37500532e-03,5.50718354e-03,5.11476817e-03
heavy,2.3220,-8.73471233e-01,-1.61043181e+00,-3.72070019e-02,1.69707763e-01,-3.42449979e-01,-5.93529559e-02,-1.25803396e-02,-9.54418471e-03,5.32179445e-03,5.05418459e-03
heavy,2.3270,-8.84159850e-01,-1.60888145e+00,-3.82503270e-02,1.69530697e-01,-3.42349458e-01,-5.88847471e-02,-1.23141694e-02,-9.70875459e-03,5.14010046e-03,4.99168441e-03
heavy,2.3320,-8.94879426e-01,-1.60718689e+00,-3.92950351e-02,1.69338042e-01,-3.42249650e-01,-5.84169798e-02,-1.20491577e-02,-9.86879702e-03,4.96203442e-03,4.92731248e-03
heavy,2.3370,-9.05630594e-01,-1.60534972e+00,-4.03410574e-02,1.69129970e-01,-3.42150609e-01,-5.79496158e-02,-1.17852602e-02,-1.00243901e-02,4.78753294e-03,4.86111156e-03
heavy,2.3420,-9.16413947e-01,-1.60337148e+00,-4.13883301e-02,1.68906646e-01,-3.42052389e-01,-5.74826181e-02,-1.15224345e-02,-1.01756082e-02,4.61653621e-03,4.79312250e-03
heavy,2.3470,-9.27230037e-01,-1.60125357e+00,-4.24367933e-02,1.68668224e-01,-3.41955040e-01,-5.70159508e-02,-1.12606402e-02,-1.03225220e-02,4.44898782e-03,4.72338430e-03
heavy,2.3520,-9.38079380e-01,-1.59899734e+00,-4.34863913e-02,1.68414848e-01,-3.41858609e-01,-5.65495789e-02,-1.09998390e-02,-1.04651988e-02,4.28483465e-03,4.65193426e-03
heavy,2.3570,-9.48962454e-01,-1.59660404e+00,-4.45370726e-02,1.68146653e-01,-3.41763142e-01,-5.60834687e-02,-1.07399941e-02,-1.06037029e-02,4.12402669e-03,4.57880801e-03
heavy,2.3620,-9.59879701e-01,-1.59407485e+00,-4.55887891e-02,1.67863767e-01,-3.41668684e-01,-5.56175869e-02,-1.04810704e-02,-1.07380950e-02,3.96651695e-03,4.50403968e-03
heavy,2.3670,-9.70831530e-01,-1.59141084e+00,-4.66414968e-02,1.67566307e-01,-3.41575275e-01,-5.51519012e-02,-1.02230344e-02,-1.08684333e-02,3.81226129e-03,4.42766191e-03
heavy,2.3720,-9.81818316e-01,-1.58861304e+00,-4.76951550e-02,1.67254383e-01,-3.41482957e-01,-5.46863801e-02,-9.96585408e-03,-1.09947727e-02,3.66121840e-03,4.34970599e-03
heavy,2.3770,-9.92840402e-01,-1.58568238e+00,-4.87497268e-02,1.66928096e-01,-3.41391768e-01,-5.42209926e-02,-9.70949867e-03,-1.11171658e-02,3.51334961e-03,4.27020190e-03
heavy,2.3820,-1.00389810e+00,-1.58261973e+00,-4.98051783e-02,1.66587539e-01,-3.41301745e-01,-5.37557084e-02,-9.45393884e-03,-1.12356623e-02,3.36861886e-03,4.18917841e-03
heavy,2.3870,-1.01499169e+00,-1.57942588e+00,-5.08614792e-02,1.66232797e-01,-3.41212925e-01,-5.32904975e-02,-9.19914642e-03,-1.13503093e-02,3.22699260e-03,4.10666310e-03
heavy,2.3920,-1.02612143e+00,-1.57610154e+00,-5.19186023e-02,1.65863950e-01,-3.41125342e-01,-5.28253305e-02,-8.94509443e-03,-1.14611516e-02,3.08843971e-03,4.02268251e-03
heavy,2.3970,-1.03728753e+00,-1.57264736e+00,-5.29765237e-02,1.65481066e-01,-3.41039029e-01,-5.23601784e-02,-8.69175695e-03,-1.15682318e-02,2.95293144e-03,3.93726210e-03
heavy,2.4020,-1.04849019e+00,-1.56906393e+00,-5.40352225e-02,1.65084208e-01,-3.40954019e-01,-5.18950126e-02,-8.43910914e-03,-1.16715898e-02,2.82044135e-03,3.85042641e-03
heavy,2.4070,-1.05972958e+00,-1.56535175e+00,-5.50946809e-02,1.64673432e-01,-3.40870343e-01,-5.14298046e-02,-8.18712709e-03,-1.17712636e-02,2.69094526e-03,3.76219904e-03
heavy,2.4120,-1.07100582e+00,-1.56151126e+00,-5.61548842e-02,1.64248785e-01,-3.40788031e-01,-5.09645263e-02,-7.93578786e-03,-1.18672891e-02,2.56442117e-03,3.67260276e-03
heavy,2.4170,-1.08231903e+00,-1.55754285e+00,-5.72158206e-02,1.63810308e-01,-3.40707112e-01,-5.04991496e-02,-7.68506935e-03,-1.19597000e-02,2.44084926e-03,3.58165954e-03
heavy,2.4220,-1.09366930e+00,-1.55344682e+00,-5.82774814e-02,1.63358034e-01,-3.40627617e-01,-5.00336467e-02,-7.43495030e-03,-1.20485280e-02,2.32021182e-03,3.48939059e-03
heavy,2.4270,-1.10505666e+00,-1.54922340e+00,-5.93398607e-02,1.62891989e-01,-3.40549571e-01,-4.95679899e-02,-7.18541023e-03,-1.21338028e-02,2.20249324e-03,3.39581643e-03
heavy,2.4320,-1.11648116e+00,-1.54487277e+00,-6.04029558e-02,1.62412192e-01,-3.40473002e-01,-4.91021513e-02,-6.93642939e-03,-1.22155524e-02,2.08767995e-03,3.30095696e-03
heavy,2.4370,-1.12794278e+00,-1.54039504e+00,-6.14667666e-02,1.61918653e-01,-3.40397938e-01,-4.86361032e-02,-6.68798873e-03,-1.22938026e-02,1.97576044e-03,3.20483147e-03
heavy,2.4420,-1.13944151e+00,-1.53579024e+00,-6.25312962e-02,1.61411377e-01,-3.40324403e-01,-4.81698177e-02,-6.44006986e-03,-1.23685777e-02,1.86672519e-03,3.10745869e-03
heavy,2.4470,-1.15097728e+00,-1.53105834e+00,-6.35965508e-02,1.60890361e-01,-3.40252424e-01,-4.77032669e-02,-6.19265500e-03,-1.24399000e-02,1.76056670e-03,3.00885689e-03
heavy,2.4520,-1.16255001e+00,-1.52619923e+00,-6.46625392e-02,1.60355593e-01,-3.40182025e-01,-4.72364227e-02,-5.94572695e-03,-1.25077901e-02,1.65727947e-03,2.90904384e-03
heavy,2.4570,-1.17415959e+00,-1.52121276e+00,-6.57292735e-02,1.59807055e-01,-3.40113231e-01,-4.67692568e-02,-5.69926908e-03,-1.25722668e-02,1.55685996e-03,2.80803695e-03
heavy,2.4620,-1.18580589e+00,-1.51609866e+00,-6.67967689e-02,1.59244720e-01,-3.40046065e-01,-4.63017405e-02,-5.45326524e-03,-1.26333473e-02,1.45930664e-03,2.70585325e-03
heavy,2.4670,-1.19748872e+00,-1.51085664e+00,-6.78650435e-02,1.58668556e-01,-3.39980553e-01,-4.58338449e-02,-5.20769978e-03,-1.26910471e-02,1.36461997e-03,2.60250946e-03
heavy,2.4720,-1.20920790e+00,-1.50548630e+00,-6.89341187e-02,1.58078519e-01,-3.39916717e-01,-4.53655409e-02,-4.96255752e-03,-1.27453798e-02,1.27280238e-03,2.49802206e-03
heavy,2.4770,-1.22096320e+00,-1.49998717e+00,-7.00040190e-02,1.57474559e-01,-3.39854581e-01,-4.48967986e-02,-4.71782366e-03,-1.27963577e-02,1.18385834e-03,2.39240728e-03
heavy,2.4820,-1.23275436e+00,-1.49435872e+00,-7.10747723e-02,1.56856619e-01,-3.39794168e-01,-4.44275880e-02,-4.47348381e-03,-1.28439912e-02,1.09779434e-03,2.28568121e-03
heavy,2.4870,-1.24458108e+00,-1.48860032e+00,-7.21464098e-02,1.56224630e-01,-3.39735502e-01,-4.39578785e-02,-4.22952393e-03,-1.28882890e-02,1.01461891e-03,2.17785982e-03
heavy,2.4920,-1.25644306e+00,-1.48271128e+00,-7.32189662e-02,1.55578516e-01,-3.39678605e-01,-4.34876387e-02,-3.98593034e-03,-1.29292583e-02,9.34342647e-04,2.06895902e-03
heavy,2.4970,-1.26833994e+00,-1.47669079e+00,-7.42924798e-02,1.54918194e-01,-3.39623500e-01,-4.30168368e-02,-3.74268962e-03,-1.29669046e-02,8.56978275e-04,1.95899468e-03
heavy,2.5020,-1.28027132e+00,-1.47053799e+00,-7.53669924e-02,1.54243567e-01,-3.39570210e-01,-4.25454403e-02,-3.49978865e-03,-1.30012316e-02,7.82540645e-04,1.84798275e-03
heavy,2.5070,-1.29223679e+00,-1.46425192e+00,-7.64425498e-02,1.53554532e-01,-3.39518758e-01,-4.20734159e-02,-3.25721454e-03,-1.30322416e-02,7.11046793e-04,1.73593925e-03
heavy,2.5120,-1.30423589e+00,-1.45783151e+00,-7.75192015e-02,1.52850974e-01,-3.39469168e-01,-4.16007293e-02,-3.01495462e-03,-1.30599348e-02,6.42515984e-04,1.62288037e-03
heavy,2.5170,-1.31626811e+00,-1.45127561e+00,-7.85970014e-02,1.52132769e-01,-3.39421463e-01,-4.11273457e-02,-2.77299642e-03,-1.30843101e-02,5.76969766e-04,1.50882253e-03
heavy,2.5220,-1.32833293e+00,-1.44458297e+00,-7.96760073e-02,1.51399781e-01,-3.39375666e-01,-4.06532290e-02,-2.53132760e-03,-1.31053644e-02,5.14432028e-04,1.39378240e-03
heavy,2.5270,-1.34042977e+00,-1.43775222e+00,-8.07562817e-02,1.50651861e-01,-3.39331800e-01,-4.01783422e-02,-2.28993596e-03,-1.31230928e-02,4.54929064e-04,1.27777704e-03
heavy,2.5320,-1.35255800e+00,-1.43078188e+00,-8.18378916e-02,1.49888852e-01,-3.39289891e-01,-3.97026471e-02,-2.04880939e-03,-1.31374887e-02,3.98489647e-04,1.16082390e-03
heavy,2.5370,-1.36471697e+00,-1.42367037e+00,-8.29209089e-02,1.49110580e-01,-3.39249961e-01,-3.92261045e-02,-1.80793584e-03,-1.31485437e-02,3.45145105e-04,1.04294096e-03
heavy,2.5420,-1.37690595e+00,-1.41641597e+00,-8.40054104e-02,1.48316862e-01,-3.39212037e-01,-3.87486737e-02,-1.56730331e-03,-1.31562472e-02,2.94929412e-04,9.24146755e-04
heavy,2.5470,-1.38912420e+00,-1.40901685e+00,-8.50914784e-02,1.47507497e-01,-3.39176143e-01,-3.82703127e-02,-1.32689975e-03,-1.31605868e-02,2.47879280e-04,8.04460509e-04
heavy,2.5520,-1.40137089e+00,-1.40147103e+00,-8.61792009e-02,1.46682273e-01,-3.39142305e-01,-3.77909780e-02,-1.08671312e-03,-1.31615482e-02,2.04034265e-04,6.83902199e-04
heavy,2.5570,-1.41364516e+00,-1.39377639e+00,-8.72686716e-02,1.45840961e-01,-3.39110549e-01,-3.73106246e-02,-8.46731251e-04,-1.31591148e-02,1.63436882e-04,5.62492666e-04
heavy,2.5620,-1.42594609e+00,-1.38593066e+00,-8.83599907e-02,1.44983315e-01,-3.39080902e-01,-3.68292055e-02,-6.06941882e-04,-1.31532678e-02,1.26132725e-04,4.40253723e-04
heavy,2.5670,-1.43827267e+00,-1.37793141e+00,-8.94532649e-02,1.44109072e-01,-3.39053391e-01,-3.63466723e-02,-3.67332575e-04,-1.31439862e-02,9.21706077e-05,3.17208272e-04
heavy,2.5720,-1.45062388e+00,-1.36977605e+00,-9.05486079e-02,1.43217951e-01,-3.39028045e-01,-3.58629742e-02,-1.27890686e-04,-1.31312466e-02,6.16027091e-05,1.93380430e-04
heavy,2.5770,-1.46299857e+00,-1.36146179e+00,-9.16461409e-02,1.42309653e-01,-3.39004893e-01,-3.53780585e-02,1.11396693e-04,-1.31150232e-02,3.44847354e-05,6.87956711e-05
heavy,2.5820,-1.47539556e+00,-1.35298565e+00,-9.27459931e-02,1.41383854e-01,-3.38983965e-01,-3.48918703e-02,3.50542781e-04,-1.30952873e-02,1.08760964e-05,-5.65190280e-05
heavy,2.5870,-1.48781358e+00,-1.34434446e+00,-9.38483022e-02,1.40440211e-01,-3.38965291e-01,-3.44043520e-02,5.89561165e-04,-1.30720076e-02,-9.15990174e-06,-1.82535018e-04
heavy,2.5920,-1.50025126e+00,-1.33553480e+00,-9.49532150e-02,1.39478357e-01,-3.38948905e-01,-3.39154436e-02,8.28465868e-04,-1.30451499e-02,-2.55558466e-05,-3.09221797e-04
heavy,2.5970,-1.51270716e+00,-1.32655305e+00,-9.60608878e-02,1.38497897e-01,-3.38934838e-01,-3.34250822e-02,1.06727141e-03,-1.30146768e-02,-3.82399895e-05,-4.36546813e-04
heavy,2.6020,-1.52517974e+00,-1.31739531e+00,-9.71714876e-02,1.37498411e-01,-3.38923125e-01,-3.29332017e-02,1.30599287e-03,-1.29805478e-02,-4.71359940e-05,-5.64475240e-04
heavy,2.6070,-1.53766734e+00,-1.30805740e+00,-9.82851924e-02,1.36479448e-01,-3.38913803e-01,-3.24397328e-02,1.54464601e-03,-1.29427186e-02,-5.21626602e-05,-6.92969741e-04
heavy,2.6120,-1.55016822e+00,-1.29853486e+00,-9.94021923e-02,1.35440525e-01,-3.38906908e-01,-3.19446028e-02,1.78324729e-03,-1.29011413e-02,-5.32336234e-05,-8.21990191e-04
heavy,2.6170,-1.56268049e+00,-1.28882289e+00,-1.00522690e-01,1.34381124e-01,-3.38902478e-01,-3.14477348e-02,2.02181404e-03,-1.28557640e-02,-5.02570216e-05,-9.51493386e-04
heavy,2.6220,-1.57520214e+00,-1.27891638e+00,-1.01646904e-01,1.33300690e-01,-3.38900554e-01,-3.09490480e-02,2.26036450e-03,-1.28065303e-02,-4.31351311e-05,-1.08143270e-03
heavy,2.6270,-1.58773103e+00,-1.26880979e+00,-1.02775064e-01,1.32198626e-01,-3.38901179e-01,-3.04484570e-02,2.49891798e-03,-1.27533793e-02,-3.17639648e-05,-1.21175772e-03
heavy,2.6320,-1.60026485e+00,-1.25849721e+00,-1.03907421e-01,1.31074293e-01,-3.38904397e-01,-2.99458714e-02,2.73749500e-03,-1.26962450e-02,-1.60328289e-05,-1.34241383e-03
heavy,2.6370,-1.61280115e+00,-1.24797225e+00,-1.05044241e-01,1.29927000e-01,-3.38910253e-01,-2.94411954e-02,2.97611736e-03,-1.26350557e-02,4.17616736e-06,-1.47334172e-03
heavy,2.6420,-1.62533726e+00,-1.23722805e+00,-1.06185810e-01,1.28756005e-01,-3.38918796e-01,-2.89343275e-02,3.21480838e-03,-1.25697341e-02,2.89886541e-05,-1.60447688e-03
heavy,2.6470,-1.63787035e+00,-1.22625719e+00,-1.07332435e-01,1.27560507e-01,-3.38930077e-01,-2.84251594e-02,3.45359306e-03,-1.25001959e-02,5.85386036e-05,-1.73574899e-03
heavy,2.6520,-1.65039736e+00,-1.21505167e+00,-1.08484448e-01,1.26339640e-01,-3.38944150e-01,-2.79135763e-02,3.69249825e-03,-1.24263500e-02,9.29690000e-05,-1.86708124e-03
heavy,2.6570,-1.66291500e+00,-1.20360281e+00,-1.09642203e-01,1.25092466e-01,-3.38961072e-01,-2.73994552e-02,3.93155290e-03,-1.23480974e-02,1.32432587e-04,-1.99838954e-03
heavy,2.6620,-1.67541970e+00,-1.19190124e+00,-1.10806086e-01,1.23817971e-01,-3.38980902e-01,-2.68826648e-02,4.17078831e-03,-1.22653301e-02,1.77092703e-04,-2.12958165e-03
heavy,2.6670,-1.68790764e+00,-1.17993673e+00,-1.11976512e-01,1.22515052e-01,-3.39003704e-01,-2.63630642e-02,4.41023841e-03,-1.21779307e-02,2.27124216e-04,-2.26055616e-03
heavy,2.6720,-1.70037465e+00,-1.16769818e+00,-1.13153930e-01,1.21182506e-01,-3.39029544e-01,-2.58405023e-02,4.64994009e-03,-1.20857712e-02,2.82714581e-04,-2.39120128e-03
heavy,2.6770,-1.71281623e+00,-1.15517348e+00,-1.14338827e-01,1.19819025e-01,-3.39058494e-01,-2.53148160e-02,4.88993356e-03,-1.19887114e-02,3.44065020e-04,-2.52139354e-03
heavy,2.6820,-1.72522749e+00,-1.14234937e+00,-1.15531731e-01,1.18423175e-01,-3.39090628e-01,-2.47858295e-02,5.13026279e-03,-1.18865980e-02,4.11391867e-04,-2.65099614e-03
heavy,2.6870,-1.73760311e+00,-1.12921131e+00,-1.16733218e-01,1.16993385e-01,-3.39126029e-01,-2.42533523e-02,5.37097595e-03,-1.17792622e-02,4.84928092e-04,-2.77985714e-03
heavy,2.6920,-1.74993728e+00,-1.11574332e+00,-1.17943916e-01,1.15527926e-01,-3.39164781e-01,-2.37171775e-02,5.61212599e-03,-1.16665187e-02,5.64925029e-04,-2.90780728e-03
heavy,2.6970,-1.76222366e+00,-1.10192776e+00,-1.19164510e-01,1.14024893e-01,-3.39206976e-01,-2.31770797e-02,5.85377125e-03,-1.15481624e-02,6.51654362e-04,-3.03465741e-03
heavy,2.7020,-1.77445531e+00,-1.08774512e+00,-1.20395750e-01,1.12482175e-01,-3.39252714e-01,-2.26328124e-02,6.09597617e-03,-1.14239664e-02,7.45410390e-04,-3.16019544e-03
heavy,2.7070,-1.78662461e+00,-1.07317371e+00,-1.21638461e-01,1.10897428e-01,-3.39302100e-01,-2.20841052e-02,6.33881215e-03,-1.12936783e-02,8.46512646e-04,-3.28418270e-03
heavy,2.7120,-1.79872317e+00,-1.05818933e+00,-1.22893549e-01,1.09268036e-01,-3.39355248e-01,-2.15306600e-02,6.58235847e-03,-1.11570164e-02,9.55308915e-04,-3.40634956e-03
heavy,2.7170,-1.81074174e+00,-1.04276488e+00,-1.24162015e-01,1.07591068e-01,-3.39412282e-01,-2.09721469e-02,6.82670343e-03,-1.10136651e-02,1.07217874e-03,-3.52639008e-03
heavy,2.7220,-1.82267007e+00,-1.02686984e+00,-1.25444965e-01,1.05863226e-01,-3.39473336e-01,-2.04081990e-02,7.07194563e-03,-1.08632688e-02,1.19753751e-03,-3.64395559e-03
heavy,2.7270,-1.83449683e+00,-1.01046967e+00,-1.26743626e-01,1.04080776e-01,-3.39538556e-01,-1.98384060e-02,7.31819540e-03,-1.07054251e-02,1.33184126e-03,-3.75864662e-03
heavy,2.7320,-1.84620940e+00,-9.93525083e-01,-1.28059363e-01,1.02239468e-01,-3.39608102e-01,-1.92623068e-02,7.56557661e-03,-1.05396761e-02,1.47559225e-03,-3.87000303e-03
heavy,2.7370,-1.85779369e+00,-9.75991040e-01,-1.29393695e-01,1.00334437e-01,-3.39682151e-01,-1.86793791e-02,7.81422852e-03,-1.03654970e-02,1.62934566e-03,-3.97749148e-03
heavy,2.7420,-1.86923401e+00,-9.57815609e-01,-1.30748323e-01,9.83600659e-02,-3.39760897e-01,-1.80890279e-02,8.06430814e-03,-1.01822825e-02,1.79371738e-03,-4.08048962e-03
heavy,2.7470,-1.88051276e+00,-9.38938411e-01,-1.32125148e-01,9.63098283e-02,-3.39844558e-01,-1.74905698e-02,8.31599262e-03,-9.98932887e-03,1.96939339e-03,-4.17826575e-03
heavy,2.7520,-1.89161022e+00,-9.19288640e-01,-1.33526301e-01,9.41760692e-02,-3.39933380e-01,-1.68832126e-02,8.56948207e-03,-9.78581089e-03,2.15714077e-03,-4.26995236e-03
heavy,2.7570,-1.90250429e+00,-8.98782447e-01,-1.34954172e-01,9.19497240e-02,-3.40027643e-01,-1.62660291e-02,8.82500233e-03,-9.57075128e-03,2.35782087e-03,-4.35451113e-03
heavy,2.7620,-1.91317025e+00,-8.77319442e-01,-1.36411432e-01,8.96199397e-02,-3.40127671e-01,-1.56379225e-02,9.08280750e-03,-9.34297997e-03,2.57240473e-03,-4.43068603e-03
heavy,2.7670,-1.92358061e+00,-8.54777927e-01,-1.37901055e-01,8.71735597e-02,-3.40233844e-01,-1.49975782e-02,9.34318153e-03,-9.10107852e-03,2.80199101e-03,-4.49693917e-03
heavy,2.7720,-1.93370515e+00,-8.31008266e-01,-1.39426309e-01,8.45944071e-02,-3.40346621e-01,-1.43433983e-02,9.60643731e-03,-8.84330279e-03,3.04782599e-03,-4.55136139e-03
heavy,2.7770,-1.94351141e+00,-8.05823457e-01,-1.40990699e-01,8.18622657e-02,-3.40466572e-01,-1.36734079e-02,9.87291018e-03,-8.56747302e-03,3.31132438e-03,-4.59154469e-03
heavy,2.7820,-1.95296628e+00,-7.78985391e-01,-1.42597808e-01,7.89513936e-02,-3.40594427e-01,-1.29851206e-02,1.01429395e-02,-8.27081346e-03,3.59408677e-03,-4.61439565e-03
heavy,2.7870,-1.96203970e+00,-7.50184234e-01,-1.44250884e-01,7.58282956e-02,-3.40731169e-01,-1.22753357e-02,1.04168241e-02,-7.94971196e-03,3.89790320e-03,-4.61585469e-03
heavy,2.7920,-1.97071327e+00,-7.19006577e-01,-1.45951917e-01,7.24482786e-02,-3.40878196e-01,-1.15398286e-02,1.06947214e-02,-7.59934825e-03,4.22471708e-03,-4.59046022e-03
heavy,2.7970,-1.97899980e+00,-6.84884609e-01,-1.47699521e-01,6.87499577e-02,-3.41037633e-01,-1.07728602e-02,1.09764170e-02,-7.21310091e-03,4.57648345e-03,-4.53064941e-03
heavy,2.8020,-1.98698917e+00,-6.47012666e-01,-1.49483982e-01,6.46462341e-02,-3.41212983e-01,-9.96638141e-03,1.12607882e-02,-6.78157345e-03,4.95475055e-03,-4.42559995e-03
heavy,2.8070,-1.99496040e+00,-6.04208381e-01,-1.51275133e-01,6.00092844e-02,-3.41410582e-01,-9.10874065e-03,1.15444912e-02,-6.29097397e-03,5.35949441e-03,-4.25927224e-03
heavy,2.8120,-2.00367283e+00,-5.54692617e-01,-1.52990883e-01,5.46467694e-02,-3.41643116e-01,-8.18275015e-03,1.18185566e-02,-5.72054720e-03,5.78584414e-03,-4.00719087e-03
heavy,2.8170,-2.01515856e+00,-4.95849047e-01,-1.54411548e-01,4.82758429e-02,-3.41938747e-01,-7.16414950e-03,1.20591248e-02,-5.03977224e-03,6.21468028e-03,-3.63234619e-03
heavy,2.8220,-2.03475784e+00,-4.24729595e-01,-1.54959801e-01,4.05777941e-02,-3.42363414e-01,-6.02985395e-03,1.22036582e-02,-4.21428400e-03,6.58736321e-03,-3.08873223e-03
heavy,2.8270,-2.07374446e+00,-3.43006062e-01,-1.53416855e-01,3.17333580e-02,-3.43045484e-01,-4.81775176e-03,1.21202700e-02,-3.26376794e-03,6.76898977e-03,-2.37724556e-03
heavy,2.8320,-2.14049327e+00,-2.66867104e-01,-1.48877322e-01,2.34926598e-02,-3.44062421e-01,-3.73364868e-03,1.17109995e-02,-2.37764435e-03,6.64142581e-03,-1.67005065e-03
heavy,2.8370,-2.22254302e+00,-2.12876951e-01,-1.42688363e-01,1.76464272e-02,-3.45240344e-01,-2.96644688e-03,1.11215064e-02,-1.74974751e-03,6.32202903e-03,-1.16494551e-03
heavy,2.8420,-2.30410431e+00,-1.78643740e-01,-1.36556939e-01,1.39360800e-02,-3.46381713e-01,-2.46926500e-03,1.05364292e-02,-1.35231128e-03,5.98212533e-03,-8.52525406e-04
heavy,2.8470,-2.38001987e+00,-1.56376412e-01,-1.31040595e-01,1.15193418e-02,-3.47426326e-01,-2.13594702e-03,1.00161652e-02,-1.09439849e-03,5.68182005e-03,-6.56593000e-04
heavy,2.8520,-2.45011710e+00,-1.41013677e-01,-1.26157989e-01,9.84904618e-03,-3.48375861e-01,-1.89856642e-03,9.56284473e-03,-9.16930488e-04,5.42659931e-03,-5.26619596e-04
heavy,2.8570,-2.51528515e+00,-1.29824967e-01,-1.21812997e-01,8.62999639e-03,-3.49244481e-01,-1.72023225e-03,9.16617337e-03,-7.88042865e-04,5.20964622e-03,-4.35572353e-04
heavy,2.8620,-2.57643165e+00,-1.21314306e-01,-1.17907498e-01,7.70046552e-03,-3.50045937e-01,-1.58049182e-03,8.81562732e-03,-6.90285430e-04,5.02333015e-03,-3.68868354e-04
heavy,2.8670,-2.63429543e+00,-1.14615920e-01,-1.14361616e-01,6.96685619e-03,-3.50791387e-01,-1.46734975e-03,8.50264432e-03,-6.13564174e-04,4.86139200e-03,-3.18216472e-04
heavy,2.8720,-2.68945005e+00,-1.09199594e-01,-1.11113345e-01,6.37184797e-03,-3.51489556e-01,-1.37335955e-03,8.22058498e-03,-5.51700961e-04,4.71902184e-03,-2.78632245e-04
heavy,2.8770,-2.74233902e+00,-1.04723956e-01,-1.08114742e-01,5.87853581e-03,-3.52147264e-01,-1.29366232e-03,7.96432282e-03,-5.00720669e-04,4.59256104e-03,-2.46965885e-04
heavy,2.8820,-2.79330850e+00,-1.00959654e-01,-1.05328378e-01,5.46212478e-03,-3.52769905e-01,-1.22495075e-03,7.72986267e-03,-4.57954491e-04,4.47920778e-03,-2.21140179e-04
heavy,2.8870,-2.84263245e+00,-9.77469446e-02,-1.02724641e-01,5.10534536e-03,-3.53361800e-01,-1.16489204e-03,7.51404902e-03,-4.21545066e-04,4.37678979e-03,-1.99734741e-04
heavy,2.8920,-2.89053072e+00,-9.49711156e-02,-1.00279760e-01,4.79579628e-03,-3.53926466e-01,-1.11179042e-03,7.31435414e-03,-3.90159741e-04,4.28359975e-03,-1.81747946e-04
heavy,2.8970,-2.93718223e+00,-9.25476150e-02,-9.79743940e-02,4.52433675e-03,-3.54466801e-01,-1.06438111e-03,7.12872551e-03,-3.62817116e-04,4.19827746e-03,-1.66454610e-04
heavy,2.9020,-2.98273441e+00,-9.04127037e-02,-9.57926041e-02,4.28407608e-03,-3.54985226e-01,-1.02169967e-03,6.95547542e-03,-3.38778077e-04,4.11972554e-03,-1.53317612e-04
heavy,2.9070,-3.02731019e+00,-8.85173860e-02,-9.37211010e-02,4.06971740e-03,-3.55483783e-01,-9.82996533e-04,6.79320011e-03,-3.17475040e-04,4.04704814e-03,-1.41931182e-04
heavy,2.9120,-3.07101313e+00,-8.68233500e-02,-9.17486889e-02,3.87711892e-03,-3.55964215e-01,-9.47679220e-04,6.64071980e-03,-2.98464663e-04,3.97950617e-03,-1.31983419e-04
heavy,2.9170,-3.11393131e+00,-8.53001840e-02,-8.98658448e-02,3.70299287e-03,-3.56428023e-01,-9.15272511e-04,6.49703356e-03,-2.81395412e-04,3.91648384e-03,-1.23230879e-04
heavy,2.9220,-3.15614031e+00,-8.39234225e-02,-8.80643990e-02,3.54469433e-03,-3.56876510e-01,-8.85390210e-04,6.36128498e-03,-2.65984813e-04,3.85746358e-03,-1.15480952e-04
heavy,2.9270,-3.19770547e+00,-8.26731473e-02,-8.63372875e-02,3.40006998e-03,-3.57310813e-01,-8.57714793e-04,6.23273560e-03,-2.52003179e-04,3.80200682e-03,-1.08579381e-04
heavy,2.9320,-3.23868368e+00,-8.15329680e-02,-8.46783591e-02,3.26734789e-03,-3.57731937e-01,-8.31982449e-04,6.11074415e-03,-2.39261737e-04,3.74973920e-03,-1.02401271e-04
heavy,2.9370,-3.27912482e+00,-8.04892657e-02,-8.30822223e-02,3.14505575e-03,-3.58140770e-01,-8.07971922e-04,5.99475025e-03,-2.27603845e-04,3.70033903e-03,-9.68444955e-05
heavy,2.9420,-3.31907286e+00,-7.95306251e-02,-8.15441236e-02,3.03195947e-03,-3.58538105e-01,-7.85496054e-04,5.88426130e-03,-2.16898380e-04,3.65352810e-03,-9.18247938e-05
heavy,2.9470,-3.35856677e+00,-7.86474012e-02,-8.00598491e-02,2.92701634e-03,-3.58924651e-01,-7.64395295e-04,5.77884192e-03,-2.07034713e-04,3.60906449e-03,-8.72720768e-05
heavy,2.9520,-3.39764129e+00,-7.78313848e-02,-7.86256446e-02,2.82933890e-03,-3.59301047e-01,-7.44532662e-04,5.67810548e-03,-1.97918818e-04,3.56673670e-03,-8.31276047e-05
heavy,2.9570,-3.43632749e+00,-7.70755422e-02,-7.72381498e-02,2.73816673e-03,-3.59667870e-01,-7.25789778e-04,5.58170701e-03,-1.89470255e-04,3.52635892e-03,-7.93418102e-05
heavy,2.9620,-3.47465332e+00,-7.63738092e-02,-7.58943441e-02,2.65284423e-03,-3.60025645e-01,-7.08063730e-04,5.48933743e-03,-1.81619777e-04,3.48776717e-03,-7.58726005e-05
heavy,2.9670,-3.51264398e+00,-7.57209277e-02,-7.45915018e-02,2.57280299e-03,-3.60374848e-01,-6.91264555e-04,5.40071877e-03,-1.74307440e-04,3.45081614e-03,-7.26840199e-05
heavy,2.9720,-3.55032233e+00,-7.51123146e-02,-7.33271538e-02,2.49754752e-03,-3.60715916e-01,-6.75313205e-04,5.31560008e-03,-1.67481078e-04,3.41537654e-03,-6.97451878e-05
heavy,2.9770,-3.58770911e+00,-7.45439552e-02,-7.20990562e-02,2.42664381e-03,-3.61049249e-01,-6.60139892e-04,5.23375408e-03,-1.61095073e-04,3.38133292e-03,-6.70294480e-05
heavy,2.9820,-3.62482325e+00,-7.40123170e-02,-7.09051627e-02,2.35970995e-03,-3.61375217e-01,-6.45682731e-04,5.15497426e-03,-1.55109350e-04,3.34858182e-03,-6.45136823e-05
heavy,2.9870,-3.66168206e+00,-7.35142782e-02,-6.97436021e-02,2.29640845e-03,-3.61694158e-01,-6.31886617e-04,5.07907241e-03,-1.49488561e-04,3.31703025e-03,-6.21777520e-05
heavy,2.9920,-3.69830141e+00,-7.30470687e-02,-6.86126582e-02,2.23643986e-03,-3.62006387e-01,-6.18702296e-04,5.00587658e-03,-1.44201397e-04,3.28659434e-03,-6.00040416e-05
heavy,2.9970,-3.73469591e+00,-7.26082221e-02,-6.75107529e-02,2.17953752e-03,-3.62312196e-01,-6.06085577e-04,4.93522920e-03,-1.39220026e-04,3.25719829e-03,-5.79770832e-05
heavy,3.0020,-3.77087901e+00,-7.21955336e-02,-6.64364316e-02,2.12546309e-03,-3.62611855e-01,-5.93996686e-04,4.86698559e-03,-1.34519622e-04,3.22877332e-03,-5.60832442e-05
heavy,3.0070,-3.80686314e+00,-7.18070266e-02,-6.53883500e-02,2.07400288e-03,-3.62905617e-01,-5.82399704e-04,4.80101253e-03,-1.30077968e-04,3.20125693e-03,-5.43104693e-05
heavy,3.0120,-3.84265981e+00,-7.14409231e-02,-6.43652633e-02,2.02496466e-03,-3.63193718e-01,-5.71262096e-04,4.73718717e-03,-1.25875119e-04,3.17459217e-03,-5.26480623e-05
heavy,3.0170,-3.87827972e+00,-7.10956192e-02,-6.33660165e-02,1.97817505e-03,-3.63476377e-01,-5.60554310e-04,4.67539590e-03,-1.21893116e-04,3.14872701e-03,-5.10865048e-05
heavy,3.0220,-3.91373280e+00,-7.07696638e-02,-6.23895355e-02,1.93347716e-03,-3.63753801e-01,-5.50249434e-04,4.61553352e-03,-1.18115749e-04,3.12361384e-03,-4.96173009e-05
heavy,3.0270,-3.94902829e+00,-7.04617408e-02,-6.14348198e-02,1.89072873e-03,-3.64026184e-01,-5.40322890e-04,4.55750242e-03,-1.14528343e-04,3.09920896e-03,-4.82328472e-05
heavy,3.0320,-3.98417485e+00,-7.01706535e-02,-6.05009357e-02,1.84980037e-03,-3.64293708e-01,-5.30752188e-04,4.50121184e-03,-1.11117583e-04,3.07547223e-03,-4.69263206e-05
heavy,3.0370,-4.01918053e+00,-6.98953111e-02,-5.95870102e-02,1.81057417e-03,-3.64556544e-01,-5.21516691e-04,4.44657730e-03,-1.07871360e-04,3.05236668e-03,-4.56915834e-05
heavy,3.0420,-4.05405291e+00,-6.96347172e-02,-5.86922260e-02,1.77294240e-03,-3.64814855e-01,-5.12597429e-04,4.39352001e-03,-1.04778633e-04,3.02985820e-03,-4.45231012e-05
heavy,3.0470,-4.08879907e+00,-6.93879596e-02,-5.78158167e-02,1.73680644e-03,-3.65068792e-01,-5.03976925e-04,4.34196639e-03,-1.01829319e-04,3.00791526e-03,-4.34158722e-05
heavy,3.0520,-4.12342567e+00,-6.91542013e-02,-5.69570626e-02,1.70207582e-03,-3.65318501e-01,-4.95639045e-04,4.29184760e-03,-9.90141878e-05,2.98650870e-03,-4.23653663e-05
heavy,3.0570,-4.15793897e+00,-6.89326732e-02,-5.61152866e-02,1.66866737e-03,-3.65564118e-01,-4.87568869e-04,4.24309920e-03,-9.63247751e-05,2.96561145e-03,-4.13674720e-05
heavy,3.0620,-4.19234488e+00,-6.87226668e-02,-5.52898512e-02,1.63650452e-03,-3.65805773e-01,-4.79752574e-04,4.19566072e-03,-9.37533035e-05,2.94519840e-03,-4.04184503e-05
heavy,3.0670,-4.22664894e+00,-6.85235287e-02,-5.44801553e-02,1.60551662e-03,-3.66043589e-01,-4.72177332e-04,4.14947540e-03,-9.12926151e-05,2.92524619e-03,-3.95148950e-05
heavy,3.0720,-4.26085641e+00,-6.83346549e-02,-5.36856315e-02,1.57563837e-03,-3.66277683e-01,-4.64831215e-04,4.10448989e-03,-8.89361104e-05,2.90573305e-03,-3.86536966e-05
heavy,3.0770,-4.29497225e+00,-6.81554864e-02,-5.29057432e-02,1.54680934e-03,-3.66508166e-01,-4.57703120e-04,4.06065395e-03,-8.66776956e-05,2.88663870e-03,-3.78320122e-05
heavy,3.0820,-4.32900116e+00,-6.79855048e-02,-5.21399828e-02,1.51897349e-03,-3.66735144e-01,-4.50782694e-04,4.01792025e-03,-8.45117347e-05,2.86794420e-03,-3.70472380e-05
heavy,3.0870,-4.36294758e+00,-6.78242290e-02,-5.13878694e-02,1.49207881e-03,-3.66958717e-01,-4.44060269e-04,3.97624417e-03,-8.24330074e-05,2.84963183e-03,-3.62969853e-05
heavy,3.0920,-4.39681574e+00,-6.76712115e-02,-5.06489471e-02,1.46607692e-03,-3.67178983e-01,-4.37526804e-04,3.93558353e-03,-8.04366718e-05,2.83168501e-03,-3.55790596e-05
heavy,3.0970,-4.43060963e+00,-6.75260356e-02,-4.99227830e-02,1.44092277e-03,-3.67396033e-01,-4.31173834e-04,3.89589852e-03,-7.85182306e-05,2.81408821e-03,-3.48914414e-05
heavy,3.1020,-4.46433307e+00,-6.73883128e-02,-4.92089657e-02,1.41657436e-03,-3.67609955e-01,-4.24993423e-04,3.85715144e-03,-7.66735012e-05,2.79682683e-03,-3.42322700e-05
heavy,3.1070,-4.49798966e+00,-6.72576804e-02,-4.85071041e-02,1.39299248e-03,-3.67820834e-01,-4.18978120e-04,3.81930660e-03,-7.48985887e-05,2.77988718e-03,-3.35998280e-05
heavy,3.1120,-4.53158286e+00,-6.71337994e-02,-4.78168259e-02,1.37014047e-03,-3.68028749e-01,-4.13120925e-04,3.78233018e-03,-7.31898617e-05,2.76325639e-03,-3.29925291e-05
heavy,3.1170,-4.56511595e+00,-6.70163523e-02,-4.71377762e-02,1.34798404e-03,-3.68233778e-01,-4.07415250e-04,3.74619010e-03,-7.15439304e-05,2.74692233e-03,-3.24089051e-05
heavy,3.1220,-4.59859205e+00,-6.69050420e-02,-4.64696168e-02,1.32649103e-03,-3.68435994e-01,-4.01854890e-04,3.71085591e-03,-6.99576274e-05,2.73087357e-03,-3.18475964e-05
heavy,3.1270,-4.63201415e+00,-6.67995894e-02,-4.58120248e-02,1.30563129e-03,-3.68635470e-01,-3.96433994e-04,3.67629867e-03,-6.84279890e-05,2.71509934e-03,-3.13073415e-05
heavy,3.1320,-4.66538510e+00,-6.66997327e-02,-4.51646921e-02,1.28537651e-03,-3.68832272e-01,-3.91147042e-04,3.64249088e-03,-6.69522401e-05,2.69958946e-03,-3.07869695e-05
heavy,3.1370,-4.69870763e+00,-6.66052257e-02,-4.45273238e-02,1.26570008e-03,-3.69026466e-01,-3.85988814e-04,3.60940634e-03,-6.55277790e-05,2.68433433e-03,-3.02853915e-05
heavy,3.1420,-4.73198435e+00,-6.65158367e-02,-4.38996382e-02,1.24657694e-03,-3.69218116e-01,-3.80954377e-04,3.57702015e-03,-6.41521643e-05,2.66932485e-03,-2.98015943e-05
heavy,3.1470,-4.76521774e+00,-6.64313475e-02,-4.32813655e-02,1.22798352e-03,-3.69407282e-01,-3.76039060e-04,3.54530856e-03,-6.28231028e-05,2.65455241e-03,-2.93346339e-05
heavy,3.1520,-4.79841021e+00,-6.63515524e-02,-4.26722473e-02,1.20989756e-03,-3.69594021e-01,-3.71238438e-04,3.51424891e-03,-6.15384385e-05,2.64000886e-03,-2.88836299e-05
heavy,3.1570,-4.83156404e+00,-6.62762573e-02,-4.20720360e-02,1.19229808e-03,-3.69778391e-01,-3.66548315e-04,3.48381960e-03,-6.02961428e-05,2.62568646e-03,-2.84477604e-05
heavy,3.1620,-4.86468143e+00,-6.62052787e-02,-4.14804942e-02,1.17516527e-03,-3.69960445e-01,-3.61964707e-04,3.45400002e-03,-5.90943051e-05,2.61157788e-03,-2.80262573e-05
heavy,3.1670,-4.89776448e+00,-6.61384434e-02,-4.08973938e-02,1.15848037e-03,-3.70140236e-01,-3.57483834e-04,3.42477045e-03,-5.79311243e-05,2.59767615e-03,-2.76184023e-05
heavy,3.1720,-4.93081523e+00,-6.60755874e-02,-4.03225161e-02,1.14222567e-03,-3.70317813e-01,-3.53102098e-04,3.39611206e-03,-5.68049015e-05,2.58397463e-03,-2.72235226e-05
heavy,3.1770,-4.96383560e+00,-6.60165554e-02,-3.97556509e-02,1.12638437e-03,-3.70493226e-01,-3.48816079e-04,3.36800683e-03,-5.57140327e-05,2.57046704e-03,-2.68409881e-05
heavy,3.1820,-4.99682749e+00,-6.59612003e-02,-3.91965959e-02,1.11094057e-03,-3.70666522e-01,-3.44622521e-04,3.34043754e-03,-5.46570024e-05,2.55714738e-03,-2.64702076e-05
heavy,3.1870,-5.02979267e+00,-6.59093825e-02,-3.86451568e-02,1.09587919e-03,-3.70837744e-01,-3.40518322e-04,3.31338767e-03,-5.36323776e-05,2.54400992e-03,-2.61106261e-05
heavy,3.1920,-5.06273289e+00,-6.58609696e-02,-3.81011465e-02,1.08118590e-03,-3.71006939e-01,-3.36500523e-04,3.28684142e-03,-5.26388024e-05,2.53104922e-03,-2.57617223e-05
heavy,3.1970,-5.09564982e+00,-6.58158359e-02,-3.75643848e-02,1.06684712e-03,-3.71174147e-01,-3.32566304e-04,3.26078363e-03,-5.16749929e-05,2.51826010e-03,-2.54230061e-05
heavy,3.2020,-5.12854504e+00,-6.57738618e-02,-3.70346982e-02,1.05284992e-03,-3.71339411e-01,-3.28712971e-04,3.23519977e-03,-5.07397325e-05,2.50563758e-03,-2.50940160e-05
heavy,3.2070,-5.16142012e+00,-6.57349336e-02,-3.65119194e-02,1.03918201e-03,-3.71502769e-01,-3.24937951e-04,3.21007589e-03,-4.98318679e-05,2.49317693e-03,-2.47743178e-05
heavy,3.2120,-5.19427655e+00,-6.56989432e-02,-3.59958870e-02,1.02583170e-03,-3.71664260e-01,-3.21238784e-04,3.18539861e-03,-4.89503046e-05,2.48087363e-03,-2.44635021e-05
heavy,3.2170,-5.22711575e+00,-6.56657875e-02,-3.54864454e-02,1.01278784e-03,-3.71823922e-01,-3.17613119e-04,3.16115508e-03,-4.80940036e-05,2.46872335e-03,-2.41611827e-05
heavy,3.2220,-5.25993914e+00,-6.56353684e-02,-3.49834445e-02,1.00003983e-03,-3.71981790e-01,-3.14058705e-04,3.13733295e-03,-4.72619780e-05,2.45672195e-03,-2.38669952e-05
heavy,3.2270,-5.29274804e+00,-6.56075923e-02,-3.44867392e-02,9.87577547e-04,-3.72137900e-01,-3.10573386e-04,3.11392035e-03,-4.64532896e-05,2.44486545e-03,-2.35805955e-05
heavy,3.2320,-5.32554375e+00,-6.55823699e-02,-3.39961893e-02,9.75391337e-04,-3.72292285e-01,-3.07155098e-04,3.09090587e-03,-4.56670461e-05,2.43315007e-03,-2.33016582e-05
heavy,3.2370,-5.35832753e+00,-6.55596158e-02,-3.35116594e-02,9.63471983e-04,-3.72444979e-01,-3.03801861e-04,3.06827852e-03,-4.49023985e-05,2.42157215e-03,-2.30298757e-05
heavy,3.2420,-5.39110058e+00,-6.55392488e-02,-3.30330185e-02,9.51810684e-04,-3.72596014e-01,-3.00511776e-04,3.04602774e-03,-4.41585382e-05,2.41012821e-03,-2.27649569e-05
heavy,3.2470,-5.42386408e+00,-6.55211910e-02,-3.25601401e-02,9.40399027e-04,-3.72745419e-01,-2.97283023e-04,3.02414335e-03,-4.34346951e-05,2.39881488e-03,-2.25066259e-05
heavy,3.2520,-5.45661916e+00,-6.55053680e-02,-3.20929015e-02,9.29228969e-04,-3.72893227e-01,-2.94113851e-04,3.00261556e-03,-4.27301351e-05,2.38762897e-03,-2.22546216e-05
heavy,3.2570,-5.48936692e+00,-6.54917085e-02,-3.16311842e-02,9.18292813e-04,-3.73039466e-01,-2.91002583e-04,2.98143491e-03,-4.20441580e-05,2.37656736e-03,-2.20086962e-05
heavy,3.2620,-5.52210842e+00,-6.54801445e-02,-3.11748732e-02,9.07583194e-04,-3.73184164e-01,-2.87947602e-04,2.96059231e-03,-4.13760959e-05,2.36562709e-03,-2.17686146e-05
heavy,3.2670,-5.55484470e+00,-6.54706108e-02,-3.07238572e-02,8.97093057e-04,-3.73327349e-01,-2.84947357e-04,2.94007899e-03,-4.07253111e-05,2.35480531e-03,-2.15341538e-05
heavy,3.2720,-5.58757674e+00,-6.54630447e-02,-3.02780284e-02,8.86815642e-04,-3.73469049e-01,-2.82000354e-04,2.91988646e-03,-4.00911947e-05,2.34409926e-03,-2.13051017e-05
heavy,3.2770,-5.62030551e+00,-6.54573864e-02,-2.98372823e-02,8.76744471e-04,-3.73609289e-01,-2.79105158e-04,2.90000657e-03,-3.94731646e-05,2.33350629e-03,-2.10812570e-05
heavy,3.2820,-5.65303196e+00,-6.54535783e-02,-2.94015174e-02,8.66873329e-04,-3.73748095e-01,-2.76260385e-04,2.88043143e-03,-3.88706646e-05,2.32302385e-03,-2.08624281e-05
heavy,3.2870,-5.68575700e+00,-6.54515653e-02,-2.89706355e-02,8.57196253e-04,-3.73885492e-01,-2.73464702e-04,2.86115341e-03,-3.82831628e-05,2.31264950e-03,-2.06484328e-05
heavy,3.2920,-5.71848150e+00,-6.54512945e-02,-2.85445410e-02,8.47707519e-04,-3.74021504e-01,-2.70716827e-04,2.84216518e-03,-3.77101500e-05,2.30238086e-03,-2.04390975e-05
heavy,3.2970,-5.75120632e+00,-6.54527151e-02,-2.81231414e-02,8.38401630e-04,-3.74156155e-01,-2.68015521e-04,2.82345961e-03,-3.71511390e-05,2.29221565e-03,-2.02342570e-05
heavy,3.3020,-5.78393229e+00,-6.54557781e-02,-2.77063466e-02,8.29273305e-04,-3.74289467e-01,-2.65359592e-04,2.80502984e-03,-3.66056633e-05,2.28215167e-03,-2.00337538e-05
heavy,3.3070,-5.81666023e+00,-6.54604366e-02,-2.72940694e-02,8.20317468e-04,-3.74421463e-01,-2.62747889e-04,2.78686922e-03,-3.60732758e-05,2.27218679e-03,-1.98374378e-05
heavy,3.3120,-5.84939092e+00,-6.54666454e-02,-2.68862248e-02,8.11529236e-04,-3.74552164e-01,-2.60179300e-04,2.76897134e-03,-3.55535482e-05,2.26231895e-03,-1.96451657e-05
heavy,3.3170,-5.88212512e+00,-6.54743612e-02,-2.64827303e-02,8.02903915e-04,-3.74681593e-01,-2.57652753e-04,2.75132998e-03,-3.50460697e-05,2.25254618e-03,-1.94568008e-05
heavy,3.3220,-5.91486357e+00,-6.54835421e-02,-2.60835058e-02,7.94436985e-04,-3.74809769e-01,-2.55167213e-04,2.73393911e-03,-3.45504464e-05,2.24286656e-03,-1.92722126e-05
heavy,3.3270,-5.94760700e+00,-6.54941479e-02,-2.56884731e-02,7.86124096e-04,-3.74936714e-01,-2.52721678e-04,2.71679293e-03,-3.40663002e-05,2.23327823e-03,-1.90912764e-05
heavy,3.3320,-5.98035610e+00,-6.55061398e-02,-2.52975566e-02,7.77961057e-04,-3.75062445e-01,-2.50315183e-04,2.69988578e-03,-3.35932684e-05,2.22377941e-03,-1.89138730e-05
heavy,3.3370,-6.01311156e+00,-6.55194804e-02,-2.49106822e-02,7.69943832e-04,-3.75186984e-01,-2.47946791e-04,2.68321222e-03,-3.31310026e-05,2.21436835e-03,-1.87398885e-05
heavy,3.3420,-6.04587405e+00,-6.55341339e-02,-2.45277784e-02,7.62068531e-04,-3.75310349e-01,-2.45615598e-04,2.66676696e-03,-3.26791681e-05,2.20504338e-03,-1.85692137e-05
heavy,3.3470,-6.07864421e+00,-6.55500655e-02,-2.41487750e-02,7.54331401e-04,-3.75432557e-01,-2.43320731e-04,2.65054486e-03,-3.22374434e-05,2.19580288e-03,-1.84017445e-05
heavy,3.3520,-6.11142266e+00,-6.55672416e-02,-2.37736040e-02,7.46728825e-04,-3.75553628e-01,-2.41061342e-04,2.63454095e-03,-3.18055194e-05,2.18664526e-03,-1.82373809e-05
heavy,3.3570,-6.14421003e+00,-6.55856301e-02,-2.34021991e-02,7.39257312e-04,-3.75673578e-01,-2.38836613e-04,2.61875043e-03,-3.13830989e-05,2.17756901e-03,-1.80760271e-05
heavy,3.3620,-6.17700691e+00,-6.56051998e-02,-2.30344957e-02,7.31913493e-04,-3.75792425e-01,-2.36645748e-04,2.60316861e-03,-3.09698961e-05,2.16857264e-03,-1.79175916e-05
heavy,3.3670,-6.20981389e+00,-6.56259206e-02,-2.26704309e-02,7.24694115e-04,-3.75910185e-01,-2.34487981e-04,2.58779097e-03,-3.05656359e-05,2.15965472e-03,-1.77619863e-05
heavy,3.3720,-6.24263153e+00,-6.56477633e-02,-2.23099432e-02,7.17596038e-04,-3.76026875e-01,-2.32362566e-04,2.57261311e-03,-3.01700537e-05,2.15081386e-03,-1.76091270e-05
heavy,3.3770,-6.27546038e+00,-6.56707001e-02,-2.19529728e-02,7.10616225e-04,-3.76142511e-01,-2.30268781e-04,2.55763075e-03,-2.97828944e-05,2.14204871e-03,-1.74589328e-05
heavy,3.3820,-6.30830098e+00,-6.56947036e-02,-2.15994616e-02,7.03751744e-04,-3.76257108e-01,-2.28205927e-04,2.54283976e-03,-2.94039128e-05,2.13335795e-03,-1.73113260e-05
heavy,3.3870,-6.34115387e+00,-6.57197478e-02,-2.12493524e-02,6.96999760e-04,-3.76370682e-01,-2.26173325e-04,2.52823611e-03,-2.90328723e-05,2.12474031e-03,-1.71662321e-05
heavy,3.3920,-6.37401954e+00,-6.57458072e-02,-2.09025899e-02,6.90357532e-04,-3.76483247e-01,-2.24170317e-04,2.51381589e-03,-2.86695450e-05,2.11619457e-03,-1.70235794e-05
heavy,3.3970,-6.40689852e+00,-6.57728573e-02,-2.05591199e-02,6.83822406e-04,-3.76594818e-01,-2.22196265e-04,2.49957531e-03,-2.83137114e-05,2.10771950e-03,-1.68832991e-05
heavy,3.4020,-6.43979127e+00,-6.58008743e-02,-2.02188895e-02,6.77391819e-04,-3.76705410e-01,-2.20250548e-04,2.48551068e-03,-2.79651596e-05,2.09931396e-03,-1.67453250e-05
heavy,3.4070,-6.47269829e+00,-6.58298354e-02,-1.98818471e-02,6.71063286e-04,-3.76815036e-01,-2.18332565e-04,2.47161841e-03,-2.76236854e-05,2.09097680e-03,-1.66095936e-05
heavy,3.4120,-6.50562003e+00,-6.58597182e-02,-1.95479425e-02,6.64834403e-04,-3.76923711e-01,-2.16441731e-04,2.45789502e-03,-2.72890917e-05,2.08270691e-03,-1.64760436e-05
heavy,3.4170,-6.53855696e+00,-6.58905013e-02,-1.92171263e-02,6.58702843e-04,-3.77031447e-01,-2.14577480e-04,2.44433712e-03,-2.69611883e-05,2.07450323e-03,-1.63446160e-05
heavy,3.4220,-6.57150951e+00,-6.59221637e-02,-1.88893506e-02,6.52666349e-04,-3.77138258e-01,-2.12739259e-04,2.43094143e-03,-2.66397917e-05,2.06636471e-03,-1.62152543e-05
heavy,3.4270,-6.60447812e+00,-6.59546853e-02,-1.85645684e-02,6.46722739e-04,-3.77244157e-01,-2.10926534e-04,2.41770472e-03,-2.63247246e-05,2.05829032e-03,-1.60879037e-05
heavy,3.4320,-6.63746321e+00,-6.59880465e-02,-1.82427338e-02,6.40869893e-04,-3.77349156e-01,-2.09138783e-04,2.40462389e-03,-2.60158160e-05,2.05027909e-03,-1.59625117e-05
heavy,3.4370,-6.67046521e+00,-6.60222283e-02,-1.79238020e-02,6.35105760e-04,-3.77453267e-01,-2.07375501e-04,2.39169590e-03,-2.57129004e-05,2.04233004e-03,-1.58390276e-05
heavy,3.4420,-6.70348450e+00,-6.60572122e-02,-1.76077292e-02,6.29428350e-04,-3.77556503e-01,-2.05636194e-04,2.37891780e-03,-2.54158180e-05,2.03444223e-03,-1.57174024e-05
heavy,3.4470,-6.73652150e+00,-6.60929805e-02,-1.72944726e-02,6.23835731e-04,-3.77658876e-01,-2.03920384e-04,2.36628671e-03,-2.51244146e-05,2.02661475e-03,-1.55975890e-05
heavy,3.4520,-6.76957659e+00,-6.61295158e-02,-1.69839902e-02,6.18326031e-04,-3.77760397e-01,-2.02227606e-04,2.35379984e-03,-2.48385407e-05,2.01884670e-03,-1.54795420e-05
heavy,3.4570,-6.80265014e+00,-6.61668013e-02,-1.66762412e-02,6.12897433e-04,-3.77861077e-01,-2.00557406e-04,2.34145445e-03,-2.45580520e-05,2.01113722e-03,-1.53632175e-05
heavy,3.4620,-6.83574254e+00,-6.62048206e-02,-1.63711854e-02,6.07548174e-04,-3.77960928e-01,-1.98909344e-04,2.32924791e-03,-2.42828090e-05,2.00348545e-03,-1.52485731e-05
heavy,3.4670,-6.86885413e+00,-6.62435580e-02,-1.60687836e-02,6.02276540e-04,-3.78059961e-01,-1.97282988e-04,2.31717761e-03,-2.40126765e-05,1.99589056e-03,-1.51355679e-05
heavy,3.4720,-6.90198527e+00,-6.62829980e-02,-1.57689975e-02,5.97080870e-04,-3.78158186e-01,-1.95677923e-04,2.30524104e-03,-2.37475238e-05,1.98835175e-03,-1.50241625e-05
heavy,3.4770,-6.93513632e+00,-6.63231258e-02,-1.54717895e-02,5.91959548e-04,-3.78255615e-01,-1.94093739e-04,2.29343575e-03,-2.34872246e-05,1.98086822e-03,-1.49143186e-05
heavy,3.4820,-6.96830761e+00,-6.63639268e-02,-1.51771229e-02,5.86911005e-04,-3.78352256e-01,-1.92530042e-04,2.28175934e-03,-2.32316563e-05,1.97343921e-03,-1.48059994e-05
heavy,3.4870,-7.00149948e+00,-6.64053869e-02,-1.48849617e-02,5.81933718e-04,-3.78448121e-01,-1.90986443e-04,2.27020948e-03,-2.29807003e-05,1.96606396e-03,-1.46991692e-05
heavy,3.4920,-7.03471225e+00,-6.64474924e-02,-1.45952706e-02,5.77026204e-04,-3.78543220e-01,-1.89462568e-04,2.25878389e-03,-2.27342418e-05,1.95874174e-03,-1.45937935e-05
heavy,3.4970,-7.06794623e+00,-6.64902300e-02,-1.43080152e-02,5.72187023e-04,-3.78637561e-01,-1.87958048e-04,2.24748035e-03,-2.24921696e-05,1.95147182e-03,-1.44898391e-05
heavy,3.5020,-7.10120175e+00,-6.65335867e-02,-1.40231617e-02,5.67414775e-04,-3.78731155e-01,-1.86472526e-04,2.23629671e-03,-2.22543759e-05,1.94425352e-03,-1.43872735e-05
heavy,3.5070,-7.13447911e+00,-6.65775499e-02,-1.37406769e-02,5.62708098e-04,-3.78824012e-01,-1.85005653e-04,2.22523085e-03,-2.20207562e-05,1.93708613e-03,-1.42860656e-05
heavy,3.5120,-7.16777861e+00,-6.66221074e-02,-1.34605286e-02,5.58065666e-04,-3.78916140e-01,-1.83557090e-04,2.21428071e-03,-2.17912094e-05,1.92996900e-03,-1.41861852e-05
heavy,3.5170,-7.20110054e+00,-6.66672473e-02,-1.31826847e-02,5.53486192e-04,-3.79007548e-01,-1.82126503e-04,2.20344428e-03,-2.15656372e-05,1.92290146e-03,-1.40876028e-05
heavy,3.5220,-7.23444519e+00,-6.67129579e-02,-1.29071144e-02,5.48968421e-04,-3.79098246e-01,-1.80713570e-04,2.19271960e-03,-2.13439444e-05,1.91588288e-03,-1.39902903e-05
heavy,3.5270,-7.26781285e+00,-6.67592280e-02,-1.26337869e-02,5.44511132e-04,-3.79188241e-01,-1.79317976e-04,2.18210475e-03,-2.11260388e-05,1.90891262e-03,-1.38942200e-05
heavy,3.5320,-7.30120378e+00,-6.68060465e-02,-1.23626724e-02,5.40113136e-04,-3.79277544e-01,-1.77939410e-04,2.17159787e-03,-2.09118308e-05,1.90199008e-03,-1.37993655e-05
heavy,3.5370,-7.33461827e+00,-6.68534028e-02,-1.20937416e-02,5.35773278e-04,-3.79366161e-01,-1.76577574e-04,2.16119714e-03,-2.07012334e-05,1.89511465e-03,-1.37057007e-05
heavy,3.5420,-7.36805657e+00,-6.69012865e-02,-1.18269657e-02,5.31490429e-04,-3.79454102e-01,-1.75232173e-04,2.15090076e-03,-2.04941625e-05,1.88828574e-03,-1.36132007e-05
heavy,3.5470,-7.40151895e+00,-6.69496873e-02,-1.15623164e-02,5.27263492e-04,-3.79541375e-01,-1.73902921e-04,2.14070699e-03,-2.02905361e-05,1.88150278e-03,-1.35218412e-05
heavy,3.5520,-7.43500566e+00,-6.69985954e-02,-1.12997662e-02,5.23091399e-04,-3.79627986e-01,-1.72589538e-04,2.13061415e-03,-2.00902748e-05,1.87476520e-03,-1.34315987e-05
heavy,3.5570,-7.46851696e+00,-6.70480012e-02,-1.10392878e-02,5.18973107e-04,-3.79713946e-01,-1.71291750e-04,2.12062055e-03,-1.98933015e-05,1.86807245e-03,-1.33424503e-05
heavy,3.5620,-7.50205309e+00,-6.70978953e-02,-1.07808547e-02,5.14907601e-04,-3.79799260e-01,-1.70009290e-04,2.11072459e-03,-1.96995412e-05,1.86142400e-03,-1.32543737e-05
heavy,3.5670,-7.53561430e+00,-6.71482685e-02,-1.05244406e-02,5.10893891e-04,-3.79883938e-01,-1.68741898e-04,2.10092468e-03,-1.95089212e-05,1.85481931e-03,-1.31673474e-05
heavy,3.5720,-7.56920081e+00,-6.71991119e-02,-1.02700201e-02,5.06931012e-04,-3.79967985e-01,-1.67489318e-04,2.09121926e-03,-1.93213708e-05,1.84825785e-03,-1.30813506e-05
heavy,3.5770,-7.60281287e+00,-6.72504167e-02,-1.00175678e-02,5.03018024e-04,-3.80051410e-01,-1.66251302e-04,2.08160681e-03,-1.91368212e-05,1.84173913e-03,-1.29963628e-05
heavy,3.5820,-7.63645070e+00,-6.73021746e-02,-9.76705921e-03,4.99154009e-04,-3.80134220e-01,-1.65027606e-04,2.07208586e-03,-1.89552058e-05,1.83526264e-03,-1.29123644e-05
heavy,3.5870,-7.67011453e+00,-6.73543772e-02,-9.51846993e-03,4.95338072e-04,-3.80216421e-01,-1.63817992e-04,2.06265495e-03,-1.87764597e-05,1.82882790e-03,-1.28293361e-05
heavy,3.5920,-7.70380457e+00,-6.74070164e-02,-9.27177622e-03,4.91569341e-04,-3.80298021e-01,-1.62622227e-04,2.05331267e-03,-1.86005197e-05,1.82243442e-03,-1.27472592e-05
heavy,3.5970,-7.73752104e+00,-6.74600844e-02,-9.02695468e-03,4.87846963e-04,-3.80379027e-01,-1.61440084e-04,2.04405764e-03,-1.84273246e-05,1.81608173e-03,-1.26661157e-05
heavy,3.6020,-7.77126416e+00,-6.75135735e-02,-8.78398237e-03,4.84170108e-04,-3.80459446e-01,-1.60271340e-04,2.03488848e-03,-1.82568147e-05,1.80976937e-03,-1.25858879e-05
heavy,3.6070,-7.80503414e+00,-6.75674762e-02,-8.54283675e-03,4.80537964e-04,-3.80539283e-01,-1.59115778e-04,2.02580389e-03,-1.80889320e-05,1.80349689e-03,-1.25065587e-05
heavy,3.6120,-7.83883117e+00,-6.76217851e-02,-8.30349566e-03,4.76949739e-04,-3.80618546e-01,-1.57973184e-04,2.01680255e-03,-1.79236201e-05,1.79726384e-03,-1.24281113e-05
heavy,3.6170,-7.87265545e+00,-6.76764931e-02,-8.06593735e-03,4.73404659e-04,-3.80697242e-01,-1.56843351e-04,2.00788320e-03,-1.77608241e-05,1.79106979e-03,-1.23505295e-05
heavy,3.6220,-7.90650720e+00,-6.77315932e-02,-7.83014046e-03,4.69901971e-04,-3.80775375e-01,-1.55726074e-04,1.99904460e-03,-1.76004906e-05,1.78491430e-03,-1.22737975e-05
heavy,3.6270,-7.94038660e+00,-6.77870787e-02,-7.59608399e-03,4.66440937e-04,-3.80852953e-01,-1.54621154e-04,1.99028552e-03,-1.74425675e-05,1.77879697e-03,-1.21978999e-05
heavy,3.6320,-7.97429384e+00,-6.78429427e-02,-7.36374729e-03,4.63020836e-04,-3.80929982e-01,-1.53528396e-04,1.98160479e-03,-1.72870044e-05,1.77271736e-03,-1.21228217e-05
heavy,3.6370,-8.00822911e+00,-6.78991789e-02,-7.13311009e-03,4.59640966e-04,-3.81006468e-01,-1.52447609e-04,1.97300122e-03,-1.71337519e-05,1.76667508e-03,-1.20485484e-05
heavy,3.6420,-8.04219259e+00,-6.79557809e-02,-6.90415246e-03,4.56300638e-04,-3.81082416e-01,-1.51378605e-04,1.96447367e-03,-1.69827620e-05,1.76066973e-03,-1.19750657e-05
heavy,3.6470,-8.07618447e+00,-6.80127424e-02,-6.67685481e-03,4.52999182e-04,-3.81157833e-01,-1.50321202e-04,1.95602104e-03,-1.68339881e-05,1.75470092e-03,-1.19023597e-05
heavy,3.6520,-8.11020492e+00,-6.80700574e-02,-6.45119787e-03,4.49735940e-04,-3.81232724e-01,-1.49275220e-04,1.94764222e-03,-1.66873847e-05,1.74876827e-03,-1.18304169e-05
heavy,3.6570,-8.14425412e+00,-6.81277200e-02,-6.22716271e-03,4.46510272e-04,-3.81307095e-01,-1.48240484e-04,1.93933614e-03,-1.65429075e-05,1.74287138e-03,-1.17592243e-05
heavy,3.6620,-8.17833224e+00,-6.81857243e-02,-6.00473071e-03,4.43321549e-04,-3.81380951e-01,-1.47216821e-04,1.93110174e-03,-1.64005132e-05,1.73700990e-03,-1.16887689e-05
heavy,3.6670,-8.21243945e+00,-6.82440647e-02,-5.78388356e-03,4.40169160e-04,-3.81454299e-01,-1.46204062e-04,1.92293800e-03,-1.62601599e-05,1.73118346e-03,-1.16190382e-05
heavy,3.6720,-8.24657592e+00,-6.83027357e-02,-5.56460325e-03,4.37052503e-04,-3.81527143e-01,-1.45202044e-04,1.91484392e-03,-1.61218065e-05,1.72539170e-03,-1.15500202e-05
heavy,3.6770,-8.28074181e+00,-6.83617317e-02,-5.34687207e-03,4.33970994e-04,-3.81599489e-01,-1.44210603e-04,1.90681849e-03,-1.59854131e-05,1.71963426e-03,-1.14817027e-05
heavy,3.6820,-8.31493728e+00,-6.84210475e-02,-5.13067260e-03,4.30924058e-04,-3.81671341e-01,-1.43229582e-04,1.89886074e-03,-1.58509409e-05,1.71391080e-03,-1.14140743e-05
heavy,3.6870,-8.34916249e+00,-6.84806780e-02,-4.91598770e-03,4.27911134e-04,-3.81742706e-01,-1.42258825e-04,1.89096974e-03,-1.57183517e-05,1.70822097e-03,-1.13471236e-05
heavy,3.6920,-8.38341760e+00,-6.85406180e-02,-4.70280051e-03,4.24931673e-04,-3.81813588e-01,-1.41298180e-04,1.88314455e-03,-1.55876086e-05,1.70256445e-03,-1.12808396e-05
heavy,3.6970,-8.41770275e+00,-6.86008625e-02,-4.49109444e-03,4.21985139e-04,-3.81883993e-01,-1.40347497e-04,1.87538425e-03,-1.54586756e-05,1.69694090e-03,-1.12152114e-05
heavy,3.7020,-8.45201811e+00,-6.86614068e-02,-4.28085318e-03,4.19071006e-04,-3.81953925e-01,-1.39406631e-04,1.86768794e-03,-1.53315174e-05,1.69134999e-03,-1.11502286e-05
heavy,3.7070,-8.48636381e+00,-6.87222460e-02,-4.07206064e-03,4.16188758e-04,-3.82023388e-01,-1.38475437e-04,1.86005476e-03,-1.52060996e-05,1.68579141e-03,-1.10858807e-05
heavy,3.7120,-8.52074002e+00,-6.87833755e-02,-3.86470104e-03,4.13337894e-04,-3.82092389e-01,-1.37553775e-04,1.85248383e-03,-1.50823889e-05,1.68026484e-03,-1.10221578e-05
heavy,3.7170,-8.55514686e+00,-6.88447908e-02,-3.65875879e-03,4.10517920e-04,-3.82160931e-01,-1.36641508e-04,1.84497432e-03,-1.49603526e-05,1.67476997e-03,-1.09590501e-05
heavy,3.7220,-8.58958448e+00,-6.89064873e-02,-3.45421860e-03,4.07728354e-04,-3.82229020e-01,-1.35738499e-04,1.83752540e-03,-1.48399586e-05,1.66930650e-03,-1.08965480e-05
heavy,3.7270,-8.62405302e+00,-6.89684607e-02,-3.25106537e-03,4.04968722e-04,-3.82296659e-01,-1.34844615e-04,1.83013625e-03,-1.47211760e-05,1.66387412e-03,-1.08346420e-05
heavy,3.7320,-8.65855262e+00,-6.90307067e-02,-3.04928426e-03,4.02238563e-04,-3.82363854e-01,-1.33959728e-04,1.82280607e-03,-1.46039744e-05,1.65847254e-03,-1.07733230e-05
heavy,3.7370,-8.69308341e+00,-6.90932212e-02,-2.84886066e-03,3.99537422e-04,-3.82430608e-01,-1.33083709e-04,1.81553408e-03,-1.44883242e-05,1.65310147e-03,-1.07125821e-05
heavy,3.7420,-8.72764553e+00,-6.91559999e-02,-2.64978018e-03,3.96864857e-04,-3.82496927e-01,-1.32216432e-04,1.80831952e-03,-1.43741963e-05,1.64776062e-03,-1.06524105e-05
heavy,3.7470,-8.76223911e+00,-6.92190390e-02,-2.45202864e-03,3.94220433e-04,-3.82562815e-01,-1.31357776e-04,1.80116163e-03,-1.42615627e-05,1.64244971e-03,-1.05927997e-05
heavy,3.7520,-8.79686427e+00,-6.92823344e-02,-2.25559209e-03,3.91603723e-04,-3.82628275e-01,-1.30507618e-04,1.79405967e-03,-1.41503956e-05,1.63716847e-03,-1.05337412e-05
heavy,3.7570,-8.83152115e+00,-6.93458824e-02,-2.06045677e-03,3.89014309e-04,-3.82693312e-01,-1.29665841e-04,1.78701291e-03,-1.40406681e-05,1.63191661e-03,-1.04752269e-05
heavy,3.7620,-8.86620987e+00,-6.94096790e-02,-1.86660915e-03,3.86451784e-04,-3.82757931e-01,-1.28832328e-04,1.78002065e-03,-1.39323540e-05,1.62669387e-03,-1.04172487e-05
heavy,3.7670,-8.90093054e+00,-6.94737206e-02,-1.67403589e-03,3.83915746e-04,-3.82822135e-01,-1.28006966e-04,1.77308218e-03,-1.38254275e-05,1.62149998e-03,-1.03597989e-05
heavy,3.7720,-8.93568330e+00,-6.95380037e-02,-1.48272385e-03,3.81405801e-04,-3.82885929e-01,-1.27189642e-04,1.76619681e-03,-1.37198635e-05,1.61633467e-03,-1.03028697e-05
heavy,3.7770,-8.97046827e+00,-6.96025245e-02,-1.29266009e-03,3.78921566e-04,-3.82949316e-01,-1.26380246e-04,1.75936388e-03,-1.36156375e-05,1.61119770e-03,-1.02464537e-05
heavy,3.7820,-9.00528556e+00,-6.96672796e-02,-1.10383184e-03,3.76462662e-04,-3.83012300e-01,-1.25578670e-04,1.75258271e-03,-1.35127256e-05,1.60608881e-03,-1.01905434e-05
heavy,3.7870,-9.04013528e+00,-6.97322657e-02,-9.16226549e-04,3.74028719e-04,-3.83074885e-01,-1.24784809e-04,1.74585266e-03,-1.34111043e-05,1.60100774e-03,-1.01351317e-05
heavy,3.7920,-9.07501756e+00,-6.97974792e-02,-7.29831823e-04,3.71619375e-04,-3.83137076e-01,-1.23998557e-04,1.73917308e-03,-1.33107507e-05,1.59595425e-03,-1.00802116e-05
heavy,3.7970,-9.10993250e+00,-6.98629170e-02,-5.44635460e-04,3.69234272e-04,-3.83198875e-01,-1.23219813e-04,1.73254336e-03,-1.32116424e-05,1.59092810e-03,-1.00257761e-05
heavy,3.8020,-9.14488021e+00,-6.99285758e-02,-3.60625430e-04,3.66873062e-04,-3.83260287e-01,-1.22448477e-04,1.72596287e-03,-1.31137577e-05,1.58592903e-03,-9.97181845e-06
heavy,3.8070,-9.17986082e+00,-6.99944525e-02,-1.77789877e-04,3.64535403e-04,-3.83321315e-01,-1.21684449e-04,1.71943100e-03,-1.30170750e-05,1.58095683e-03,-9.91833208e-06
heavy,3.8120,-9.21487442e+00,-7.00605439e-02,3.88288639e-06,3.62220958e-04,-3.83381963e-01,-1.20927633e-04,1.71294717e-03,-1.29215735e-05,1.57601124e-03,-9.86531048e-06
heavy,3.8170,-9.24992112e+00,-7.01268469e-02,1.84404380e-04,3.59929399e-04,-3.83442234e-01,-1.20177933e-04,1.70651078e-03,-1.28272328e-05,1.57109205e-03,-9.81274729e-06
heavy,3.8220,-9.28500102e+00,-7.01933587e-02,3.63785960e-04,3.57660401e-04,-3.83502133e-01,-1.19435255e-04,1.70012127e-03,-1.27340328e-05,1.56619902e-03,-9.76063628e-06
heavy,3.8270,-9.32011423e+00,-7.02600762e-02,5.42038826e-04,3.55413647e-04,-3.83561662e-01,-1.18699509e-04,1.69377806e-03,-1.26419540e-05,1.56133194e-03,-9.70897134e-06
heavy,3.8320,-9.35526086e+00,-7.03269966e-02,7.19174016e-04,3.53188827e-04,-3.83620824e-01,-1.17970603e-04,1.68748060e-03,-1.25509773e-05,1.55649057e-03,-9.65774649e-06
heavy,3.8370,-9.39044100e+00,-7.03941171e-02,8.95202418e-04,3.50985634e-04,-3.83679624e-01,-1.17248448e-04,1.68122835e-03,-1.24610839e-05,1.55167470e-03,-9.60695586e-06
heavy,3.8420,-9.42565475e+00,-7.04614349e-02,1.07013477e-03,3.48803769e-04,-3.83738065e-01,-1.16532957e-04,1.67502076e-03,-1.23722556e-05,1.54688411e-03,-9.55659370e-06
heavy,3.8470,-9.46090221e+00,-7.05289472e-02,1.24398165e-03,3.46642937e-04,-3.83796150e-01,-1.15824045e-04,1.66885731e-03,-1.22844744e-05,1.54211860e-03,-9.50665436e-06
heavy,3.8520,-9.49618347e+00,-7.05966514e-02,1.41675350e-03,3.44502850e-04,-3.83853881e-01,-1.15121627e-04,1.66273749e-03,-1.21977229e-05,1.53737794e-03,-9.45713230e-06
heavy,3.8570,-9.53149864e+00,-7.06645448e-02,1.58846062e-03,3.42383223e-04,-3.83911264e-01,-1.14425620e-04,1.65666077e-03,-1.21119838e-05,1.53266194e-03,-9.40802211e-06
heavy,3.8620,-9.56684780e+00,-7.07326249e-02,1.75911317e-03,3.40283778e-04,-3.83968300e-01,-1.13735943e-04,1.65062667e-03,-1.20272404e-05,1.52797040e-03,-9.35931845e-06
heavy,3.8670,-9.60223105e+00,-7.08008892e-02,1.92872117e-03,3.38204242e-04,-3.84024992e-01,-1.13052515e-04,1.64463467e-03,-1.19434762e-05,1.52330309e-03,-9.31101610e-06
heavy,3.8720,-9.63764847e+00,-7.08693352e-02,2.09729450e-03,3.36144346e-04,-3.84081345e-01,-1.12375257e-04,1.63868431e-03,-1.18606752e-05,1.51865984e-03,-9.26310993e-06
heavy,3.8770,-9.67310017e+00,-7.09379604e-02,2.26484291e-03,3.34103826e-04,-3.84137361e-01,-1.11704092e-04,1.63277510e-03,-1.17788216e-05,1.51404044e-03,-9.21559492e-06
heavy,3.8820,-9.70858623e+00,-7.10067624e-02,2.43137602e-03,3.32082423e-04,-3.84193042e-01,-1.11038944e-04,1.62690658e-03,-1.16979000e-05,1.50944470e-03,-9.16846611e-06
heavy,3.8870,-9.74410673e+00,-7.10757389e-02,2.59690332e-03,3.30079883e-04,-3.84248393e-01,-1.10379737e-04,1.62107827e-03,-1.16178953e-05,1.50487242e-03,-9.12171867e-06
heavy,3.8920,-9.77966177e+00,-7.11448876e-02,2.76143419e-03,3.28095955e-04,-3.84303415e-01,-1.09726399e-04,1.61528974e-03,-1.15387927e-05,1.50032342e-03,-9.07534784e-06
heavy,3.8970,-9.81525142e+00,-7.12142062e-02,2.92497785e-03,3.26130395e-04,-3.84358112e-01,-1.09078855e-04,1.60954052e-03,-1.14605778e-05,1.49579751e-03,-9.02934894e-06
heavy,3.9020,-9.85087578e+00,-7.12836924e-02,3.08754343e-03,3.24182960e-04,-3.84412487e-01,-1.08437036e-04,1.60383018e-03,-1.13832362e-05,1.49129450e-03,-8.98371738e-06
heavy,3.9070,-9.88653492e+00,-7.13533441e-02,3.24913994e-03,3.22253414e-04,-3.84466543e-01,-1.07800870e-04,1.59815828e-03,-1.13067543e-05,1.48681421e-03,-8.93844866e-06
heavy,3.9120,-9.92222893e+00,-7.14231591e-02,3.40977625e-03,3.20341523e-04,-3.84520282e-01,-1.07170289e-04,1.59252441e-03,-1.12311182e-05,1.48235647e-03,-8.89353836e-06
heavy,3.9170,-9.95795789e+00,-7.14931353e-02,3.56946113e-03,3.18447059e-04,-3.84573706e-01,-1.06545225e-04,1.58692814e-03,-1.11563148e-05,1.47792109e-03,-8.84898212e-06
heavy,3.9220,-9.99372188e+00,-7.15632706e-02,3.72820324e-03,3.16569797e-04,-3.84626820e-01,-1.05925610e-04,1.58136905e-03,-1.10823309e-05,1.47350789e-03,-8.80477568e-06
heavy,3.9270,-1.00295210e+01,-7.16335630e-02,3.88601111e-03,3.14709515e-04,-3.84679626e-01,-1.05311378e-04,1.57584675e-03,-1.10091538e-05,1.46911671e-03,-8.76091484e-06
heavy,3.9320,-1.00653553e+01,-7.17040105e-02,4.04289319e-03,3.12865995e-04,-3.84732126e-01,-1.04702466e-04,1.57036082e-03,-1.09367708e-05,1.46474738e-03,-8.71739547e-06
heavy,3.9370,-1.01012248e+01,-7.17746110e-02,4.19885780e-03,3.11039026e-04,-3.84784322e-01,-1.04098809e-04,1.56491089e-03,-1.08651698e-05,1.46039971e-03,-8.67421353e-06
heavy,3.9420,-1.01371297e+01,-7.18453627e-02,4.35391315e-03,3.09228395e-04,-3.84836218e-01,-1.03500345e-04,1.55949655e-03,-1.07943386e-05,1.45607355e-03,-8.63136504e-06
heavy,3.9470,-1.01730700e+01,-7.19162635e-02,4.50806737e-03,3.07433896e-04,-3.84887817e-01,-1.02907011e-04,1.55411743e-03,-1.07242655e-05,1.45176873e-03,-8.58884607e-06
heavy,3.9520,-1.02090458e+01,-7.19873118e-02,4.66132846e-03,3.05655327e-04,-3.84939119e-01,-1.02318746e-04,1.54877316e-03,-1.06549388e-05,1.44748509e-03,-8.54665279e-06
heavy,3.9570,-1.02450571e+01,-7.20585055e-02,4.81370435e-03,3.03892488e-04,-3.84990129e-01,-1.01735492e-04,1.54346335e-03,-1.05863472e-05,1.44322245e-03,-8.50478141e-06
heavy,3.9620,-1.02811041e+01,-7.21298429e-02,4.96520283e-03,3.02145182e-04,-3.85040849e-01,-1.01157189e-04,1.53818766e-03,-1.05184796e-05,1.43898068e-03,-8.46322821e-06
heavy,3.9670,-1.03171868e+01,-7.22013222e-02,5.11583163e-03,3.00413215e-04,-3.85091281e-01,-1.00583778e-04,1.53294571e-03,-1.04513250e-05,1.43475959e-03,-8.42198954e-06
heavy,3.9720,-1.03533053e+01,-7.22729417e-02,5.26559837e-03,2.98696399e-04,-3.85141427e-01,-1.00015203e-04,1.52773715e-03,-1.03848728e-05,1.43055905e-03,-8.38106180e-06
heavy,3.9770,-1.03894596e+01,-7.23446995e-02,5.41451057e-03,2.96994545e-04,-3.85191291e-01,-9.94514073e-05,1.52256164e-03,-1.03191125e-05,1.42637889e-03,-8.34044145e-06
heavy,3.9820,-1.04256498e+01,-7.24165941e-02,5.56257567e-03,2.95307471e-04,-3.85240873e-01,-9.88923356e-05,1.51741883e-03,-1.02540337e-05,1.42221896e-03,-8.30012502e-06
heavy,3.9870,-1.04618760e+01,-7.24886237e-02,5.70980101e-03,2.93634995e-04,-3.85290177e-01,-9.83379332e-05,1.51230839e-03,-1.01896264e-05,1.41807912e-03,-8.26010909e-06
heavy,3.9920,-1.04981383e+01,-7.25607867e-02,5.85619384e-03,2.91976939e-04,-3.85339206e-01,-9.77881464e-05,1.50722998e-03,-1.01258806e-05,1.41395920e-03,-8.22039028e-06
heavy,3.9970,-1.05344367e+01,-7.26330814e-02,6.00176133e-03,2.90333128e-04,-3.85387960e-01,-9.72429222e-05,1.50218327e-03,-1.00627867e-05,1.40985907e-03,-8.18096529e-06
heavy,4.0020,-1.05707712e+01,-7.27055064e-02,6.14651055e-03,2.88703390e-04,-3.85436443e-01,-9.67022083e-05,1.49716794e-03,-1.00003351e-05,1.40577857e-03,-8.14183085e-06
heavy,4.0070,-1.06071420e+01,-7.27780599e-02,6.29044849e-03,2.87087556e-04,-3.85484657e-01,-9.61659535e-05,1.49218367e-03,-9.93851643e-06,1.40171757e-03,-8.10298377e-06
heavy,4.0120,-1.06435491e+01,-7.28507405e-02,6.43358208e-03,2.85485458e-04,-3.85532604e-01,-9.56341070e-05,1.48723015e-03,-9.87732156e-06,1.39767592e-03,-8.06442088e-06
heavy,4.0170,-1.06799926e+01,-7.29235466e-02,6.57591812e-03,2.83896932e-04,-3.85580286e-01,-9.51066191e-05,1.48230707e-03,-9.81674145e-06,1.39365348e-03,-8.02613909e-06
heavy,4.0220,-1.07164725e+01,-7.29964768e-02,6.71746336e-03,2.82321818e-04,-3.85627706e-01,-9.45834405e-05,1.47741412e-03,-9.75676727e-06,1.38965011e-03,-7.98813532e-06
heavy,4.0270,-1.07529890e+01,-7.30695296e-02,6.85822447e-03,2.80759954e-04,-3.85674865e-01,-9.40645228e-05,1.47255100e-03,-9.69739034e-06,1.38566567e-03,-7.95040658e-06
heavy,4.0320,-1.07895419e+01,-7.31427035e-02,6.99820804e-03,2.79211186e-04,-3.85721765e-01,-9.35498183e-05,1.46771741e-03,-9.63860215e-06,1.38170002e-03,-7.91294990e-06
heavy,4.0370,-1.08261315e+01,-7.32159971e-02,7.13742056e-03,2.77675359e-04,-3.85768410e-01,-9.30392800e-05,1.46291307e-03,-9.58039433e-06,1.37775303e-03,-7.87576237e-06
heavy,4.0420,-1.08627578e+01,-7.32894090e-02,7.27586847e-03,2.76152321e-04,-3.85814800e-01,-9.25328616e-05,1.45813769e-03,-9.52275869e-06,1.37382457e-03,-7.83884110e-06
heavy,4.0470,-1.08994208e+01,-7.33629378e-02,7.41355813e-03,2.74641923e-04,-3.85860938e-01,-9.20305174e-05,1.45339097e-03,-9.46568717e-06,1.36991450e-03,-7.80218328e-06
heavy,4.0520,-1.09361206e+01,-7.34365822e-02,7.55049582e-03,2.73144018e-04,-3.85906826e-01,-9.15322024e-05,1.44867265e-03,-9.40917185e-06,1.36602269e-03,-7.76578612e-06
heavy,4.0570,-1.09728572e+01,-7.35103408e-02,7.68668775e-03,2.71658461e-04,-3.85952465e-01,-9.10378721e-05,1.44398244e-03,-9.35320497e-06,1.36214901e-03,-7.72964687e-06
heavy,4.0620,-1.10096308e+01,-7.35842123e-02,7.82214004e-03,2.70185109e-04,-3.85997859e-01,-9.05474831e-05,1.43932008e-03,-9.29777890e-06,1.35829334e-03,-7.69376284e-06
heavy,4.0670,-1.10464413e+01,-7.36581953e-02,7.95685878e-03,2.68723821e-04,-3.86043008e-01,-9.00609920e-05,1.43468529e-03,-9.24288616e-06,1.35445554e-03,-7.65813135e-06
heavy,4.0720,-1.10832889e+01,-7.37322888e-02,8.09084995e-03,2.67274460e-04,-3.86087915e-01,-8.95783564e-05,1.43007780e-03,-9.18851938e-06,1.35063550e-03,-7.62274980e-06
heavy,4.0770,-1.11201735e+01,-7.38064912e-02,8.22411948e-03,2.65836890e-04,-3.86132582e-01,-8.90995345e-05,1.42549737e-03,-9.13467135e-06,1.34683308e-03,-7.58761560e-06
heavy,4.0820,-1.11570952e+01,-7.38808015e-02,8.35667324e-03,2.64410975e-04,-3.86177011e-01,-8.86244850e-05,1.42094373e-03,-9.08133496e-06,1.34304817e-03,-7.55272620e-06
heavy,4.0870,-1.11940542e+01,-7.39552184e-02,8.48851701e-03,2.62996584e-04,-3.86221202e-01,-8.81531671e-05,1.41641662e-03,-9.02850326e-06,1.33928064e-03,-7.51807909e-06
heavy,4.0920,-1.12310503e+01,-7.40297407e-02,8.61965653e-03,2.61593587e-04,-3.86265159e-01,-8.76855407e-05,1.41191581e-03,-8.97616938e-06,1.33553037e-03,-7.48367180e-06
heavy,4.0970,-1.12680838e+01,-7.41043672e-02,8.75009746e-03,2.60201856e-04,-3.86308884e-01,-8.72215662e-05,1.40744103e-03,-8.92432661e-06,1.33179724e-03,-7.44950190e-06
heavy,4.1020,-1.13051546e+01,-7.41790967e-02,8.87984539e-03,2.58821263e-04,-3.86352377e-01,-8.67612046e-05,1.40299205e-03,-8.87296833e-06,1.32808114e-03,-7.41556699e-06
heavy,4.1070,-1.13422628e+01,-7.42539281e-02,9.00890587e-03,2.57451685e-04,-3.86395641e-01,-8.63044174e-05,1.39856862e-03,-8.82208804e-06,1.32438195e-03,-7.38186471e-06
heavy,4.1120,-1.13794084e+01,-7.43288602e-02,9.13728437e-03,2.56092998e-04,-3.86438677e-01,-8.58511667e-05,1.39417051e-03,-8.77167938e-06,1.32069955e-03,-7.34839271e-06
heavy,4.1170,-1.14165915e+01,-7.44038920e-02,9.26498630e-03,2.54745083e-04,-3.86481488e-01,-8.54014151e-05,1.38979748e-03,-8.72173606e-06,1.31703382e-03,-7.31514870e-06
heavy,4.1220,-1.14538122e+01,-7.44790223e-02,9.39201702e-03,2.53407819e-04,-3.86524074e-01,-8.49551255e-05,1.38544931e-03,-8.67225192e-06,1.31338466e-03,-7.28213042e-06
heavy,4.1270,-1.14910704e+01,-7.45542501e-02,9.51838183e-03,2.52081090e-04,-3.86566439e-01,-8.45122616e-05,1.38112576e-03,-8.62322091e-06,1.30975195e-03,-7.24933563e-06
heavy,4.1320,-1.15283663e+01,-7.46295742e-02,9.64408595e-03,2.50764780e-04,-3.86608583e-01,-8.40727875e-05,1.37682661e-03,-8.57463707e-06,1.30613558e-03,-7.21676213e-06
heavy,4.1370,-1.15656999e+01,-7.47049937e-02,9.76913458e-03,2.49458774e-04,-3.86650508e-01,-8.36366678e-05,1.37255164e-03,-8.52649454e-06,1.30253544e-03,-7.18440774e-06
heavy,4.1420,-1.16030712e+01,-7.47805074e-02,9.89353284e-03,2.48162961e-04,-3.86692216e-01,-8.32038675e-05,1.36830062e-03,-8.47878759e-06,1.29895143e-03,-7.15227033e-06
heavy,4.1470,-1.16404803e+01,-7.48561144e-02,1.00172858e-02,2.46877230e-04,-3.86733708e-01,-8.27743521e-05,1.36407335e-03,-8.43151054e-06,1.29538342e-03,-7.12034777e-06
heavy,4.1520,-1.16779272e+01,-7.49318136e-02,1.01403984e-02,2.45601471e-04,-3.86774986e-01,-8.23480876e-05,1.35986961e-03,-8.38465784e-06,1.29183133e-03,-7.08863800e-06
heavy,4.1570,-1.17154120e+01,-7.50076041e-02,1.02628757e-02,2.44335576e-04,-3.86816052e-01,-8.19250405e-05,1.35568918e-03,-8.33822403e-06,1.28829503e-03,-7.05713894e-06
heavy,4.1620,-1.17529347e+01,-7.50834848e-02,1.03847226e-02,2.43079440e-04,-3.86856907e-01,-8.15051777e-05,1.35153187e-03,-8.29220372e-06,1.28477443e-03,-7.02584858e-06
heavy,4.1670,-1.17904954e+01,-7.51594549e-02,1.05059439e-02,2.41832959e-04,-3.86897554e-01,-8.10884664e-05,1.34739745e-03,-8.24659163e-06,1.28126943e-03,-6.99476492e-06
heavy,4.1720,-1.18280940e+01,-7.52355133e-02,1.06265444e-02,2.40596028e-04,-3.86937992e-01,-8.06748745e-05,1.34328574e-03,-8.20138257e-06,1.27777991e-03,-6.96388597e-06
heavy,4.1770,-1.18657308e+01,-7.53116591e-02,1.07465289e-02,2.39368547e-04,-3.86978225e-01,-8.02643702e-05,1.33919654e-03,-8.15657142e-06,1.27430578e-03,-6.93320981e-06
heavy,4.1820,-1.19034056e+01,-7.53878913e-02,1.08659021e-02,2.38150414e-04,-3.87018253e-01,-7.98569220e-05,1.33512963e-03,-8.11215315e-06,1.27084693e-03,-6.90273449e-06
heavy,4.1870,-1.19411186e+01,-7.54642092e-02,1.09846685e-02,2.36941532e-04,-3.87058078e-01,-7.94524991e-05,1.33108483e-03,-8.06812282e-06,1.26740327e-03,-6.87245814e-06
heavy,4.1920,-1.19788697e+01,-7.55406117e-02,1.11028329e-02,2.35741802e-04,-3.87097702e-01,-7.90510707e-05,1.32706195e-03,-8.02447556e-06,1.26397470e-03,-6.84237888e-06
heavy,4.1970,-1.20166591e+01,-7.56170979e-02,1.12203998e-02,2.34551128e-04,-3.87137126e-01,-7.86526069e-05,1.32306080e-03,-7.98120659e-06,1.26056112e-03,-6.81249487e-06
heavy,4.2020,-1.20544867e+01,-7.56936671e-02,1.13373736e-02,2.33369416e-04,-3.87176351e-01,-7.82570777e-05,1.31908118e-03,-7.93831120e-06,1.25716243e-03,-6.78280428e-06
heavy,4.2070,-1.20923526e+01,-7.57703183e-02,1.14537588e-02,2.32196572e-04,-3.87215380e-01,-7.78644538e-05,1.31512292e-03,-7.89578477e-06,1.25377854e-03,-6.75330532e-06
heavy,4.2120,-1.21302569e+01,-7.58470507e-02,1.15695599e-02,2.31032504e-04,-3.87254212e-01,-7.74747062e-05,1.31118582e-03,-7.85362272e-06,1.25040935e-03,-6.72399621e-06
heavy,4.2170,-1.21681996e+01,-7.59238634e-02,1.16847812e-02,2.29877121e-04,-3.87292851e-01,-7.70878062e-05,1.30726972e-03,-7.81182059e-06,1.24705477e-03,-6.69487521e-06
heavy,4.2220,-1.22061807e+01,-7.60007556e-02,1.17994270e-02,2.28730333e-04,-3.87331297e-01,-7.67037257e-05,1.30337442e-03,-7.77037396e-06,1.24371469e-03,-6.66594058e-06
heavy,4.2270,-1.22442003e+01,-7.60777265e-02,1.19135016e-02,2.27592051e-04,-3.87369551e-01,-7.63224366e-05,1.29949975e-03,-7.72927849e-06,1.24038904e-03,-6.63719063e-06
heavy,4.2320,-1.22822583e+01,-7.61547752e-02,1.20270093e-02,2.26462188e-04,-3.87407616e-01,-7.59439115e-05,1.29564554e-03,-7.68852990e-06,1.23707772e-03,-6.60862366e-06
heavy,4.2370,-1.23203550e+01,-7.62319011e-02,1.21399541e-02,2.25340658e-04,-3.87445492e-01,-7.55681231e-05,1.29181162e-03,-7.64812400e-06,1.23378063e-03,-6.58023801e-06
heavy,4.2420,-1.23584901e+01,-7.63091032e-02,1.22523403e-02,2.24227377e-04,-3.87483181e-01,-7.51950445e-05,1.28799782e-03,-7.60805665e-06,1.23049769e-03,-6.55203204e-06
heavy,4.2470,-1.23966640e+01,-7.63863809e-02,1.23641719e-02,2.23122259e-04,-3.87520684e-01,-7.48246494e-05,1.28420396e-03,-7.56832377e-06,1.22722880e-03,-6.52400413e-06
heavy,4.2520,-1.24348764e+01,-7.64637333e-02,1.24754531e-02,2.22025222e-04,-3.87558003e-01,-7.44569114e-05,1.28042988e-03,-7.52892136e-06,1.22397389e-03,-6.49615267e-06
heavy,4.2570,-1.24731276e+01,-7.65411597e-02,1.25861878e-02,2.20936185e-04,-3.87595138e-01,-7.40918049e-05,1.27667542e-03,-7.48984546e-06,1.22073285e-03,-6.46847610e-06
heavy,4.2620,-1.25114175e+01,-7.66186594e-02,1.26963801e-02,2.19855067e-04,-3.87632091e-01,-7.37293041e-05,1.27294041e-03,-7.45109221e-06,1.21750561e-03,-6.44097284e-06
heavy,4.2670,-1.25497462e+01,-7.66962315e-02,1.28060338e-02,2.18781788e-04,-3.87668864e-01,-7.33693839e-05,1.26922470e-03,-7.41265776e-06,1.21429208e-03,-6.41364136e-06
heavy,4.2720,-1.25881137e+01,-7.67738755e-02,1.29151528e-02,2.17716270e-04,-3.87705458e-01,-7.30120195e-05,1.26552812e-03,-7.37453836e-06,1.21109217e-03,-6.38648013e-06
heavy,4.2770,-1.26265200e+01,-7.68515905e-02,1.30237411e-02,2.16658436e-04,-3.87741873e-01,-7.26571863e-05,1.26185052e-03,-7.33673030e-06,1.20790580e-03,-6.35948765e-06
heavy,4.2820,-1.26649652e+01,-7.69293759e-02,1.31318024e-02,2.15608209e-04,-3.87778112e-01,-7.23048599e-05,1.25819175e-03,-7.29922993e-06,1.20473288e-03,-6.33266243e-06
heavy,4.2870,-1.27034493e+01,-7.70072310e-02,1.32393405e-02,2.14565513e-04,-3.87814175e-01,-7.19550164e-05,1.25455165e-03,-7.26203365e-06,1.20157333e-03,-6.30600301e-06
heavy,4.2920,-1.27419723e+01,-7.70851550e-02,1.33463592e-02,2.13530274e-04,-3.87850064e-01,-7.16076321e-05,1.25093006e-03,-7.22513794e-06,1.19842707e-03,-6.27950793e-06
heavy,4.2970,-1.27805343e+01,-7.71631474e-02,1.34528621e-02,2.12502419e-04,-3.87885780e-01,-7.12626837e-05,1.24732685e-03,-7.18853929e-06,1.19529401e-03,-6.25317576e-06
heavy,4.3020,-1.28191354e+01,-7.72412073e-02,1.35588531e-02,2.11481875e-04,-3.87921324e-01,-7.09201479e-05,1.24374187e-03,-7.15223428e-06,1.19217408e-03,-6.22700509e-06
heavy,4.3070,-1.28577755e+01,-7.73193343e-02,1.36643356e-02,2.10468570e-04,-3.87956697e-01,-7.05800021e-05,1.24017496e-03,-7.11621954e-06,1.18906719e-03,-6.20099453e-06
heavy,4.3120,-1.28964546e+01,-7.73975275e-02,1.37693133e-02,2.09462434e-04,-3.87991901e-01,-7.02422236e-05,1.23662598e-03,-7.08049172e-06,1.18597327e-03,-6.17514268e-06
heavy,4.3170,-1.29351729e+01,-7.74757864e-02,1.38737897e-02,2.08463396e-04,-3.88026937e-01,-6.99067902e-05,1.23309480e-03,-7.04504754e-06,1.18289224e-03,-6.14944818e-06
heavy,4.3220,-1.29739304e+01,-7.75541103e-02,1.39777685e-02,2.07471389e-04,-3.88061805e-01,-6.95736799e-05,1.22958126e-03,-7.00988379e-06,1.17982401e-03,-6.12390969e-06
heavy,4.3270,-1.30127270e+01,-7.76324987e-02,1.40812530e-02,2.06486343e-04,-3.88096508e-01,-6.92428710e-05,1.22608524e-03,-6.97499727e-06,1.17676851e-03,-6.09852587e-06
heavy,4.3320,-1.30515628e+01,-7.77109508e-02,1.41842468e-02,2.05508191e-04,-3.88131046e-01,-6.89143419e-05,1.22260658e-03,-6.94038486e-06,1.17372566e-03,-6.07329541e-06
heavy,4.3370,-1.30904378e+01,-7.77894660e-02,1.42867532e-02,2.04536868e-04,-3.88165420e-01,-6.85880714e-05,1.21914517e-03,-6.90604345e-06,1.17069539e-03,-6.04821700e-06
heavy,4.3420,-1.31293522e+01,-7.78680438e-02,1.43887757e-02,2.03572307e-04,-3.88199631e-01,-6.82640386e-05,1.21570085e-03,-6.87197001e-06,1.16767762e-03,-6.02328935e-06
heavy,4.3470,-1.31683058e+01,-7.79466836e-02,1.44903177e-02,2.02614445e-04,-3.88233681e-01,-6.79422229e-05,1.21227351e-03,-6.83816154e-06,1.16467227e-03,-5.99851120e-06
heavy,4.3520,-1.32072988e+01,-7.80253847e-02,1.45913824e-02,2.01663216e-04,-3.88267571e-01,-6.76226036e-05,1.20886300e-03,-6.80461509e-06,1.16167928e-03,-5.97388129e-06
heavy,4.3570,-1.32463311e+01,-7.81041467e-02,1.46919733e-02,2.00718558e-04,-3.88301301e-01,-6.73051606e-05,1.20546920e-03,-6.77132774e-06,1.15869856e-03,-5.94939837e-06
heavy,4.3620,-1.32854029e+01,-7.81829688e-02,1.47920934e-02,1.99780409e-04,-3.88334873e-01,-6.69898739e-05,1.20209197e-03,-6.73829662e-06,1.15573005e-03,-5.92506123e-06
heavy,4.3670,-1.33245140e+01,-7.82618505e-02,1.48917461e-02,1.98848707e-04,-3.88368288e-01,-6.66767237e-05,1.19873119e-03,-6.70551891e-06,1.15277367e-03,-5.90086863e-06
heavy,4.3720,-1.33636646e+01,-7.83407914e-02,1.49909347e-02,1.97923392e-04,-3.88401548e-01,-6.63656906e-05,1.19538674e-03,-6.67299181e-06,1.14982935e-03,-5.87681939e-06
heavy,4.3770,-1.34028547e+01,-7.84197907e-02,1.50896622e-02,1.97004402e-04,-3.88434652e-01,-6.60567552e-05,1.19205849e-03,-6.64071259e-06,1.14689702e-03,-5.85291231e-06
heavy,4.3820,-1.34420844e+01,-7.84988480e-02,1.51879318e-02,1.96091679e-04,-3.88467602e-01,-6.57498985e-05,1.18874632e-03,-6.60867854e-06,1.14397660e-03,-5.82914623e-06
heavy,4.3870,-1.34813535e+01,-7.85779628e-02,1.52857466e-02,1.95185165e-04,-3.88500399e-01,-6.54451017e-05,1.18545010e-03,-6.57688698e-06,1.14106803e-03,-5.80551998e-06
heavy,4.3920,-1.35206623e+01,-7.86571344e-02,1.53831097e-02,1.94284801e-04,-3.88533045e-01,-6.51423460e-05,1.18216971e-03,-6.54533530e-06,1.13817124e-03,-5.78203242e-06
heavy,4.3970,-1.35600106e+01,-7.87363624e-02,1.54800243e-02,1.93390530e-04,-3.88565539e-01,-6.48416132e-05,1.17890504e-03,-6.51402088e-06,1.13528616e-03,-5.75868240e-06
heavy,4.4020,-1.35993986e+01,-7.88156462e-02,1.55764932e-02,1.92502296e-04,-3.88597884e-01,-6.45428849e-05,1.17565596e-03,-6.48294119e-06,1.13241272e-03,-5.73546882e-06
heavy,4.4070,-1.36388262e+01,-7.88949854e-02,1.56725196e-02,1.91620043e-04,-3.88630080e-01,-6.42461433e-05,1.17242237e-03,-6.45209369e-06,1.12955085e-03,-5.71239056e-06
heavy,4.4120,-1.36782935e+01,-7.89743794e-02,1.57681064e-02,1.90743716e-04,-3.88662128e-01,-6.39513706e-05,1.16920414e-03,-6.42147591e-06,1.12670049e-03,-5.68944652e-06
heavy,4.4170,-1.37178005e+01,-7.90538277e-02,1.58632565e-02,1.89873260e-04,-3.88694029e-01,-6.36585491e-05,1.16600116e-03,-6.39108540e-06,1.12386156e-03,-5.66663562e-06
heavy,4.4220,-1.37573472e+01,-7.91333297e-02,1.59579728e-02,1.89008621e-04,-3.88725784e-01,-6.33676616e-05,1.16281331e-03,-6.36091973e-06,1.12103400e-03,-5.64395679e-06
heavy,4.4270,-1.37969338e+01,-7.92128852e-02,1.60522584e-02,1.88149747e-04,-3.88757394e-01,-6.30786907e-05,1.15964050e-03,-6.33097653e-06,1.11821776e-03,-5.62140896e-06
heavy,4.4320,-1.38365601e+01,-7.92924934e-02,1.61461159e-02,1.87296585e-04,-3.88788860e-01,-6.27916196e-05,1.15648259e-03,-6.30125345e-06,1.11541275e-03,-5.59899109e-06
heavy,4.4370,-1.38762262e+01,-7.93721540e-02,1.62395483e-02,1.86449082e-04,-3.88820184e-01,-6.25064315e-05,1.15333950e-03,-6.27174818e-06,1.11261892e-03,-5.57670214e-06
heavy,4.4420,-1.39159322e+01,-7.94518665e-02,1.63325585e-02,1.85607188e-04,-3.88851365e-01,-6.22231098e-05,1.15021110e-03,-6.24245842e-06,1.10983619e-03,-5.55454108e-06
heavy,4.4470,-1.39556780e+01,-7.95316304e-02,1.64251490e-02,1.84770852e-04,-3.88882405e-01,-6.19416380e-05,1.14709729e-03,-6.21338194e-06,1.10706452e-03,-5.53250689e-06
heavy,4.4520,-1.39954637e+01,-7.96114452e-02,1.65173229e-02,1.83940023e-04,-3.88913304e-01,-6.16620000e-05,1.14399796e-03,-6.18451650e-06,1.10430383e-03,-5.51059858e-06
heavy,4.4570,-1.40352894e+01,-7.96913105e-02,1.66090827e-02,1.83114653e-04,-3.88944065e-01,-6.13841797e-05,1.14091301e-03,-6.15585991e-06,1.10155407e-03,-5.48881513e-06
heavy,4.4620,-1.40751550e+01,-7.97712259e-02,1.67004312e-02,1.82294691e-04,-3.88974686e-01,-6.11081611e-05,1.13784234e-03,-6.12741002e-06,1.09881516e-03,-5.46715559e-06
heavy,4.4670,-1.41150606e+01,-7.98511908e-02,1.67913711e-02,1.81480091e-04,-3.89005171e-01,-6.08339288e-05,1.13478584e-03,-6.09916469e-06,1.09608706e-03,-5.44561896e-06
heavy,4.4720,-1.41550061e+01,-7.99312049e-02,1.68819051e-02,1.80670803e-04,-3.89035518e-01,-6.05614671e-05,1.13174341e-03,-6.07112182e-06,1.09336969e-03,-5.42420428e-06
heavy,4.4770,-1.41949917e+01,-8.00112677e-02,1.69720358e-02,1.79866782e-04,-3.89065730e-01,-6.02907606e-05,1.12871496e-03,-6.04327934e-06,1.09066299e-03,-5.40291062e-06
heavy,4.4820,-1.42350173e+01,-8.00913788e-02,1.70617658e-02,1.79067979e-04,-3.89095807e-01,-6.00217943e-05,1.12570037e-03,-6.01563519e-06,1.08796692e-03,-5.38173701e-06
heavy,4.4870,-1.42750830e+01,-8.01715377e-02,1.71510977e-02,1.78274349e-04,-3.89125750e-01,-5.97545532e-05,1.12269955e-03,-5.98818737e-06,1.08528140e-03,-5.36068253e-06
heavy,4.4920,-1.43151888e+01,-8.02517441e-02,1.72400342e-02,1.77485846e-04,-3.89155559e-01,-5.94890223e-05,1.11971241e-03,-5.96093387e-06,1.08260637e-03,-5.33974626e-06
heavy,4.4970,-1.43553347e+01,-8.03319974e-02,1.73285777e-02,1.76702426e-04,-3.89185237e-01,-5.92251870e-05,1.11673884e-03,-5.93387273e-06,1.07994179e-03,-5.31892728e-06
heavy,4.5020,-1.43955208e+01,-8.04122974e-02,1.74167307e-02,1.75924042e-04,-3.89214783e-01,-5.89630328e-05,1.11377876e-03,-5.90700201e-06,1.07728758e-03,-5.29822469e-06
heavy,4.5070,-1.44357470e+01,-8.04926435e-02,1.75044959e-02,1.75150652e-04,-3.89244198e-01,-5.87025454e-05,1.11083206e-03,-5.88031981e-06,1.07464370e-03,-5.27763759e-06
heavy,4.5120,-1.44760133e+01,-8.05730355e-02,1.75918756e-02,1.74382212e-04,-3.89273483e-01,-5.84437106e-05,1.10789865e-03,-5.85382422e-06,1.07201008e-03,-5.25716511e-06
heavy,4.5170,-1.45163199e+01,-8.06534728e-02,1.76788724e-02,1.73618678e-04,-3.89302640e-01,-5.81865142e-05,1.10497845e-03,-5.82751339e-06,1.06938666e-03,-5.23680635e-06
heavy,4.5220,-1.45566668e+01,-8.07339551e-02,1.77654886e-02,1.72860008e-04,-3.89331668e-01,-5.79309425e-05,1.10207135e-03,-5.80138548e-06,1.06677340e-03,-5.21656047e-06
heavy,4.5270,-1.45970538e+01,-8.08144820e-02,1.78517267e-02,1.72106160e-04,-3.89360569e-01,-5.76769816e-05,1.09917727e-03,-5.77543868e-06,1.06417023e-03,-5.19642659e-06
heavy,4.5320,-1.46374812e+01,-8.08950531e-02,1.79375892e-02,1.71357092e-04,-3.89389343e-01,-5.74246180e-05,1.09629612e-03,-5.74967119e-06,1.06157711e-03,-5.17640387e-06
heavy,4.5370,-1.46779488e+01,-8.09756681e-02,1.80230783e-02,1.70612763e-04,-3.89417992e-01,-5.71738383e-05,1.09342781e-03,-5.72408124e-06,1.05899396e-03,-5.15649147e-06
heavy,4.5420,-1.47184568e+01,-8.10563265e-02,1.81081965e-02,1.69873132e-04,-3.89446515e-01,-5.69246291e-05,1.09057225e-03,-5.69866709e-06,1.05642074e-03,-5.13668855e-06
heavy,4.5470,-1.47590051e+01,-8.11370280e-02,1.81929460e-02,1.69138159e-04,-3.89474914e-01,-5.66769773e-05,1.08772935e-03,-5.67342702e-06,1.05385740e-03,-5.11699430e-06
heavy,4.5520,-1.47995938e+01,-8.12177722e-02,1.82773292e-02,1.68407804e-04,-3.89503190e-01,-5.64308699e-05,1.08489902e-03,-5.64835933e-06,1.05130387e-03,-5.09740789e-06
heavy,4.5570,-1.48402228e+01,-8.12985588e-02,1.83613485e-02,1.67682028e-04,-3.89531343e-01,-5.61862939e-05,1.08208119e-03,-5.62346233e-06,1.04876011e-03,-5.07792852e-06
heavy,4.5620,-1.48808923e+01,-8.13793873e-02,1.84450060e-02,1.66960791e-04,-3.89559375e-01,-5.59432367e-05,1.07927576e-03,-5.59873438e-06,1.04622607e-03,-5.05855540e-06
heavy,4.5670,-1.49216022e+01,-8.14602575e-02,1.85283040e-02,1.66244055e-04,-3.89587285e-01,-5.57016856e-05,1.07648265e-03,-5.57417384e-06,1.04370168e-03,-5.03928771e-06
heavy,4.5720,-1.49623525e+01,-8.15411690e-02,1.86112448e-02,1.65531782e-04,-3.89615075e-01,-5.54616282e-05,1.07370178e-03,-5.54977909e-06,1.04118690e-03,-5.02012470e-06
heavy,4.5770,-1.50031433e+01,-8.16221214e-02,1.86938306e-02,1.64823934e-04,-3.89642745e-01,-5.52230521e-05,1.07093306e-03,-5.52554854e-06,1.03868168e-03,-5.00106557e-06
heavy,4.5820,-1.50439746e+01,-8.17031144e-02,1.87760636e-02,1.64120474e-04,-3.89670296e-01,-5.49859451e-05,1.06817642e-03,-5.50148061e-06,1.03618596e-03,-4.98210956e-06
heavy,4.5870,-1.50848464e+01,-8.17841476e-02,1.88579460e-02,1.63421366e-04,-3.89697729e-01,-5.47502952e-05,1.06543177e-03,-5.47757376e-06,1.03369969e-03,-4.96325591e-06
heavy,4.5920,-1.51257587e+01,-8.18652208e-02,1.89394800e-02,1.62726571e-04,-3.89725045e-01,-5.45160903e-05,1.06269903e-03,-5.45382644e-06,1.03122282e-03,-4.94450387e-06
heavy,4.5970,-1.51667116e+01,-8.19463335e-02,1.90206676e-02,1.62036055e-04,-3.89752243e-01,-5.42833186e-05,1.05997813e-03,-5.43023714e-06,1.02875530e-03,-4.92585270e-06
heavy,4.6020,-1.52077050e+01,-8.20274855e-02,1.91015111e-02,1.61349782e-04,-3.89779326e-01,-5.40519685e-05,1.05726898e-03,-5.40680437e-06,1.02629708e-03,-4.90730164e-06
heavy,4.6070,-1.52487390e+01,-8.21086764e-02,1.91820125e-02,1.60667717e-04,-3.89806294e-01,-5.38220282e-05,1.05457150e-03,-5.38352664e-06,1.02384812e-03,-4.88884998e-06
heavy,4.6120,-1.52898136e+01,-8.21899059e-02,1.92621739e-02,1.59989823e-04,-3.89833147e-01,-5.35934865e-05,1.05188563e-03,-5.36040250e-06,1.02140835e-03,-4.87049698e-06
heavy,4.6170,-1.53309289e+01,-8.22711736e-02,1.93419975e-02,1.59316068e-04,-3.89859886e-01,-5.33663319e-05,1.04921128e-03,-5.33743051e-06,1.01897773e-03,-4.85224194e-06
heavy,4.6220,-1.53720847e+01,-8.23524794e-02,1.94214852e-02,1.58646416e-04,-3.89886511e-01,-5.31405532e-05,1.04654837e-03,-5.31460924e-06,1.01655622e-03,-4.83408413e-06
heavy,4.6270,-1.54132813e+01,-8.24338227e-02,1.95006391e-02,1.57980835e-04,-3.89913025e-01,-5.29161392e-05,1.04389684e-03,-5.29193729e-06,1.01414376e-03,-4.81602287e-06
heavy,4.6320,-1.54545185e+01,-8.25152034e-02,1.95794613e-02,1.57319289e-04,-3.89939426e-01,-5.26930790e-05,1.04125661e-03,-5.26941327e-06,1.01174031e-03,-4.79805744e-06
heavy,4.6370,-1.54957964e+01,-8.25966212e-02,1.96579538e-02,1.56661747e-04,-3.89965716e-01,-5.24713618e-05,1.03862760e-03,-5.24703581e-06,1.00934582e-03,-4.78018716e-06
heavy,4.6420,-1.55371151e+01,-8.26780756e-02,1.97361184e-02,1.56008176e-04,-3.89991896e-01,-5.22509766e-05,1.03600974e-03,-5.22480355e-06,1.00696023e-03,-4.76241135e-06
heavy,4.6470,-1.55784745e+01,-8.27595665e-02,1.98139573e-02,1.55358543e-04,-3.90017966e-01,-5.20319128e-05,1.03340296e-03,-5.20271516e-06,1.00458351e-03,-4.74472934e-06
heavy,4.6520,-1.56198746e+01,-8.28410935e-02,1.98914724e-02,1.54712815e-04,-3.90043926e-01,-5.18141600e-05,1.03080719e-03,-5.18076931e-06,1.00221561e-03,-4.72714044e-06
heavy,4.6570,-1.56613155e+01,-8.29226564e-02,1.99686656e-02,1.54070962e-04,-3.90069778e-01,-5.15977076e-05,1.02822236e-03,-5.15896470e-06,9.99856481e-04,-4.70964400e-06
heavy,4.6620,-1.57027972e+01,-8.30042548e-02,2.00455389e-02,1.53432952e-04,-3.90095522e-01,-5.13825452e-05,1.02564839e-03,-5.13730003e-06,9.97506075e-04,-4.69223935e-06
heavy,4.6670,-1.57443197e+01,-8.30858885e-02,2.01220941e-02,1.52798754e-04,-3.90121159e-01,-5.11686628e-05,1.02308522e-03,-5.11577404e-06,9.95164348e-04,-4.67492585e-06
heavy,4.6720,-1.57858831e+01,-8.31675571e-02,2.01983332e-02,1.52168336e-04,-3.90146690e-01,-5.09560500e-05,1.02053278e-03,-5.09438546e-06,9.92831255e-04,-4.65770286e-06
heavy,4.6770,-1.58274873e+01,-8.32492604e-02,2.02742581e-02,1.51541669e-04,-3.90172114e-01,-5.07446969e-05,1.01799099e-03,-5.07313306e-06,9.90506750e-04,-4.64056972e-06
heavy,4.6820,-1.58691323e+01,-8.33309982e-02,2.03498706e-02,1.50918723e-04,-3.90197433e-01,-5.05345935e-05,1.01545980e-03,-5.05201559e-06,9.88190790e-04,-4.62352581e-06
heavy,4.6870,-1.59108182e+01,-8.34127701e-02,2.04251725e-02,1.50299467e-04,-3.90222647e-01,-5.03257301e-05,1.01293913e-03,-5.03103185e-06,9.85883328e-04,-4.60657051e-06
heavy,4.6920,-1.59525450e+01,-8.34945758e-02,2.05001658e-02,1.49683873e-04,-3.90247757e-01,-5.01180968e-05,1.01042893e-03,-5.01018063e-06,9.83584322e-04,-4.58970318e-06
heavy,4.6970,-1.59943128e+01,-8.35764152e-02,2.05748522e-02,1.49071910e-04,-3.90272764e-01,-4.99116840e-05,1.00792911e-03,-4.98946076e-06,9.81293727e-04,-4.57292321e-06
heavy,4.7020,-1.60361214e+01,-8.36582878e-02,2.06492335e-02,1.48463551e-04,-3.90297667e-01,-4.97064822e-05,1.00543962e-03,-4.96887105e-06,9.79011500e-04,-4.55622999e-06
heavy,4.7070,-1.60779710e+01,-8.37401936e-02,2.07233115e-02,1.47858766e-04,-3.90322469e-01,-4.95024820e-05,1.00296039e-03,-4.94841035e-06,9.76737597e-04,-4.53962293e-06
heavy,4.7120,-1.61198616e+01,-8.38221321e-02,2.07970881e-02,1.47257527e-04,-3.90347168e-01,-4.92996739e-05,1.00049135e-03,-4.92807752e-06,9.74471977e-04,-4.52310140e-06
heavy,4.7170,-1.61617931e+01,-8.39041032e-02,2.08705650e-02,1.46659806e-04,-3.90371767e-01,-4.90980488e-05,9.98032457e-04,-4.90787142e-06,9.72214595e-04,-4.50666484e-06
heavy,4.7220,-1.62037656e+01,-8.39861066e-02,2.09437438e-02,1.46065575e-04,-3.90396265e-01,-4.88975974e-05,9.95583630e-04,-4.88779094e-06,9.69965410e-04,-4.49031264e-06
heavy,4.7270,-1.62457792e+01,-8.40681420e-02,2.10166265e-02,1.45474807e-04,-3.90420663e-01,-4.86983107e-05,9.93144811e-04,-4.86783496e-06,9.67724380e-04,-4.47404422e-06
heavy,4.7320,-1.62878337e+01,-8.41502091e-02,2.10892146e-02,1.44887475e-04,-3.90444962e-01,-4.85001796e-05,9.90715939e-04,-4.84800241e-06,9.65491463e-04,-4.45785900e-06
heavy,4.7370,-1.63299293e+01,-8.42323079e-02,2.11615100e-02,1.44303552e-04,-3.90469162e-01,-4.83031953e-05,9.88296952e-04,-4.82829219e-06,9.63266617e-04,-4.44175642e-06
heavy,4.7420,-1.63720660e+01,-8.43144379e-02,2.12335142e-02,1.43723011e-04,-3.90493264e-01,-4.81073490e-05,9.85887788e-04,-4.80870325e-06,9.61049802e-04,-4.42573590e-06
heavy,4.7470,-1.64142437e+01,-8.43965989e-02,2.13052291e-02,1.43145826e-04,-3.90517268e-01,-4.79126319e-05,9.83488389e-04,-4.78923452e-06,9.58840977e-04,-4.40979689e-06
heavy,4.7520,-1.64564626e+01,-8.44787907e-02,2.13766562e-02,1.42571971e-04,-3.90541175e-01,-4.77190353e-05,9.81098693e-04,-4.76988497e-06,9.56640100e-04,-4.39393882e-06
heavy,4.7570,-1.64987225e+01,-8.45610131e-02,2.14477972e-02,1.42001419e-04,-3.90564986e-01,-4.75265508e-05,9.78718642e-04,-4.75065356e-06,9.54447132e-04,-4.37816115e-06
heavy,4.7620,-1.65410235e+01,-8.46432658e-02,2.15186538e-02,1.41434146e-04,-3.90588701e-01,-4.73351698e-05,9.76348176e-04,-4.73153928e-06,9.52262032e-04,-4.36246332e-06
heavy,4.7670,-1.65833657e+01,-8.47255487e-02,2.15892276e-02,1.40870125e-04,-3.90612320e-01,-4.71448839e-05,9.73987238e-04,-4.71254112e-06,9.50084761e-04,-4.34684480e-06
heavy,4.7720,-1.66257491e+01,-8.48078613e-02,2.16595201e-02,1.40309333e-04,-3.90635844e-01,-4.69556849e-05,9.71635769e-04,-4.69365807e-06,9.47915279e-04,-4.33130504e-06
heavy,4.7770,-1.66681736e+01,-8.48902036e-02,2.17295331e-02,1.39751743e-04,-3.90659274e-01,-4.67675644e-05,9.69293713e-04,-4.67488917e-06,9.45753547e-04,-4.31584351e-06
heavy,4.7820,-1.67106392e+01,-8.49725753e-02,2.17992682e-02,1.39197332e-04,-3.90682610e-01,-4.65805143e-05,9.66961012e-04,-4.65623342e-06,9.43599526e-04,-4.30045969e-06
heavy,4.7870,-1.67531461e+01,-8.50549762e-02,2.18687268e-02,1.38646075e-04,-3.90705854e-01,-4.63945266e-05,9.64637610e-04,-4.63768988e-06,9.41453177e-04,-4.28515306e-06
heavy,4.7920,-1.67956942e+01,-8.51374060e-02,2.19379106e-02,1.38097948e-04,-3.90729004e-01,-4.62095933e-05,9.62323452e-04,-4.61925759e-06,9.39314463e-04,-4.26992308e-06
heavy,4.7970,-1.68382835e+01,-8.52198646e-02,2.20068211e-02,1.37552927e-04,-3.90752062e-01,-4.60257063e-05,9.60018482e-04,-4.60093560e-06,9.37183343e-04,-4.25476926e-06
heavy,4.8020,-1.68809140e+01,-8.53023516e-02,2.20754599e-02,1.37010988e-04,-3.90775028e-01,-4.58428579e-05,9.57722644e-04,-4.58272300e-06,9.35059782e-04,-4.23969107e-06
heavy,4.8070,-1.69235858e+01,-8.53848670e-02,2.21438285e-02,1.36472109e-04,-3.90797904e-01,-4.56610403e-05,9.55435885e-04,-4.56461885e-06,9.32943740e-04,-4.22468802e-06
heavy,4.8120,-1.69662988e+01,-8.54674105e-02,2.22119285e-02,1.35936265e-04,-3.90820688e-01,-4.54802458e-05,9.53158151e-04,-4.54662224e-06,9.30835181e-04,-4.20975961e-06
heavy,4.8170,-1.70090532e+01,-8.55499818e-02,2.22797613e-02,1.35403435e-04,-3.90843383e-01,-4.53004668e-05,9.50889387e-04,-4.52873229e-06,9.28734067e-04,-4.19490533e-06
heavy,4.8220,-1.70518488e+01,-8.56325807e-02,2.23473284e-02,1.34873594e-04,-3.90865987e-01,-4.51216957e-05,9.48629542e-04,-4.51094809e-06,9.26640361e-04,-4.18012469e-06
heavy,4.8270,-1.70946857e+01,-8.57152072e-02,2.24146314e-02,1.34346722e-04,-3.90888503e-01,-4.49439249e-05,9.46378562e-04,-4.49326876e-06,9.24554027e-04,-4.16541721e-06
heavy,4.8320,-1.71375640e+01,-8.57978608e-02,2.24816717e-02,1.33822794e-04,-3.90910930e-01,-4.47671472e-05,9.44136394e-04,-4.47569345e-06,9.22475029e-04,-4.15078240e-06
heavy,4.8370,-1.71804835e+01,-8.58805416e-02,2.25484508e-02,1.33301790e-04,-3.90933269e-01,-4.45913551e-05,9.41902988e-04,-4.45822128e-06,9.20403329e-04,-4.13621979e-06
heavy,4.8420,-1.72234445e+01,-8.59632491e-02,2.26149701e-02,1.32783688e-04,-3.90955520e-01,-4.44165414e-05,9.39678292e-04,-4.44085140e-06,9.18338893e-04,-4.12172889e-06
heavy,4.8470,-1.72664468e+01,-8.60459833e-02,2.26812311e-02,1.32268465e-04,-3.90977685e-01,-4.42426989e-05,9.37462255e-04,-4.42358298e-06,9.16281683e-04,-4.10730924e-06
heavy,4.8520,-1.73094904e+01,-8.61287439e-02,2.27472353e-02,1.31756101e-04,-3.90999762e-01,-4.40698204e-05,9.35254827e-04,-4.40641517e-06,9.14231666e-04,-4.09296037e-06
heavy,4.8570,-1.73525755e+01,-8.62115308e-02,2.28129839e-02,1.31246573e-04,-3.91021753e-01,-4.38978988e-05,9.33055957e-04,-4.38934715e-06,9.12188805e-04,-4.07868181e-06
heavy,4.8620,-1.73957019e+01,-8.62943437e-02,2.28784786e-02,1.30739862e-04,-3.91043659e-01,-4.37269272e-05,9.30865595e-04,-4.37237812e-06,9.10153066e-04,-4.06447311e-06
heavy,4.8670,-1.74388698e+01,-8.63771825e-02,2.29437205e-02,1.30235946e-04,-3.91065479e-01,-4.35568986e-05,9.28683693e-04,-4.35550726e-06,9.08124413e-04,-4.05033381e-06
heavy,4.8720,-1.74820791e+01,-8.64600469e-02,2.30087113e-02,1.29734804e-04,-3.91087215e-01,-4.33878061e-05,9.26510202e-04,-4.33873377e-06,9.06102812e-04,-4.03626346e-06
heavy,4.8770,-1.75253298e+01,-8.65429369e-02,2.30734521e-02,1.29236417e-04,-3.91108866e-01,-4.32196428e-05,9.24345072e-04,-4.32205687e-06,9.04088229e-04,-4.02226160e-06
heavy,4.8820,-1.75686220e+01,-8.66258521e-02,2.31379445e-02,1.28740763e-04,-3.91130433e-01,-4.30524022e-05,9.22188256e-04,-4.30547577e-06,9.02080630e-04,-4.00832781e-06
heavy,4.8870,-1.76119556e+01,-8.67087924e-02,2.32021897e-02,1.28247824e-04,-3.91151917e-01,-4.28860773e-05,9.20039707e-04,-4.28898970e-06,9.00079980e-04,-3.99446163e-06
heavy,4.8920,-1.76553307e+01,-8.67917576e-02,2.32661892e-02,1.27757578e-04,-3.91173318e-01,-4.27206617e-05,9.17899377e-04,-4.27259791e-06,8.98086247e-04,-3.98066263e-06
heavy,4.8970,-1.76987474e+01,-8.68747476e-02,2.33299442e-02,1.27270006e-04,-3.91194637e-01,-4.25561487e-05,9.15767218e-04,-4.25629962e-06,8.96099396e-04,-3.96693038e-06
