omega,rho_00_no_defect,rho_00_light,rho_00_heavy
0.005000,5.21938078e-05,1.54988790e-05,4.80438891e-04
0.007499,1.16577333e-04,3.46146139e-05,1.07423042e-03
0.009997,2.05266695e-04,6.09417317e-05,1.89424208e-03
0.012496,3.17013023e-04,9.41049189e-05,2.93077392e-03
0.014995,4.50439487e-04,1.33690316e-04,4.17317739e-03
0.017494,6.04154463e-04,1.79279483e-04,5.61075470e-03
0.019992,7.76842556e-04,2.30476734e-04,7.23347994e-03
0.022491,9.67323170e-04,2.86926730e-04,9.03245965e-03
0.024990,1.17457317e-03,3.48321310e-04,1.10001054e-02
0.027489,1.39771638e-03,4.14396362e-04,1.31300408e-02
0.029987,1.63598714e-03,4.84920928e-04,1.54168012e-02
0.032486,1.88867793e-03,5.59681506e-04,1.78554075e-02
0.034985,2.15508159e-03,6.38464734e-04,2.04408980e-02
0.037484,2.43443821e-03,7.21041477e-04,2.31679013e-02
0.039982,2.72589498e-03,8.07154765e-04,2.60303159e-02
0.042481,3.02848461e-03,8.96513315e-04,2.90211425e-02
0.044980,3.34112516e-03,9.88791443e-04,3.21324922e-02
0.047479,3.66264076e-03,1.08363526e-03,3.53557645e-02
0.049977,3.99179992e-03,1.18067408e-03,3.86819685e-02
0.052476,4.32736563e-03,1.27953549e-03,4.21021396e-02
0.054975,4.66815055e-03,1.37986175e-03,4.56077960e-02
0.057473,5.01307041e-03,1.48132589e-03,4.91913778e-02
0.059972,5.36119004e-03,1.58364540e-03,5.28466259e-02
0.062471,5.71175868e-03,1.68659287e-03,5.65688694e-02
0.064970,6.06423282e-03,1.79000285e-03,6.03552098e-02
0.067468,6.41828675e-03,1.89377495e-03,6.42046016e-02
0.069967,6.77381121e-03,1.99787358e-03,6.81178321e-02
0.072466,7.13090060e-03,2.10232407e-03,7.20974016e-02
0.074965,7.48982814e-03,2.20720536e-03,7.61473000e-02
0.077463,7.85100849e-03,2.31263883e-03,8.02726730e-02
0.079962,8.21494733e-03,2.41877336e-03,8.44793766e-02
0.082461,8.58217917e-03,2.52576678e-03,8.87734308e-02
0.084960,8.95319656e-03,2.63376475e-03,9.31604046e-02
0.087458,9.32837663e-03,2.74287890e-03,9.76447851e-02
0.089957,9.70791282e-03,2.85316640e-03,1.02229402e-01
0.092456,1.00917605e-02,2.96461366e-03,1.06914983e-01
0.094955,1.04796049e-02,3.07712673e-03,1.11699921e-01
0.097453,1.08708583e-02,3.19053017e-03,1.16580299e-01
0.099952,1.12646886e-02,3.30457554e-03,1.21550205e-01
0.102451,1.16600804e-02,3.41895940e-03,1.26602325e-01
0.104949,1.20559230e-02,3.53334924e-03,1.31728778e-01
0.107448,1.24511166e-02,3.64741513e-03,1.36922087e-01
0.109947,1.28446856e-02,3.76086341e-03,1.42176209e-01
0.112446,1.32358864e-02,3.87346864e-03,1.47487468e-01
0.114944,1.36242940e-02,3.98509972e-03,1.52855299e-01
0.117443,1.40098585e-02,4.09573660e-03,1.58282666e-01
0.119942,1.43929189e-02,4.20547498e-03,1.63776100e-01
0.122441,1.47741743e-02,4.31451779e-03,1.69345322e-01
0.124939,1.51546118e-02,4.42315411e-03,1.75002474e-01
0.127438,1.55353986e-02,4.53172754e-03,1.80761048e-01
0.129937,1.59177532e-02,4.64059792e-03,1.86634629e-01
0.132436,1.63028086e-02,4.75010091e-03,1.92635610e-01
0.134934,1.66914852e-02,4.86051027e-03,1.98774030e-01
0.137433,1.70843886e-02,4.97200732e-03,2.05056684e-01
0.139932,1.74817426e-02,5.08466093e-03,2.11486603e-01
0.142431,1.78833656e-02,5.19842009e-03,2.18062958e-01
0.144929,1.82886903e-02,5.31311947e-03,2.24781406e-01
0.147428,1.86968248e-02,5.42849714e-03,2.31634824e-01
0.149927,1.91066468e-02,5.54422197e-03,2.38614350e-01
0.152425,1.95169188e-02,5.65992769e-03,2.45710607e-01
0.154924,1.99264137e-02,5.77524971e-03,2.52914980e-01
0.157423,2.03340358e-02,5.88986088e-03,2.60220812e-01
0.159922,2.07389248e-02,6.00350235e-03,2.67624374e-01
0.162420,2.11405324e-02,6.11600641e-03,2.75125523e-01
0.164919,2.15386643e-02,6.22730922e-03,2.82727976e-01
0.167418,2.19334842e-02,6.33745236e-03,2.90439177e-01
0.169917,2.23254819e-02,6.44657381e-03,2.98269806e-01
0.172415,2.27154118e-02,6.55489019e-03,3.06232998e-01
0.174914,2.31042111e-02,6.66267292e-03,3.14343379e-01
0.177413,2.34929100e-02,6.77022189e-03,3.22616065e-01
0.179912,2.38825424e-02,6.87783946e-03,3.31065695e-01
0.182410,2.42740678e-02,6.98580721e-03,3.39705609e-01
0.184909,2.46683049e-02,7.09436666e-03,3.48547173e-01
0.187408,2.50658812e-02,7.20370411e-03,3.57599283e-01
0.189907,2.54671939e-02,7.31393919e-03,3.66867999e-01
0.192405,2.58723817e-02,7.42511644e-03,3.76356327e-01
0.194904,2.62813077e-02,7.53720006e-03,3.86064145e-01
0.197403,2.66935545e-02,7.65007216e-03,3.95988311e-01
0.199901,2.71084363e-02,7.76353596e-03,4.06123012e-01
0.202400,2.75250326e-02,7.87732532e-03,4.16460401e-01
0.204899,2.79422474e-02,7.99112146e-03,4.26991533e-01
0.207398,2.83588930e-02,8.10457702e-03,4.37707574e-01
0.209896,2.87737929e-02,8.21734588e-03,4.48601170e-01
0.212395,2.91858958e-02,8.32911619e-03,4.59667839e-01
0.214894,2.95943861e-02,8.43964272e-03,4.70907208e-01
0.217393,2.99987789e-02,8.54877481e-03,4.82323914e-01
0.219891,3.03989856e-02,8.65647612e-03,4.93928037e-01
0.222390,3.07953428e-02,8.76283361e-03,5.05734977e-01
0.224889,3.11885988e-02,8.86805448e-03,5.17764761e-01
0.227388,3.15798577e-02,8.97245077e-03,5.30040812e-01
0.229886,3.19704862e-02,9.07641309e-03,5.42588292e-01
0.232385,3.23619904e-02,9.18037529e-03,5.55432144e-01
0.234884,3.27558714e-02,9.28477317e-03,5.68595014e-01
0.237383,3.31534741e-02,9.39000068e-03,5.82095258e-01
0.239881,3.35558421e-02,9.49636767e-03,5.95945246e-01
0.242380,3.39635944e-02,9.60406375e-03,6.10150202e-01
0.244879,3.43768400e-02,9.71313266e-03,6.24707775e-01
0.247377,3.47951439e-02,9.82346128e-03,6.39608490e-01
0.249876,3.52175526e-02,9.93478569e-03,6.54837124e-01
0.252375,3.56426819e-02,1.00467152e-02,6.70374913e-01
0.254874,3.60688594e-02,1.01587724e-02,6.86202358e-01
0.257372,3.64943071e-02,1.02704448e-02,7.02302288e-01
0.259871,3.69173399e-02,1.03812417e-02,7.18662743e-01
0.262370,3.73365552e-02,1.04907492e-02,7.35279274e-01
0.264869,3.77509878e-02,1.05986756e-02,7.52156308e-01
0.267367,3.81602100e-02,1.07048812e-02,7.69307395e-01
0.269866,3.85643658e-02,1.08093896e-02,7.86754300e-01
0.272365,3.89641378e-02,1.09123801e-02,8.04525103e-01
0.274864,3.93606553e-02,1.10141627e-02,8.22651579e-01
0.277362,3.97553581e-02,1.11151396e-02,8.41166222e-01
0.279861,4.01498369e-02,1.12157611e-02,8.60099295e-01
0.282360,4.05456711e-02,1.13164786e-02,8.79476234e-01
0.284859,4.09442803e-02,1.14177021e-02,8.99315667e-01
0.287357,4.13468041e-02,1.15197655e-02,9.19628179e-01
0.289856,4.17540177e-02,1.16229014e-02,9.40415875e-01
0.292355,4.21662846e-02,1.17272270e-02,9.61672689e-01
0.294853,4.25835452e-02,1.18327392e-02,9.83385356e-01
0.297352,4.30053377e-02,1.19393202e-02,1.00553492e+00
0.299851,4.34308470e-02,1.20467501e-02,1.02809865e+00
0.302350,4.38589772e-02,1.21547265e-02,1.05105231e+00
0.304848,4.42884446e-02,1.22628904e-02,1.07437244e+00
0.307347,4.47178851e-02,1.23708561e-02,1.09803876e+00
0.309846,4.51459691e-02,1.24782433e-02,1.12203609e+00
0.312345,4.55715136e-02,1.25847091e-02,1.14635598e+00
0.314843,4.59935819e-02,1.26899767e-02,1.17099743e+00
0.317342,4.64115586e-02,1.27938573e-02,1.19596693e+00
0.319841,4.68251954e-02,1.28962639e-02,1.22127764e+00
0.322340,4.72346243e-02,1.29972162e-02,1.24694790e+00
0.324838,4.76403412e-02,1.30968373e-02,1.27299916e+00
0.327337,4.80431656e-02,1.31953429e-02,1.29945369e+00
0.329836,4.84441824e-02,1.32930263e-02,1.32633205e+00
0.332335,4.88446714e-02,1.33902388e-02,1.35365055e+00
0.334833,4.92460241e-02,1.34873676e-02,1.38141866e+00
0.337332,4.96496483e-02,1.35848092e-02,1.40963661e+00
0.339831,5.00568599e-02,1.36829396e-02,1.43829317e+00
0.342329,5.04687634e-02,1.37820808e-02,1.46736407e+00
0.344828,5.08861292e-02,1.38824664e-02,1.49681135e+00
0.347327,5.13092830e-02,1.39842092e-02,1.52658403e+00
0.349826,5.17380248e-02,1.40872770e-02,1.55662046e+00
0.352324,5.21715978e-02,1.41914820e-02,1.58685225e+00
0.354823,5.26087236e-02,1.42964875e-02,1.61720961e+00
0.357322,5.30477072e-02,1.44018353e-02,1.64762724e+00
0.359821,5.34866089e-02,1.45069903e-02,1.67805001e+00
0.362319,5.39234603e-02,1.46114005e-02,1.70843729e+00
0.364818,5.43564963e-02,1.47145606e-02,1.73876507e+00
0.367317,5.47843689e-02,1.48160723e-02,1.76902546e+00
0.369816,5.52063088e-02,1.49156920e-02,1.79922345e+00
0.372314,5.56222142e-02,1.50133582e-02,1.82937151e+00
0.374813,5.60326562e-02,1.51091959e-02,1.85948285e+00
0.377312,5.64388049e-02,1.52035000e-02,1.88956432e+00
0.379811,5.68422925e-02,1.52966997e-02,1.91961002e+00
0.382309,5.72450354e-02,1.53893112e-02,1.94959636e+00
0.384808,5.76490367e-02,1.54818847e-02,1.97947900e+00
0.387307,5.80561901e-02,1.55749496e-02,2.00919211e+00
0.389805,5.84681008e-02,1.56689653e-02,2.03864977e+00
0.392304,5.88859335e-02,1.57642773e-02,2.06774954e+00
0.394803,5.93103003e-02,1.58610848e-02,2.09637792e+00
0.397302,5.97411974e-02,1.59594201e-02,2.12441718e+00
0.399800,6.01779983e-02,1.60591443e-02,2.15175297e+00
0.402299,6.06195115e-02,1.61599594e-02,2.17828175e+00
0.404798,6.10641014e-02,1.62614388e-02,2.20391705e+00
0.407297,6.15098633e-02,1.63630725e-02,2.22859362e+00
0.409795,6.19548336e-02,1.64643233e-02,2.25226859e+00
0.412294,6.23972084e-02,1.65646864e-02,2.27491957e+00
0.414793,6.28355402e-02,1.66637445e-02,2.29653990e+00
0.417292,6.32688826e-02,1.67612095e-02,2.31713190e+00
0.419790,6.36968664e-02,1.68569466e-02,2.33669951e+00
0.422289,6.41196975e-02,1.69509774e-02,2.35524132e+00
0.424788,6.45380877e-02,1.70434639e-02,2.37274545e+00
0.427287,6.49531350e-02,1.71346787e-02,2.38918664e+00
0.429785,6.53661830e-02,1.72249682e-02,2.40452575e+00
0.432284,6.57786824e-02,1.73147156e-02,2.41871137e+00
0.434783,6.61920733e-02,1.74043084e-02,2.43168267e+00
0.437281,6.66076966e-02,1.74941141e-02,2.44337296e+00
0.439780,6.70267287e-02,1.75844619e-02,2.45371335e+00
0.442279,6.74501303e-02,1.76756282e-02,2.46263641e+00
0.444778,6.78785956e-02,1.77678225e-02,2.47007978e+00
0.447276,6.83124981e-02,1.78611724e-02,2.47599006e+00
0.449775,6.87518324e-02,1.79557063e-02,2.48032683e+00
0.452274,6.91961680e-02,1.80513400e-02,2.48306666e+00
0.454773,6.96446320e-02,1.81478690e-02,2.48420644e+00
0.457271,7.00959398e-02,1.82449737e-02,2.48376519e+00
0.459770,7.05484840e-02,1.83422399e-02,2.48178375e+00
0.462269,7.10004814e-02,1.84391954e-02,2.47832183e+00
0.464768,7.14501598e-02,1.85353585e-02,2.47345268e+00
0.467266,7.18959602e-02,1.86302914e-02,2.46725612e+00
0.469765,7.23367208e-02,1.87236513e-02,2.45981097e+00
0.472264,7.27718156e-02,1.88152297e-02,2.45118824e+00
0.474763,7.32012271e-02,1.89049761e-02,2.44144599e+00
0.477261,7.36255483e-02,1.89930031e-02,2.43062664e+00
0.479760,7.40459202e-02,1.90795735e-02,2.41875668e+00
0.482259,7.44639179e-02,1.91650738e-02,2.40584884e+00
0.484757,7.48814040e-02,1.92499781e-02,2.39190575e+00
0.487256,7.53003616e-02,1.93348055e-02,2.37692498e+00
0.489755,7.57227194e-02,1.94200749e-02,2.36090452e+00
0.492254,7.61501760e-02,1.95062586e-02,2.34384845e+00
0.494752,7.65840310e-02,1.95937361e-02,2.32577210e+00
0.497251,7.70250345e-02,1.96827525e-02,2.30670644e+00
0.499750,7.74732743e-02,1.97733850e-02,2.28670080e+00
0.502249,7.79281186e-02,1.98655229e-02,2.26582368e+00
0.504747,7.83882370e-02,1.99588669e-02,2.24416098e+00
0.507246,7.88517102e-02,2.00529524e-02,2.22181180e+00
0.509745,7.93162291e-02,2.01471958e-02,2.19888209e+00
0.512244,7.97793625e-02,2.02409609e-02,2.17547704e+00
0.514742,8.02388592e-02,2.03336372e-02,2.15169349e+00
0.517241,8.06929375e-02,2.04247169e-02,2.12761337e+00
0.519740,8.11405132e-02,2.05138595e-02,2.10329962e+00
0.522239,8.15813280e-02,2.06009319e-02,2.07879489e+00
0.524737,8.20159572e-02,2.06860187e-02,2.05412327e+00
0.527236,8.24457002e-02,2.07694010e-02,2.02929452e+00
0.529735,8.28723794e-02,2.08515104e-02,2.00430973e+00
0.532233,8.32980889e-02,2.09328667e-02,1.97916742e+00
0.534732,8.37249370e-02,2.10140126e-02,1.95386885e+00
0.537231,8.41548243e-02,2.10954543e-02,1.92842199e+00
0.539730,8.45892799e-02,2.11776160e-02,1.90284362e+00
0.542228,8.50293653e-02,2.12608111e-02,1.87715975e+00
0.544727,8.54756373e-02,2.13452291e-02,1.85140482e+00
0.547226,8.59281537e-02,2.14309328e-02,1.82562000e+00
0.549725,8.63865049e-02,2.15178641e-02,1.79985117e+00
0.552223,8.68498599e-02,2.16058526e-02,1.77414674e+00
0.554722,8.73170253e-02,2.16946282e-02,1.74855552e+00
0.557221,8.77865214e-02,2.17838381e-02,1.72312450e+00
0.559720,8.82566862e-02,2.18730706e-02,1.69789669e+00
0.562218,8.87258088e-02,2.19618870e-02,1.67290900e+00
0.564717,8.91922880e-02,2.20498612e-02,1.64819050e+00
0.567216,8.96547983e-02,2.21366223e-02,1.62376120e+00
0.569715,9.01124394e-02,2.22218956e-02,1.59963177e+00
0.572213,9.05648404e-02,2.23055327e-02,1.57580417e+00
0.574712,9.10122006e-02,2.23875276e-02,1.55227333e+00
0.577211,9.14552576e-02,2.24680145e-02,1.52902935e+00
0.579709,9.18951943e-02,2.25472484e-02,1.50606017e+00
0.582208,9.23335013e-02,2.26255747e-02,1.48335389e+00
0.584707,9.27718253e-02,2.27033924e-02,1.46090083e+00
0.587206,9.32118235e-02,2.27811177e-02,1.43869480e+00
0.589704,9.36550400e-02,2.28591527e-02,1.41673385e+00
0.592203,9.41028052e-02,2.29378583e-02,1.39502045e+00
0.594702,9.45561520e-02,2.30175322e-02,1.37356140e+00
0.597201,9.50157397e-02,2.30983882e-02,1.35236747e+00
0.599699,9.54817797e-02,2.31805352e-02,1.33145287e+00
0.602198,9.59539692e-02,2.32639578e-02,1.31083451e+00
0.604697,9.64314493e-02,2.33485007e-02,1.29053077e+00
0.607196,9.69128109e-02,2.34338650e-02,1.27056001e+00
0.609694,9.73961717e-02,2.35196198e-02,1.25093865e+00
0.612193,9.78793361e-02,2.36052358e-02,1.23167912e+00
0.614692,9.83600324e-02,2.36901388e-02,1.21278810e+00
0.617191,9.88361999e-02,2.37737795e-02,1.19426519e+00
0.619689,9.93062821e-02,2.38557077e-02,1.17610261e+00
0.622188,9.97694703e-02,2.39356393e-02,1.15828588e+00
0.624687,1.00225850e-01,2.40135023e-02,1.14079547e+00
0.627185,1.00676416e-01,2.40894520e-02,1.12360931e+00
0.629684,1.01122952e-01,2.41638531e-02,1.10670547e+00
0.632183,1.01567788e-01,2.42372298e-02,1.09006486e+00
0.634682,1.02013491e-01,2.43101948e-02,1.07367318e+00
0.637180,1.02462533e-01,2.43833692e-02,1.05752208e+00
0.639679,1.02916995e-01,2.44573068e-02,1.04160926e+00
0.642178,1.03378347e-01,2.45324341e-02,1.02593781e+00
0.644677,1.03847327e-01,2.46090113e-02,1.01051479e+00
0.647175,1.04323909e-01,2.46871174e-02,9.95349595e-01
0.649674,1.04807365e-01,2.47666551e-02,9.80452235e-01
0.652173,1.05296370e-01,2.48473712e-02,9.65831845e-01
0.654672,1.05789157e-01,2.49288877e-02,9.51495471e-01
0.657170,1.06283686e-01,2.50107392e-02,9.37447183e-01
0.659669,1.06777828e-01,2.50924151e-02,9.23687508e-01
0.662168,1.07269558e-01,2.51734056e-02,9.10213155e-01
0.664666,1.07757152e-01,2.52532493e-02,8.97017057e-01
0.667165,1.08239368e-01,2.53315809e-02,8.84088739e-01
0.669664,1.08715597e-01,2.54081726e-02,8.71415051e-01
0.672163,1.09185947e-01,2.54829630e-02,8.58981214e-01
0.674661,1.09651250e-01,2.55560677e-02,8.46772107e-01
0.677160,1.10112961e-01,2.56277659e-02,8.34773609e-01
0.679659,1.10572980e-01,2.56984648e-02,8.22973802e-01
0.682158,1.11033405e-01,2.57686463e-02,8.11363816e-01
0.684656,1.11496269e-01,2.58388047e-02,7.99938201e-01
0.687155,1.11963298e-01,2.59093869e-02,7.88694773e-01
0.689654,1.12435743e-01,2.59807451e-02,7.77634018e-01
0.692153,1.12914287e-01,2.60531085e-02,7.66758214e-01
0.694651,1.13399054e-01,2.61265758e-02,7.56070488e-01
0.697150,1.13889670e-01,2.62011245e-02,7.45573961e-01
0.699649,1.14385372e-01,2.62766311e-02,7.35271133e-01
0.702148,1.14885110e-01,2.63528941e-02,7.25163511e-01
0.704646,1.15387641e-01,2.64296543e-02,7.15251439e-01
0.707145,1.15891593e-01,2.65066100e-02,7.05534040e-01
0.709644,1.16395521e-01,2.65834285e-02,6.96009182e-01
0.712142,1.16897967e-01,2.66597587e-02,6.86673398e-01
0.714641,1.17397542e-01,2.67352487e-02,6.77521799e-01
0.717140,1.17893057e-01,2.68095740e-02,6.68548007e-01
0.719639,1.18383666e-01,2.68824721e-02,6.59744222e-01
0.722137,1.18869025e-01,2.69537827e-02,6.51101496e-01
0.724636,1.19349413e-01,2.70234826e-02,6.42610242e-01
0.727135,1.19825781e-01,2.70917071e-02,6.34260945e-01
0.729634,1.20299705e-01,2.71587500e-02,6.26044983e-01
0.732132,1.20773236e-01,2.72250396e-02,6.17955404e-01
0.734631,1.21248655e-01,2.72910899e-02,6.09987513e-01
0.737130,1.21728182e-01,2.73574368e-02,6.02139136e-01
0.739629,1.22213681e-01,2.74245682e-02,5.94410520e-01
0.742127,1.22706415e-01,2.74928604e-02,5.86803878e-01
0.744626,1.23206883e-01,2.75625317e-02,5.79322679e-01
0.747125,1.23714779e-01,2.76336184e-02,5.71970807e-01
0.749624,1.24229043e-01,2.77059760e-02,5.64751746e-01
0.752122,1.24748007e-01,2.77793016e-02,5.57667901e-01
0.754621,1.25269597e-01,2.78531724e-02,5.50720123e-01
0.757120,1.25791563e-01,2.79270932e-02,5.43907464e-01
0.759618,1.26311700e-01,2.80005469e-02,5.37227131e-01
0.762117,1.26828068e-01,2.80730440e-02,5.30674622e-01
0.764616,1.27339181e-01,2.81441698e-02,5.24243984e-01
0.767115,1.27844164e-01,2.82136267e-02,5.17928194e-01
0.769613,1.28342870e-01,2.82812686e-02,5.11719641e-01
0.772112,1.28835940e-01,2.83471251e-02,5.05610684e-01
0.774611,1.29324772e-01,2.84114079e-02,4.99594271e-01
0.777110,1.29811407e-01,2.84744968e-02,4.93664539e-01
0.779608,1.30298301e-01,2.85369010e-02,4.87817310e-01
0.782107,1.30788033e-01,2.85991992e-02,4.82050398e-01
0.784606,1.31282957e-01,2.86619649e-02,4.76363644e-01
0.787105,1.31784878e-01,2.87256882e-02,4.70758656e-01
0.789603,1.32294801e-01,2.87907086e-02,4.65238283e-01
0.792102,1.32812798e-01,2.88571699e-02,4.59805912e-01
0.794601,1.33338026e-01,2.89250060e-02,4.54464714e-01
0.797100,1.33868879e-01,2.89939604e-02,4.49216985e-01
0.799598,1.34403256e-01,2.90636320e-02,4.44063674e-01
0.802097,1.34938875e-01,2.91335401e-02,4.39004183e-01
0.804596,1.35473584e-01,2.92031926e-02,4.34036422e-01
0.807094,1.36005603e-01,2.92721468e-02,4.29157081e-01
0.809593,1.36533688e-01,2.93400538e-02,4.24362026e-01
0.812092,1.37057184e-01,2.94066818e-02,4.19646717e-01
0.814591,1.37576007e-01,2.94719212e-02,4.15006594e-01
0.817089,1.38090570e-01,2.95357759e-02,4.10437363e-01
0.819588,1.38601689e-01,2.95983488e-02,4.05935180e-01
0.822087,1.39110493e-01,2.96598245e-02,4.01496768e-01
0.824586,1.39618340e-01,2.97204544e-02,3.97119480e-01
0.827084,1.40126739e-01,2.97805412e-02,3.92801348e-01
0.829583,1.40637255e-01,2.98404221e-02,3.88541124e-01
0.832082,1.41151400e-01,2.99004461e-02,3.84338296e-01
0.834581,1.41670495e-01,2.99609455e-02,3.80193073e-01
0.837079,1.42195514e-01,3.00222007e-02,3.76106282e-01
0.839578,1.42726950e-01,3.00844057e-02,3.72079200e-01
0.842077,1.43264712e-01,3.01476384e-02,3.68113287e-01
0.844576,1.43808103e-01,3.02118437e-02,3.64209888e-01
0.847074,1.44355870e-01,3.02768340e-02,3.60369922e-01
0.849573,1.44906352e-01,3.03423094e-02,3.56593637e-01
0.852072,1.45457679e-01,3.04078936e-02,3.52880459e-01
0.854570,1.46008001e-01,3.04731802e-02,3.49228967e-01
0.857069,1.46555705e-01,3.05377802e-02,3.45636982e-01
0.859568,1.47099583e-01,3.06013643e-02,3.42101754e-01
0.862067,1.47638941e-01,3.06636937e-02,3.38620184e-01
0.864565,1.48173640e-01,3.07246385e-02,3.35189068e-01
0.867064,1.48704094e-01,3.07841846e-02,3.31805303e-01
0.869563,1.49231225e-01,3.08424332e-02,3.28466070e-01
0.872062,1.49756393e-01,3.08995937e-02,3.25168982e-01
0.874560,1.50281311e-01,3.09559713e-02,3.21912217e-01
0.877059,1.50807915e-01,3.10119481e-02,3.18694618e-01
0.879558,1.51338201e-01,3.10679532e-02,3.15515776e-01
0.882057,1.51874008e-01,3.11244221e-02,3.12376044e-01
0.884555,1.52416779e-01,3.11817456e-02,3.09276472e-01
0.887054,1.52967326e-01,3.12402135e-02,3.06218638e-01
0.889553,1.53525641e-01,3.12999647e-02,3.03204372e-01
0.892052,1.54090823e-01,3.13609522e-02,3.00235411e-01
0.894550,1.54661132e-01,3.14229352e-02,2.97313033e-01
0.897049,1.55234194e-01,3.14855026e-02,2.94437741e-01
0.899548,1.55807336e-01,3.15481268e-02,2.91609073e-01
0.902046,1.56377982e-01,3.16102407e-02,2.88825551e-01
0.904545,1.56944045e-01,3.16713218e-02,2.86084825e-01
0.907044,1.57504243e-01,3.17309704e-02,2.83383942e-01
0.909543,1.58058265e-01,3.17889651e-02,2.80719716e-01
0.912041,1.58606790e-01,3.18452874e-02,2.78089109e-01
0.914540,1.59151327e-01,3.19001130e-02,2.75489565e-01
0.917039,1.59693966e-01,3.19537743e-02,2.72919227e-01
0.919538,1.60237050e-01,3.20067047e-02,2.70377044e-01
0.922036,1.60782866e-01,3.20593754e-02,2.67862736e-01
0.924535,1.61333376e-01,3.21122362e-02,2.65376674e-01
0.927034,1.61890031e-01,3.21656678e-02,2.62919698e-01
0.929533,1.62453656e-01,3.22199479e-02,2.60492917e-01
0.932031,1.63024420e-01,3.22752315e-02,2.58097513e-01
0.934530,1.63601852e-01,3.23315435e-02,2.55734567e-01
0.937029,1.64184907e-01,3.23887813e-02,2.53404915e-01
0.939528,1.64772078e-01,3.24467265e-02,2.51109027e-01
0.942026,1.65361541e-01,3.25050659e-02,2.48846919e-01
0.944525,1.65951344e-01,3.25634229e-02,2.46618108e-01
0.947024,1.66539626e-01,3.26213974e-02,2.44421606e-01
0.949522,1.67124844e-01,3.26786132e-02,2.42255983e-01
0.952021,1.67705975e-01,3.27347652e-02,2.40119484e-01
0.954520,1.68282665e-01,3.27896599e-02,2.38010201e-01
0.957019,1.68855270e-01,3.28432411e-02,2.35926269e-01
0.959517,1.69424801e-01,3.28955948e-02,2.33866059e-01
0.962016,1.69992763e-01,3.29469318e-02,2.31828326e-01
0.964515,1.70560919e-01,3.29975518e-02,2.29812292e-01
0.967014,1.71131042e-01,3.30477966e-02,2.27817648e-01
0.969512,1.71704686e-01,3.30980026e-02,2.25844487e-01
0.972011,1.72283029e-01,3.31484611e-02,2.23893187e-01
0.974510,1.72866798e-01,3.31993933e-02,2.21964279e-01
0.977009,1.73456266e-01,3.32509392e-02,2.20058330e-01
0.979507,1.74051299e-01,3.33031599e-02,2.18175855e-01
0.982006,1.74651425e-01,3.33560438e-02,2.16317264e-01
0.984505,1.75255885e-01,3.34095152e-02,2.14482834e-01
0.987004,1.75863671e-01,3.34634382e-02,2.12672691e-01
0.989502,1.76473562e-01,3.35176195e-02,2.10886778e-01
0.992001,1.77084168e-01,3.35718126e-02,2.09124826e-01
0.994500,1.77694031e-01,3.36257292e-02,2.07386312e-01
0.996998,1.78301764e-01,3.36790618e-02,2.05670433e-01
0.999497,1.78906246e-01,3.37315186e-02,2.03976122e-01
1.001996,1.79506821e-01,3.37828656e-02,2.02302099e-01
1.004495,1.80103471e-01,3.38329695e-02,2.00646989e-01
1.006993,1.80696892e-01,3.38818302e-02,1.99009463e-01
1.009492,1.81288471e-01,3.39295935e-02,1.97388397e-01
1.011991,1.81880116e-01,3.39765402e-02,1.95783015e-01
1.014490,1.82473998e-01,3.40230502e-02,1.94192969e-01
1.016988,1.83072224e-01,3.40695477e-02,1.92618360e-01
1.019487,1.83676521e-01,3.41164385e-02,1.91059680e-01
1.021986,1.84287974e-01,3.41640496e-02,1.89517687e-01
1.024485,1.84906879e-01,3.42125836e-02,1.87993255e-01
1.026983,1.85532718e-01,3.42620933e-02,1.86487201e-01
1.029482,1.86164256e-01,3.43124799e-02,1.85000150e-01
1.031981,1.86799731e-01,3.43635115e-02,1.83532425e-01
1.034480,1.87437092e-01,3.44148580e-02,1.82083996e-01
1.036978,1.88074263e-01,3.44661338e-02,1.80654479e-01
1.039477,1.88709386e-01,3.45169443e-02,1.79243164e-01
1.041976,1.89341032e-01,3.45669307e-02,1.77849087e-01
1.044474,1.89968373e-01,3.46158110e-02,1.76471118e-01
1.046973,1.90591285e-01,3.46634133e-02,1.75108062e-01
1.049472,1.91210394e-01,3.47097001e-02,1.73758779e-01
1.051971,1.91827030e-01,3.47547783e-02,1.72422292e-01
1.054469,1.92443093e-01,3.47988929e-02,1.71097894e-01
1.056968,1.93060819e-01,3.48424004e-02,1.69785221e-01
1.059467,1.93682483e-01,3.48857240e-02,1.68484286e-01
1.061966,1.94310059e-01,3.49292938e-02,1.67195451e-01
1.064464,1.94944910e-01,3.49734820e-02,1.65919353e-01
1.066963,1.95587559e-01,3.50185442e-02,1.64656771e-01
1.069462,1.96237601e-01,3.50645782e-02,1.63408476e-01
1.071961,1.96893768e-01,3.51115092e-02,1.62175075e-01
1.074459,1.97554150e-01,3.51591057e-02,1.60956896e-01
1.076958,1.98216524e-01,3.52070220e-02,1.59753920e-01
1.079457,1.98878723e-01,3.52548582e-02,1.58565782e-01
1.081956,1.99538970e-01,3.53022260e-02,1.57391827e-01
1.084454,2.00196122e-01,3.53488066e-02,1.56231217e-01
1.086953,2.00849772e-01,3.53943899e-02,1.55083048e-01
1.089452,2.01500230e-01,3.54388916e-02,1.53946467e-01
1.091950,2.02148388e-01,3.54823483e-02,1.52820754e-01
1.094449,2.02795534e-01,3.55248961e-02,1.51705376e-01
1.096948,2.03443143e-01,3.55667403e-02,1.50600002e-01
1.099447,2.04092699e-01,3.56081244e-02,1.49504490e-01
1.101945,2.04745550e-01,3.56493015e-02,1.48418856e-01
1.104444,2.05402805e-01,3.56905113e-02,1.47343246e-01
1.106943,2.06065261e-01,3.57319621e-02,1.46277889e-01
1.109442,2.06733344e-01,3.57738147e-02,1.45223071e-01
1.111940,2.07407076e-01,3.58161689e-02,1.44179092e-01
1.114439,2.08086053e-01,3.58590521e-02,1.43146228e-01
1.116938,2.08769465e-01,3.59024123e-02,1.42124685e-01
1.119437,2.09456163e-01,3.59461191e-02,1.41114560e-01
1.121935,2.10144784e-01,3.59899749e-02,1.40115806e-01
1.124434,2.10833920e-01,3.60337372e-02,1.39128219e-01
1.126933,2.11522312e-01,3.60771496e-02,1.38151441e-01
1.129432,2.12209031e-01,3.61199778e-02,1.37184995e-01
1.131930,2.12893615e-01,3.61620419e-02,1.36228330e-01
1.134429,2.13576130e-01,3.62032406e-02,1.35280889e-01
1.136928,2.14257143e-01,3.62435623e-02,1.34342163e-01
1.139426,2.14937627e-01,3.62830821e-02,1.33411742e-01
1.141925,2.15618818e-01,3.63219469e-02,1.32489342e-01
1.144424,2.16302050e-01,3.63603535e-02,1.31574817e-01
1.146923,2.16988611e-01,3.63985237e-02,1.30668145e-01
1.149421,2.17679613e-01,3.64366816e-02,1.29769415e-01
1.151920,2.18375899e-01,3.64750327e-02,1.28878799e-01
1.154419,2.19077963e-01,3.65137460e-02,1.27996528e-01
1.156918,2.19785889e-01,3.65529368e-02,1.27122860e-01
1.159416,2.20499307e-01,3.65926508e-02,1.26258046e-01
1.161915,2.21217383e-01,3.66328510e-02,1.25402293e-01
1.164414,2.21938855e-01,3.66734110e-02,1.24555720e-01
1.166913,2.22662155e-01,3.67141196e-02,1.23718317e-01
1.169411,2.23385605e-01,3.67547008e-02,1.22889916e-01
1.171910,2.24107668e-01,3.67948484e-02,1.22070185e-01
1.174409,2.24827226e-01,3.68342739e-02,1.21258653e-01
1.176908,2.25543819e-01,3.68727563e-02,1.20454756e-01
1.179406,2.26257776e-01,3.69101861e-02,1.19657917e-01
1.181905,2.26970210e-01,3.69465905e-02,1.18867626e-01
1.184404,2.27682867e-01,3.69821353e-02,1.18083516e-01
1.186902,2.28397831e-01,3.70170990e-02,1.17305410e-01
1.189401,2.29117172e-01,3.70518260e-02,1.16533338e-01
1.191900,2.29842589e-01,3.70866675e-02,1.15767512e-01
1.194399,2.30575127e-01,3.71219218e-02,1.15008269e-01
1.196897,2.31315018e-01,3.71577866e-02,1.14255997e-01
1.199396,2.32061681e-01,3.71943309e-02,1.13511051e-01
1.201895,2.32813843e-01,3.72314901e-02,1.12773694e-01
1.204394,2.33569774e-01,3.72690830e-02,1.12044042e-01
1.206892,2.34327576e-01,3.73068449e-02,1.11322050e-01
1.209391,2.35085464e-01,3.73444702e-02,1.10607520e-01
1.211890,2.35842021e-01,3.73816575e-02,1.09900121e-01
1.214389,2.36596384e-01,3.74181509e-02,1.09199440e-01
1.216887,2.37348345e-01,3.74537730e-02,1.08505029e-01
1.219386,2.38098375e-01,3.74884478e-02,1.07816455e-01
1.221885,2.38847555e-01,3.75222094e-02,1.07133353e-01
1.224384,2.39597423e-01,3.75551973e-02,1.06455461e-01
1.226882,2.40349758e-01,3.75876372e-02,1.05782652e-01
1.229381,2.41106322e-01,3.76198082e-02,1.05114935e-01
1.231880,2.41868586e-01,3.76520009e-02,1.04452446e-01
1.234378,2.42637495e-01,3.76844721e-02,1.03795417e-01
1.236877,2.43413311e-01,3.77174028e-02,1.03144121e-01
1.239376,2.44195565e-01,3.77508685e-02,1.02498824e-01
1.241875,2.44983145e-01,3.77848270e-02,1.01859721e-01
1.244373,2.45774496e-01,3.78191277e-02,1.01226900e-01
1.246872,2.46567906e-01,3.78535403e-02,1.00600320e-01
1.249371,2.47361814e-01,3.78877984e-02,9.99798121e-02
1.251870,2.48155078e-01,3.79216470e-02,9.93651086e-02
1.254368,2.48947146e-01,3.79548860e-02,9.87558877e-02
1.256867,2.49738109e-01,3.79873988e-02,9.81518222e-02
1.259366,2.50528620e-01,3.80191635e-02,9.75526254e-02
1.261865,2.51319727e-01,3.80502448e-02,9.69580832e-02
1.264363,2.52112664e-01,3.80807726e-02,9.63680673e-02
1.266862,2.52908637e-01,3.81109131e-02,9.57825330e-02
1.269361,2.53708671e-01,3.81408401e-02,9.52015033e-02
1.271860,2.54513503e-01,3.81707121e-02,9.46250470e-02
1.274358,2.55323547e-01,3.82006558e-02,9.40532568e-02
1.276857,2.56138896e-01,3.82307584e-02,9.34862299e-02
1.279356,2.56959347e-01,3.82610636e-02,9.29240535e-02
1.281854,2.57784445e-01,3.82915711e-02,9.23667935e-02
1.284353,2.58613527e-01,3.83222379e-02,9.18144853e-02
1.286852,2.59445780e-01,3.83529810e-02,9.12671255e-02
1.289351,2.60280330e-01,3.83836846e-02,9.07246661e-02
1.291849,2.61116338e-01,3.84142111e-02,9.01870115e-02
1.294348,2.61953125e-01,3.84444179e-02,8.96540222e-02
1.296847,2.62790284e-01,3.84741772e-02,8.91255249e-02
1.299346,2.63627761e-01,3.85033961e-02,8.86013294e-02
1.301844,2.64465885e-01,3.85320325e-02,8.80812507e-02
1.304343,2.65305332e-01,3.85601033e-02,8.75651300e-02
1.306842,2.66147028e-01,3.85876824e-02,8.70528530e-02
1.309341,2.66992003e-01,3.86148890e-02,8.65443596e-02
1.311839,2.67841232e-01,3.86418685e-02,8.60396450e-02
1.314338,2.68695495e-01,3.86687700e-02,8.55387514e-02
1.316837,2.69555266e-01,3.86957243e-02,8.50417530e-02
1.319336,2.70420662e-01,3.87228262e-02,8.45487385e-02
1.321834,2.71291438e-01,3.87501231e-02,8.40597918e-02
1.324333,2.72167029e-01,3.87776099e-02,8.35749769e-02
1.326832,2.73046627e-01,3.88052303e-02,8.30943243e-02
1.329330,2.73929284e-01,3.88328827e-02,8.26178229e-02
1.331829,2.74814027e-01,3.88604319e-02,8.21454153e-02
1.334328,2.75699994e-01,3.88877244e-02,8.16769982e-02
1.336827,2.76586569e-01,3.89146085e-02,8.12124283e-02
1.339325,2.77473503e-01,3.89409571e-02,8.07515345e-02
1.341824,2.78361004e-01,3.89666903e-02,8.02941360e-02
1.344323,2.79249751e-01,3.89917943e-02,7.98400656e-02
1.346822,2.80140829e-01,3.90163303e-02,7.93891934e-02
1.349320,2.81035577e-01,3.90404307e-02,7.89414465e-02
1.351819,2.81935351e-01,3.90642800e-02,7.84968200e-02
1.354318,2.82841274e-01,3.90880832e-02,7.80553751e-02
1.356817,2.83753995e-01,3.91120267e-02,7.76172231e-02
1.359315,2.84673541e-01,3.91362403e-02,7.71824984e-02
1.361814,2.85599295e-01,3.91607696e-02,7.67513253e-02
1.364313,2.86530105e-01,3.91855649e-02,7.63237868e-02
1.366812,2.87464512e-01,3.92104900e-02,7.58999014e-02
1.369310,2.88401050e-01,3.92353489e-02,7.54796140e-02
1.371809,2.89338535e-01,3.92599251e-02,7.50628023e-02
1.374308,2.90276305e-01,3.92840233e-02,7.46492963e-02
1.376806,2.91214332e-01,3.93075059e-02,7.42389066e-02
1.379305,2.92153218e-01,3.93303164e-02,7.38314545e-02
1.381804,2.93094070e-01,3.93524868e-02,7.34267986e-02
1.384303,2.94038282e-01,3.93741283e-02,7.30248527e-02
1.386801,2.94987287e-01,3.93954085e-02,7.26255923e-02
1.389300,2.95942302e-01,3.94165202e-02,7.22290513e-02
1.391799,2.96904133e-01,3.94376474e-02,7.18353076e-02
1.394298,2.97873042e-01,3.94589339e-02,7.14444636e-02
1.396796,2.98848714e-01,3.94804590e-02,7.10566223e-02
1.399295,2.99830321e-01,3.95022242e-02,7.06718647e-02
1.401794,3.00816676e-01,3.95241534e-02,7.02902309e-02
1.404293,3.01806450e-01,3.95461060e-02,6.99117084e-02
1.406791,3.02798428e-01,3.95679027e-02,6.95362298e-02
1.409290,3.03791742e-01,3.95893580e-02,6.91636808e-02
1.411789,3.04786057e-01,3.96103164e-02,6.87939174e-02
1.414288,3.05781641e-01,3.96306817e-02,6.84267881e-02
1.416786,3.06779328e-01,3.96504366e-02,6.80621595e-02
1.419285,3.07780355e-01,3.96696455e-02,6.76999365e-02
1.421784,3.08786113e-01,3.96884414e-02,6.73400762e-02
1.424282,3.09797868e-01,3.97069968e-02,6.69825893e-02
1.426781,3.10816506e-01,3.97254881e-02,6.66275314e-02
1.429280,3.11842358e-01,3.97440584e-02,6.62749842e-02
1.431779,3.12875166e-01,3.97627890e-02,6.59250321e-02
1.434277,3.13914161e-01,3.97816856e-02,6.55777396e-02
1.436776,3.14958259e-01,3.98006807e-02,6.52331344e-02
1.439275,3.16006320e-01,3.98196526e-02,6.48911992e-02
1.441774,3.17057386e-01,3.98384536e-02,6.45518751e-02
1.444272,3.18110880e-01,3.98569421e-02,6.42150717e-02
1.446771,3.19166694e-01,3.98750100e-02,6.38806844e-02
1.449270,3.20225180e-01,3.98926006e-02,6.35486114e-02
1.451769,3.21287049e-01,3.99097147e-02,6.32187691e-02
1.454267,3.22353211e-01,3.99264049e-02,6.28911012e-02
1.456766,3.23424600e-01,3.99427610e-02,6.25655828e-02
1.459265,3.24501999e-01,3.99588905e-02,6.22422172e-02
1.461764,3.25585929e-01,3.99748975e-02,6.19210290e-02
1.464262,3.26676573e-01,3.99908646e-02,6.16020542e-02
1.466761,3.27773775e-01,4.00068398e-02,6.12853288e-02
1.469260,3.28877098e-01,4.00228293e-02,6.09708787e-02
1.471758,3.29985924e-01,4.00387996e-02,6.06587123e-02
1.474257,3.31099587e-01,4.00546845e-02,6.03488159e-02
1.476756,3.32217515e-01,4.00703999e-02,6.00411541e-02
1.479255,3.33339343e-01,4.00858603e-02,5.97356740e-02
1.481753,3.34464989e-01,4.01009957e-02,5.94323131e-02
1.484252,3.35594669e-01,4.01157648e-02,5.91310080e-02
1.486751,3.36728845e-01,4.01301615e-02,5.88317038e-02
1.489250,3.37868127e-01,4.01442140e-02,5.85343609e-02
1.491748,3.39013147e-01,4.01579768e-02,5.82389578e-02
1.494247,3.40164432e-01,4.01715168e-02,5.79454905e-02
1.496746,3.41322312e-01,4.01848980e-02,5.76539674e-02
1.499245,3.42486881e-01,4.01981686e-02,5.73644025e-02
1.501743,3.43658015e-01,4.02113523e-02,5.70768081e-02
1.504242,3.44835430e-01,4.02244465e-02,5.67911885e-02
1.506741,3.46018782e-01,4.02374261e-02,5.65075372e-02
1.509240,3.47207755e-01,4.02502525e-02,5.62258360e-02
1.511738,3.48402130e-01,4.02628832e-02,5.59460576e-02
1.514237,3.49601821e-01,4.02752803e-02,5.56681694e-02
1.516736,3.50806878e-01,4.02874168e-02,5.53921377e-02
1.519234,3.52017456e-01,4.02992786e-02,5.51179305e-02
1.521733,3.53233783e-01,4.03108635e-02,5.48455200e-02
1.524232,3.54456119e-01,4.03221792e-02,5.45748831e-02
1.526731,3.55684727e-01,4.03332403e-02,5.43060010e-02
1.529229,3.56919854e-01,4.03440659e-02,5.40388596e-02
1.531728,3.58161714e-01,4.03546770e-02,5.37734479e-02
1.534227,3.59410472e-01,4.03650951e-02,5.35097584e-02
1.536726,3.60666232e-01,4.03753388e-02,5.32477855e-02
1.539224,3.61929022e-01,4.03854218e-02,5.29875249e-02
1.541723,3.63198799e-01,4.03953496e-02,5.27289714e-02
1.544222,3.64475456e-01,4.04051178e-02,5.24721177e-02
1.546721,3.65758856e-01,4.04147125e-02,5.22169526e-02
1.549219,3.67048872e-01,4.04241121e-02,5.19634601e-02
1.551718,3.68345422e-01,4.04332915e-02,5.17116198e-02
1.554217,3.69648511e-01,4.04422271e-02,5.14614081e-02
1.556716,3.70958234e-01,4.04509012e-02,5.12127999e-02
1.559214,3.72274781e-01,4.04593054e-02,5.09657714e-02
1.561713,3.73598403e-01,4.04674416e-02,5.07203014e-02
1.564212,3.74929384e-01,4.04753213e-02,5.04763726e-02
1.566710,3.76268001e-01,4.04829632e-02,5.02339725e-02
1.569209,3.77614487e-01,4.04903895e-02,4.99930925e-02
1.571708,3.78969010e-01,4.04976219e-02,4.97537272e-02
1.574207,3.80331655e-01,4.05046783e-02,4.95158732e-02
1.576705,3.81702421e-01,4.05115692e-02,4.92795274e-02
1.579204,3.83081230e-01,4.05182957e-02,4.90446850e-02
1.581703,3.84467956e-01,4.05248482e-02,4.88113385e-02
1.584202,3.85862456e-01,4.05312073e-02,4.85794760e-02
1.586700,3.87264626e-01,4.05373468e-02,4.83490809e-02
1.589199,3.88674444e-01,4.05432387e-02,4.81201323e-02
1.591698,3.90092003e-01,4.05488591e-02,4.78926066e-02
1.594197,3.91517530e-01,4.05541946e-02,4.76664801e-02
1.596695,3.92951356e-01,4.05592458e-02,4.74417317e-02
1.599194,3.94393872e-01,4.05640282e-02,4.72183453e-02
1.601693,3.95845453e-01,4.05685690e-02,4.69963111e-02
1.604192,3.97306386e-01,4.05729005e-02,4.67756254e-02
1.606690,3.98776822e-01,4.05770519e-02,4.65562884e-02
1.609189,4.00256759e-01,4.05810416e-02,4.63383018e-02
1.611688,4.01746067e-01,4.05848725e-02,4.61216647e-02
1.614186,4.03244547e-01,4.05885309e-02,4.59063718e-02
1.616685,4.04752016e-01,4.05919899e-02,4.56924115e-02
1.619184,4.06268378e-01,4.05952169e-02,4.54797663e-02
1.621683,4.07793678e-01,4.05981812e-02,4.52684150e-02
1.624181,4.09328111e-01,4.06008615e-02,4.50583352e-02
1.626680,4.10872002e-01,4.06032507e-02,4.48495062e-02
1.629179,4.12425751e-01,4.06053565e-02,4.46419113e-02
1.631678,4.13989760e-01,4.06071989e-02,4.44355392e-02
1.634176,4.15564370e-01,4.06088050e-02,4.42303834e-02
1.636675,4.17149817e-01,4.06102018e-02,4.40264418e-02
1.639174,4.18746206e-01,4.06114111e-02,4.38237138e-02
1.641673,4.20353525e-01,4.06124436e-02,4.36221987e-02
1.644171,4.21971680e-01,4.06132976e-02,4.34218934e-02
1.646670,4.23600543e-01,4.06139592e-02,4.32227912e-02
1.649169,4.25240017e-01,4.06144050e-02,4.30248808e-02
1.651668,4.26890090e-01,4.06146073e-02,4.28281468e-02
1.654166,4.28550877e-01,4.06145409e-02,4.26325713e-02
1.656665,4.30222630e-01,4.06141885e-02,4.24381353e-02
1.659164,4.31905718e-01,4.06135454e-02,4.22448216e-02
1.661662,4.33600574e-01,4.06126210e-02,4.20526163e-02
1.664161,4.35307626e-01,4.06114365e-02,4.18615106e-02
1.666660,4.37027217e-01,4.06100192e-02,4.16715000e-02
1.669159,4.38759561e-01,4.06083951e-02,4.14825837e-02
1.671657,4.40504724e-01,4.06065816e-02,4.12947618e-02
1.674156,4.42262660e-01,4.06045831e-02,4.11080330e-02
1.676655,4.44033266e-01,4.06023897e-02,4.09223924e-02
1.679154,4.45816469e-01,4.05999805e-02,4.07378309e-02
1.681652,4.47612288e-01,4.05973297e-02,4.05543355e-02
1.684151,4.49420876e-01,4.05944138e-02,4.03718905e-02
1.686650,4.51242517e-01,4.05912169e-02,4.01904798e-02
1.689149,4.53077597e-01,4.05877346e-02,4.00100888e-02
1.691647,4.54926544e-01,4.05839735e-02,3.98307058e-02
1.694146,4.56789770e-01,4.05799487e-02,3.96523224e-02
1.696645,4.58667625e-01,4.05756796e-02,3.94749331e-02
1.699144,4.60560370e-01,4.05711847e-02,3.92985347e-02
1.701642,4.62468174e-01,4.05664783e-02,3.91231247e-02
1.704141,4.64391127e-01,4.05615671e-02,3.89487002e-02
1.706640,4.66329273e-01,4.05564498e-02,3.87752570e-02
1.709138,4.68282650e-01,4.05511171e-02,3.86027885e-02
1.711637,4.70251323e-01,4.05455539e-02,3.84312861e-02
1.714136,4.72235430e-01,4.05397416e-02,3.82607387e-02
1.716635,4.74235205e-01,4.05336625e-02,3.80911335e-02
1.719133,4.76250992e-01,4.05273039e-02,3.79224574e-02
1.721632,4.78283229e-01,4.05206615e-02,3.77546976e-02
1.724131,4.80332415e-01,4.05137414e-02,3.75878437e-02
1.726630,4.82399045e-01,4.05065597e-02,3.74218882e-02
1.729128,4.84483546e-01,4.04991383e-02,3.72568268e-02
1.731627,4.86586229e-01,4.04914999e-02,3.70926578e-02
1.734126,4.88707270e-01,4.04836607e-02,3.69293804e-02
1.736625,4.90846730e-01,4.04756259e-02,3.67669931e-02
1.739123,4.93004628e-01,4.04673875e-02,3.66054918e-02
1.741622,4.95181019e-01,4.04589261e-02,3.64448688e-02
1.744121,4.97376077e-01,4.04502168e-02,3.62851128e-02
1.746620,4.99590142e-01,4.04412366e-02,3.61262104e-02
1.749118,5.01823715e-01,4.04319715e-02,3.59681479e-02
1.751617,5.04077413e-01,4.04224208e-02,3.58109132e-02
1.754116,5.06351883e-01,4.04125972e-02,3.56544972e-02
1.756614,5.08647717e-01,4.04025231e-02,3.54988947e-02
1.759113,5.10965383e-01,4.03922246e-02,3.53441034e-02
1.761612,5.13305202e-01,4.03817238e-02,3.51901226e-02
1.764111,5.15667369e-01,4.03710337e-02,3.50369517e-02
1.766609,5.18052003e-01,4.03601552e-02,3.48845882e-02
1.769108,5.20459230e-01,4.03490772e-02,3.47330271e-02
1.771607,5.22889257e-01,4.03377805e-02,3.45822601e-02
1.774106,5.25342429e-01,4.03262432e-02,3.44322764e-02
1.776604,5.27819252e-01,4.03144467e-02,3.42830639e-02
1.779103,5.30320385e-01,4.03023813e-02,3.41346105e-02
1.781602,5.32846583e-01,4.02900500e-02,3.39869055e-02
1.784101,5.35398626e-01,4.02774681e-02,3.38399413e-02
1.786599,5.37977227e-01,4.02646612e-02,3.36937134e-02
1.789098,5.40582961e-01,4.02516584e-02,3.35482203e-02
1.791597,5.43216231e-01,4.02384853e-02,3.34034623e-02
1.794096,5.45877290e-01,4.02251564e-02,3.32594393e-02
1.796594,5.48566319e-01,4.02116711e-02,3.31161491e-02
1.799093,5.51283537e-01,4.01980140e-02,3.29735862e-02
1.801592,5.54029323e-01,4.01841609e-02,3.28317411e-02
1.804090,5.56804285e-01,4.01700872e-02,3.26906018e-02
1.806589,5.59609261e-01,4.01557782e-02,3.25501552e-02
1.809088,5.62445254e-01,4.01412354e-02,3.24103903e-02
1.811587,5.65313295e-01,4.01264782e-02,3.22712990e-02
1.814085,5.68214316e-01,4.01115392e-02,3.21328774e-02
1.816584,5.71149055e-01,4.00964551e-02,3.19951250e-02
1.819083,5.74118039e-01,4.00812566e-02,3.18580425e-02
1.821582,5.77121646e-01,4.00659613e-02,3.17216302e-02
1.824080,5.80160227e-01,4.00505708e-02,3.15858856e-02
1.826579,5.83234232e-01,4.00350739e-02,3.14508028e-02
1.829078,5.86344304e-01,4.00194539e-02,3.13163731e-02
1.831577,5.89491309e-01,4.00036974e-02,3.11825861e-02
1.834075,5.92676301e-01,3.99878007e-02,3.10494312e-02
1.836574,5.95900438e-01,3.99717737e-02,3.09168995e-02
1.839073,5.99164884e-01,3.99556394e-02,3.07849845e-02
1.841572,6.02470725e-01,3.99394295e-02,3.06536823e-02
1.844070,6.05818921e-01,3.99231794e-02,3.05229908e-02
1.846569,6.09210304e-01,3.99069228e-02,3.03929093e-02
1.849068,6.12645609e-01,3.98906867e-02,3.02634366e-02
1.851566,6.16125537e-01,3.98744898e-02,3.01345708e-02
1.854065,6.19650830e-01,3.98583425e-02,3.00063082e-02
1.856564,6.23222343e-01,3.98422491e-02,2.98786430e-02
1.859063,6.26841094e-01,3.98262124e-02,2.97515681e-02
1.861561,6.30508288e-01,3.98102389e-02,2.96250751e-02
1.864060,6.34225284e-01,3.97943450e-02,2.94991561e-02
1.866559,6.37993529e-01,3.97785598e-02,2.93738042e-02
1.869058,6.41814456e-01,3.97629265e-02,2.92490150e-02
1.871556,6.45689382e-01,3.97474990e-02,2.91247868e-02
1.874055,6.49619450e-01,3.97323357e-02,2.90011196e-02
1.876554,6.53605623e-01,3.97174928e-02,2.88780147e-02
1.879053,6.57648758e-01,3.97030177e-02,2.87554727e-02
1.881551,6.61749723e-01,3.96889476e-02,2.86334925e-02
1.884050,6.65909516e-01,3.96753117e-02,2.85120706e-02
1.886549,6.70129352e-01,3.96621392e-02,2.83912018e-02
1.889047,6.74410662e-01,3.96494669e-02,2.82708797e-02
1.891546,6.78755013e-01,3.96373478e-02,2.81510992e-02
1.894045,6.83163974e-01,3.96258536e-02,2.80318570e-02
1.896544,6.87638973e-01,3.96150742e-02,2.79131529e-02
1.899042,6.92181198e-01,3.96051116e-02,2.77949893e-02
1.901541,6.96791569e-01,3.95960734e-02,2.76773708e-02
1.904040,7.01470785e-01,3.95880663e-02,2.75603021e-02
1.906539,7.06219412e-01,3.95811940e-02,2.74437880e-02
1.909037,7.11037974e-01,3.95755583e-02,2.73278319e-02
1.911536,7.15927015e-01,3.95712639e-02,2.72124364e-02
1.914035,7.20887096e-01,3.95684253e-02,2.70976040e-02
1.916534,7.25918734e-01,3.95671728e-02,2.69833378e-02
1.919032,7.31022293e-01,3.95676577e-02,2.68696424e-02
1.921531,7.36197846e-01,3.95700552e-02,2.67565254e-02
1.924030,7.41445038e-01,3.95745645e-02,2.66439973e-02
1.926529,7.46762964e-01,3.95814071e-02,2.65320719e-02
1.929027,7.52150083e-01,3.95908235e-02,2.64207660e-02
1.931526,7.57604164e-01,3.96030699e-02,2.63100991e-02
1.934025,7.63122276e-01,3.96184162e-02,2.62000925e-02
1.936523,7.68700787e-01,3.96371457e-02,2.60907689e-02
1.939022,7.74335351e-01,3.96595584e-02,2.59821527e-02
1.941521,7.80020844e-01,3.96859773e-02,2.58742698e-02
1.944020,7.85751210e-01,3.97167562e-02,2.57671493e-02
1.946518,7.91519223e-01,3.97522880e-02,2.56608243e-02
1.949017,7.97316185e-01,3.97930093e-02,2.55553336e-02
1.951516,8.03131599e-01,3.98394016e-02,2.54507223e-02
1.954015,8.08952893e-01,3.98919865e-02,2.53470425e-02
1.956513,8.14765227e-01,3.99513190e-02,2.52443527e-02
1.959012,8.20551400e-01,4.00179786e-02,2.51427170e-02
1.961511,8.26291830e-01,4.00925628e-02,2.50422041e-02
1.964010,8.31964557e-01,4.01756838e-02,2.49428865e-02
1.966508,8.37545223e-01,4.02679675e-02,2.48448409e-02
1.969007,8.43007014e-01,4.03700535e-02,2.47481477e-02
1.971506,8.48320601e-01,4.04825919e-02,2.46528921e-02
1.974005,8.53454140e-01,4.06062346e-02,2.45591635e-02
1.976503,8.58373433e-01,4.07416201e-02,2.44670553e-02
1.979002,8.63042323e-01,4.08893503e-02,2.43766628e-02
1.981501,8.67423352e-01,4.10499644e-02,2.42880808e-02
1.983999,8.71478680e-01,4.12239093e-02,2.42014003e-02
1.986498,8.75171214e-01,4.14115128e-02,2.41167047e-02
1.988997,8.78465850e-01,4.16129594e-02,2.40340665e-02
1.991496,8.81330761e-01,4.18282725e-02,2.39535441e-02
1.993994,8.83738608e-01,4.20573016e-02,2.38751792e-02
1.996493,8.85667607e-01,4.22997175e-02,2.37989944e-02
1.998992,8.87102379e-01,4.25550130e-02,2.37249927e-02
2.001491,8.88034532e-01,4.28225096e-02,2.36531566e-02
2.003989,8.88462945e-01,4.31013698e-02,2.35834483e-02
2.006488,8.88393767e-01,4.33906137e-02,2.35158103e-02
2.008987,8.87840124e-01,4.36891394e-02,2.34501671e-02
2.011486,8.86821562e-01,4.39957484e-02,2.33864263e-02
2.013984,8.85363244e-01,4.43091742e-02,2.33244810e-02
2.016483,8.83494937e-01,4.46281157e-02,2.32642128e-02
2.018982,8.81249831e-01,4.49512716e-02,2.32054950e-02
2.021481,8.78663272e-01,4.52773758e-02,2.31481960e-02
2.023979,8.75771516e-01,4.56052268e-02,2.30921835e-02
2.026478,8.72610607e-01,4.59337105e-02,2.30373280e-02
2.028977,8.69215490e-01,4.62618132e-02,2.29835051e-02
2.031475,8.65619374e-01,4.65886240e-02,2.29305975e-02
2.033974,8.61853371e-01,4.69133316e-02,2.28784960e-02
2.036473,8.57946318e-01,4.72352168e-02,2.28270990e-02
2.038972,8.53924723e-01,4.75536462e-02,2.27763126e-02
2.041470,8.49812749e-01,4.78680673e-02,2.27260503e-02
2.043969,8.45632209e-01,4.81780075e-02,2.26762326e-02
2.046468,8.41402561e-01,4.84830733e-02,2.26267877e-02
2.048967,8.37140931e-01,4.87829483e-02,2.25776509e-02
2.051465,8.32862194e-01,4.90773883e-02,2.25287657e-02
2.053964,8.28579123e-01,4.93662133e-02,2.24800829e-02
2.056463,8.24302595e-01,4.96492965e-02,2.24315600e-02
2.058962,8.20041844e-01,4.99265531e-02,2.23831608e-02
2.061460,8.15804707e-01,5.01979298e-02,2.23348541e-02
2.063959,8.11597851e-01,5.04633969e-02,2.22866128e-02
2.066458,8.07426949e-01,5.07229439e-02,2.22384129e-02
2.068957,8.03296807e-01,5.09765775e-02,2.21902334e-02
2.071455,7.99211434e-01,5.12243224e-02,2.21420557e-02
2.073954,7.95174093e-01,5.14662219e-02,2.20938638e-02
2.076453,7.91187336e-01,5.17023393e-02,2.20456444e-02
2.078951,7.87253057e-01,5.19327556e-02,2.19973870e-02
2.081450,7.83372568e-01,5.21575656e-02,2.19490836e-02
2.083949,7.79546717e-01,5.23768723e-02,2.19007286e-02
2.086448,7.75776014e-01,5.25907797e-02,2.18523182e-02
2.088946,7.72060749e-01,5.27993884e-02,2.18038493e-02
2.091445,7.68401072e-01,5.30027932e-02,2.17553197e-02
2.093944,7.64797020e-01,5.32010849e-02,2.17067269e-02
2.096443,7.61248500e-01,5.33943549e-02,2.16580689e-02
2.098941,7.57755246e-01,5.35826989e-02,2.16093440e-02
2.101440,7.54316784e-01,5.37662203e-02,2.15605518e-02
2.103939,7.50932436e-01,5.39450292e-02,2.15116926e-02
2.106438,7.47601359e-01,5.41192387e-02,2.14627682e-02
2.108936,7.44322623e-01,5.42889599e-02,2.14137812e-02
2.111435,7.41095277e-01,5.44542977e-02,2.13647345e-02
2.113934,7.37918407e-01,5.46153481e-02,2.13156310e-02
2.116433,7.34791152e-01,5.47721992e-02,2.12664732e-02
2.118931,7.31712682e-01,5.49249343e-02,2.12172632e-02
2.121430,7.28682165e-01,5.50736353e-02,2.11680030e-02
2.123929,7.25698725e-01,5.52183865e-02,2.11186945e-02
2.126427,7.22761418e-01,5.53592755e-02,2.10693402e-02
2.128926,7.19869233e-01,5.54963927e-02,2.10199431e-02
2.131425,7.17021119e-01,5.56298288e-02,2.09705067e-02
2.133924,7.14216022e-01,5.57596712e-02,2.09210349e-02
2.136422,7.11452928e-01,5.58860018e-02,2.08715315e-02
2.138921,7.08730890e-01,5.60088947e-02,2.08220002e-02
2.141420,7.06049036e-01,5.61284172e-02,2.07724443e-02
2.143919,7.03406553e-01,5.62446322e-02,2.07228665e-02
2.146417,7.00802649e-01,5.63576012e-02,2.06732692e-02
2.148916,6.98236517e-01,5.64673878e-02,2.06236549e-02
2.151415,6.95707308e-01,5.65740592e-02,2.05740262e-02
2.153914,6.93214131e-01,5.66776852e-02,2.05243861e-02
2.156412,6.90756083e-01,5.67783352e-02,2.04747382e-02
2.158911,6.88332284e-01,5.68760750e-02,2.04250861e-02
2.161410,6.85941914e-01,5.69709642e-02,2.03754334e-02
2.163909,6.83584232e-01,5.70630550e-02,2.03257831e-02
2.166407,6.81258564e-01,5.71523947e-02,2.02761379e-02
2.168906,6.78964269e-01,5.72390287e-02,2.02265001e-02
2.171405,6.76700707e-01,5.73230034e-02,2.01768716e-02
2.173903,6.74467211e-01,5.74043683e-02,2.01272547e-02
2.176402,6.72263082e-01,5.74831757e-02,2.00776518e-02
2.178901,6.70087608e-01,5.75594786e-02,2.00280657e-02
2.181400,6.67940088e-01,5.76333279e-02,1.99784994e-02
2.183898,6.65819865e-01,5.77047704e-02,1.99289557e-02
2.186397,6.63726331e-01,5.77738478e-02,1.98794373e-02
2.188896,6.61658938e-01,5.78405971e-02,1.98299466e-02
2.191395,6.59617172e-01,5.79050529e-02,1.97804855e-02
2.193893,6.57600536e-01,5.79672491e-02,1.97310558e-02
2.196392,6.55608521e-01,5.80272214e-02,1.96816592e-02
2.198891,6.53640602e-01,5.80850078e-02,1.96322973e-02
2.201390,6.51696230e-01,5.81406483e-02,1.95829724e-02
2.203888,6.49774852e-01,5.81941829e-02,1.95336867e-02
2.206387,6.47875935e-01,5.82456494e-02,1.94844424e-02
2.208886,6.45998985e-01,5.82950816e-02,1.94352419e-02
2.211385,6.44143560e-01,5.83425083e-02,1.93860871e-02
2.213883,6.42309261e-01,5.83879551e-02,1.93369797e-02
2.216382,6.40495709e-01,5.84314464e-02,1.92879210e-02
2.218881,6.38702521e-01,5.84730079e-02,1.92389121e-02
2.221379,6.36929288e-01,5.85126684e-02,1.91899545e-02
2.223878,6.35175574e-01,5.85504592e-02,1.91410496e-02
2.226377,6.33440934e-01,5.85864124e-02,1.90921992e-02
2.228876,6.31724940e-01,5.86205580e-02,1.90434053e-02
2.231374,6.30027201e-01,5.86529221e-02,1.89946695e-02
2.233873,6.28347372e-01,5.86835264e-02,1.89459935e-02
2.236372,6.26685145e-01,5.87123896e-02,1.88973785e-02
2.238871,6.25040225e-01,5.87395300e-02,1.88488255e-02
2.241369,6.23412306e-01,5.87649674e-02,1.88003352e-02
2.243868,6.21801057e-01,5.87887242e-02,1.87519088e-02
2.246367,6.20206129e-01,5.88108253e-02,1.87035475e-02
2.248866,6.18627164e-01,5.88312958e-02,1.86552525e-02
2.251364,6.17063824e-01,5.88501588e-02,1.86070254e-02
2.253863,6.15515801e-01,5.88674340e-02,1.85588676e-02
2.256362,6.13982827e-01,5.88831379e-02,1.85107802e-02
2.258861,6.12464656e-01,5.88972842e-02,1.84627640e-02
2.261359,6.10961052e-01,5.89098868e-02,1.84148198e-02
2.263858,6.09471766e-01,5.89209613e-02,1.83669483e-02
2.266357,6.07996527e-01,5.89305255e-02,1.83191501e-02
2.268855,6.06535045e-01,5.89385992e-02,1.82714262e-02
2.271354,6.05087033e-01,5.89452023e-02,1.82237777e-02
2.273853,6.03652218e-01,5.89503523e-02,1.81762057e-02
2.276352,6.02230363e-01,5.89540637e-02,1.81287112e-02
2.278850,6.00821257e-01,5.89563479e-02,1.80812951e-02
2.281349,5.99424708e-01,5.89572149e-02,1.80339579e-02
2.283848,5.98040522e-01,5.89566755e-02,1.79867000e-02
2.286347,5.96668484e-01,5.89547424e-02,1.79395219e-02
2.288845,5.95308361e-01,5.89514307e-02,1.78924242e-02
2.291344,5.93959912e-01,5.89467564e-02,1.78454077e-02
2.293843,5.92622902e-01,5.89407344e-02,1.77984732e-02
2.296342,5.91297121e-01,5.89333772e-02,1.77516216e-02
2.298840,5.89982386e-01,5.89246945e-02,1.77048535e-02
2.301339,5.88678532e-01,5.89146940e-02,1.76581694e-02
2.303838,5.87385401e-01,5.89033832e-02,1.76115696e-02
2.306337,5.86102822e-01,5.88907709e-02,1.75650544e-02
2.308835,5.84830605e-01,5.88768681e-02,1.75186242e-02
2.311334,5.83568549e-01,5.88616870e-02,1.74722794e-02
2.313833,5.82316453e-01,5.88452403e-02,1.74260207e-02
2.316331,5.81074128e-01,5.88275385e-02,1.73798487e-02
2.318830,5.79841411e-01,5.88085899e-02,1.73337640e-02
2.321329,5.78618161e-01,5.87884004e-02,1.72877670e-02
2.323828,5.77404245e-01,5.87669749e-02,1.72418578e-02
2.326326,5.76199526e-01,5.87443191e-02,1.71960366e-02
2.328825,5.75003850e-01,5.87204405e-02,1.71503036e-02
2.331324,5.73817046e-01,5.86953483e-02,1.71046590e-02
2.333823,5.72638938e-01,5.86690526e-02,1.70591033e-02
2.336321,5.71469357e-01,5.86415628e-02,1.70136370e-02
2.338820,5.70308155e-01,5.86128856e-02,1.69682605e-02
2.341319,5.69155207e-01,5.85830256e-02,1.69229740e-02
2.343818,5.68010403e-01,5.85519856e-02,1.68777778e-02
2.346316,5.66873629e-01,5.85197685e-02,1.68326719e-02
2.348815,5.65744760e-01,5.84863788e-02,1.67876563e-02
2.351314,5.64623651e-01,5.84518231e-02,1.67427310e-02
2.353813,5.63510147e-01,5.84161092e-02,1.66978963e-02
2.356311,5.62404096e-01,5.83792448e-02,1.66531526e-02
2.358810,5.61305360e-01,5.83412358e-02,1.66085001e-02
2.361309,5.60213824e-01,5.83020855e-02,1.65639392e-02
2.363807,5.59129392e-01,5.82617954e-02,1.65194699e-02
2.366306,5.58051970e-01,5.82203663e-02,1.64750922e-02
2.368805,5.56981455e-01,5.81777998e-02,1.64308059e-02
2.371304,5.55917727e-01,5.81340998e-02,1.63866110e-02
2.373802,5.54860649e-01,5.80892717e-02,1.63425076e-02
2.376301,5.53810082e-01,5.80433214e-02,1.62984958e-02
2.378800,5.52765897e-01,5.79962540e-02,1.62545758e-02
2.381299,5.51727985e-01,5.79480722e-02,1.62107480e-02
2.383797,5.50696255e-01,5.78987764e-02,1.61670122e-02
2.386296,5.49670627e-01,5.78483658e-02,1.61233685e-02
2.388795,5.48651016e-01,5.77968398e-02,1.60798166e-02
2.391294,5.47637321e-01,5.77441994e-02,1.60363564e-02
2.393792,5.46629423e-01,5.76904475e-02,1.59929877e-02
2.396291,5.45627199e-01,5.76355882e-02,1.59497106e-02
2.398790,5.44630524e-01,5.75796252e-02,1.59065253e-02
2.401289,5.43639294e-01,5.75225605e-02,1.58634317e-02
2.403787,5.42653420e-01,5.74643940e-02,1.58204300e-02
2.406286,5.41672825e-01,5.74051238e-02,1.57775200e-02
2.408785,5.40697436e-01,5.73447477e-02,1.57347014e-02
2.411283,5.39727167e-01,5.72832644e-02,1.56919742e-02
2.413782,5.38761918e-01,5.72206740e-02,1.56493379e-02
2.416281,5.37801576e-01,5.71569782e-02,1.56067926e-02
2.418780,5.36846029e-01,5.70921790e-02,1.55643382e-02
2.421278,5.35895171e-01,5.70262775e-02,1.55219746e-02
2.423777,5.34948913e-01,5.69592730e-02,1.54797020e-02
2.426276,5.34007179e-01,5.68911631e-02,1.54375200e-02
2.428775,5.33069898e-01,5.68219445e-02,1.53954286e-02
2.431273,5.32136993e-01,5.67516138e-02,1.53534273e-02
2.433772,5.31208378e-01,5.66801688e-02,1.53115160e-02
2.436271,5.30283955e-01,5.66076086e-02,1.52696943e-02
2.438770,5.29363619e-01,5.65339330e-02,1.52279622e-02
2.441268,5.28447268e-01,5.64591415e-02,1.51863194e-02
2.443767,5.27534811e-01,5.63832327e-02,1.51447659e-02
2.446266,5.26626165e-01,5.63062038e-02,1.51033015e-02
2.448765,5.25721258e-01,5.62280505e-02,1.50619261e-02
2.451263,5.24820018e-01,5.61487682e-02,1.50206392e-02
2.453762,5.23922366e-01,5.60683525e-02,1.49794405e-02
2.456261,5.23028215e-01,5.59867998e-02,1.49383297e-02
2.458759,5.22137470e-01,5.59041074e-02,1.48973064e-02
2.461258,5.21250031e-01,5.58202729e-02,1.48563706e-02
2.463757,5.20365802e-01,5.57352939e-02,1.48155219e-02
2.466256,5.19484697e-01,5.56491665e-02,1.47747602e-02
2.468754,5.18606636e-01,5.55618860e-02,1.47340851e-02
2.471253,5.17731546e-01,5.54734464e-02,1.46934964e-02
2.473752,5.16859352e-01,5.53838413e-02,1.46529937e-02
2.476251,5.15989973e-01,5.52930648e-02,1.46125765e-02
2.478749,5.15123318e-01,5.52011117e-02,1.45722445e-02
2.481248,5.14259290e-01,5.51079775e-02,1.45319973e-02
2.483747,5.13397789e-01,5.50136580e-02,1.44918346e-02
2.486246,5.12538721e-01,5.49181482e-02,1.44517562e-02
2.488744,5.11682001e-01,5.48214421e-02,1.44117617e-02
2.491243,5.10827548e-01,5.47235326e-02,1.43718508e-02
2.493742,5.09975288e-01,5.46244114e-02,1.43320230e-02
2.496241,5.09125137e-01,5.45240705e-02,1.42922779e-02
2.498739,5.08277006e-01,5.44225023e-02,1.42526150e-02
2.501238,5.07430794e-01,5.43196999e-02,1.42130339e-02
2.503737,5.06586398e-01,5.42156570e-02,1.41735341e-02
2.506235,5.05743716e-01,5.41103670e-02,1.41341154e-02
2.508734,5.04902653e-01,5.40038223e-02,1.40947772e-02
2.511233,5.04063123e-01,5.38960138e-02,1.40555193e-02
2.513732,5.03225041e-01,5.37869317e-02,1.40163411e-02
2.516230,5.02388318e-01,5.36765656e-02,1.39772421e-02
2.518729,5.01552856e-01,5.35649059e-02,1.39382218e-02
2.521228,5.00718550e-01,5.34519432e-02,1.38992795e-02
2.523727,4.99885288e-01,5.33376687e-02,1.38604150e-02
2.526225,4.99052959e-01,5.32220734e-02,1.38216276e-02
2.528724,4.98221458e-01,5.31051475e-02,1.37829170e-02
2.531223,4.97390684e-01,5.29868798e-02,1.37442826e-02
2.533722,4.96560539e-01,5.28672584e-02,1.37057238e-02
2.536220,4.95730921e-01,5.27462708e-02,1.36672402e-02
2.538719,4.94901718e-01,5.26239048e-02,1.36288310e-02
2.541218,4.94072812e-01,5.25001484e-02,1.35904957e-02
2.543717,4.93244078e-01,5.23749899e-02,1.35522337e-02
2.546215,4.92415393e-01,5.22484176e-02,1.35140445e-02
2.548714,4.91586635e-01,5.21204185e-02,1.34759274e-02
2.551213,4.90757684e-01,5.19909792e-02,1.34378818e-02
2.553711,4.89928420e-01,5.18600850e-02,1.33999072e-02
2.556210,4.89098719e-01,5.17277208e-02,1.33620028e-02
2.558709,4.88268451e-01,5.15938715e-02,1.33241680e-02
2.561208,4.87437475e-01,5.14585221e-02,1.32864021e-02
2.563706,4.86605648e-01,5.13216576e-02,1.32487043e-02
2.566205,4.85772822e-01,5.11832627e-02,1.32110740e-02
2.568704,4.84938850e-01,5.10433212e-02,1.31735106e-02
2.571203,4.84103586e-01,5.09018162e-02,1.31360132e-02
2.573701,4.83266880e-01,5.07587298e-02,1.30985811e-02
2.576200,4.82428578e-01,5.06140436e-02,1.30612137e-02
2.578699,4.81588515e-01,5.04677390e-02,1.30239099e-02
2.581198,4.80746521e-01,5.03197972e-02,1.29866692e-02
2.583696,4.79902418e-01,5.01701993e-02,1.29494905e-02
2.586195,4.79056025e-01,5.00189257e-02,1.29123732e-02
2.588694,4.78207157e-01,4.98659562e-02,1.28753163e-02
2.591193,4.77355628e-01,4.97112696e-02,1.28383191e-02
2.593691,4.76501244e-01,4.95548437e-02,1.28013806e-02
2.596190,4.75643806e-01,4.93966560e-02,1.27644998e-02
2.598689,4.74783101e-01,4.92366832e-02,1.27276760e-02
2.601187,4.73918909e-01,4.90749021e-02,1.26909080e-02
2.603686,4.73051003e-01,4.89112888e-02,1.26541949e-02
2.606185,4.72179149e-01,4.87458184e-02,1.26175358e-02
2.608684,4.71303106e-01,4.85784654e-02,1.25809296e-02
2.611182,4.70422626e-01,4.84092032e-02,1.25443753e-02
2.613681,4.69537451e-01,4.82380042e-02,1.25078717e-02
2.616180,4.68647311e-01,4.80648403e-02,1.24714178e-02
2.618679,4.67751923e-01,4.78896826e-02,1.24350125e-02
2.621177,4.66850993e-01,4.77125018e-02,1.23986545e-02
2.623676,4.65944217e-01,4.75332674e-02,1.23623427e-02
2.626175,4.65031278e-01,4.73519480e-02,1.23260759e-02
2.628674,4.64111848e-01,4.71685112e-02,1.22898528e-02
2.631172,4.63185585e-01,4.69829234e-02,1.22536721e-02
2.633671,4.62252131e-01,4.67951499e-02,1.22175325e-02
2.636170,4.61311111e-01,4.66051553e-02,1.21814327e-02
2.638669,4.60362133e-01,4.64129031e-02,1.21453711e-02
2.641167,4.59404789e-01,4.62183558e-02,1.21093465e-02
2.643666,4.58438651e-01,4.60214744e-02,1.20733573e-02
2.646165,4.57463273e-01,4.58222189e-02,1.20374019e-02
2.648663,4.56478190e-01,4.56205478e-02,1.20014789e-02
2.651162,4.55482911e-01,4.54164182e-02,1.19655866e-02
2.653661,4.54476923e-01,4.52097861e-02,1.19297233e-02
2.656160,4.53459686e-01,4.50006060e-02,1.18938873e-02
2.658658,4.52430636e-01,4.47888310e-02,1.18580769e-02
2.661157,4.51389177e-01,4.45744127e-02,1.18222901e-02
2.663656,4.50334687e-01,4.43573008e-02,1.17865252e-02
2.666155,4.49266512e-01,4.41374437e-02,1.17507802e-02
2.668653,4.48183959e-01,4.39147877e-02,1.17150531e-02
2.671152,4.47086304e-01,4.36892774e-02,1.16793417e-02
2.673651,4.45972778e-01,4.34608559e-02,1.16436440e-02
2.676150,4.44842576e-01,4.32294640e-02,1.16079577e-02
2.678648,4.43694846e-01,4.29950405e-02,1.15722805e-02
2.681147,4.42528689e-01,4.27575223e-02,1.15366101e-02
2.683646,4.41343156e-01,4.25168439e-02,1.15009440e-02
2.686145,4.40137244e-01,4.22729375e-02,1.14652796e-02
2.688643,4.38909890e-01,4.20257331e-02,1.14296143e-02
2.691142,4.37659971e-01,4.17751583e-02,1.13939455e-02
2.693641,4.36386298e-01,4.15211380e-02,1.13582702e-02
2.696139,4.35087609e-01,4.12635945e-02,1.13225855e-02
2.698638,4.33762567e-01,4.10024474e-02,1.12868883e-02
2.701137,4.32409754e-01,4.07376133e-02,1.12511756e-02
2.703636,4.31027663e-01,4.04690061e-02,1.12154441e-02
2.706134,4.29614693e-01,4.01965366e-02,1.11796903e-02
2.708633,4.28169143e-01,3.99201123e-02,1.11439108e-02
2.711132,4.26689203e-01,3.96396376e-02,1.11081018e-02
2.713631,4.25172946e-01,3.93550136e-02,1.10722596e-02
2.716129,4.23618322e-01,3.90661379e-02,1.10363803e-02
2.718628,4.22023144e-01,3.87729047e-02,1.10004597e-02
2.721127,4.20385081e-01,3.84752044e-02,1.09644937e-02
2.723626,4.18701650e-01,3.81729242e-02,1.09284779e-02
2.726124,4.16970197e-01,3.78659474e-02,1.08924076e-02
2.728623,4.15187894e-01,3.75541535e-02,1.08562782e-02
2.731122,4.13351717e-01,3.72374186e-02,1.08200848e-02
2.733621,4.11458440e-01,3.69156151e-02,1.07838224e-02
2.736119,4.09504614e-01,3.65886119e-02,1.07474857e-02
2.738618,4.07486557e-01,3.62562746e-02,1.07110694e-02
2.741117,4.05400335e-01,3.59184655e-02,1.06745679e-02
2.743615,4.03241746e-01,3.55750444e-02,1.06379755e-02
2.746114,4.01006304e-01,3.52258682e-02,1.06012864e-02
2.748613,3.98689221e-01,3.48707922e-02,1.05644947e-02
2.751112,3.96285390e-01,3.45096703e-02,1.05275942e-02
2.753610,3.93789372e-01,3.41423560e-02,1.04905788e-02
2.756109,3.91195377e-01,3.37687031e-02,1.04534423e-02
2.758608,3.88497252e-01,3.33885676e-02,1.04161785e-02
2.761107,3.85688476e-01,3.30018084e-02,1.03787811e-02
2.763605,3.82762146e-01,3.26082900e-02,1.03412442e-02
2.766104,3.79710984e-01,3.22078842e-02,1.03035619e-02
2.768603,3.76527341e-01,3.18004727e-02,1.02657286e-02
2.771102,3.73203217e-01,3.13859510e-02,1.02277390e-02
2.773600,3.69730288e-01,3.09642313e-02,1.01895887e-02
2.776099,3.66099956e-01,3.05352477e-02,1.01512736e-02
2.778598,3.62303411e-01,3.00989609e-02,1.01127908e-02
2.781097,3.58331725e-01,2.96553643e-02,1.00741384e-02
2.783595,3.54175967e-01,2.92044908e-02,1.00353161e-02
2.786094,3.49827359e-01,2.87464207e-02,9.99632504e-03
2.788593,3.45277463e-01,2.82812897e-02,9.95716870e-03
2.791091,3.40518421e-01,2.78092990e-02,9.91785287e-03
2.793590,3.35543228e-01,2.73307244e-02,9.87838624e-03
2.796089,3.30346065e-01,2.68459274e-02,9.83878078e-03
2.798588,3.24922672e-01,2.63553651e-02,9.79905221e-03
2.801086,3.19270758e-01,2.58596004e-02,9.75922044e-03
2.803585,3.13390445e-01,2.53593106e-02,9.71930991e-03
2.806084,3.07284713e-01,2.48552944e-02,9.67934997e-03
2.808583,3.00959837e-01,2.43484756e-02,9.63937507e-03
2.811081,2.94425763e-01,2.38399034e-02,9.59942481e-03
2.813580,2.87696408e-01,2.33307476e-02,9.55954382e-03
2.816079,2.80789815e-01,2.28222880e-02,9.51978138e-03
2.818578,2.73728153e-01,2.23158980e-02,9.48019082e-03
2.821076,2.66537504e-01,2.18130220e-02,9.44082860e-03
2.823575,2.59247441e-01,2.13151462e-02,9.40175321e-03
2.826074,2.51890383e-01,2.08237665e-02,9.36302384e-03
2.828573,2.44500771e-01,2.03403516e-02,9.32469885e-03
2.831071,2.37114090e-01,1.98663070e-02,9.28683434e-03
2.833570,2.29765828e-01,1.94029400e-02,9.24948264e-03
2.836069,2.22490429e-01,1.89514286e-02,9.21269101e-03
2.838567,2.15320323e-01,1.85127969e-02,9.17650059e-03
2.841066,2.08285099e-01,1.80878975e-02,9.14094564e-03
2.843565,2.01410871e-01,1.76774017e-02,9.10605305e-03
2.846064,1.94719851e-01,1.72817981e-02,9.07184229e-03
2.848562,1.88230144e-01,1.69013978e-02,9.03832555e-03
2.851061,1.81955742e-01,1.65363455e-02,9.00550819e-03
2.853560,1.75906681e-01,1.61866352e-02,8.97338935e-03
2.856059,1.70089337e-01,1.58521287e-02,8.94196270e-03
2.858557,1.64506799e-01,1.55325752e-02,8.91121727e-03
2.861056,1.59159296e-01,1.52276312e-02,8.88113822e-03
2.863555,1.54044647e-01,1.49368801e-02,8.85170768e-03
2.866054,1.49158692e-01,1.46598495e-02,8.82290546e-03
2.868552,1.44495702e-01,1.43960275e-02,8.79470971e-03
2.871051,1.40048752e-01,1.41448760e-02,8.76709751e-03
2.873550,1.35810045e-01,1.39058430e-02,8.74004532e-03
2.876049,1.31771192e-01,1.36783717e-02,8.71352945e-03
2.878547,1.27923444e-01,1.34619085e-02,8.68752631e-03
2.881046,1.24257885e-01,1.32559094e-02,8.66201271e-03
2.883545,1.20765586e-01,1.30598440e-02,8.63696605e-03
2.886043,1.17437721e-01,1.28731998e-02,8.61236446e-03
2.888542,1.14265662e-01,1.26954838e-02,8.58818690e-03
2.891041,1.11241044e-01,1.25262245e-02,8.56441324e-03
2.893540,1.08355814e-01,1.23649728e-02,8.54102426e-03
2.896038,1.05602261e-01,1.22113022e-02,8.51800171e-03
2.898537,1.02973038e-01,1.20648087e-02,8.49532829e-03
2.901036,1.00461166e-01,1.19251108e-02,8.47298763e-03
2.903535,9.80600416e-02,1.17918485e-02,8.45096426e-03
2.906033,9.57634269e-02,1.16646827e-02,8.42924361e-03
2.908532,9.35654433e-02,1.15432943e-02,8.40781194e-03
2.911031,9.14605596e-02,1.14273836e-02,8.38665631e-03
2.913530,8.94435770e-02,1.13166687e-02,8.36576456e-03
2.916028,8.75096143e-02,1.12108850e-02,8.34512524e-03
2.918527,8.56540920e-02,1.11097840e-02,8.32472758e-03
2.921026,8.38727151e-02,1.10131325e-02,8.30456144e-03
2.923525,8.21614575e-02,1.09207116e-02,8.28461731e-03
2.926023,8.05165453e-02,1.08323156e-02,8.26488623e-03
2.928522,7.89344417e-02,1.07477515e-02,8.24535976e-03
2.931021,7.74118317e-02,1.06668380e-02,8.22602997e-03
2.933519,7.59456075e-02,1.05894047e-02,8.20688938e-03
2.936018,7.45328555e-02,1.05152916e-02,8.18793095e-03
2.938517,7.31708428e-02,1.04443481e-02,8.16914805e-03
2.941016,7.18570056e-02,1.03764325e-02,8.15053441e-03
2.943514,7.05889374e-02,1.03114117e-02,8.13208413e-03
2.946013,6.93643786e-02,1.02491601e-02,8.11379163e-03
2.948512,6.81812065e-02,1.01895595e-02,8.09565165e-03
2.951011,6.70374261e-02,1.01324984e-02,8.07765919e-03
2.953509,6.59311613e-02,1.00778719e-02,8.05980956e-03
2.956008,6.48606470e-02,1.00255809e-02,8.04209828e-03
2.958507,6.38242214e-02,9.97553158e-03,8.02452114e-03
2.961006,6.28203195e-02,9.92763572e-03,8.00707413e-03
2.963504,6.18474663e-02,9.88180973e-03,7.98975345e-03
2.966003,6.09042707e-02,9.83797462e-03,7.97255549e-03
2.968502,5.99894204e-02,9.79605565e-03,7.95547684e-03
2.971001,5.91016763e-02,9.75598207e-03,7.93851425e-03
2.973499,5.82398681e-02,9.71768686e-03,7.92166460e-03
2.975998,5.74028893e-02,9.68110654e-03,7.90492497e-03
2.978497,5.65896938e-02,9.64618089e-03,7.88829254e-03
2.980995,5.57992914e-02,9.61285280e-03,7.87176465e-03
2.983494,5.50307446e-02,9.58106806e-03,7.85533875e-03
2.985993,5.42831654e-02,9.55077522e-03,7.83901239e-03
2.988492,5.35557117e-02,9.52192535e-03,7.82278328e-03
2.990990,5.28475851e-02,9.49447200e-03,7.80664918e-03
2.993489,5.21580278e-02,9.46837095e-03,7.79060797e-03
2.995988,5.14863201e-02,9.44358015e-03,7.77465764e-03
2.998487,5.08317786e-02,9.42005958e-03,7.75879623e-03
3.000985,5.01937532e-02,9.39777112e-03,7.74302189e-03
3.003484,4.95716261e-02,9.37667848e-03,7.72733284e-03
3.005983,4.89648091e-02,9.35674704e-03,7.71172737e-03
3.008482,4.83727423e-02,9.33794381e-03,7.69620384e-03
3.010980,4.77948924e-02,9.32023732e-03,7.68076069e-03
3.013479,4.72307509e-02,9.30359755e-03,7.66539639e-03
3.015978,4.66798333e-02,9.28799584e-03,7.65010949e-03
3.018477,4.61416771e-02,9.27340481e-03,7.63489861e-03
3.020975,4.56158409e-02,9.25979833e-03,7.61976239e-03
3.023474,4.51019035e-02,9.24715141e-03,7.60469955e-03
3.025973,4.45994620e-02,9.23544019e-03,7.58970884e-03
3.028471,4.41081318e-02,9.22464182e-03,7.57478906e-03
3.030970,4.36275448e-02,9.21473448e-03,7.55993905e-03
3.033469,4.31573489e-02,9.20569727e-03,7.54515770e-03
3.035968,4.26972073e-02,9.19751020e-03,7.53044393e-03
3.038466,4.22467973e-02,9.19015414e-03,7.51579670e-03
3.040965,4.18058099e-02,9.18361077e-03,7.50121500e-03
3.043464,4.13739488e-02,9.17786254e-03,7.48669788e-03
3.045963,4.09509302e-02,9.17289263e-03,7.47224438e-03
3.048461,4.05364818e-02,9.16868496e-03,7.45785360e-03
3.050960,4.01303421e-02,9.16522407e-03,7.44352466e-03
3.053459,3.97322605e-02,9.16249520e-03,7.42925671e-03
3.055958,3.93419959e-02,9.16048414e-03,7.41504893e-03
3.058456,3.89593172e-02,9.15917732e-03,7.40090052e-03
3.060955,3.85840019e-02,9.15856169e-03,7.38681070e-03
3.063454,3.82158363e-02,9.15862475e-03,7.37277872e-03
3.065953,3.78546149e-02,9.15935451e-03,7.35880386e-03
3.068451,3.75001398e-02,9.16073947e-03,7.34488540e-03
3.070950,3.71522209e-02,9.16276860e-03,7.33102267e-03
3.073449,3.68106748e-02,9.16543130e-03,7.31721499e-03
3.075947,3.64753251e-02,9.16871744e-03,7.30346172e-03
3.078446,3.61460019e-02,9.17261725e-03,7.28976222e-03
3.080945,3.58225413e-02,9.17712140e-03,7.27611588e-03
3.083444,3.55047854e-02,9.18222092e-03,7.26252211e-03
3.085942,3.51925821e-02,9.18790721e-03,7.24898032e-03
3.088441,3.48857842e-02,9.19417200e-03,7.23548996e-03
3.090940,3.45842503e-02,9.20100739e-03,7.22205046e-03
3.093439,3.42878433e-02,9.20840578e-03,7.20866130e-03
3.095937,3.39964313e-02,9.21635989e-03,7.19532194e-03
3.098436,3.37098868e-02,9.22486274e-03,7.18203189e-03
3.100935,3.34280863e-02,9.23390763e-03,7.16879064e-03
3.103434,3.31509109e-02,9.24348815e-03,7.15559771e-03
3.105932,3.28782455e-02,9.25359815e-03,7.14245262e-03
3.108431,3.26099787e-02,9.26423174e-03,7.12935491e-03
3.110930,3.23460028e-02,9.27538327e-03,7.11630414e-03
3.113428,3.20862138e-02,9.28704736e-03,7.10329986e-03
3.115927,3.18305109e-02,9.29921882e-03,7.09034164e-03
3.118426,3.15787964e-02,9.31189272e-03,7.07742905e-03
3.120925,3.13309760e-02,9.32506432e-03,7.06456170e-03
3.123423,3.10869582e-02,9.33872912e-03,7.05173916e-03
3.125922,3.08466543e-02,9.35288278e-03,7.03896106e-03
3.128421,3.06099785e-02,9.36752120e-03,7.02622700e-03
3.130920,3.03768477e-02,9.38264044e-03,7.01353661e-03
3.133418,3.01471811e-02,9.39823676e-03,7.00088952e-03
3.135917,2.99209005e-02,9.41430659e-03,6.98828536e-03
3.138416,2.96979301e-02,9.43084653e-03,6.97572378e-03
3.140915,2.94781962e-02,9.44785336e-03,6.96320444e-03
3.143413,2.92616276e-02,9.46532401e-03,6.95072700e-03
3.145912,2.90481548e-02,9.48325557e-03,6.93829111e-03
3.148411,2.88377107e-02,9.50164529e-03,6.92589645e-03
3.150910,2.86302298e-02,9.52049056e-03,6.91354271e-03
3.153408,2.84256488e-02,9.53978893e-03,6.90122956e-03
3.155907,2.82239060e-02,9.55953807e-03,6.88895670e-03
3.158406,2.80249416e-02,9.57973581e-03,6.87672382e-03
3.160904,2.78286974e-02,9.60038010e-03,6.86453063e-03
3.163403,2.76351168e-02,9.62146901e-03,6.85237684e-03
3.165902,2.74441449e-02,9.64300076e-03,6.84026214e-03
3.168401,2.72557281e-02,9.66497368e-03,6.82818628e-03
3.170899,2.70698146e-02,9.68738622e-03,6.81614896e-03
3.173398,2.68863537e-02,9.71023695e-03,6.80414991e-03
3.175897,2.67052962e-02,9.73352456e-03,6.79218887e-03
3.178396,2.65265943e-02,9.75724786e-03,6.78026557e-03
3.180894,2.63502013e-02,9.78140574e-03,6.76837976e-03
3.183393,2.61760718e-02,9.80599722e-03,6.75653117e-03
3.185892,2.60041617e-02,9.83102143e-03,6.74471956e-03
3.188391,2.58344280e-02,9.85647759e-03,6.73294469e-03
3.190889,2.56668288e-02,9.88236503e-03,6.72120630e-03
3.193388,2.55013232e-02,9.90868316e-03,6.70950416e-03
3.195887,2.53378714e-02,9.93543152e-03,6.69783803e-03
3.198386,2.51764347e-02,9.96260972e-03,6.68620768e-03
3.200884,2.50169754e-02,9.99021746e-03,6.67461289e-03
3.203383,2.48594565e-02,1.00182546e-02,6.66305343e-03
3.205882,2.47038423e-02,1.00467209e-02,6.65152908e-03
3.208380,2.45500975e-02,1.00756165e-02,6.64003961e-03
3.210879,2.43981882e-02,1.01049413e-02,6.62858482e-03
3.213378,2.42480810e-02,1.01346957e-02,6.61716449e-03
3.215877,2.40997434e-02,1.01648797e-02,6.60577842e-03
3.218375,2.39531436e-02,1.01954937e-02,6.59442639e-03
3.220874,2.38082508e-02,1.02265381e-02,6.58310820e-03
3.223373,2.36650346e-02,1.02580135e-02,6.57182366e-03
3.225872,2.35234657e-02,1.02899203e-02,6.56057256e-03
3.228370,2.33835151e-02,1.03222593e-02,6.54935471e-03
3.230869,2.32451548e-02,1.03550310e-02,6.53816992e-03
3.233368,2.31083574e-02,1.03882365e-02,6.52701800e-03
3.235867,2.29730959e-02,1.04218764e-02,6.51589875e-03
3.238365,2.28393443e-02,1.04559519e-02,6.50481200e-03
3.240864,2.27070768e-02,1.04904638e-02,6.49375757e-03
3.243363,2.25762684e-02,1.05254134e-02,6.48273526e-03
3.245862,2.24468947e-02,1.05608017e-02,6.47174491e-03
3.248360,2.23189318e-02,1.05966301e-02,6.46078633e-03
3.250859,2.21923564e-02,1.06328999e-02,6.44985936e-03
3.253358,2.20671455e-02,1.06696124e-02,6.43896382e-03
3.255856,2.19432767e-02,1.07067691e-02,6.42809954e-03
3.258355,2.18207284e-02,1.07443716e-02,6.41726636e-03
3.260854,2.16994791e-02,1.07824215e-02,6.40646410e-03
3.263353,2.15795078e-02,1.08209203e-02,6.39569261e-03
3.265851,2.14607941e-02,1.08598700e-02,6.38495172e-03
3.268350,2.13433181e-02,1.08992723e-02,6.37424128e-03
3.270849,2.12270601e-02,1.09391291e-02,6.36356111e-03
3.273348,2.11120009e-02,1.09794424e-02,6.35291108e-03
3.275846,2.09981218e-02,1.10202141e-02,6.34229101e-03
3.278345,2.08854045e-02,1.10614464e-02,6.33170077e-03
3.280844,2.07738308e-02,1.11031414e-02,6.32114019e-03
3.283343,2.06633833e-02,1.11453014e-02,6.31060914e-03
3.285841,2.05540447e-02,1.11879286e-02,6.30010745e-03
3.288340,2.04457981e-02,1.12310254e-02,6.28963499e-03
3.290839,2.03386269e-02,1.12745944e-02,6.27919160e-03
3.293338,2.02325149e-02,1.13186379e-02,6.26877715e-03
3.295836,2.01274463e-02,1.13631585e-02,6.25839149e-03
3.298335,2.00234055e-02,1.14081589e-02,6.24803448e-03
3.300834,1.99203773e-02,1.14536418e-02,6.23770599e-03
3.303332,1.98183467e-02,1.14996099e-02,6.22740587e-03
3.305831,1.97172990e-02,1.15460662e-02,6.21713399e-03
3.308330,1.96172200e-02,1.15930135e-02,6.20689021e-03
3.310829,1.95180956e-02,1.16404548e-02,6.19667440e-03
3.313327,1.94199118e-02,1.16883932e-02,6.18648643e-03
3.315826,1.93226553e-02,1.17368317e-02,6.17632616e-03
3.318325,1.92263128e-02,1.17857737e-02,6.16619347e-03
3.320824,1.91308712e-02,1.18352222e-02,6.15608823e-03
3.323322,1.90363178e-02,1.18851808e-02,6.14601030e-03
3.325821,1.89426400e-02,1.19356528e-02,6.13595957e-03
3.328320,1.88498257e-02,1.19866416e-02,6.12593591e-03
3.330819,1.87578626e-02,1.20381508e-02,6.11593918e-03
3.333317,1.86667391e-02,1.20901841e-02,6.10596928e-03
3.335816,1.85764435e-02,1.21427451e-02,6.09602608e-03
3.338315,1.84869645e-02,1.21958376e-02,6.08610945e-03
3.340814,1.83982907e-02,1.22494654e-02,6.07621929e-03
3.343312,1.83104114e-02,1.23036325e-02,6.06635546e-03
3.345811,1.82233157e-02,1.23583428e-02,6.05651786e-03
3.348310,1.81369930e-02,1.24136004e-02,6.04670635e-03
3.350808,1.80514330e-02,1.24694094e-02,6.03692084e-03
3.353307,1.79666254e-02,1.25257741e-02,6.02716121e-03
3.355806,1.78825604e-02,1.25826987e-02,6.01742733e-03
3.358305,1.77992279e-02,1.26401877e-02,6.00771911e-03
3.360803,1.77166185e-02,1.26982454e-02,5.99803642e-03
3.363302,1.76347225e-02,1.27568765e-02,5.98837916e-03
3.365801,1.75535308e-02,1.28160854e-02,5.97874721e-03
3.368300,1.74730341e-02,1.28758769e-02,5.96914047e-03
3.370798,1.73932234e-02,1.29362558e-02,5.95955883e-03
3.373297,1.73140899e-02,1.29972269e-02,5.95000219e-03
3.375796,1.72356250e-02,1.30587952e-02,5.94047042e-03
3.378295,1.71578201e-02,1.31209656e-02,5.93096344e-03
3.380793,1.70806668e-02,1.31837433e-02,5.92148114e-03
3.383292,1.70041569e-02,1.32471335e-02,5.91202340e-03
3.385791,1.69282822e-02,1.33111415e-02,5.90259013e-03
3.388290,1.68530349e-02,1.33757725e-02,5.89318123e-03
3.390788,1.67784070e-02,1.34410321e-02,5.88379659e-03
3.393287,1.67043910e-02,1.35069259e-02,5.87443612e-03
3.395786,1.66309791e-02,1.35734593e-02,5.86509971e-03
3.398284,1.65581641e-02,1.36406383e-02,5.85578726e-03
3.400783,1.64859384e-02,1.37084685e-02,5.84649868e-03
3.403282,1.64142951e-02,1.37769560e-02,5.83723387e-03
3.405781,1.63432269e-02,1.38461067e-02,5.82799273e-03
3.408279,1.62727270e-02,1.39159267e-02,5.81877517e-03
3.410778,1.62027884e-02,1.39864222e-02,5.80958108e-03
3.413277,1.61334044e-02,1.40575995e-02,5.80041038e-03
3.415776,1.60645684e-02,1.41294651e-02,5.79126297e-03
3.418274,1.59962740e-02,1.42020254e-02,5.78213875e-03
3.420773,1.59285145e-02,1.42752871e-02,5.77303764e-03
3.423272,1.58612838e-02,1.43492569e-02,5.76395954e-03
3.425771,1.57945757e-02,1.44239415e-02,5.75490436e-03
3.428269,1.57283839e-02,1.44993479e-02,5.74587201e-03
3.430768,1.56627025e-02,1.45754832e-02,5.73686239e-03
3.433267,1.55975256e-02,1.46523545e-02,5.72787543e-03
3.435766,1.55328473e-02,1.47299690e-02,5.71891102e-03
3.438264,1.54686619e-02,1.48083341e-02,5.70996909e-03
3.440763,1.54049637e-02,1.48874573e-02,5.70104954e-03
3.443262,1.53417472e-02,1.49673462e-02,5.69215228e-03
3.445760,1.52790068e-02,1.50480086e-02,5.68327724e-03
3.448259,1.52167373e-02,1.51294522e-02,5.67442432e-03
3.450758,1.51549332e-02,1.52116851e-02,5.66559343e-03
3.453257,1.50935893e-02,1.52947153e-02,5.65678450e-03
3.455755,1.50327006e-02,1.53785510e-02,5.64799744e-03
3.458254,1.49722618e-02,1.54632006e-02,5.63923216e-03
3.460753,1.49122680e-02,1.55486726e-02,5.63048858e-03
3.463252,1.48527144e-02,1.56349755e-02,5.62176662e-03
3.465750,1.47935959e-02,1.57221181e-02,5.61306620e-03
3.468249,1.47349079e-02,1.58101092e-02,5.60438723e-03
3.470748,1.46766456e-02,1.58989579e-02,5.59572963e-03
3.473247,1.46188044e-02,1.59886734e-02,5.58709333e-03
3.475745,1.45613797e-02,1.60792648e-02,5.57847824e-03
3.478244,1.45043671e-02,1.61707417e-02,5.56988428e-03
3.480743,1.44477620e-02,1.62631137e-02,5.56131137e-03
3.483242,1.43915601e-02,1.63563904e-02,5.55275944e-03
3.485740,1.43357571e-02,1.64505818e-02,5.54422841e-03
3.488239,1.42803488e-02,1.65456978e-02,5.53571819e-03
3.490738,1.42253309e-02,1.66417487e-02,5.52722872e-03
3.493236,1.41706993e-02,1.67387449e-02,5.51875991e-03
3.495735,1.41164500e-02,1.68366969e-02,5.51031169e-03
3.498234,1.40625789e-02,1.69356152e-02,5.50188398e-03
3.500733,1.40090821e-02,1.70355109e-02,5.49347671e-03
3.503231,1.39559556e-02,1.71363949e-02,5.48508980e-03
3.505730,1.39031957e-02,1.72382784e-02,5.47672318e-03
3.508229,1.38507985e-02,1.73411727e-02,5.46837678e-03
3.510728,1.37987604e-02,1.74450894e-02,5.46005051e-03
3.513226,1.37470775e-02,1.75500403e-02,5.45174431e-03
3.515725,1.36957463e-02,1.76560373e-02,5.44345811e-03
3.518224,1.36447633e-02,1.77630924e-02,5.43519182e-03
3.520723,1.35941247e-02,1.78712180e-02,5.42694539e-03
3.523221,1.35438272e-02,1.79804265e-02,5.41871874e-03
3.525720,1.34938674e-02,1.80907306e-02,5.41051179e-03
3.528219,1.34442418e-02,1.82021432e-02,5.40232448e-03
3.530718,1.33949470e-02,1.83146775e-02,5.39415673e-03
3.533216,1.33459799e-02,1.84283467e-02,5.38600849e-03
3.535715,1.32973370e-02,1.85431643e-02,5.37787967e-03
3.538214,1.32490153e-02,1.86591441e-02,5.36977021e-03
3.540712,1.32010114e-02,1.87762999e-02,5.36168003e-03
3.543211,1.31533224e-02,1.88946461e-02,5.35360908e-03
3.545710,1.31059451e-02,1.90141970e-02,5.34555729e-03
3.548209,1.30588764e-02,1.91349673e-02,5.33752457e-03
3.550707,1.30121134e-02,1.92569717e-02,5.32951088e-03
3.553206,1.29656530e-02,1.93802255e-02,5.32151614e-03
3.555705,1.29194924e-02,1.95047441e-02,5.31354028e-03
3.558204,1.28736287e-02,1.96305429e-02,5.30558325e-03
3.560702,1.28280590e-02,1.97576379e-02,5.29764496e-03
3.563201,1.27827804e-02,1.98860452e-02,5.28972537e-03
3.565700,1.27377903e-02,2.00157813e-02,5.28182440e-03
3.568199,1.26930858e-02,2.01468627e-02,5.27394198e-03
3.570697,1.26486643e-02,2.02793064e-02,5.26607806e-03
3.573196,1.26045230e-02,2.04131297e-02,5.25823257e-03
3.575695,1.25606594e-02,2.05483500e-02,5.25040545e-03
3.578194,1.25170708e-02,2.06849852e-02,5.24259663e-03
3.580692,1.24737546e-02,2.08230532e-02,5.23480605e-03
3.583191,1.24307083e-02,2.09625726e-02,5.22703365e-03
3.585690,1.23879295e-02,2.11035620e-02,5.21927937e-03
3.588188,1.23454155e-02,2.12460404e-02,5.21154313e-03
3.590687,1.23031640e-02,2.13900272e-02,5.20382490e-03
3.593186,1.22611725e-02,2.15355420e-02,5.19612459e-03
3.595685,1.22194387e-02,2.16826049e-02,5.18844215e-03
3.598183,1.21779602e-02,2.18312360e-02,5.18077752e-03
3.600682,1.21367347e-02,2.19814563e-02,5.17313063e-03
3.603181,1.20957598e-02,2.21332865e-02,5.16550144e-03
3.605680,1.20550333e-02,2.22867483e-02,5.15788987e-03
3.608178,1.20145529e-02,2.24418632e-02,5.15029588e-03
3.610677,1.19743165e-02,2.25986535e-02,5.14271939e-03
3.613176,1.19343218e-02,2.27571416e-02,5.13516036e-03
3.615675,1.18945667e-02,2.29173504e-02,5.12761872e-03
3.618173,1.18550490e-02,2.30793034e-02,5.12009441e-03
3.620672,1.18157666e-02,2.32430241e-02,5.11258738e-03
3.623171,1.17767175e-02,2.34085366e-02,5.10509757e-03
3.625670,1.17378995e-02,2.35758656e-02,5.09762492e-03
3.628168,1.16993107e-02,2.37450360e-02,5.09016938e-03
3.630667,1.16609489e-02,2.39160731e-02,5.08273088e-03
3.633166,1.16228123e-02,2.40890030e-02,5.07530937e-03
3.635664,1.15848988e-02,2.42638518e-02,5.06790480e-03
3.638163,1.15472065e-02,2.44406464e-02,5.06051711e-03
3.640662,1.15097335e-02,2.46194140e-02,5.05314624e-03
3.643161,1.14724779e-02,2.48001824e-02,5.04579214e-03
3.645659,1.14354378e-02,2.49829798e-02,5.03845475e-03
3.648158,1.13986114e-02,2.51678350e-02,5.03113401e-03
3.650657,1.13619968e-02,2.53547773e-02,5.02382989e-03
3.653156,1.13255922e-02,2.55438365e-02,5.01654231e-03
3.655654,1.12893958e-02,2.57350428e-02,5.00927122e-03
3.658153,1.12534058e-02,2.59284273e-02,5.00201657e-03
3.660652,1.12176206e-02,2.61240214e-02,4.99477832e-03
3.663151,1.11820383e-02,2.63218572e-02,4.98755639e-03
3.665649,1.11466572e-02,2.65219672e-02,4.98035075e-03
3.668148,1.11114757e-02,2.67243847e-02,4.97316134e-03
3.670647,1.10764921e-02,2.69291436e-02,4.96598810e-03
3.673146,1.10417047e-02,2.71362783e-02,4.95883098e-03
3.675644,1.10071119e-02,2.73458241e-02,4.95168993e-03
3.678143,1.09727121e-02,2.75578165e-02,4.94456491e-03
3.680642,1.09385036e-02,2.77722922e-02,4.93745585e-03
3.683140,1.09044850e-02,2.79892883e-02,4.93036271e-03
3.685639,1.08706546e-02,2.82088426e-02,4.92328543e-03
3.688138,1.08370108e-02,2.84309936e-02,4.91622397e-03
3.690637,1.08035522e-02,2.86557808e-02,4.90917827e-03
3.693135,1.07702773e-02,2.88832441e-02,4.90214828e-03
3.695634,1.07371844e-02,2.91134243e-02,4.89513396e-03
3.698133,1.07042723e-02,2.93463631e-02,4.88813525e-03
3.700632,1.06715393e-02,2.95821029e-02,4.88115210e-03
3.703130,1.06389841e-02,2.98206868e-02,4.87418447e-03
3.705629,1.06066052e-02,3.00621591e-02,4.86723230e-03
3.708128,1.05744012e-02,3.03065646e-02,4.86029554e-03
3.710627,1.05423707e-02,3.05539492e-02,4.85337416e-03
3.713125,1.05105124e-02,3.08043595e-02,4.84646809e-03
3.715624,1.04788247e-02,3.10578432e-02,4.83957729e-03
3.718123,1.04473065e-02,3.13144490e-02,4.83270172e-03
3.720622,1.04159562e-02,3.15742263e-02,4.82584132e-03
3.723120,1.03847727e-02,3.18372256e-02,4.81899604e-03
3.725619,1.03537546e-02,3.21034987e-02,4.81216584e-03
3.728118,1.03229006e-02,3.23730980e-02,4.80535068e-03
3.730616,1.02922094e-02,3.26460773e-02,4.79855050e-03
3.733115,1.02616797e-02,3.29224912e-02,4.79176525e-03
3.735614,1.02313103e-02,3.32023956e-02,4.78499490e-03
3.738113,1.02010999e-02,3.34858476e-02,4.77823939e-03
3.740611,1.01710473e-02,3.37729053e-02,4.77149868e-03
3.743110,1.01411513e-02,3.40636281e-02,4.76477272e-03
3.745609,1.01114107e-02,3.43580766e-02,4.75806147e-03
3.748108,1.00818242e-02,3.46563126e-02,4.75136488e-03
3.750606,1.00523907e-02,3.49583993e-02,4.74468290e-03
3.753105,1.00231090e-02,3.52644012e-02,4.73801549e-03
3.755604,9.99397799e-03,3.55743842e-02,4.73136261e-03
3.758103,9.96499648e-03,3.58884153e-02,4.72472421e-03
3.760601,9.93616334e-03,3.62065633e-02,4.71810024e-03
3.763100,9.90747744e-03,3.65288982e-02,4.71149067e-03
3.765599,9.87893768e-03,3.68554917e-02,4.70489544e-03
3.768098,9.85054295e-03,3.71864168e-02,4.69831451e-03
3.770596,9.82229217e-03,3.75217484e-02,4.69174785e-03
3.773095,9.79418424e-03,3.78615626e-02,4.68519540e-03
3.775594,9.76621811e-03,3.82059376e-02,4.67865712e-03
3.778092,9.73839272e-03,3.85549529e-02,4.67213296e-03
3.780591,9.71070701e-03,3.89086899e-02,4.66562290e-03
3.783090,9.68315996e-03,3.92672320e-02,4.65912687e-03
3.785589,9.65575053e-03,3.96306641e-02,4.65264485e-03
3.788087,9.62847771e-03,3.99990731e-02,4.64617678e-03
3.790586,9.60134049e-03,4.03725480e-02,4.63972262e-03
3.793085,9.57433788e-03,4.07511796e-02,4.63328234e-03
3.795584,9.54746889e-03,4.11350608e-02,4.62685589e-03
3.798082,9.52073253e-03,4.15242866e-02,4.62044323e-03
3.800581,9.49412785e-03,4.19189540e-02,4.61404431e-03
3.803080,9.46765389e-03,4.23191626e-02,4.60765910e-03
3.805579,9.44130969e-03,4.27250138e-02,4.60128755e-03
3.808077,9.41509432e-03,4.31366117e-02,4.59492963e-03
3.810576,9.38900685e-03,4.35540626e-02,4.58858528e-03
3.813075,9.36304636e-03,4.39774753e-02,4.58225448e-03
3.815574,9.33721192e-03,4.44069612e-02,4.57593718e-03
3.818072,9.31150265e-03,4.48426341e-02,4.56963334e-03
3.820571,9.28591764e-03,4.52846108e-02,4.56334291e-03
3.823070,9.26045601e-03,4.57330106e-02,4.55706587e-03
3.825568,9.23511687e-03,4.61879556e-02,4.55080217e-03
3.828067,9.20989937e-03,4.66495710e-02,4.54455176e-03
3.830566,9.18480263e-03,4.71179849e-02,4.53831462e-03
3.833065,9.15982581e-03,4.75933285e-02,4.53209069e-03
3.835563,9.13496806e-03,4.80757360e-02,4.52587995e-03
3.838062,9.11022854e-03,4.85653451e-02,4.51968235e-03
3.840561,9.08560642e-03,4.90622966e-02,4.51349785e-03
3.843060,9.06110088e-03,4.95667351e-02,4.50732641e-03
3.845558,9.03671111e-03,5.00788083e-02,4.50116801e-03
3.848057,9.01243631e-03,5.05986680e-02,4.49502258e-03
3.850556,8.98827566e-03,5.11264693e-02,4.48889011e-03
3.853055,8.96422838e-03,5.16623717e-02,4.48277054e-03
3.855553,8.94029369e-03,5.22065382e-02,4.47666385e-03
3.858052,8.91647080e-03,5.27591361e-02,4.47057000e-03
3.860551,8.89275896e-03,5.33203371e-02,4.46448893e-03
3.863050,8.86915739e-03,5.38903171e-02,4.45842063e-03
3.865548,8.84566535e-03,5.44692563e-02,4.45236505e-03
3.868047,8.82228207e-03,5.50573399e-02,4.44632216e-03
3.870546,8.79900683e-03,5.56547577e-02,4.44029191e-03
3.873044,8.77583888e-03,5.62617044e-02,4.43427427e-03
3.875543,8.75277749e-03,5.68783798e-02,4.42826920e-03
3.878042,8.72982195e-03,5.75049889e-02,4.42227667e-03
3.880541,8.70697155e-03,5.81417422e-02,4.41629664e-03
3.883039,8.68422556e-03,5.87888556e-02,4.41032907e-03
3.885538,8.66158329e-03,5.94465509e-02,4.40437394e-03
3.888037,8.63904404e-03,6.01150558e-02,4.39843119e-03
3.890536,8.61660712e-03,6.07946040e-02,4.39250079e-03
3.893034,8.59427185e-03,6.14854356e-02,4.38658272e-03
3.895533,8.57203755e-03,6.21877973e-02,4.38067693e-03
3.898032,8.54990355e-03,6.29019424e-02,4.37478339e-03
3.900531,8.52786918e-03,6.36281311e-02,4.36890206e-03
3.903029,8.50593379e-03,6.43666310e-02,4.36303291e-03
3.905528,8.48409671e-03,6.51177168e-02,4.35717590e-03
3.908027,8.46235731e-03,6.58816713e-02,4.35133099e-03
3.910526,8.44071493e-03,6.66587848e-02,4.34549816e-03
3.913024,8.41916895e-03,6.74493559e-02,4.33967737e-03
3.915523,8.39771872e-03,6.82536919e-02,4.33386858e-03
3.918022,8.37636363e-03,6.90721084e-02,4.32807176e-03
3.920520,8.35510306e-03,6.99049305e-02,4.32228687e-03
3.923019,8.33393638e-03,7.07524924e-02,4.31651388e-03
3.925518,8.31286300e-03,7.16151380e-02,4.31075276e-03
3.928017,8.29188230e-03,7.24932212e-02,4.30500347e-03
3.930515,8.27099368e-03,7.33871064e-02,4.29926598e-03
3.933014,8.25019656e-03,7.42971687e-02,4.29354025e-03
3.935513,8.22949034e-03,7.52237941e-02,4.28782625e-03
3.938012,8.20887445e-03,7.61673803e-02,4.28212396e-03
3.940510,8.18834829e-03,7.71283368e-02,4.27643332e-03
3.943009,8.16791130e-03,7.81070857e-02,4.27075432e-03
3.945508,8.14756291e-03,7.91040615e-02,4.26508691e-03
3.948007,8.12730256e-03,8.01197122e-02,4.25943107e-03
3.950505,8.10712968e-03,8.11544994e-02,4.25378677e-03
3.953004,8.08704372e-03,8.22088991e-02,4.24815396e-03
3.955503,8.06704413e-03,8.32834019e-02,4.24253262e-03
3.958002,8.04713037e-03,8.43785138e-02,4.23692271e-03
3.960500,8.02730189e-03,8.54947567e-02,4.23132421e-03
3.962999,8.00755816e-03,8.66326689e-02,4.22573708e-03
3.965498,7.98789865e-03,8.77928058e-02,4.22016128e-03
3.967996,7.96832283e-03,8.89757407e-02,4.21459679e-03
3.970495,7.94883017e-03,9.01820653e-02,4.20904358e-03
3.972994,7.92942017e-03,9.14123902e-02,4.20350161e-03
3.975493,7.91009230e-03,9.26673463e-02,4.19797085e-03
3.977991,7.89084606e-03,9.39475848e-02,4.19245127e-03
3.980490,7.87168093e-03,9.52537785e-02,4.18694284e-03
3.982989,7.85259643e-03,9.65866228e-02,4.18144553e-03
3.985488,7.83359204e-03,9.79468358e-02,4.17595931e-03
3.987986,7.81466728e-03,9.93351602e-02,4.17048414e-03
3.990485,7.79582166e-03,1.00752363e-01,4.16501999e-03
3.992984,7.77705470e-03,1.02199240e-01,4.15956684e-03
3.995483,7.75836590e-03,1.03676609e-01,4.15412465e-03
3.997981,7.73975481e-03,1.05185322e-01,4.14869339e-03
4.000480,7.72122093e-03,1.06726256e-01,4.14327304e-03
4.002979,7.70276380e-03,1.08300321e-01,4.13786356e-03
4.005478,7.68438296e-03,1.09908459e-01,4.13246492e-03
4.007976,7.66607795e-03,1.11551645e-01,4.12707709e-03
4.010475,7.64784830e-03,1.13230887e-01,4.12170004e-03
4.012974,7.62969356e-03,1.14947232e-01,4.11633375e-03
4.015472,7.61161329e-03,1.16701763e-01,4.11097818e-03
4.017971,7.59360702e-03,1.18495603e-01,4.10563330e-03
4.020470,7.57567433e-03,1.20329917e-01,4.10029908e-03
4.022969,7.55781476e-03,1.22205911e-01,4.09497550e-03
4.025467,7.54002789e-03,1.24124837e-01,4.08966252e-03
4.027966,7.52231328e-03,1.26087995e-01,4.08436012e-03
4.030465,7.50467049e-03,1.28096731e-01,4.07906826e-03
4.032964,7.48709911e-03,1.30152445e-01,4.07378692e-03
4.035462,7.46959871e-03,1.32256589e-01,4.06851607e-03
4.037961,7.45216887e-03,1.34410670e-01,4.06325568e-03
4.040460,7.43480918e-03,1.36616257e-01,4.05800572e-03
4.042959,7.41751921e-03,1.38874976e-01,4.05276616e-03
4.045457,7.40029857e-03,1.41188520e-01,4.04753698e-03
4.047956,7.38314684e-03,1.43558647e-01,4.04231814e-03
4.050455,7.36606362e-03,1.45987187e-01,4.03710962e-03
4.052954,7.34904852e-03,1.48476042e-01,4.03191139e-03
4.055452,7.33210112e-03,1.51027192e-01,4.02672342e-03
4.057951,7.31522105e-03,1.53642698e-01,4.02154568e-03
4.060450,7.29840790e-03,1.56324706e-01,4.01637815e-03
4.062948,7.28166130e-03,1.59075450e-01,4.01122080e-03
4.065447,7.26498085e-03,1.61897258e-01,4.00607359e-03
4.067946,7.24836617e-03,1.64792556e-01,4.00093651e-03
4.070445,7.23181689e-03,1.67763872e-01,3.99580953e-03
4.072943,7.21533263e-03,1.70813844e-01,3.99069261e-03
4.075442,7.19891301e-03,1.73945223e-01,3.98558573e-03
4.077941,7.18255766e-03,1.77160878e-01,3.98048887e-03
4.080440,7.16626622e-03,1.80463807e-01,3.97540199e-03
4.082938,7.15003832e-03,1.83857136e-01,3.97032507e-03
4.085437,7.13387360e-03,1.87344135e-01,3.96525809e-03
4.087936,7.11777170e-03,1.90928217e-01,3.96020101e-03
4.090435,7.10173227e-03,1.94612951e-01,3.95515381e-03
4.092933,7.08575494e-03,1.98402069e-01,3.95011646e-03
4.095432,7.06983937e-03,2.02299474e-01,3.94508893e-03
4.097931,7.05398521e-03,2.06309251e-01,3.94007121e-03
4.100430,7.03819211e-03,2.10435676e-01,3.93506326e-03
4.102928,7.02245973e-03,2.14683226e-01,3.93006506e-03
4.105427,7.00678774e-03,2.19056592e-01,3.92507658e-03
4.107926,6.99117578e-03,2.23560689e-01,3.92009779e-03
4.110424,6.97562352e-03,2.28200672e-01,3.91512868e-03
4.112923,6.96013064e-03,2.32981945e-01,3.91016920e-03
4.115422,6.94469680e-03,2.37910181e-01,3.90521935e-03
4.117921,6.92932167e-03,2.42991334e-01,3.90027909e-03
4.120419,6.91400493e-03,2.48231655e-01,3.89534839e-03
4.122918,6.89874625e-03,2.53637714e-01,3.89042723e-03
4.125417,6.88354531e-03,2.59216414e-01,3.88551559e-03
4.127916,6.86840179e-03,2.64975015e-01,3.88061344e-03
4.130414,6.85331538e-03,2.70921155e-01,3.87572076e-03
4.132913,6.83828577e-03,2.77062869e-01,3.87083751e-03
4.135412,6.82331263e-03,2.83408622e-01,3.86596368e-03
4.137911,6.80839566e-03,2.89967328e-01,3.86109924e-03
4.140409,6.79353456e-03,2.96748382e-01,3.85624417e-03
4.142908,6.77872901e-03,3.03761691e-01,3.85139843e-03
4.145407,6.76397872e-03,3.11017707e-01,3.84656201e-03
4.147906,6.74928338e-03,3.18527458e-01,3.84173489e-03
4.150404,6.73464270e-03,3.26302593e-01,3.83691703e-03
4.152903,6.72005638e-03,3.34355415e-01,3.83210841e-03
4.155402,6.70552413e-03,3.42698932e-01,3.82730901e-03
4.157900,6.69104565e-03,3.51346899e-01,3.82251880e-03
4.160399,6.67662065e-03,3.60313870e-01,3.81773776e-03
4.162898,6.66224884e-03,3.69615254e-01,3.81296587e-03
4.165397,6.64792995e-03,3.79267371e-01,3.80820310e-03
4.167895,6.63366368e-03,3.89287517e-01,3.80344942e-03
4.170394,6.61944976e-03,3.99694032e-01,3.79870482e-03
4.172893,6.60528790e-03,4.10506376e-01,3.79396927e-03
4.175392,6.59117783e-03,4.21745201e-01,3.78924275e-03
4.177890,6.57711926e-03,4.33432447e-01,3.78452523e-03
4.180389,6.56311194e-03,4.45591425e-01,3.77981669e-03
4.182888,6.54915557e-03,4.58246925e-01,3.77511710e-03
4.185387,6.53524990e-03,4.71425318e-01,3.77042645e-03
4.187885,6.52139466e-03,4.85154677e-01,3.76574470e-03
4.190384,6.50758958e-03,4.99464902e-01,3.76107184e-03
4.192883,6.49383439e-03,5.14387857e-01,3.75640785e-03
4.195382,6.48012884e-03,5.29957518e-01,3.75175269e-03
4.197880,6.46647266e-03,5.46210133e-01,3.74710635e-03
4.200379,6.45286559e-03,5.63184398e-01,3.74246880e-03
4.202878,6.43930738e-03,5.80921641e-01,3.73784003e-03
4.205376,6.42579777e-03,5.99466027e-01,3.73322000e-03
4.207875,6.41233651e-03,6.18864780e-01,3.72860870e-03
4.210374,6.39892334e-03,6.39168417e-01,3.72400610e-03
4.212873,6.38555802e-03,6.60431009e-01,3.71941218e-03
4.215371,6.37224030e-03,6.82710456e-01,3.71482692e-03
4.217870,6.35896992e-03,7.06068791e-01,3.71025030e-03
4.220369,6.34574665e-03,7.30572500e-01,3.70568229e-03
4.222868,6.33257025e-03,7.56292874e-01,3.70112287e-03
4.225366,6.31944046e-03,7.83306385e-01,3.69657202e-03
4.227865,6.30635706e-03,8.11695087e-01,3.69202972e-03
4.230364,6.29331980e-03,8.41547051e-01,3.68749594e-03
4.232863,6.28032845e-03,8.72956829e-01,3.68297067e-03
4.235361,6.26738276e-03,9.06025942e-01,3.67845388e-03
4.237860,6.25448252e-03,9.40863406e-01,3.67394555e-03
4.240359,6.24162748e-03,9.77586283e-01,3.66944565e-03
4.242858,6.22881741e-03,1.01632026e+00,3.66495417e-03
4.245356,6.21605209e-03,1.05720025e+00,3.66047109e-03
4.247855,6.20333129e-03,1.10037100e+00,3.65599638e-03
4.250354,6.19065479e-03,1.14598776e+00,3.65153002e-03
4.252852,6.17802235e-03,1.19421686e+00,3.64707200e-03
4.255351,6.16543377e-03,1.24523636e+00,3.64262228e-03
4.257850,6.15288880e-03,1.29923662e+00,3.63818085e-03
4.260349,6.14038725e-03,1.35642082e+00,3.63374769e-03
4.262847,6.12792888e-03,1.41700537e+00,3.62932277e-03
4.265346,6.11551348e-03,1.48122019e+00,3.62490608e-03
4.267845,6.10314084e-03,1.54930881e+00,3.62049760e-03
4.270344,6.09081074e-03,1.62152817e+00,3.61609730e-03
4.272842,6.07852297e-03,1.69814807e+00,3.61170516e-03
4.275341,6.06627732e-03,1.77945018e+00,3.60732116e-03
4.277840,6.05407358e-03,1.86572634e+00,3.60294528e-03
4.280339,6.04191154e-03,1.95727622e+00,3.59857751e-03
4.282837,6.02979099e-03,2.05440387e+00,3.59421781e-03
4.285336,6.01771173e-03,2.15741307e+00,3.58986618e-03
4.287835,6.00567355e-03,2.26660121e+00,3.58552258e-03
4.290334,5.99367626e-03,2.38225122e+00,3.58118701e-03
4.292832,5.98171964e-03,2.50462133e+00,3.57685943e-03
4.295331,5.96980351e-03,2.63393217e+00,3.57253983e-03
4.297830,5.95792765e-03,2.77035084e+00,3.56822819e-03
4.300328,5.94609188e-03,2.91397151e+00,3.56392449e-03
4.302827,5.93429599e-03,3.06479226e+00,3.55962871e-03
4.305326,5.92253980e-03,3.22268789e+00,3.55534083e-03
4.307825,5.91082310e-03,3.38737892e+00,3.55106082e-03
4.310323,5.89914571e-03,3.55839699e+00,3.54678868e-03
4.312822,5.88750743e-03,3.73504773e+00,3.54252438e-03
4.315321,5.87590808e-03,3.91637279e+00,3.53826789e-03
4.317820,5.86434746e-03,4.10111333e+00,3.53401921e-03
4.320318,5.85282538e-03,4.28767878e+00,3.52977830e-03
4.322817,5.84134167e-03,4.47412513e+00,3.52554516e-03
4.325316,5.82989614e-03,4.65814842e+00,3.52131976e-03
4.327815,5.81848859e-03,4.83709917e+00,3.51710209e-03
4.330313,5.80711886e-03,5.00802359e+00,3.51289211e-03
4.332812,5.79578675e-03,5.16773594e+00,3.50868982e-03
4.335311,5.78449208e-03,5.31292418e+00,3.50449520e-03
4.337809,5.77323469e-03,5.44028692e+00,3.50030822e-03
4.340308,5.76201438e-03,5.54669523e+00,3.49612887e-03
4.342807,5.75083099e-03,5.62936752e+00,3.49195713e-03
4.345306,5.73968433e-03,5.68604154e+00,3.48779298e-03
4.347804,5.72857423e-03,5.71512504e+00,3.48363639e-03
4.350303,5.71750052e-03,5.71580714e+00,3.47948736e-03
4.352802,5.70646302e-03,5.68811623e+00,3.47534586e-03
4.355301,5.69546157e-03,5.63291666e+00,3.47121188e-03
4.357799,5.68449599e-03,5.55184487e+00,3.46708539e-03
4.360298,5.67356611e-03,5.44719341e+00,3.46296638e-03
4.362797,5.66267176e-03,5.32175777e+00,3.45885483e-03
4.365296,5.65181278e-03,5.17866401e+00,3.45475072e-03
4.367794,5.64098901e-03,5.02119556e+00,3.45065403e-03
4.370293,5.63020026e-03,4.85263450e+00,3.44656474e-03
4.372792,5.61944639e-03,4.67612845e+00,3.44248284e-03
4.375291,5.60872723e-03,4.49458899e+00,3.43840831e-03
4.377789,5.59804261e-03,4.31062287e+00,3.43434113e-03
4.380288,5.58739238e-03,4.12649379e+00,3.43028127e-03
4.382787,5.57677637e-03,3.94411006e+00,3.42622873e-03
4.385285,5.56619443e-03,3.76503240e+00,3.42218349e-03
4.387784,5.55564639e-03,3.59049618e+00,3.41814552e-03
4.390283,5.54513210e-03,3.42144268e+00,3.41411481e-03
4.392782,5.53465141e-03,3.25855510e+00,3.41009135e-03
4.395280,5.52420415e-03,3.10229593e+00,3.40607510e-03
4.397779,5.51379018e-03,2.95294321e+00,3.40206607e-03
4.400278,5.50340933e-03,2.81062431e+00,3.39806422e-03
4.402777,5.49306146e-03,2.67534616e+00,3.39406954e-03
4.405275,5.48274642e-03,2.54702167e+00,3.39008202e-03
4.407774,5.47246406e-03,2.42549226e+00,3.38610163e-03
4.410273,5.46221422e-03,2.31054674e+00,3.38212837e-03
4.412772,5.45199675e-03,2.20193685e+00,3.37816220e-03
4.415270,5.44181152e-03,2.09938975e+00,3.37420312e-03
4.417769,5.43165837e-03,2.00261806e+00,3.37025110e-03
4.420268,5.42153715e-03,1.91132772e+00,3.36630614e-03
4.422767,5.41144772e-03,1.82522395e+00,3.36236820e-03
4.425265,5.40138994e-03,1.74401587e+00,3.35843729e-03
4.427764,5.39136365e-03,1.66741984e+00,3.35451337e-03
4.430263,5.38136873e-03,1.59516182e+00,3.35059643e-03
4.432761,5.37140503e-03,1.52697904e+00,3.34668646e-03
4.435260,5.36147240e-03,1.46262099e+00,3.34278343e-03
4.437759,5.35157071e-03,1.40185003e+00,3.33888734e-03
4.440258,5.34169982e-03,1.34444157e+00,3.33499816e-03
4.442756,5.33185958e-03,1.29018404e+00,3.33111588e-03
4.445255,5.32204987e-03,1.23887862e+00,3.32724048e-03
4.447754,5.31227054e-03,1.19033888e+00,3.32337194e-03
4.450253,5.30252145e-03,1.14439030e+00,3.31951025e-03
4.452751,5.29280249e-03,1.10086968e+00,3.31565540e-03
4.455250,5.28311349e-03,1.05962464e+00,3.31180735e-03
4.457749,5.27345435e-03,1.02051293e+00,3.30796611e-03
4.460248,5.26382492e-03,9.83401887e-01,3.30413165e-03
4.462746,5.25422506e-03,9.48167832e-01,3.30030395e-03
4.465245,5.24465466e-03,9.14695479e-01,3.29648301e-03
4.467744,5.23511357e-03,8.82877387e-01,3.29266880e-03
4.470243,5.22560167e-03,8.52613428e-01,3.28886130e-03
4.472741,5.21611883e-03,8.23810285e-01,3.28506051e-03
4.475240,5.20666492e-03,7.96380971e-01,3.28126640e-03
4.477739,5.19723982e-03,7.70244389e-01,3.27747896e-03
4.480237,5.18784339e-03,7.45324907e-01,3.27369817e-03
4.482736,5.17847552e-03,7.21551968e-01,3.26992403e-03
4.485235,5.16913607e-03,6.98859728e-01,3.26615650e-03
4.487734,5.15982492e-03,6.77186714e-01,3.26239558e-03
4.490232,5.15054194e-03,6.56475510e-01,3.25864125e-03
4.492731,5.14128703e-03,6.36672465e-01,3.25489349e-03
4.495230,5.13206004e-03,6.17727419e-01,3.25115229e-03
4.497729,5.12286086e-03,5.99593458e-01,3.24741764e-03
4.500227,5.11368938e-03,5.82226676e-01,3.24368951e-03
4.502726,5.10454546e-03,5.65585964e-01,3.23996790e-03
4.505225,5.09542899e-03,5.49632809e-01,3.23625278e-03
4.507724,5.08633985e-03,5.34331114e-01,3.23254414e-03
4.510222,5.07727793e-03,5.19647021e-01,3.22884197e-03
4.512721,5.06824309e-03,5.05548763e-01,3.22514625e-03
4.515220,5.05923524e-03,4.92006511e-01,3.22145696e-03
4.517719,5.05025425e-03,4.78992245e-01,3.21777410e-03
4.520217,5.04130000e-03,4.66479627e-01,3.21409764e-03
4.522716,5.03237238e-03,4.54443888e-01,3.21042757e-03
4.525215,5.02347128e-03,4.42861720e-01,3.20676387e-03
4.527713,5.01459659e-03,4.31711179e-01,3.20310653e-03
4.530212,5.00574818e-03,4.20971591e-01,3.19945554e-03
4.532711,4.99692595e-03,4.10623473e-01,3.19581088e-03
4.535210,4.98812979e-03,4.00648450e-01,3.19217253e-03
4.537708,4.97935958e-03,3.91029183e-01,3.18854048e-03
4.540207,4.97061522e-03,3.81749304e-01,3.18491472e-03
4.542706,4.96189659e-03,3.72793353e-01,3.18129523e-03
4.545205,4.95320359e-03,3.64146718e-01,3.17768199e-03
4.547703,4.94453610e-03,3.55795583e-01,3.17407500e-03
4.550202,4.93589402e-03,3.47726877e-01,3.17047423e-03
4.552701,4.92727725e-03,3.39928229e-01,3.16687967e-03
4.555200,4.91868566e-03,3.32387924e-01,3.16329131e-03
4.557698,4.91011917e-03,3.25094860e-01,3.15970913e-03
4.560197,4.90157766e-03,3.18038516e-01,3.15613312e-03
4.562696,4.89306103e-03,3.11208912e-01,3.15256327e-03
4.565195,4.88456917e-03,3.04596580e-01,3.14899955e-03
4.567693,4.87610198e-03,2.98192532e-01,3.14544196e-03
4.570192,4.86765936e-03,2.91988230e-01,3.14189048e-03
4.572691,4.85924120e-03,2.85975563e-01,3.13834510e-03
4.575189,4.85084740e-03,2.80146821e-01,3.13480580e-03
4.577688,4.84247787e-03,2.74494671e-01,3.13127256e-03
4.580187,4.83413249e-03,2.69012137e-01,3.12774538e-03
4.582686,4.82581117e-03,2.63692577e-01,3.12422424e-03
4.585184,4.81751381e-03,2.58529667e-01,3.12070913e-03
4.587683,4.80924031e-03,2.53517383e-01,3.11720003e-03
4.590182,4.80099057e-03,2.48649984e-01,3.11369693e-03
4.592681,4.79276449e-03,2.43921994e-01,3.11019981e-03
4.595179,4.78456197e-03,2.39328192e-01,3.10670866e-03
4.597678,4.77638292e-03,2.34863595e-01,3.10322347e-03
4.600177,4.76822725e-03,2.30523446e-01,3.09974422e-03
4.602676,4.76009484e-03,2.26303204e-01,3.09627090e-03
4.605174,4.75198562e-03,2.22198528e-01,3.09280349e-03
4.607673,4.74389948e-03,2.18205271e-01,3.08934199e-03
4.610172,4.73583633e-03,2.14319469e-01,3.08588637e-03
4.612671,4.72779607e-03,2.10537329e-01,3.08243663e-03
4.615169,4.71977861e-03,2.06855223e-01,3.07899275e-03
4.617668,4.71178387e-03,2.03269679e-01,3.07555472e-03
4.620167,4.70381174e-03,1.99777372e-01,3.07212252e-03
4.622665,4.69586213e-03,1.96375117e-01,3.06869614e-03
4.625164,4.68793495e-03,1.93059865e-01,3.06527557e-03
4.627663,4.68003012e-03,1.89828691e-01,3.06186079e-03
4.630162,4.67214753e-03,1.86678792e-01,3.05845179e-03
4.632660,4.66428711e-03,1.83607480e-01,3.05504856e-03
4.635159,4.65644876e-03,1.80612175e-01,3.05165108e-03
4.637658,4.64863238e-03,1.77690402e-01,3.04825935e-03
4.640157,4.64083790e-03,1.74839785e-01,3.04487334e-03
4.642655,4.63306523e-03,1.72058044e-01,3.04149305e-03
4.645154,4.62531427e-03,1.69342985e-01,3.03811845e-03
4.647653,4.61758494e-03,1.66692504e-01,3.03474955e-03
4.650152,4.60987716e-03,1.64104575e-01,3.03138632e-03
4.652650,4.60219083e-03,1.61577254e-01,3.02802875e-03
4.655149,4.59452587e-03,1.59108669e-01,3.02467684e-03
4.657648,4.58688219e-03,1.56697020e-01,3.02133056e-03
4.660147,4.57925972e-03,1.54340575e-01,3.01798990e-03
4.662645,4.57165836e-03,1.52037666e-01,3.01465485e-03
4.665144,4.56407803e-03,1.49786688e-01,3.01132541e-03
4.667643,4.55651865e-03,1.47586095e-01,3.00800154e-03
4.670141,4.54898014e-03,1.45434398e-01,3.00468325e-03
4.672640,4.54146240e-03,1.43330162e-01,3.00137053e-03
4.675139,4.53396537e-03,1.41272005e-01,2.99806334e-03
4.677638,4.52648895e-03,1.39258592e-01,2.99476170e-03
4.680136,4.51903307e-03,1.37288639e-01,2.99146557e-03
4.682635,4.51159765e-03,1.35360906e-01,2.98817496e-03
4.685134,4.50418260e-03,1.33474195e-01,2.98488984e-03
4.687633,4.49678784e-03,1.31627353e-01,2.98161021e-03
4.690131,4.48941329e-03,1.29819266e-01,2.97833605e-03
4.692630,4.48205889e-03,1.28048856e-01,2.97506735e-03
4.695129,4.47472453e-03,1.26315086e-01,2.97180410e-03
4.697628,4.46741016e-03,1.24616952e-01,2.96854628e-03
4.700126,4.46011568e-03,1.22953484e-01,2.96529389e-03
4.702625,4.45284102e-03,1.21323745e-01,2.96204690e-03
4.705124,4.44558611e-03,1.19726829e-01,2.95880532e-03
4.707623,4.43835087e-03,1.18161861e-01,2.95556912e-03
4.710121,4.43113521e-03,1.16627994e-01,2.95233830e-03
4.712620,4.42393907e-03,1.15124409e-01,2.94911284e-03
4.715119,4.41676237e-03,1.13650314e-01,2.94589273e-03
4.717617,4.40960503e-03,1.12204943e-01,2.94267796e-03
4.720116,4.40246698e-03,1.10787552e-01,2.93946852e-03
4.722615,4.39534814e-03,1.09397424e-01,2.93626439e-03
4.725114,4.38824844e-03,1.08033863e-01,2.93306556e-03
4.727612,4.38116781e-03,1.06696197e-01,2.92987203e-03
4.730111,4.37410617e-03,1.05383772e-01,2.92668377e-03
4.732610,4.36706344e-03,1.04095956e-01,2.92350078e-03
4.735109,4.36003956e-03,1.02832138e-01,2.92032304e-03
4.737607,4.35303446e-03,1.01591723e-01,2.91715055e-03
4.740106,4.34604806e-03,1.00374137e-01,2.91398329e-03
4.742605,4.33908028e-03,9.91788212e-02,2.91082125e-03
4.745104,4.33213107e-03,9.80052349e-02,2.90766442e-03
4.747602,4.32520034e-03,9.68528535e-02,2.90451278e-03
4.750101,4.31828803e-03,9.57211681e-02,2.90136633e-03
4.752600,4.31139406e-03,9.46096849e-02,2.89822506e-03
4.755099,4.30451838e-03,9.35179246e-02,2.89508894e-03
4.757597,4.29766090e-03,9.24454222e-02,2.89195798e-03
4.760096,4.29082155e-03,9.13917262e-02,2.88883216e-03
4.762595,4.28400028e-03,9.03563982e-02,2.88571146e-03
4.765093,4.27719701e-03,8.93390126e-02,2.88259588e-03
4.767592,4.27041167e-03,8.83391557e-02,2.87948541e-03
4.770091,4.26364419e-03,8.73564261e-02,2.87638003e-03
4.772590,4.25689452e-03,8.63904334e-02,2.87327973e-03
4.775088,4.25016257e-03,8.54407986e-02,2.87018451e-03
4.777587,4.24344828e-03,8.45071530e-02,2.86709434e-03
4.780086,4.23675160e-03,8.35891384e-02,2.86400922e-03
4.782585,4.23007244e-03,8.26864067e-02,2.86092914e-03
4.785083,4.22341075e-03,8.17986190e-02,2.85785409e-03
4.787582,4.21676646e-03,8.09254463e-02,2.85478405e-03
4.790081,4.21013950e-03,8.00665680e-02,2.85171902e-03
4.792580,4.20352981e-03,7.92216727e-02,2.84865898e-03
4.795078,4.19693733e-03,7.83904572e-02,2.84560392e-03
4.797577,4.19036198e-03,7.75726265e-02,2.84255384e-03
4.800076,4.18380372e-03,7.67678936e-02,2.83950871e-03
4.802575,4.17726246e-03,7.59759789e-02,2.83646853e-03
4.805073,4.17073816e-03,7.51966105e-02,2.83343330e-03
4.807572,4.16423075e-03,7.44295234e-02,2.83040299e-03
4.810071,4.15774016e-03,7.36744599e-02,2.82737760e-03
4.812569,4.15126633e-03,7.29311687e-02,2.82435711e-03
4.815068,4.14480920e-03,7.21994051e-02,2.82134152e-03
4.817567,4.13836871e-03,7.14789308e-02,2.81833081e-03
4.820066,4.13194479e-03,7.07695137e-02,2.81532498e-03
4.822564,4.12553739e-03,7.00709273e-02,2.81232401e-03
4.825063,4.11914645e-03,6.93829513e-02,2.80932790e-03
4.827562,4.11277190e-03,6.87053706e-02,2.80633662e-03
4.830061,4.10641369e-03,6.80379758e-02,2.80335018e-03
4.832559,4.10007175e-03,6.73805626e-02,2.80036856e-03
4.835058,4.09374602e-03,6.67329318e-02,2.79739175e-03
4.837557,4.08743645e-03,6.60948892e-02,2.79441974e-03
4.840056,4.08114297e-03,6.54662453e-02,2.79145252e-03
4.842554,4.07486554e-03,6.48468154e-02,2.78849008e-03
4.845053,4.06860408e-03,6.42364192e-02,2.78553240e-03
4.847552,4.06235854e-03,6.36348808e-02,2.78257949e-03
4.850051,4.05612886e-03,6.30420286e-02,2.77963132e-03
4.852549,4.04991499e-03,6.24576952e-02,2.77668789e-03
4.855048,4.04371687e-03,6.18817171e-02,2.77374919e-03
4.857547,4.03753443e-03,6.13139348e-02,2.77081520e-03
4.860045,4.03136763e-03,6.07541924e-02,2.76788593e-03
4.862544,4.02521641e-03,6.02023379e-02,2.76496134e-03
4.865043,4.01908070e-03,5.96582229e-02,2.76204145e-03
4.867542,4.01296046e-03,5.91217022e-02,2.75912623e-03
4.870040,4.00685563e-03,5.85926343e-02,2.75621568e-03
4.872539,4.00076615e-03,5.80708809e-02,2.75330978e-03
4.875038,3.99469197e-03,5.75563067e-02,2.75040853e-03
4.877537,3.98863304e-03,5.70487798e-02,2.74751192e-03
4.880035,3.98258929e-03,5.65481711e-02,2.74461993e-03
4.882534,3.97656067e-03,5.60543546e-02,2.74173256e-03
4.885033,3.97054713e-03,5.55672070e-02,2.73884979e-03
4.887532,3.96454862e-03,5.50866080e-02,2.73597162e-03
4.890030,3.95856508e-03,5.46124398e-02,2.73309803e-03
4.892529,3.95259646e-03,5.41445873e-02,2.73022903e-03
4.895028,3.94664270e-03,5.36829381e-02,2.72736459e-03
4.897527,3.94070376e-03,5.32273821e-02,2.72450470e-03
4.900025,3.93477957e-03,5.27778117e-02,2.72164936e-03
4.902524,3.92887009e-03,5.23341217e-02,2.71879856e-03
4.905023,3.92297527e-03,5.18962092e-02,2.71595229e-03
4.907521,3.91709505e-03,5.14639735e-02,2.71311053e-03
4.910020,3.91122938e-03,5.10373162e-02,2.71027329e-03
4.912519,3.90537820e-03,5.06161408e-02,2.70744054e-03
4.915018,3.89954148e-03,5.02003532e-02,2.70461228e-03
4.917516,3.89371915e-03,4.97898611e-02,2.70178849e-03
4.920015,3.88791117e-03,4.93845741e-02,2.69896918e-03
4.922514,3.88211749e-03,4.89844039e-02,2.69615433e-03
4.925013,3.87633805e-03,4.85892640e-02,2.69334393e-03
4.927511,3.87057281e-03,4.81990698e-02,2.69053797e-03
4.930010,3.86482171e-03,4.78137383e-02,2.68773644e-03
4.932509,3.85908470e-03,4.74331883e-02,2.68493933e-03
4.935008,3.85336175e-03,4.70573405e-02,2.68214664e-03
4.937506,3.84765279e-03,4.66861169e-02,2.67935835e-03
4.940005,3.84195778e-03,4.63194414e-02,2.67657445e-03
4.942504,3.83627667e-03,4.59572393e-02,2.67379493e-03
4.945003,3.83060941e-03,4.55994374e-02,2.67101980e-03
4.947501,3.82495595e-03,4.52459642e-02,2.66824902e-03
4.950000,3.81931625e-03,4.48967494e-02,2.66548261e-03
