defect,chain_blocks_m,omega,rho_00
light,10,0.020000,2.54234132e-05
light,10,0.025095,4.02698828e-05
light,10,0.030189,5.87190795e-05
light,10,0.035284,8.09282247e-05
light,10,0.040378,1.07089317e-04
light,10,0.045473,1.37432320e-04
light,10,0.050567,1.72229045e-04
light,10,0.055662,2.11797850e-04
light,10,0.060756,2.56509252e-04
light,10,0.065851,3.06792645e-04
light,10,0.070945,3.63144268e-04
light,10,0.076040,4.26136690e-04
light,10,0.081135,4.96430057e-04
light,10,0.086229,5.74785459e-04
light,10,0.091324,6.62080799e-04
light,10,0.096418,7.59329661e-04
light,10,0.101513,8.67703759e-04
light,10,0.106607,9.88559660e-04
light,10,0.111702,1.12347060e-03
light,10,0.116796,1.27426440e-03
light,10,0.121891,1.44306851e-03
light,10,0.126986,1.63236362e-03
light,10,0.132080,1.84504704e-03
light,10,0.137175,2.08450740e-03
light,10,0.142269,2.35471193e-03
light,10,0.147364,2.66030717e-03
light,10,0.152458,3.00673308e-03
light,10,0.157553,3.40034841e-03
light,10,0.162647,3.84856197e-03
light,10,0.167742,4.35995837e-03
light,10,0.172836,4.94439671e-03
light,10,0.177931,5.61304508e-03
light,10,0.183026,6.37828853e-03
light,10,0.188120,7.25341192e-03
light,10,0.193215,8.25190850e-03
light,10,0.198309,9.38620329e-03
light,10,0.203404,1.06655211e-02
light,10,0.208498,1.20926107e-02
light,10,0.213593,1.36591400e-02
light,10,0.218687,1.53399262e-02
light,10,0.223782,1.70869136e-02
light,10,0.228877,1.88249564e-02
light,10,0.233971,2.04526337e-02
light,10,0.239066,2.18514666e-02
light,10,0.244160,2.29046894e-02
light,10,0.249255,2.35218894e-02
light,10,0.254349,2.36608270e-02
light,10,0.259444,2.33369177e-02
light,10,0.264538,2.26162677e-02
light,10,0.269633,2.15963476e-02
light,10,0.274727,2.03833099e-02
light,10,0.279822,1.90739357e-02
light,10,0.284917,1.77456646e-02
light,10,0.290011,1.64539774e-02
light,10,0.295106,1.52344799e-02
light,10,0.300200,1.41070467e-02
light,10,0.305295,1.30802418e-02
light,10,0.310389,1.21551270e-02
light,10,0.315484,1.13281776e-02
light,10,0.320578,1.05933458e-02
light,10,0.325673,9.94343662e-03
light,10,0.330768,9.37097530e-03
light,10,0.335862,8.86872481e-03
light,10,0.340957,8.42997051e-03
light,10,0.346051,8.04865757e-03
light,10,0.351146,7.71943885e-03
light,10,0.356240,7.43767082e-03
light,10,0.361335,7.19938215e-03
light,10,0.366429,7.00122987e-03
light,10,0.371524,6.84045245e-03
light,10,0.376618,6.71482510e-03
light,10,0.381713,6.62262055e-03
light,10,0.386808,6.56257683e-03
light,10,0.391902,6.53387301e-03
light,10,0.396997,6.53611340e-03
light,10,0.402091,6.56932042e-03
light,10,0.407186,6.63393654e-03
light,10,0.412280,6.73083565e-03
light,10,0.417375,6.86134440e-03
light,10,0.422469,7.02727427e-03
light,10,0.427564,7.23096545e-03
light,10,0.432659,7.47534384e-03
light,10,0.437753,7.76399252e-03
light,10,0.442848,8.10123975e-03
light,10,0.447942,8.49226510e-03
light,10,0.453037,8.94322566e-03
light,10,0.458131,9.46140369e-03
light,10,0.463226,1.00553758e-02
light,10,0.468320,1.07352016e-02
light,10,0.473415,1.15126262e-02
light,10,0.478509,1.24012822e-02
light,10,0.483604,1.34168673e-02
light,10,0.488699,1.45772512e-02
light,10,0.493793,1.59024388e-02
light,10,0.498888,1.74142650e-02
light,10,0.503982,1.91356365e-02
light,10,0.509077,2.10890374e-02
light,10,0.514171,2.32939158e-02
light,10,0.519266,2.57624673e-02
light,10,0.524360,2.84933227e-02
light,10,0.529455,3.14628647e-02
light,10,0.534549,3.46145822e-02
light,10,0.539644,3.78482699e-02
light,10,0.544739,4.10130019e-02
light,10,0.549833,4.39099236e-02
light,10,0.554928,4.63110862e-02
light,10,0.560022,4.79963012e-02
light,10,0.565117,4.88007847e-02
light,10,0.570211,4.86567671e-02
light,10,0.575306,4.76105825e-02
light,10,0.580400,4.58072593e-02
light,10,0.585495,4.34508286e-02
light,10,0.590590,4.07584572e-02
light,10,0.595684,3.79244955e-02
light,10,0.600779,3.51012884e-02
light,10,0.605873,3.23950300e-02
light,10,0.610968,2.98710373e-02
light,10,0.616062,2.75629376e-02
light,10,0.621157,2.54821206e-02
light,10,0.626251,2.36256947e-02
light,10,0.631346,2.19824567e-02
light,10,0.636440,2.05370298e-02
light,10,0.641535,1.92725557e-02
light,10,0.646630,1.81723439e-02
light,10,0.651724,1.72208166e-02
light,10,0.656819,1.64039972e-02
light,10,0.661913,1.57097210e-02
light,10,0.667008,1.51276804e-02
light,10,0.672102,1.46493816e-02
light,10,0.677197,1.42680536e-02
light,10,0.682291,1.39785354e-02
light,10,0.687386,1.37771462e-02
light,10,0.692481,1.36615356e-02
light,10,0.697575,1.36304933e-02
light,10,0.702670,1.36836880e-02
light,10,0.707764,1.38212846e-02
light,10,0.712859,1.40433776e-02
light,10,0.717953,1.43491643e-02
light,10,0.723048,1.47357983e-02
light,10,0.728142,1.51969260e-02
light,10,0.733237,1.57210606e-02
light,10,0.738331,1.62902160e-02
light,10,0.743426,1.68795554e-02
light,10,0.748521,1.74590182e-02
light,10,0.753615,1.79976140e-02
light,10,0.758710,1.84700337e-02
light,10,0.763804,1.88636988e-02
light,10,0.768899,1.91834109e-02
light,10,0.773993,1.94514627e-02
light,10,0.779088,1.97032910e-02
light,10,0.784182,1.99808754e-02
light,10,0.789277,2.03266380e-02
light,10,0.794372,2.07795805e-02
light,10,0.799466,2.13739293e-02
light,10,0.804561,2.21396006e-02
light,10,0.809655,2.31035470e-02
light,10,0.814750,2.42912142e-02
light,10,0.819844,2.57275924e-02
light,10,0.824939,2.74375166e-02
light,10,0.830033,2.94449139e-02
light,10,0.835128,3.17706337e-02
light,10,0.840222,3.44283908e-02
light,10,0.845317,3.74182919e-02
light,10,0.850412,4.07175480e-02
light,10,0.855506,4.42685634e-02
light,10,0.860601,4.79659290e-02
light,10,0.865695,5.16461006e-02
light,10,0.870790,5.50862142e-02
light,10,0.875884,5.80197943e-02
light,10,0.880979,6.01741054e-02
light,10,0.886073,6.13246753e-02
light,10,0.891168,6.13501848e-02
light,10,0.896263,6.02646061e-02
light,10,0.901357,5.82112650e-02
light,10,0.906452,5.54222575e-02
light,10,0.911546,5.21626397e-02
light,10,0.916641,4.86812145e-02
light,10,0.921735,4.51803837e-02
light,10,0.926830,4.18059208e-02
light,10,0.931924,3.86506911e-02
light,10,0.937019,3.57651320e-02
light,10,0.942113,3.31691821e-02
light,10,0.947208,3.08628116e-02
light,10,0.952303,2.88341510e-02
light,10,0.957397,2.70652355e-02
light,10,0.962492,2.55358010e-02
light,10,0.967586,2.42256472e-02
light,10,0.972681,2.31160195e-02
light,10,0.977775,2.21903537e-02
light,10,0.982870,2.14346271e-02
light,10,0.987964,2.08374782e-02
light,10,0.993059,2.03901953e-02
light,10,0.998154,2.00866360e-02
light,10,1.003248,1.99231002e-02
light,10,1.008343,1.98981603e-02
light,10,1.013437,2.00124224e-02
light,10,1.018532,2.02681683e-02
light,10,1.023626,2.06687920e-02
light,10,1.028721,2.12179085e-02
light,10,1.033815,2.19179703e-02
light,10,1.038910,2.27682051e-02
light,10,1.044004,2.37617225e-02
light,10,1.049099,2.48817988e-02
light,10,1.054194,2.60977342e-02
light,10,1.059288,2.73613536e-02
light,10,1.064383,2.86060739e-02
light,10,1.069477,2.97509967e-02
light,10,1.074572,3.07118076e-02
light,10,1.079666,3.14176289e-02
light,10,1.084761,3.18290479e-02
light,10,1.089855,3.19500152e-02
light,10,1.094950,3.18280302e-02
light,10,1.100044,3.15427064e-02
light,10,1.105139,3.11883632e-02
light,10,1.110234,3.08578027e-02
light,10,1.115328,3.06318435e-02
light,10,1.120423,3.05753693e-02
light,10,1.125517,3.07381437e-02
light,10,1.130612,3.11579891e-02
light,10,1.135706,3.18643974e-02
light,10,1.140801,3.28813757e-02
light,10,1.145895,3.42288794e-02
light,10,1.150990,3.59224427e-02
light,10,1.156085,3.79706610e-02
light,10,1.161179,4.03701565e-02
light,10,1.166274,4.30977439e-02
light,10,1.171368,4.60999618e-02
light,10,1.176463,4.92812343e-02
light,10,1.181557,5.24938756e-02
light,10,1.186652,5.55355929e-02
light,10,1.191746,5.81616451e-02
light,10,1.196841,6.01167217e-02
light,10,1.201935,6.11838519e-02
light,10,1.207030,6.12362549e-02
light,10,1.212125,6.02708830e-02
light,10,1.217219,5.84076992e-02
light,10,1.222314,5.58553490e-02
light,10,1.227408,5.28598682e-02
light,10,1.232503,4.96572059e-02
light,10,1.237597,4.64426572e-02
light,10,1.242692,4.33592666e-02
light,10,1.247786,4.05001331e-02
light,10,1.252881,3.79178214e-02
light,10,1.257976,3.56356180e-02
light,10,1.263070,3.36576937e-02
light,10,1.268165,3.19770635e-02
light,10,1.273259,3.05812765e-02
light,10,1.278354,2.94562194e-02
light,10,1.283448,2.85885067e-02
light,10,1.288543,2.79668774e-02
light,10,1.293637,2.75829031e-02
light,10,1.298732,2.74311965e-02
light,10,1.303826,2.75092024e-02
light,10,1.308921,2.78165566e-02
light,10,1.314016,2.83539041e-02
light,10,1.319110,2.91209837e-02
light,10,1.324205,3.01137272e-02
light,10,1.329299,3.13201324e-02
light,10,1.334394,3.27148475e-02
light,10,1.339488,3.42528869e-02
light,10,1.344583,3.58638078e-02
light,10,1.349677,3.74489354e-02
light,10,1.354772,3.88852661e-02
light,10,1.359867,4.00392501e-02
light,10,1.364961,4.07904289e-02
light,10,1.370056,4.10591826e-02
light,10,1.375150,4.08279785e-02
light,10,1.380245,4.01462816e-02
light,10,1.385339,3.91168147e-02
light,10,1.390434,3.78700552e-02
light,10,1.395528,3.65379933e-02
light,10,1.400623,3.52354989e-02
light,10,1.405717,3.40518494e-02
light,10,1.410812,3.30504713e-02
light,10,1.415907,3.22733318e-02
light,10,1.421001,3.17468967e-02
light,10,1.426096,3.14877581e-02
light,10,1.431190,3.15070744e-02
light,10,1.436285,3.18135893e-02
light,10,1.441379,3.24152510e-02
light,10,1.446474,3.33194722e-02
light,10,1.451568,3.45319768e-02
light,10,1.456663,3.60540432e-02
light,10,1.461758,3.78778676e-02
light,10,1.466852,3.99798422e-02
light,10,1.471947,4.23119502e-02
light,10,1.477041,4.47924385e-02
light,10,1.482136,4.72985467e-02
light,10,1.487230,4.96659669e-02
light,10,1.492325,5.17006012e-02
light,10,1.497419,5.32059370e-02
light,10,1.502514,5.40226422e-02
light,10,1.507608,5.40680915e-02
light,10,1.512703,5.33590900e-02
light,10,1.517798,5.20068584e-02
light,10,1.522892,5.01870212e-02
light,10,1.527987,4.80988679e-02
light,10,1.533081,4.59297586e-02
light,10,1.538176,4.38336150e-02
light,10,1.543270,4.19239625e-02
light,10,1.548365,4.02770449e-02
light,10,1.553459,3.89396970e-02
light,10,1.558554,3.79380486e-02
light,10,1.563648,3.72849133e-02
light,10,1.568743,3.69850121e-02
light,10,1.573838,3.70378555e-02
light,10,1.578932,3.74383307e-02
light,10,1.584027,3.81750333e-02
light,10,1.589121,3.92263527e-02
light,10,1.594216,4.05544428e-02
light,10,1.599310,4.20977093e-02
light,10,1.604405,4.37634736e-02
light,10,1.609499,4.54240022e-02
light,10,1.614594,4.69204431e-02
light,10,1.619689,4.80789087e-02
light,10,1.624783,4.87392327e-02
light,10,1.629878,4.87898850e-02
light,10,1.634972,4.81960179e-02
light,10,1.640067,4.70077387e-02
light,10,1.645161,4.53445602e-02
light,10,1.650256,4.33638113e-02
light,10,1.655350,4.12268508e-02
light,10,1.660445,3.90742229e-02
light,10,1.665539,3.70136656e-02
light,10,1.670634,3.51188836e-02
light,10,1.675729,3.34346350e-02
light,10,1.680823,3.19841258e-02
light,10,1.685918,3.07762058e-02
light,10,1.691012,2.98112450e-02
light,10,1.696107,2.90854431e-02
light,10,1.701201,2.85937376e-02
light,10,1.706296,2.83315943e-02
light,10,1.711390,2.82959349e-02
light,10,1.716485,2.84853650e-02
light,10,1.721580,2.88997581e-02
light,10,1.726674,2.95391470e-02
light,10,1.731769,3.04017900e-02
light,10,1.736863,3.14812446e-02
light,10,1.741958,3.27623604e-02
light,10,1.747052,3.42163966e-02
light,10,1.752147,3.57960877e-02
light,10,1.757241,3.74324378e-02
light,10,1.762336,3.90360040e-02
light,10,1.767430,4.05055813e-02
light,10,1.772525,4.17453534e-02
light,10,1.777620,4.26873716e-02
light,10,1.782714,4.33115933e-02
light,10,1.787809,4.36545578e-02
light,10,1.792903,4.38023807e-02
light,10,1.797998,4.38714519e-02
light,10,1.803092,4.39852574e-02
light,10,1.808187,4.42550508e-02
light,10,1.813281,4.47676186e-02
light,10,1.818376,4.55790334e-02
light,10,1.823471,4.67112667e-02
light,10,1.828565,4.81487985e-02
light,10,1.833660,4.98339905e-02
light,10,1.838754,5.16623089e-02
light,10,1.843849,5.34810410e-02
light,10,1.848943,5.50970848e-02
light,10,1.854038,5.62989501e-02
light,10,1.859132,5.68933366e-02
light,10,1.864227,5.67479524e-02
light,10,1.869321,5.58246198e-02
light,10,1.874416,5.41875322e-02
light,10,1.879511,5.19827571e-02
light,10,1.884605,4.93992344e-02
light,10,1.889700,4.66281629e-02
light,10,1.894794,4.38338062e-02
light,10,1.899889,4.11398867e-02
light,10,1.904983,3.86287121e-02
light,10,1.910078,3.63475872e-02
light,10,1.915172,3.43177551e-02
light,10,1.920267,3.25429549e-02
light,10,1.925362,3.10163384e-02
light,10,1.930456,2.97255096e-02
light,10,1.935551,2.86559371e-02
light,10,1.940645,2.77931293e-02
light,10,1.945740,2.71239501e-02
light,10,1.950834,2.66373695e-02
light,10,1.955929,2.63248701e-02
light,10,1.961023,2.61806544e-02
light,10,1.966118,2.62017544e-02
light,10,1.971212,2.63881011e-02
light,10,1.976307,2.67425926e-02
light,10,1.981402,2.72711772e-02
light,10,1.986496,2.79829542e-02
light,10,1.991591,2.88902801e-02
light,10,1.996685,3.00088478e-02
light,10,2.001780,3.13576801e-02
light,10,2.006874,3.29589384e-02
light,10,2.011969,3.48373884e-02
light,10,2.017063,3.70192800e-02
light,10,2.022158,3.95302862e-02
light,10,2.027253,4.23920136e-02
light,10,2.032347,4.56164796e-02
light,10,2.037442,4.91979443e-02
light,10,2.042536,5.31017595e-02
light,10,2.047631,5.72507618e-02
light,10,2.052725,6.15114932e-02
light,10,2.057820,6.56852283e-02
light,10,2.062914,6.95115455e-02
light,10,2.068009,7.26926039e-02
light,10,2.073103,7.49411155e-02
light,10,2.078198,7.60432281e-02
light,10,2.083293,7.59145934e-02
light,10,2.088387,7.46247123e-02
light,10,2.093482,7.23776754e-02
light,10,2.098576,6.94591570e-02
light,10,2.103671,6.61738289e-02
light,10,2.108765,6.27956054e-02
light,10,2.113860,5.95407676e-02
light,10,2.118954,5.65619492e-02
light,10,2.124049,5.39551786e-02
light,10,2.129143,5.17721155e-02
light,10,2.134238,5.00321405e-02
light,10,2.139333,4.87316185e-02
light,10,2.144427,4.78495053e-02
light,10,2.149522,4.73495567e-02
light,10,2.154616,4.71801060e-02
light,10,2.159711,4.72730595e-02
light,10,2.164805,4.75444809e-02
light,10,2.169900,4.78995115e-02
light,10,2.174994,4.82435576e-02
light,10,2.180089,4.84989802e-02
light,10,2.185184,4.86226228e-02
light,10,2.190278,4.86170514e-02
light,10,2.195373,4.85301234e-02
light,10,2.200467,4.84430792e-02
light,10,2.205562,4.84527239e-02
light,10,2.210656,4.86546113e-02
light,10,2.215751,4.91314515e-02
light,10,2.220845,4.99471101e-02
light,10,2.225940,5.11440357e-02
light,10,2.231034,5.27413062e-02
light,10,2.236129,5.47310860e-02
light,10,2.241224,5.70724743e-02
light,10,2.246318,5.96833071e-02
light,10,2.251413,6.24325515e-02
light,10,2.256507,6.51383283e-02
light,10,2.261602,6.75782280e-02
light,10,2.266696,6.95171863e-02
light,10,2.271791,7.07516500e-02
light,10,2.276885,7.11583477e-02
light,10,2.281980,7.07283537e-02
light,10,2.287075,6.95703885e-02
light,10,2.292169,6.78818167e-02
light,10,2.297264,6.59013900e-02
light,10,2.302358,6.38631874e-02
light,10,2.307453,6.19649918e-02
light,10,2.312547,6.03539047e-02
light,10,2.317642,5.91246554e-02
light,10,2.322736,5.83239125e-02
light,10,2.327831,5.79552598e-02
light,10,2.332925,5.79821178e-02
light,10,2.338020,5.83285727e-02
light,10,2.343115,5.88804843e-02
light,10,2.348209,5.94910728e-02
light,10,2.353304,5.99954933e-02
light,10,2.358398,6.02362375e-02
light,10,2.363493,6.00952198e-02
light,10,2.368587,5.95218923e-02
light,10,2.373682,5.85451638e-02
light,10,2.378776,5.72634190e-02
light,10,2.383871,5.58177031e-02
light,10,2.388966,5.43601274e-02
light,10,2.394060,5.30285186e-02
light,10,2.399155,5.19320916e-02
light,10,2.404249,5.11468890e-02
light,10,2.409344,5.07168654e-02
light,10,2.414438,5.06565454e-02
light,10,2.419533,5.09526552e-02
light,10,2.424627,5.15639446e-02
light,10,2.429722,5.24201966e-02
light,10,2.434816,5.34230579e-02
light,10,2.439911,5.44523836e-02
light,10,2.445006,5.53812058e-02
light,10,2.450100,5.60991173e-02
light,10,2.455195,5.65383139e-02
light,10,2.460289,5.66921590e-02
light,10,2.465384,5.66173085e-02
light,10,2.470478,5.64177763e-02
light,10,2.475573,5.62177289e-02
light,10,2.480667,5.61331090e-02
light,10,2.485762,5.62493099e-02
light,10,2.490857,5.66069129e-02
light,10,2.495951,5.71941674e-02
light,10,2.501046,5.79448376e-02
light,10,2.506140,5.87421944e-02
light,10,2.511235,5.94320734e-02
light,10,2.516329,5.98476115e-02
light,10,2.521424,5.98439137e-02
light,10,2.526518,5.93337966e-02
light,10,2.531613,5.83110543e-02
light,10,2.536707,5.68509178e-02
light,10,2.541802,5.50880488e-02
light,10,2.546897,5.31828777e-02
light,10,2.551991,5.12899272e-02
light,10,2.557086,4.95367844e-02
light,10,2.562180,4.80151003e-02
light,10,2.567275,4.67802678e-02
light,10,2.572369,4.58553726e-02
light,10,2.577464,4.52362795e-02
light,10,2.582558,4.48966846e-02
light,10,2.587653,4.47936188e-02
light,10,2.592747,4.48746371e-02
light,10,2.597842,4.50873518e-02
light,10,2.602937,4.53900347e-02
light,10,2.608031,4.57597468e-02
light,10,2.613126,4.61937615e-02
light,10,2.618220,4.67021682e-02
light,10,2.623315,4.72934119e-02
light,10,2.628409,4.79576101e-02
light,10,2.633504,4.86533262e-02
light,10,2.638598,4.93026856e-02
light,10,2.643693,4.97982523e-02
light,10,2.648788,5.00225707e-02
light,10,2.653882,4.98767565e-02
light,10,2.658977,4.93090063e-02
light,10,2.664071,4.83313934e-02
light,10,2.669166,4.70175125e-02
light,10,2.674260,4.54828534e-02
light,10,2.679355,4.38575458e-02
light,10,2.684449,4.22621732e-02
light,10,2.689544,4.07926833e-02
light,10,2.694638,3.95147511e-02
light,10,2.699733,3.84647133e-02
light,10,2.704828,3.76537464e-02
light,10,2.709922,3.70729474e-02
light,10,2.715017,3.66980494e-02
light,10,2.720111,3.64930542e-02
light,10,2.725206,3.64122707e-02
light,10,2.730300,3.64007728e-02
light,10,2.735395,3.63945306e-02
light,10,2.740489,3.63228359e-02
light,10,2.745584,3.61156276e-02
light,10,2.750679,3.57158778e-02
light,10,2.755773,3.50931969e-02
light,10,2.760868,3.42522597e-02
light,10,2.765962,3.32312120e-02
light,10,2.771057,3.20903083e-02
light,10,2.776151,3.08957940e-02
light,10,2.781246,2.97051719e-02
light,10,2.786340,2.85577446e-02
light,10,2.791435,2.74713052e-02
light,10,2.796529,2.64440389e-02
light,10,2.801624,2.54602191e-02
light,10,2.806719,2.44981777e-02
light,10,2.811813,2.35386398e-02
light,10,2.816908,2.25711060e-02
light,10,2.822002,2.15963950e-02
light,10,2.827097,2.06250184e-02
light,10,2.832191,1.96728568e-02
light,10,2.837286,1.87564005e-02
light,10,2.842380,1.78892760e-02
light,10,2.847475,1.70806313e-02
light,10,2.852570,1.63350509e-02
light,10,2.857664,1.56533395e-02
light,10,2.862759,1.50335955e-02
light,10,2.867853,1.44722218e-02
light,10,2.872948,1.39647265e-02
light,10,2.878042,1.35062881e-02
light,10,2.883137,1.30921197e-02
light,10,2.888231,1.27176829e-02
light,10,2.893326,1.23787979e-02
light,10,2.898420,1.20716863e-02
light,10,2.903515,1.17929742e-02
light,10,2.908610,1.15396721e-02
light,10,2.913704,1.13091439e-02
light,10,2.918799,1.10990707e-02
light,10,2.923893,1.09074154e-02
light,10,2.928988,1.07323883e-02
light,10,2.934082,1.05724156e-02
light,10,2.939177,1.04261119e-02
light,10,2.944271,1.02922553e-02
light,10,2.949366,1.01697664e-02
light,10,2.954461,1.00576891e-02
light,10,2.959555,9.95517498e-03
light,10,2.964650,9.86146944e-03
light,10,2.969744,9.77589966e-03
light,10,2.974839,9.69786446e-03
light,10,2.979933,9.62682541e-03
light,10,2.985028,9.56229927e-03
light,10,2.990122,9.50385139e-03
light,10,2.995217,9.45109003e-03
light,10,3.000311,9.40366143e-03
light,10,3.005406,9.36124551e-03
light,10,3.010501,9.32355219e-03
light,10,3.015595,9.29031809e-03
light,10,3.020690,9.26130375e-03
light,10,3.025784,9.23629104e-03
light,10,3.030879,9.21508109e-03
light,10,3.035973,9.19749229e-03
light,10,3.041068,9.18335861e-03
light,10,3.046162,9.17252812e-03
light,10,3.051257,9.16486162e-03
light,10,3.056352,9.16023152e-03
light,10,3.061446,9.15852074e-03
light,10,3.066541,9.15962182e-03
light,10,3.071635,9.16343603e-03
light,10,3.076730,9.16987269e-03
light,10,3.081824,9.17884846e-03
light,10,3.086919,9.19028676e-03
light,10,3.092013,9.20411721e-03
light,10,3.097108,9.22027518e-03
light,10,3.102202,9.23870133e-03
light,10,3.107297,9.25934123e-03
light,10,3.112392,9.28214496e-03
light,10,3.117486,9.30706688e-03
light,10,3.122581,9.33406524e-03
light,10,3.127675,9.36310198e-03
light,10,3.132770,9.39414245e-03
light,10,3.137864,9.42715522e-03
light,10,3.142959,9.46211187e-03
light,10,3.148053,9.49898682e-03
light,10,3.153148,9.53775714e-03
light,10,3.158242,9.57840242e-03
light,10,3.163337,9.62090463e-03
light,10,3.168432,9.66524800e-03
light,10,3.173526,9.71141889e-03
light,10,3.178621,9.75940571e-03
light,10,3.183715,9.80919880e-03
light,10,3.188810,9.86079037e-03
light,10,3.193904,9.91417438e-03
light,10,3.198999,9.96934654e-03
light,10,3.204093,1.00263042e-02
light,10,3.209188,1.00850461e-02
light,10,3.214283,1.01455729e-02
light,10,3.219377,1.02078865e-02
light,10,3.224472,1.02719901e-02
light,10,3.229566,1.03378885e-02
light,10,3.234661,1.04055878e-02
light,10,3.239755,1.04750956e-02
light,10,3.244850,1.05464204e-02
light,10,3.249944,1.06195724e-02
light,10,3.255039,1.06945628e-02
light,10,3.260133,1.07714042e-02
light,10,3.265228,1.08501102e-02
light,10,3.270323,1.09306958e-02
light,10,3.275417,1.10131772e-02
light,10,3.280512,1.10975717e-02
light,10,3.285606,1.11838978e-02
light,10,3.290701,1.12721753e-02
light,10,3.295795,1.13624250e-02
light,10,3.300890,1.14546689e-02
light,10,3.305984,1.15489304e-02
light,10,3.311079,1.16452339e-02
light,10,3.316174,1.17436050e-02
light,10,3.321268,1.18440705e-02
light,10,3.326363,1.19466586e-02
light,10,3.331457,1.20513985e-02
light,10,3.336552,1.21583207e-02
light,10,3.341646,1.22674571e-02
light,10,3.346741,1.23788406e-02
light,10,3.351835,1.24925056e-02
light,10,3.356930,1.26084878e-02
light,10,3.362024,1.27268242e-02
light,10,3.367119,1.28475532e-02
light,10,3.372214,1.29707144e-02
light,10,3.377308,1.30963492e-02
light,10,3.382403,1.32245000e-02
light,10,3.387497,1.33552109e-02
light,10,3.392592,1.34885277e-02
light,10,3.397686,1.36244973e-02
light,10,3.402781,1.37631686e-02
light,10,3.407875,1.39045919e-02
light,10,3.412970,1.40488193e-02
light,10,3.418065,1.41959043e-02
light,10,3.423159,1.43459026e-02
light,10,3.428254,1.44988715e-02
light,10,3.433348,1.46548700e-02
light,10,3.438443,1.48139592e-02
light,10,3.443537,1.49762021e-02
light,10,3.448632,1.51416639e-02
light,10,3.453726,1.53104115e-02
light,10,3.458821,1.54825143e-02
light,10,3.463915,1.56580437e-02
light,10,3.469010,1.58370735e-02
light,10,3.474105,1.60196798e-02
light,10,3.479199,1.62059412e-02
light,10,3.484294,1.63959388e-02
light,10,3.489388,1.65897561e-02
light,10,3.494483,1.67874795e-02
light,10,3.499577,1.69891982e-02
light,10,3.504672,1.71950041e-02
light,10,3.509766,1.74049922e-02
light,10,3.514861,1.76192605e-02
light,10,3.519956,1.78379101e-02
light,10,3.525050,1.80610457e-02
light,10,3.530145,1.82887750e-02
light,10,3.535239,1.85212095e-02
light,10,3.540334,1.87584644e-02
light,10,3.545428,1.90006585e-02
light,10,3.550523,1.92479146e-02
light,10,3.555617,1.95003597e-02
light,10,3.560712,1.97581250e-02
light,10,3.565806,2.00213460e-02
light,10,3.570901,2.02901629e-02
light,10,3.575996,2.05647206e-02
light,10,3.581090,2.08451689e-02
light,10,3.586185,2.11316628e-02
light,10,3.591279,2.14243627e-02
light,10,3.596374,2.17234344e-02
light,10,3.601468,2.20290495e-02
light,10,3.606563,2.23413856e-02
light,10,3.611657,2.26606268e-02
light,10,3.616752,2.29869633e-02
light,10,3.621846,2.33205925e-02
light,10,3.626941,2.36617185e-02
light,10,3.632036,2.40105530e-02
light,10,3.637130,2.43673153e-02
light,10,3.642225,2.47322328e-02
light,10,3.647319,2.51055411e-02
light,10,3.652414,2.54874846e-02
light,10,3.657508,2.58783169e-02
light,10,3.662603,2.62783008e-02
light,10,3.667697,2.66877094e-02
light,10,3.672792,2.71068260e-02
light,10,3.677887,2.75359447e-02
light,10,3.682981,2.79753710e-02
light,10,3.688076,2.84254222e-02
light,10,3.693170,2.88864280e-02
light,10,3.698265,2.93587313e-02
light,10,3.703359,2.98426882e-02
light,10,3.708454,3.03386694e-02
light,10,3.713548,3.08470604e-02
light,10,3.718643,3.13682622e-02
light,10,3.723737,3.19026924e-02
light,10,3.728832,3.24507856e-02
light,10,3.733927,3.30129947e-02
light,10,3.739021,3.35897913e-02
light,10,3.744116,3.41816669e-02
light,10,3.749210,3.47891342e-02
light,10,3.754305,3.54127276e-02
light,10,3.759399,3.60530045e-02
light,10,3.764494,3.67105469e-02
light,10,3.769588,3.73859622e-02
light,10,3.774683,3.80798847e-02
light,10,3.779778,3.87929771e-02
light,10,3.784872,3.95259319e-02
light,10,3.789967,4.02794732e-02
light,10,3.795061,4.10543582e-02
light,10,3.800156,4.18513791e-02
light,10,3.805250,4.26713653e-02
light,10,3.810345,4.35151851e-02
light,10,3.815439,4.43837480e-02
light,10,3.820534,4.52780074e-02
light,10,3.825628,4.61989626e-02
light,10,3.830723,4.71476619e-02
light,10,3.835818,4.81252053e-02
light,10,3.840912,4.91327475e-02
light,10,3.846007,5.01715014e-02
light,10,3.851101,5.12427415e-02
light,10,3.856196,5.23478075e-02
light,10,3.861290,5.34881087e-02
light,10,3.866385,5.46651281e-02
light,10,3.871479,5.58804270e-02
light,10,3.876574,5.71356502e-02
light,10,3.881669,5.84325309e-02
light,10,3.886763,5.97728973e-02
light,10,3.891858,6.11586781e-02
light,10,3.896952,6.25919091e-02
light,10,3.902047,6.40747413e-02
light,10,3.907141,6.56094476e-02
light,10,3.912236,6.71984319e-02
light,10,3.917330,6.88442380e-02
light,10,3.922425,7.05495591e-02
light,10,3.927519,7.23172490e-02
light,10,3.932614,7.41503330e-02
light,10,3.937709,7.60520209e-02
light,10,3.942803,7.80257202e-02
light,10,3.947898,8.00750506e-02
light,10,3.952992,8.22038607e-02
light,10,3.958087,8.44162445e-02
light,10,3.963181,8.67165611e-02
light,10,3.968276,8.91094548e-02
light,10,3.973370,9.15998780e-02
light,10,3.978465,9.41931155e-02
light,10,3.983560,9.68948118e-02
light,10,3.988654,9.97110003e-02
light,10,3.993749,1.02648136e-01
light,10,3.998843,1.05713130e-01
light,10,4.003938,1.08913390e-01
light,10,4.009032,1.12256861e-01
light,10,4.014127,1.15752077e-01
light,10,4.019221,1.19408207e-01
light,10,4.024316,1.23235117e-01
light,10,4.029410,1.27243431e-01
light,10,4.034505,1.31444603e-01
light,10,4.039600,1.35850997e-01
light,10,4.044694,1.40475967e-01
light,10,4.049789,1.45333962e-01
light,10,4.054883,1.50440627e-01
light,10,4.059978,1.55812924e-01
light,10,4.065072,1.61469268e-01
light,10,4.070167,1.67429675e-01
light,10,4.075261,1.73715929e-01
light,10,4.080356,1.80351770e-01
light,10,4.085451,1.87363109e-01
light,10,4.090545,1.94778261e-01
light,10,4.095640,2.02628218e-01
light,10,4.100734,2.10946951e-01
light,10,4.105829,2.19771753e-01
light,10,4.110923,2.29143633e-01
light,10,4.116018,2.39107756e-01
light,10,4.121112,2.49713953e-01
light,10,4.126207,2.61017294e-01
light,10,4.131301,2.73078751e-01
light,10,4.136396,2.85965954e-01
light,10,4.141491,2.99754059e-01
light,10,4.146585,3.14526751e-01
light,10,4.151680,3.30377399e-01
light,10,4.156774,3.47410383e-01
light,10,4.161869,3.65742651e-01
light,10,4.166963,3.85505503e-01
light,10,4.172058,4.06846684e-01
light,10,4.177152,4.29932817e-01
light,10,4.182247,4.54952241e-01
light,10,4.187341,4.82118341e-01
light,10,4.192436,5.11673437e-01
light,10,4.197531,5.43893360e-01
light,10,4.202625,5.79092817e-01
light,10,4.207720,6.17631695e-01
light,10,4.212814,6.59922475e-01
light,10,4.217909,7.06438922e-01
light,10,4.223003,7.57726274e-01
light,10,4.228098,8.14413124e-01
light,10,4.233192,8.77225210e-01
light,10,4.238287,9.47001268e-01
light,10,4.243382,1.02471103e+00
light,10,4.248476,1.11147518e+00
light,10,4.253571,1.20858693e+00
light,10,4.258665,1.31753385e+00
light,10,4.263760,1.44001808e+00
light,10,4.268854,1.57797095e+00
light,10,4.273949,1.73355544e+00
light,10,4.279043,1.90914604e+00
light,10,4.284138,2.10726909e+00
light,10,4.289232,2.33047863e+00
light,10,4.294327,2.58113130e+00
light,10,4.299422,2.86101228e+00
light,10,4.304516,3.17075564e+00
light,10,4.309611,3.50900821e+00
light,10,4.314705,3.87132671e+00
light,10,4.319800,4.24890078e+00
light,10,4.324894,4.62738640e+00
light,10,4.329989,4.98639613e+00
light,10,4.335083,5.30040303e+00
light,10,4.340178,5.54171232e+00
light,10,4.345273,5.68546695e+00
light,10,4.350367,5.71545061e+00
light,10,4.355462,5.62845230e+00
light,10,4.360556,5.43515094e+00
light,10,4.365651,5.15708410e+00
light,10,4.370745,4.82119252e+00
light,10,4.375840,4.45427331e+00
light,10,4.380934,4.07908058e+00
light,10,4.386029,3.71258197e+00
light,10,4.391123,3.36593684e+00
light,10,4.396218,3.04543650e+00
light,10,4.401313,2.75375873e+00
light,10,4.406407,2.49114837e+00
light,10,4.411502,2.25636044e+00
light,10,4.416596,2.04734015e+00
light,10,4.421691,1.86167719e+00
light,10,4.426785,1.69688926e+00
light,10,4.431880,1.55058666e+00
light,10,4.436974,1.42055842e+00
light,10,4.442069,1.30480934e+00
light,10,4.447164,1.20156775e+00
light,10,4.452258,1.10927699e+00
light,10,4.457353,1.02657847e+00
light,10,4.462447,9.52291365e-01
light,10,4.467542,8.85391762e-01
light,10,4.472636,8.24992625e-01
light,10,4.477731,7.70325525e-01
light,10,4.482825,7.20724316e-01
light,10,4.487920,6.75610823e-01
light,10,4.493014,6.34482435e-01
light,10,4.498109,5.96901423e-01
light,10,4.503204,5.62485789e-01
light,10,4.508298,5.30901447e-01
light,10,4.513393,5.01855561e-01
light,10,4.518487,4.75090860e-01
light,10,4.523582,4.50380797e-01
light,10,4.528676,4.27525416e-01
light,10,4.533771,4.06347823e-01
light,10,4.538865,3.86691171e-01
light,10,4.543960,3.68416077e-01
light,10,4.549055,3.51398400e-01
light,10,4.554149,3.35527337e-01
light,10,4.559244,3.20703784e-01
light,10,4.564338,3.06838914e-01
light,10,4.569433,2.93852952e-01
light,10,4.574527,2.81674112e-01
light,10,4.579622,2.70237675e-01
light,10,4.584716,2.59485185e-01
light,10,4.589811,2.49363746e-01
light,10,4.594905,2.39825410e-01
light,10,4.600000,2.30826640e-01
light,40,0.020000,1.62411557e-04
light,40,0.025095,2.60325664e-04
light,40,0.030189,3.84641698e-04
light,40,0.035284,5.37382926e-04
light,40,0.040378,7.20188756e-04
light,40,0.045473,9.33693049e-04
light,40,0.050567,1.17669673e-03
light,40,0.055662,1.44523691e-03
light,40,0.060756,1.73182266e-03
light,40,0.065851,2.02528494e-03
light,40,0.070945,2.31172493e-03
light,40,0.076040,2.57675202e-03
light,40,0.081135,2.80856308e-03
light,40,0.086229,3.00077945e-03
light,40,0.091324,3.15387959e-03
light,40,0.096418,3.27473490e-03
light,40,0.101513,3.37469810e-03
light,40,0.106607,3.46721905e-03
light,40,0.111702,3.56583706e-03
light,40,0.116796,3.68291790e-03
light,40,0.121891,3.82906598e-03
light,40,0.126986,4.01292528e-03
light,40,0.132080,4.24105315e-03
light,40,0.137175,4.51761243e-03
light,40,0.142269,4.84372057e-03
light,40,0.147364,5.21641627e-03
light,40,0.152458,5.62738893e-03
light,40,0.157553,6.06188891e-03
light,40,0.162647,6.49854557e-03
light,40,0.167742,6.91096086e-03
light,40,0.172836,7.27159371e-03
light,40,0.177931,7.55743103e-03
light,40,0.183026,7.75565969e-03
light,40,0.188120,7.86700140e-03
light,40,0.193215,7.90527963e-03
light,40,0.198309,7.89366637e-03
light,40,0.203404,7.85950571e-03
light,40,0.208498,7.82971927e-03
light,40,0.213593,7.82787732e-03
light,40,0.218687,7.87296790e-03
light,40,0.223782,7.97929762e-03
light,40,0.228877,8.15684395e-03
light,40,0.233971,8.41152112e-03
light,40,0.239066,8.74501775e-03
light,40,0.244160,9.15403985e-03
light,40,0.249255,9.62898243e-03
light,40,0.254349,1.01523400e-02
light,40,0.259444,1.06975894e-02
light,40,0.264538,1.12297031e-02
light,40,0.269633,1.17084998e-02
light,40,0.274727,1.20952324e-02
light,40,0.279822,1.23611086e-02
light,40,0.284917,1.24947118e-02
light,40,0.290011,1.25050681e-02
light,40,0.295106,1.24190309e-02
light,40,0.300200,1.22744819e-02
light,40,0.305295,1.21124774e-02
light,40,0.310389,1.19710420e-02
light,40,0.315484,1.18817037e-02
light,40,0.320578,1.18684205e-02
light,40,0.325673,1.19478920e-02
light,40,0.330768,1.21302713e-02
light,40,0.335862,1.24196004e-02
light,40,0.340957,1.28136308e-02
light,40,0.346051,1.33029727e-02
light,40,0.351146,1.38697583e-02
light,40,0.356240,1.44862986e-02
light,40,0.361335,1.51146072e-02
light,40,0.366429,1.57080647e-02
light,40,0.371524,1.62164657e-02
light,40,0.376618,1.65946338e-02
light,40,0.381713,1.68126724e-02
light,40,0.386808,1.68639917e-02
light,40,0.391902,1.67673975e-02
light,40,0.396997,1.65622613e-02
light,40,0.402091,1.62992136e-02
light,40,0.407186,1.60303739e-02
light,40,0.412280,1.58021736e-02
light,40,0.417375,1.56517143e-02
light,40,0.422469,1.56059330e-02
light,40,0.427564,1.56822283e-02
light,40,0.432659,1.58893571e-02
light,40,0.437753,1.62278764e-02
light,40,0.442848,1.66898692e-02
light,40,0.447942,1.72580805e-02
light,40,0.453037,1.79048797e-02
light,40,0.458131,1.85917153e-02
light,40,0.463226,1.92699608e-02
light,40,0.468320,1.98842387e-02
light,40,0.473415,2.03791148e-02
light,40,0.478509,2.07089182e-02
light,40,0.483604,2.08483290e-02
light,40,0.488699,2.07996059e-02
light,40,0.493793,2.05928921e-02
light,40,0.498888,2.02792307e-02
light,40,0.503982,1.99194727e-02
light,40,0.509077,1.95735146e-02
light,40,0.514171,1.92928827e-02
light,40,0.519266,1.91172859e-02
light,40,0.524360,1.90740666e-02
light,40,0.529455,1.91789884e-02
light,40,0.534549,1.94371092e-02
light,40,0.539644,1.98430937e-02
light,40,0.544739,2.03809017e-02
light,40,0.549833,2.10232371e-02
light,40,0.554928,2.17314029e-02
light,40,0.560022,2.24562609e-02
light,40,0.565117,2.31409428e-02
light,40,0.570211,2.37259149e-02
light,40,0.575306,2.41567747e-02
light,40,0.580400,2.43941627e-02
light,40,0.585495,2.44232826e-02
light,40,0.590590,2.42590934e-02
light,40,0.595684,2.39442097e-02
light,40,0.600779,2.35399487e-02
light,40,0.605873,2.31142450e-02
light,40,0.610968,2.27308502e-02
light,40,0.616062,2.24424072e-02
light,40,0.621157,2.22875364e-02
light,40,0.626251,2.22905737e-02
light,40,0.631346,2.24623396e-02
light,40,0.636440,2.28008244e-02
light,40,0.641535,2.32914093e-02
light,40,0.646630,2.39068965e-02
light,40,0.651724,2.46080070e-02
light,40,0.656819,2.53450054e-02
light,40,0.661913,2.60607699e-02
light,40,0.667008,2.66953143e-02
light,40,0.672102,2.71918245e-02
light,40,0.677197,2.75043860e-02
light,40,0.682291,2.76067810e-02
light,40,0.687386,2.74998941e-02
light,40,0.692481,2.72140982e-02
light,40,0.697575,2.68044653e-02
light,40,0.702670,2.63401818e-02
light,40,0.707764,2.58922731e-02
light,40,0.712859,2.55236474e-02
light,40,0.717953,2.52832704e-02
light,40,0.723048,2.52040079e-02
light,40,0.728142,2.53025865e-02
light,40,0.733237,2.55802306e-02
light,40,0.738331,2.60232612e-02
light,40,0.743426,2.66037598e-02
light,40,0.748521,2.72809357e-02
light,40,0.753615,2.80038142e-02
light,40,0.758710,2.87152867e-02
light,40,0.763804,2.93569020e-02
light,40,0.768899,2.98738176e-02
light,40,0.773993,3.02201820e-02
light,40,0.779088,3.03656678e-02
light,40,0.784182,3.03025942e-02
light,40,0.789277,3.00508031e-02
light,40,0.794372,2.96568288e-02
light,40,0.799466,2.91863188e-02
light,40,0.804561,2.87122880e-02
light,40,0.809655,2.83034956e-02
light,40,0.814750,2.80161030e-02
light,40,0.819844,2.78893527e-02
light,40,0.824939,2.79442294e-02
light,40,0.830033,2.81836388e-02
light,40,0.835128,2.85932042e-02
light,40,0.840222,2.91426572e-02
light,40,0.845317,2.97883964e-02
light,40,0.850412,3.04776709e-02
light,40,0.855506,3.11539851e-02
light,40,0.860601,3.17623965e-02
light,40,0.865695,3.22535230e-02
light,40,0.870790,3.25866000e-02
light,40,0.875884,3.27333539e-02
light,40,0.880979,3.26837154e-02
light,40,0.886073,3.24515650e-02
light,40,0.891168,3.20765937e-02
light,40,0.896263,3.16195669e-02
light,40,0.901357,3.11519777e-02
light,40,0.906452,3.07439757e-02
light,40,0.911546,3.04544221e-02
light,40,0.916641,3.03247946e-02
light,40,0.921735,3.03765633e-02
light,40,0.926830,3.06108257e-02
light,40,0.931924,3.10093644e-02
light,40,0.937019,3.15371092e-02
light,40,0.942113,3.21464435e-02
light,40,0.947208,3.27833482e-02
light,40,0.952303,3.33941506e-02
light,40,0.957397,3.39307369e-02
light,40,0.962492,3.43528473e-02
light,40,0.967586,3.46284928e-02
light,40,0.972681,3.47354525e-02
light,40,0.977775,3.46658604e-02
light,40,0.982870,3.44323603e-02
light,40,0.987964,3.40714455e-02
light,40,0.993059,3.36403487e-02
light,40,0.998154,3.32076426e-02
light,40,1.003248,3.28411407e-02
light,40,1.008343,3.25972042e-02
light,40,1.013437,3.25136876e-02
light,40,1.018532,3.26066247e-02
light,40,1.023626,3.28698395e-02
light,40,1.028721,3.32769381e-02
light,40,1.033815,3.37857279e-02
light,40,1.038910,3.43450630e-02
light,40,1.044004,3.49030234e-02
light,40,1.049099,3.54139268e-02
light,40,1.054194,3.58415630e-02
light,40,1.059288,3.61582417e-02
light,40,1.064383,3.63424783e-02
light,40,1.069477,3.63794325e-02
light,40,1.074572,3.62658645e-02
light,40,1.079666,3.60170119e-02
light,40,1.084761,3.56701840e-02
light,40,1.089855,3.52813875e-02
light,40,1.094950,3.49155410e-02
light,40,1.100044,3.46341622e-02
light,40,1.105139,3.44846696e-02
light,40,1.110234,3.44935201e-02
light,40,1.115328,3.46634947e-02
light,40,1.120423,3.49747381e-02
light,40,1.125517,3.53893063e-02
light,40,1.130612,3.58589039e-02
light,40,1.135706,3.63344473e-02
light,40,1.140801,3.67745218e-02
light,40,1.145895,3.71493802e-02
light,40,1.150990,3.74392313e-02
light,40,1.156085,3.76293341e-02
light,40,1.161179,3.77068604e-02
light,40,1.166274,3.76632323e-02
light,40,1.171368,3.75012773e-02
light,40,1.176463,3.72423651e-02
light,40,1.181557,3.69280222e-02
light,40,1.186652,3.66138452e-02
light,40,1.191746,3.63580089e-02
light,40,1.196841,3.62089186e-02
light,40,1.201935,3.61958025e-02
light,40,1.207030,3.63240218e-02
light,40,1.212125,3.65754248e-02
light,40,1.217219,3.69135042e-02
light,40,1.222314,3.72925321e-02
light,40,1.227408,3.76684903e-02
light,40,1.232503,3.80080377e-02
light,40,1.237597,3.82917473e-02
light,40,1.242692,3.85105712e-02
light,40,1.247786,3.86586610e-02
light,40,1.252881,3.87281559e-02
light,40,1.257976,3.87102108e-02
light,40,1.263070,3.86021269e-02
light,40,1.268165,3.84159445e-02
light,40,1.273259,3.81824543e-02
light,40,1.278354,3.79472875e-02
light,40,1.283448,3.77603974e-02
light,40,1.288543,3.76634061e-02
light,40,1.293637,3.76793962e-02
light,40,1.298732,3.78079564e-02
light,40,1.303826,3.80264617e-02
light,40,1.308921,3.82972281e-02
light,40,1.314016,3.85787144e-02
light,40,1.319110,3.88371005e-02
light,40,1.324205,3.90535356e-02
light,40,1.329299,3.92238245e-02
light,40,1.334394,3.93513374e-02
light,40,1.339488,3.94379712e-02
light,40,1.344583,3.94791122e-02
light,40,1.349677,3.94659297e-02
light,40,1.354772,3.93936323e-02
light,40,1.359867,3.92703891e-02
light,40,1.364961,3.91209627e-02
light,40,1.370056,3.89822201e-02
light,40,1.375150,3.88923663e-02
light,40,1.380245,3.88787662e-02
light,40,1.385339,3.89492591e-02
light,40,1.390434,3.90900049e-02
light,40,1.395528,3.92705912e-02
light,40,1.400623,3.94548108e-02
light,40,1.405717,3.96131789e-02
light,40,1.410812,3.97318570e-02
light,40,1.415907,3.98138071e-02
light,40,1.421001,3.98719555e-02
light,40,1.426096,3.99186080e-02
light,40,1.431190,3.99572905e-02
light,40,1.436285,3.99815073e-02
light,40,1.441379,3.99808273e-02
light,40,1.446474,3.99504628e-02
light,40,1.451568,3.98983620e-02
light,40,1.456663,3.98452031e-02
light,40,1.461758,3.98168797e-02
light,40,1.466852,3.98333021e-02
light,40,1.471947,3.98990761e-02
light,40,1.477041,4.00004691e-02
light,40,1.482136,4.01102648e-02
light,40,1.487230,4.01987633e-02
light,40,1.492325,4.02461961e-02
light,40,1.497419,4.02506197e-02
light,40,1.502514,4.02273020e-02
light,40,1.507608,4.02001595e-02
light,40,1.512703,4.01900548e-02
light,40,1.517798,4.02060462e-02
light,40,1.522892,4.02436354e-02
light,40,1.527987,4.02902488e-02
light,40,1.533081,4.03344359e-02
light,40,1.538176,4.03732684e-02
light,40,1.543270,4.04134444e-02
light,40,1.548365,4.04654225e-02
light,40,1.553459,4.05341933e-02
light,40,1.558554,4.06123390e-02
light,40,1.563648,4.06798288e-02
light,40,1.568743,4.07114601e-02
light,40,1.573838,4.06886886e-02
light,40,1.578932,4.06097953e-02
light,40,1.584027,4.04928009e-02
light,40,1.589121,4.03694403e-02
light,40,1.594216,4.02733987e-02
light,40,1.599310,4.02286547e-02
light,40,1.604405,4.02429973e-02
light,40,1.609499,4.03088007e-02
light,40,1.614594,4.04096707e-02
light,40,1.619689,4.05289016e-02
light,40,1.624783,4.06548960e-02
light,40,1.629878,4.07806597e-02
light,40,1.634972,4.08984491e-02
light,40,1.640067,4.09941276e-02
light,40,1.645161,4.10463114e-02
light,40,1.650256,4.10324900e-02
light,40,1.655350,4.09396900e-02
light,40,1.660445,4.07737921e-02
light,40,1.665539,4.05617815e-02
light,40,1.670634,4.03451598e-02
light,40,1.675729,4.01676505e-02
light,40,1.680823,4.00628353e-02
light,40,1.685918,4.00464847e-02
light,40,1.691012,4.01155641e-02
light,40,1.696107,4.02529543e-02
light,40,1.701201,4.04347230e-02
light,40,1.706296,4.06359763e-02
light,40,1.711390,4.08326381e-02
light,40,1.716485,4.09997254e-02
light,40,1.721580,4.11097879e-02
light,40,1.726674,4.11355937e-02
light,40,1.731769,4.10580902e-02
light,40,1.736863,4.08761545e-02
light,40,1.741958,4.06121850e-02
light,40,1.747052,4.03093742e-02
light,40,1.752147,4.00212474e-02
light,40,1.757241,3.97980620e-02
light,40,1.762336,3.96753856e-02
light,40,1.767430,3.96681217e-02
light,40,1.772525,3.97704962e-02
light,40,1.777620,3.99603812e-02
light,40,1.782714,4.02051872e-02
light,40,1.787809,4.04666709e-02
light,40,1.792903,4.07037031e-02
light,40,1.797998,4.08745792e-02
light,40,1.803092,4.09417559e-02
light,40,1.808187,4.08802262e-02
light,40,1.813281,4.06869271e-02
light,40,1.818376,4.03859047e-02
light,40,1.823471,4.00252263e-02
light,40,1.828565,3.96660819e-02
light,40,1.833660,3.93685122e-02
light,40,1.838754,3.91789463e-02
light,40,1.843849,3.91226757e-02
light,40,1.848943,3.92017310e-02
light,40,1.854038,3.93968741e-02
light,40,1.859132,3.96718129e-02
light,40,1.864227,3.99781146e-02
light,40,1.869321,4.02605103e-02
light,40,1.874416,4.04636870e-02
light,40,1.879511,4.05417618e-02
light,40,1.884605,4.04694718e-02
light,40,1.889700,4.02510497e-02
light,40,1.894794,3.99219050e-02
light,40,1.899889,3.95411988e-02
light,40,1.904983,3.91780340e-02
light,40,1.910078,3.88965886e-02
light,40,1.915172,3.87446239e-02
light,40,1.920267,3.87470711e-02
light,40,1.925362,3.89041225e-02
light,40,1.930456,3.91924580e-02
light,40,1.935551,3.95686500e-02
light,40,1.940645,3.99747856e-02
light,40,1.945740,4.03471361e-02
light,40,1.950834,4.06283161e-02
light,40,1.955929,4.07812452e-02
light,40,1.961023,4.08004838e-02
light,40,1.966118,4.07158275e-02
light,40,1.971212,4.05859821e-02
light,40,1.976307,4.04848746e-02
light,40,1.981402,4.04859903e-02
light,40,1.986496,4.06493619e-02
light,40,1.991591,4.10129989e-02
light,40,1.996685,4.15881726e-02
light,40,2.001780,4.23573586e-02
light,40,2.006874,4.32745498e-02
light,40,2.011969,4.42691238e-02
light,40,2.017063,4.52552387e-02
light,40,2.022158,4.61476558e-02
light,40,2.027253,4.68815713e-02
light,40,2.032347,4.74300852e-02
light,40,2.037442,4.78117110e-02
light,40,2.042536,4.80840316e-02
light,40,2.047631,4.83262301e-02
light,40,2.052725,4.86178448e-02
light,40,2.057820,4.90207976e-02
light,40,2.062914,4.95680443e-02
light,40,2.068009,5.02586333e-02
light,40,2.073103,5.10578337e-02
light,40,2.078198,5.19021192e-02
light,40,2.083293,5.27102221e-02
light,40,2.088387,5.34008508e-02
light,40,2.093482,5.39141380e-02
light,40,2.098576,5.42295986e-02
light,40,2.103671,5.43724989e-02
light,40,2.108765,5.44052720e-02
light,40,2.113860,5.44080629e-02
light,40,2.118954,5.44570127e-02
light,40,2.124049,5.46077334e-02
light,40,2.129143,5.48867417e-02
light,40,2.134238,5.52895155e-02
light,40,2.139333,5.57828016e-02
light,40,2.144427,5.63104836e-02
light,40,2.149522,5.68042238e-02
light,40,2.154616,5.71994510e-02
light,40,2.159711,5.74535528e-02
light,40,2.164805,5.75592627e-02
light,40,2.169900,5.75464687e-02
light,40,2.174994,5.74711469e-02
light,40,2.180089,5.73969005e-02
light,40,2.185184,5.73774142e-02
light,40,2.190278,5.74455400e-02
light,40,2.195373,5.76097589e-02
light,40,2.200467,5.78554691e-02
light,40,2.205562,5.81487774e-02
light,40,2.210656,5.84428580e-02
light,40,2.215751,5.86882405e-02
light,40,2.220845,5.88464196e-02
light,40,2.225940,5.89022463e-02
light,40,2.231034,5.88687905e-02
light,40,2.236129,5.87815090e-02
light,40,2.241224,5.86846714e-02
light,40,2.246318,5.86170256e-02
light,40,2.251413,5.86026278e-02
light,40,2.256507,5.86482684e-02
light,40,2.261602,5.87451302e-02
light,40,2.266696,5.88719491e-02
light,40,2.271791,5.89992787e-02
light,40,2.276885,5.90961971e-02
light,40,2.281980,5.91394339e-02
light,40,2.287075,5.91215444e-02
light,40,2.292169,5.90532964e-02
light,40,2.297264,5.89582551e-02
light,40,2.302358,5.88626130e-02
light,40,2.307453,5.87860584e-02
light,40,2.312547,5.87376774e-02
light,40,2.317642,5.87166529e-02
light,40,2.322736,5.87148531e-02
light,40,2.327831,5.87192174e-02
light,40,2.332925,5.87143890e-02
light,40,2.338020,5.86868859e-02
light,40,2.343115,5.86300857e-02
light,40,2.348209,5.85469294e-02
light,40,2.353304,5.84478305e-02
light,40,2.358398,5.83448135e-02
light,40,2.363493,5.82459070e-02
light,40,2.368587,5.81532260e-02
light,40,2.373682,5.80647392e-02
light,40,2.378776,5.79769954e-02
light,40,2.383871,5.78865443e-02
light,40,2.388966,5.77902598e-02
light,40,2.394060,5.76860392e-02
light,40,2.399155,5.75740412e-02
light,40,2.404249,5.74568546e-02
light,40,2.409344,5.73374616e-02
light,40,2.414438,5.72163219e-02
light,40,2.419533,5.70903315e-02
light,40,2.424627,5.69548797e-02
light,40,2.429722,5.68072869e-02
light,40,2.434816,5.66487667e-02
light,40,2.439911,5.64837608e-02
light,40,2.445006,5.63178381e-02
light,40,2.450100,5.61557330e-02
light,40,2.455195,5.59998153e-02
light,40,2.460289,5.58486738e-02
light,40,2.465384,5.56964674e-02
light,40,2.470478,5.55344610e-02
light,40,2.475573,5.53549356e-02
light,40,2.480667,5.51553603e-02
light,40,2.485762,5.49400014e-02
light,40,2.490857,5.47179812e-02
light,40,2.495951,5.44992107e-02
light,40,2.501046,5.42903242e-02
light,40,2.506140,5.40919493e-02
light,40,2.511235,5.38980299e-02
light,40,2.516329,5.36978521e-02
light,40,2.521424,5.34806517e-02
light,40,2.526518,5.32408775e-02
light,40,2.531613,5.29810831e-02
light,40,2.536707,5.27106210e-02
light,40,2.541802,5.24409624e-02
light,40,2.546897,5.21802233e-02
light,40,2.551991,5.19294035e-02
light,40,2.557086,5.16818652e-02
light,40,2.562180,5.14264426e-02
light,40,2.567275,5.11530229e-02
light,40,2.572369,5.08577912e-02
light,40,2.577464,5.05450719e-02
light,40,2.582558,5.02246404e-02
light,40,2.587653,4.99061741e-02
light,40,2.592747,4.95940134e-02
light,40,2.597842,4.92849774e-02
light,40,2.602937,4.89703243e-02
light,40,2.608031,4.86408141e-02
light,40,2.613126,4.82919741e-02
light,40,2.618220,4.79263343e-02
light,40,2.623315,4.75512757e-02
light,40,2.628409,4.71740292e-02
light,40,2.633504,4.67971073e-02
light,40,2.638598,4.64169806e-02
light,40,2.643693,4.60266649e-02
light,40,2.648788,4.56203722e-02
light,40,2.653882,4.51970031e-02
light,40,2.658977,4.47601191e-02
light,40,2.664071,4.43146570e-02
light,40,2.669166,4.38630072e-02
light,40,2.674260,4.34033483e-02
light,40,2.679355,4.29312391e-02
light,40,2.684449,4.24429485e-02
light,40,2.689544,4.19377636e-02
light,40,2.694638,4.14175594e-02
light,40,2.699733,4.08843288e-02
light,40,2.704828,4.03380016e-02
light,40,2.709922,3.97763458e-02
light,40,2.715017,3.91966915e-02
light,40,2.720111,3.85976291e-02
light,40,2.725206,3.79791464e-02
light,40,2.730300,3.73413951e-02
light,40,2.735395,3.66835664e-02
light,40,2.740489,3.60039406e-02
light,40,2.745584,3.53007605e-02
light,40,2.750679,3.45728151e-02
light,40,2.755773,3.38192319e-02
light,40,2.760868,3.30389868e-02
light,40,2.765962,3.22308077e-02
light,40,2.771057,3.13934945e-02
light,40,2.776151,3.05262195e-02
light,40,2.781246,2.96286167e-02
light,40,2.786340,2.87008580e-02
light,40,2.791435,2.77438991e-02
light,40,2.796529,2.67598445e-02
light,40,2.801624,2.57523170e-02
light,40,2.806719,2.47267849e-02
light,40,2.811813,2.36907989e-02
light,40,2.816908,2.26540158e-02
light,40,2.822002,2.16278678e-02
light,40,2.827097,2.06248086e-02
light,40,2.832191,1.96572056e-02
light,40,2.837286,1.87361023e-02
light,40,2.842380,1.78701636e-02
light,40,2.847475,1.70650640e-02
light,40,2.852570,1.63234113e-02
light,40,2.857664,1.56451159e-02
light,40,2.862759,1.50280130e-02
light,40,2.867853,1.44685429e-02
light,40,2.872948,1.39623580e-02
light,40,2.878042,1.35047931e-02
light,40,2.883137,1.30911935e-02
light,40,2.888231,1.27171204e-02
light,40,2.893326,1.23784643e-02
light,40,2.898420,1.20714948e-02
light,40,2.903515,1.17928695e-02
light,40,2.908610,1.15396195e-02
light,40,2.913704,1.13091217e-02
light,40,2.918799,1.10990658e-02
light,40,2.923893,1.09074197e-02
light,40,2.928988,1.07323970e-02
light,40,2.934082,1.05724260e-02
light,40,2.939177,1.04261224e-02
light,40,2.944271,1.02922653e-02
light,40,2.949366,1.01697753e-02
light,40,2.954461,1.00576968e-02
light,40,2.959555,9.95518161e-03
light,40,2.964650,9.86147504e-03
light,40,2.969744,9.77590435e-03
light,40,2.974839,9.69786835e-03
light,40,2.979933,9.62682863e-03
light,40,2.985028,9.56230193e-03
light,40,2.990122,9.50385358e-03
light,40,2.995217,9.45109183e-03
light,40,3.000311,9.40366289e-03
light,40,3.005406,9.36124671e-03
light,40,3.010501,9.32355317e-03
light,40,3.015595,9.29031890e-03
light,40,3.020690,9.26130441e-03
light,40,3.025784,9.23629159e-03
light,40,3.030879,9.21508154e-03
light,40,3.035973,9.19749266e-03
light,40,3.041068,9.18335892e-03
light,40,3.046162,9.17252836e-03
light,40,3.051257,9.16486182e-03
light,40,3.056352,9.16023169e-03
light,40,3.061446,9.15852088e-03
light,40,3.066541,9.15962193e-03
light,40,3.071635,9.16343612e-03
light,40,3.076730,9.16987277e-03
light,40,3.081824,9.17884853e-03
light,40,3.086919,9.19028681e-03
light,40,3.092013,9.20411726e-03
light,40,3.097108,9.22027522e-03
light,40,3.102202,9.23870137e-03
light,40,3.107297,9.25934125e-03
light,40,3.112392,9.28214499e-03
light,40,3.117486,9.30706690e-03
light,40,3.122581,9.33406526e-03
light,40,3.127675,9.36310199e-03
light,40,3.132770,9.39414246e-03
light,40,3.137864,9.42715523e-03
light,40,3.142959,9.46211188e-03
light,40,3.148053,9.49898683e-03
light,40,3.153148,9.53775715e-03
light,40,3.158242,9.57840242e-03
light,40,3.163337,9.62090464e-03
light,40,3.168432,9.66524800e-03
light,40,3.173526,9.71141890e-03
light,40,3.178621,9.75940572e-03
light,40,3.183715,9.80919881e-03
light,40,3.188810,9.86079037e-03
light,40,3.193904,9.91417438e-03
light,40,3.198999,9.96934654e-03
light,40,3.204093,1.00263042e-02
light,40,3.209188,1.00850461e-02
light,40,3.214283,1.01455729e-02
light,40,3.219377,1.02078865e-02
light,40,3.224472,1.02719901e-02
light,40,3.229566,1.03378885e-02
light,40,3.234661,1.04055878e-02
light,40,3.239755,1.04750956e-02
light,40,3.244850,1.05464204e-02
light,40,3.249944,1.06195724e-02
light,40,3.255039,1.06945628e-02
light,40,3.260133,1.07714042e-02
light,40,3.265228,1.08501102e-02
light,40,3.270323,1.09306958e-02
light,40,3.275417,1.10131772e-02
light,40,3.280512,1.10975717e-02
light,40,3.285606,1.11838978e-02
light,40,3.290701,1.12721753e-02
light,40,3.295795,1.13624250e-02
light,40,3.300890,1.14546689e-02
light,40,3.305984,1.15489304e-02
light,40,3.311079,1.16452339e-02
light,40,3.316174,1.17436050e-02
light,40,3.321268,1.18440705e-02
light,40,3.326363,1.19466586e-02
light,40,3.331457,1.20513985e-02
light,40,3.336552,1.21583207e-02
light,40,3.341646,1.22674571e-02
light,40,3.346741,1.23788406e-02
light,40,3.351835,1.24925056e-02
light,40,3.356930,1.26084878e-02
light,40,3.362024,1.27268242e-02
light,40,3.367119,1.28475532e-02
light,40,3.372214,1.29707144e-02
light,40,3.377308,1.30963492e-02
light,40,3.382403,1.32245000e-02
light,40,3.387497,1.33552109e-02
light,40,3.392592,1.34885277e-02
light,40,3.397686,1.36244973e-02
light,40,3.402781,1.37631686e-02
light,40,3.407875,1.39045919e-02
light,40,3.412970,1.40488193e-02
light,40,3.418065,1.41959043e-02
light,40,3.423159,1.43459026e-02
light,40,3.428254,1.44988715e-02
light,40,3.433348,1.46548700e-02
light,40,3.438443,1.48139592e-02
light,40,3.443537,1.49762021e-02
light,40,3.448632,1.51416639e-02
light,40,3.453726,1.53104115e-02
light,40,3.458821,1.54825143e-02
light,40,3.463915,1.56580437e-02
light,40,3.469010,1.58370735e-02
light,40,3.474105,1.60196798e-02
light,40,3.479199,1.62059412e-02
light,40,3.484294,1.63959388e-02
light,40,3.489388,1.65897561e-02
light,40,3.494483,1.67874795e-02
light,40,3.499577,1.69891982e-02
light,40,3.504672,1.71950041e-02
light,40,3.509766,1.74049922e-02
light,40,3.514861,1.76192605e-02
light,40,3.519956,1.78379101e-02
light,40,3.525050,1.80610457e-02
light,40,3.530145,1.82887750e-02
light,40,3.535239,1.85212095e-02
light,40,3.540334,1.87584644e-02
light,40,3.545428,1.90006585e-02
light,40,3.550523,1.92479146e-02
light,40,3.555617,1.95003597e-02
light,40,3.560712,1.97581250e-02
light,40,3.565806,2.00213460e-02
light,40,3.570901,2.02901629e-02
light,40,3.575996,2.05647206e-02
light,40,3.581090,2.08451689e-02
light,40,3.586185,2.11316628e-02
light,40,3.591279,2.14243627e-02
light,40,3.596374,2.17234344e-02
light,40,3.601468,2.20290495e-02
light,40,3.606563,2.23413856e-02
light,40,3.611657,2.26606268e-02
light,40,3.616752,2.29869633e-02
light,40,3.621846,2.33205925e-02
light,40,3.626941,2.36617185e-02
light,40,3.632036,2.40105530e-02
light,40,3.637130,2.43673153e-02
light,40,3.642225,2.47322328e-02
light,40,3.647319,2.51055411e-02
light,40,3.652414,2.54874846e-02
light,40,3.657508,2.58783169e-02
light,40,3.662603,2.62783008e-02
light,40,3.667697,2.66877094e-02
light,40,3.672792,2.71068260e-02
light,40,3.677887,2.75359447e-02
light,40,3.682981,2.79753710e-02
light,40,3.688076,2.84254222e-02
light,40,3.693170,2.88864280e-02
light,40,3.698265,2.93587313e-02
light,40,3.703359,2.98426882e-02
light,40,3.708454,3.03386694e-02
light,40,3.713548,3.08470604e-02
light,40,3.718643,3.13682622e-02
light,40,3.723737,3.19026924e-02
light,40,3.728832,3.24507856e-02
light,40,3.733927,3.30129947e-02
light,40,3.739021,3.35897913e-02
light,40,3.744116,3.41816669e-02
light,40,3.749210,3.47891342e-02
light,40,3.754305,3.54127276e-02
light,40,3.759399,3.60530045e-02
light,40,3.764494,3.67105469e-02
light,40,3.769588,3.73859622e-02
light,40,3.774683,3.80798847e-02
light,40,3.779778,3.87929771e-02
light,40,3.784872,3.95259319e-02
light,40,3.789967,4.02794732e-02
light,40,3.795061,4.10543582e-02
light,40,3.800156,4.18513791e-02
light,40,3.805250,4.26713653e-02
light,40,3.810345,4.35151851e-02
light,40,3.815439,4.43837480e-02
light,40,3.820534,4.52780074e-02
light,40,3.825628,4.61989626e-02
light,40,3.830723,4.71476619e-02
light,40,3.835818,4.81252053e-02
light,40,3.840912,4.91327475e-02
light,40,3.846007,5.01715014e-02
light,40,3.851101,5.12427415e-02
light,40,3.856196,5.23478075e-02
light,40,3.861290,5.34881087e-02
light,40,3.866385,5.46651281e-02
light,40,3.871479,5.58804270e-02
light,40,3.876574,5.71356502e-02
light,40,3.881669,5.84325309e-02
light,40,3.886763,5.97728973e-02
light,40,3.891858,6.11586781e-02
light,40,3.896952,6.25919091e-02
light,40,3.902047,6.40747413e-02
light,40,3.907141,6.56094476e-02
light,40,3.912236,6.71984319e-02
light,40,3.917330,6.88442380e-02
light,40,3.922425,7.05495591e-02
light,40,3.927519,7.23172490e-02
light,40,3.932614,7.41503330e-02
light,40,3.937709,7.60520209e-02
light,40,3.942803,7.80257202e-02
light,40,3.947898,8.00750506e-02
light,40,3.952992,8.22038607e-02
light,40,3.958087,8.44162445e-02
light,40,3.963181,8.67165611e-02
light,40,3.968276,8.91094548e-02
light,40,3.973370,9.15998780e-02
light,40,3.978465,9.41931155e-02
light,40,3.983560,9.68948118e-02
light,40,3.988654,9.97110003e-02
light,40,3.993749,1.02648136e-01
light,40,3.998843,1.05713130e-01
light,40,4.003938,1.08913390e-01
light,40,4.009032,1.12256861e-01
light,40,4.014127,1.15752077e-01
light,40,4.019221,1.19408207e-01
light,40,4.024316,1.23235117e-01
light,40,4.029410,1.27243431e-01
light,40,4.034505,1.31444603e-01
light,40,4.039600,1.35850997e-01
light,40,4.044694,1.40475967e-01
light,40,4.049789,1.45333962e-01
light,40,4.054883,1.50440627e-01
light,40,4.059978,1.55812924e-01
light,40,4.065072,1.61469268e-01
light,40,4.070167,1.67429675e-01
light,40,4.075261,1.73715929e-01
light,40,4.080356,1.80351770e-01
light,40,4.085451,1.87363109e-01
light,40,4.090545,1.94778261e-01
light,40,4.095640,2.02628218e-01
light,40,4.100734,2.10946951e-01
light,40,4.105829,2.19771753e-01
light,40,4.110923,2.29143633e-01
light,40,4.116018,2.39107756e-01
light,40,4.121112,2.49713953e-01
light,40,4.126207,2.61017294e-01
light,40,4.131301,2.73078751e-01
light,40,4.136396,2.85965954e-01
light,40,4.141491,2.99754059e-01
light,40,4.146585,3.14526751e-01
light,40,4.151680,3.30377399e-01
light,40,4.156774,3.47410383e-01
light,40,4.161869,3.65742651e-01
light,40,4.166963,3.85505503e-01
light,40,4.172058,4.06846684e-01
light,40,4.177152,4.29932817e-01
light,40,4.182247,4.54952241e-01
light,40,4.187341,4.82118341e-01
light,40,4.192436,5.11673437e-01
light,40,4.197531,5.43893360e-01
light,40,4.202625,5.79092817e-01
light,40,4.207720,6.17631695e-01
light,40,4.212814,6.59922475e-01
light,40,4.217909,7.06438922e-01
light,40,4.223003,7.57726274e-01
light,40,4.228098,8.14413124e-01
light,40,4.233192,8.77225210e-01
light,40,4.238287,9.47001268e-01
light,40,4.243382,1.02471103e+00
light,40,4.248476,1.11147518e+00
light,40,4.253571,1.20858693e+00
light,40,4.258665,1.31753385e+00
light,40,4.263760,1.44001808e+00
light,40,4.268854,1.57797095e+00
light,40,4.273949,1.73355544e+00
light,40,4.279043,1.90914604e+00
light,40,4.284138,2.10726909e+00
light,40,4.289232,2.33047863e+00
light,40,4.294327,2.58113130e+00
light,40,4.299422,2.86101228e+00
light,40,4.304516,3.17075564e+00
light,40,4.309611,3.50900821e+00
light,40,4.314705,3.87132671e+00
light,40,4.319800,4.24890078e+00
light,40,4.324894,4.62738640e+00
light,40,4.329989,4.98639613e+00
light,40,4.335083,5.30040303e+00
light,40,4.340178,5.54171232e+00
light,40,4.345273,5.68546695e+00
light,40,4.350367,5.71545061e+00
light,40,4.355462,5.62845230e+00
light,40,4.360556,5.43515094e+00
light,40,4.365651,5.15708410e+00
light,40,4.370745,4.82119252e+00
light,40,4.375840,4.45427331e+00
light,40,4.380934,4.07908058e+00
light,40,4.386029,3.71258197e+00
light,40,4.391123,3.36593684e+00
light,40,4.396218,3.04543650e+00
light,40,4.401313,2.75375873e+00
light,40,4.406407,2.49114837e+00
light,40,4.411502,2.25636044e+00
light,40,4.416596,2.04734015e+00
light,40,4.421691,1.86167719e+00
light,40,4.426785,1.69688926e+00
light,40,4.431880,1.55058666e+00
light,40,4.436974,1.42055842e+00
light,40,4.442069,1.30480934e+00
light,40,4.447164,1.20156775e+00
light,40,4.452258,1.10927699e+00
light,40,4.457353,1.02657847e+00
light,40,4.462447,9.52291365e-01
light,40,4.467542,8.85391762e-01
light,40,4.472636,8.24992625e-01
light,40,4.477731,7.70325525e-01
light,40,4.482825,7.20724316e-01
light,40,4.487920,6.75610823e-01
light,40,4.493014,6.34482435e-01
light,40,4.498109,5.96901423e-01
light,40,4.503204,5.62485789e-01
light,40,4.508298,5.30901447e-01
light,40,4.513393,5.01855561e-01
light,40,4.518487,4.75090860e-01
light,40,4.523582,4.50380797e-01
light,40,4.528676,4.27525416e-01
light,40,4.533771,4.06347823e-01
light,40,4.538865,3.86691171e-01
light,40,4.543960,3.68416077e-01
light,40,4.549055,3.51398400e-01
light,40,4.554149,3.35527337e-01
light,40,4.559244,3.20703784e-01
light,40,4.564338,3.06838914e-01
light,40,4.569433,2.93852952e-01
light,40,4.574527,2.81674112e-01
light,40,4.579622,2.70237675e-01
light,40,4.584716,2.59485185e-01
light,40,4.589811,2.49363746e-01
light,40,4.594905,2.39825410e-01
light,40,4.600000,2.30826640e-01
light,160,0.020000,2.30640193e-04
light,160,0.025095,3.50996550e-04
light,160,0.030189,4.90802226e-04
light,160,0.035284,6.48144607e-04
light,160,0.040378,8.21103801e-04
light,160,0.045473,1.00731098e-03
light,160,0.050567,1.20386787e-03
light,160,0.055662,1.40766219e-03
light,160,0.060756,1.61589525e-03
light,160,0.065851,1.82656343e-03
light,160,0.070945,2.03872429e-03
light,160,0.076040,2.25250627e-03
light,160,0.081135,2.46886192e-03
light,160,0.086229,2.68905932e-03
light,160,0.091324,2.91398108e-03
light,160,0.096418,3.14346307e-03
light,160,0.101513,3.37600473e-03
light,160,0.106607,3.60908561e-03
light,160,0.111702,3.84004784e-03
light,160,0.116796,4.06719405e-03
light,160,0.121891,4.29057815e-03
light,160,0.126986,4.51205158e-03
light,160,0.132080,4.73447257e-03
light,160,0.137175,4.96042337e-03
light,160,0.142269,5.19104444e-03
light,160,0.147364,5.42552426e-03
light,160,0.152458,5.66144564e-03
light,160,0.157553,5.89579424e-03
light,160,0.162647,6.12616627e-03
light,160,0.167742,6.35165747e-03
light,160,0.172836,6.57308473e-03
light,160,0.177931,6.79252473e-03
light,160,0.183026,7.01247520e-03
light,160,0.188120,7.23503557e-03
light,160,0.193215,7.46132902e-03
light,160,0.198309,7.69117933e-03
light,160,0.203404,7.92304817e-03
light,160,0.208498,8.15435424e-03
light,160,0.213593,8.38226239e-03
light,160,0.218687,8.60476004e-03
light,160,0.223782,8.82156773e-03
light,160,0.228877,9.03442534e-03
light,160,0.233971,9.24656350e-03
light,160,0.239066,9.46150824e-03
light,160,0.244160,9.68163131e-03
light,160,0.249255,9.90702411e-03
light,160,0.254349,1.01352703e-02
light,160,0.259444,1.03623750e-02
light,160,0.264538,1.05845089e-02
light,160,0.269633,1.07997055e-02
light,160,0.274727,1.10086438e-02
light,160,0.279822,1.12141904e-02
light,160,0.284917,1.14200629e-02
light,160,0.290011,1.16293434e-02
light,160,0.295106,1.18434514e-02
light,160,0.300200,1.20618185e-02
light,160,0.305295,1.22822027e-02
light,160,0.310389,1.25014872e-02
light,160,0.315484,1.27167426e-02
light,160,0.320578,1.29262112e-02
light,160,0.325673,1.31298527e-02
light,160,0.330768,1.33293103e-02
light,160,0.335862,1.35274277e-02
light,160,0.340957,1.37274697e-02
light,160,0.346051,1.39320918e-02
light,160,0.351146,1.41422034e-02
light,160,0.356240,1.43562252e-02
light,160,0.361335,1.45703845e-02
light,160,0.366429,1.47802267e-02
light,160,0.371524,1.49826723e-02
light,160,0.376618,1.51774651e-02
light,160,0.381713,1.53672370e-02
light,160,0.386808,1.55562959e-02
light,160,0.391902,1.57488426e-02
light,160,0.396997,1.59473381e-02
light,160,0.402091,1.61515383e-02
light,160,0.407186,1.63585679e-02
light,160,0.412280,1.65641363e-02
light,160,0.417375,1.67644292e-02
light,160,0.422469,1.69577027e-02
light,160,0.427564,1.71447430e-02
light,160,0.432659,1.73281449e-02
light,160,0.437753,1.75111153e-02
light,160,0.442848,1.76965140e-02
light,160,0.447942,1.78862453e-02
light,160,0.453037,1.80807268e-02
light,160,0.458131,1.82784514e-02
light,160,0.463226,1.84761436e-02
light,160,0.468320,1.86698814e-02
light,160,0.473415,1.88567992e-02
light,160,0.478509,1.90364087e-02
light,160,0.483604,1.92108267e-02
light,160,0.488699,1.93839403e-02
light,160,0.493793,1.95599803e-02
light,160,0.498888,1.97419314e-02
light,160,0.503982,1.99301807e-02
light,160,0.509077,2.01220189e-02
light,160,0.514171,2.03125842e-02
light,160,0.519266,2.04971105e-02
light,160,0.524360,2.06733046e-02
light,160,0.529455,2.08423647e-02
light,160,0.534549,2.10080756e-02
light,160,0.539644,2.11747853e-02
light,160,0.544739,2.13456194e-02
light,160,0.549833,2.15216658e-02
light,160,0.554928,2.17019580e-02
light,160,0.560022,2.18838605e-02
light,160,0.565117,2.20638319e-02
light,160,0.570211,2.22386584e-02
light,160,0.575306,2.24067873e-02
light,160,0.580400,2.25689831e-02
light,160,0.585495,2.27278964e-02
light,160,0.590590,2.28869396e-02
light,160,0.595684,2.30491661e-02
light,160,0.600779,2.32164179e-02
light,160,0.605873,2.33886104e-02
light,160,0.610968,2.35633062e-02
light,160,0.616062,2.37362030e-02
light,160,0.621157,2.39029063e-02
light,160,0.626251,2.40612660e-02
light,160,0.631346,2.42127286e-02
light,160,0.636440,2.43616448e-02
light,160,0.641535,2.45129755e-02
light,160,0.646630,2.46699300e-02
light,160,0.651724,2.48328065e-02
light,160,0.656819,2.49992204e-02
light,160,0.661913,2.51652011e-02
light,160,0.667008,2.53266949e-02
light,160,0.672102,2.54811767e-02
light,160,0.677197,2.56288105e-02
light,160,0.682291,2.57723988e-02
light,160,0.687386,2.59159426e-02
light,160,0.692481,2.60626867e-02
light,160,0.697575,2.62139045e-02
light,160,0.702670,2.63689007e-02
light,160,0.707764,2.65256710e-02
light,160,0.712859,2.66814980e-02
light,160,0.717953,2.68334684e-02
light,160,0.723048,2.69793601e-02
light,160,0.728142,2.71188587e-02
light,160,0.733237,2.72542339e-02
light,160,0.738331,2.73895952e-02
light,160,0.743426,2.75288926e-02
light,160,0.748521,2.76738961e-02
light,160,0.753615,2.78234000e-02
light,160,0.758710,2.79739171e-02
light,160,0.763804,2.81212352e-02
light,160,0.768899,2.82621094e-02
light,160,0.773993,2.83956481e-02
light,160,0.779088,2.85239299e-02
light,160,0.784182,2.86512731e-02
light,160,0.789277,2.87821355e-02
light,160,0.794372,2.89187297e-02
light,160,0.799466,2.90599354e-02
light,160,0.804561,2.92022171e-02
light,160,0.809655,2.93417217e-02
light,160,0.814750,2.94760255e-02
light,160,0.819844,2.96046961e-02
light,160,0.824939,2.97289725e-02
light,160,0.830033,2.98512172e-02
light,160,0.835128,2.99742899e-02
light,160,0.840222,3.01006143e-02
light,160,0.845317,3.02310586e-02
light,160,0.850412,3.03643267e-02
light,160,0.855506,3.04974688e-02
light,160,0.860601,3.06272866e-02
light,160,0.865695,3.07517315e-02
light,160,0.870790,3.08706175e-02
light,160,0.875884,3.09856534e-02
light,160,0.880979,3.10999829e-02
light,160,0.886073,3.12171181e-02
light,160,0.891168,3.13392563e-02
light,160,0.896263,3.14657763e-02
light,160,0.901357,3.15931855e-02
light,160,0.906452,3.17169747e-02
light,160,0.911546,3.18342509e-02
light,160,0.916641,3.19452838e-02
light,160,0.921735,3.20530264e-02
light,160,0.926830,3.21612758e-02
light,160,0.931924,3.22728435e-02
light,160,0.937019,3.23885532e-02
light,160,0.942113,3.25071041e-02
light,160,0.947208,3.26256467e-02
light,160,0.952303,3.27410109e-02
light,160,0.957397,3.28512446e-02
light,160,0.962492,3.29566094e-02
light,160,0.967586,3.30592928e-02
light,160,0.972681,3.31620567e-02
light,160,0.977775,3.32668901e-02
light,160,0.982870,3.33744677e-02
light,160,0.987964,3.34842550e-02
light,160,0.993059,3.35946919e-02
light,160,0.998154,3.37034344e-02
light,160,1.003248,3.38081310e-02
light,160,1.008343,3.39077408e-02
light,160,1.013437,3.40034861e-02
light,160,1.018532,3.40984398e-02
light,160,1.023626,3.41958012e-02
light,160,1.028721,3.42970479e-02
light,160,1.033815,3.44012002e-02
light,160,1.038910,3.45054728e-02
light,160,1.044004,3.46067103e-02
light,160,1.049099,3.47028724e-02
light,160,1.054194,3.47940594e-02
light,160,1.059288,3.48826206e-02
light,160,1.064383,3.49720239e-02
light,160,1.069477,3.50648639e-02
light,160,1.074572,3.51612576e-02
light,160,1.079666,3.52588526e-02
light,160,1.084761,3.53544559e-02
light,160,1.089855,3.54459799e-02
light,160,1.094950,3.55333302e-02
light,160,1.100044,3.56179851e-02
light,160,1.105139,3.57020064e-02
light,160,1.110234,3.57871814e-02
light,160,1.115328,3.58744298e-02
light,160,1.120423,3.59634215e-02
light,160,1.125517,3.60526137e-02
light,160,1.130612,3.61399499e-02
light,160,1.135706,3.62239595e-02
light,160,1.140801,3.63045288e-02
light,160,1.145895,3.63828456e-02
light,160,1.150990,3.64607220e-02
light,160,1.156085,3.65398128e-02
light,160,1.161179,3.66209649e-02
light,160,1.166274,3.67037104e-02
light,160,1.171368,3.67861942e-02
light,160,1.176463,3.68659818e-02
light,160,1.181557,3.69415812e-02
light,160,1.186652,3.70136085e-02
light,160,1.191746,3.70845170e-02
light,160,1.196841,3.71569683e-02
light,160,1.201935,3.72320979e-02
light,160,1.207030,3.73089242e-02
light,160,1.212125,3.73851188e-02
light,160,1.217219,3.74584326e-02
light,160,1.222314,3.75279212e-02
light,160,1.227408,3.75944215e-02
light,160,1.232503,3.76600627e-02
light,160,1.237597,3.77269921e-02
light,160,1.242692,3.77960171e-02
light,160,1.247786,3.78661072e-02
light,160,1.252881,3.79351824e-02
light,160,1.257976,3.80015797e-02
light,160,1.263070,3.80650321e-02
light,160,1.268165,3.81265299e-02
light,160,1.273259,3.81874695e-02
light,160,1.278354,3.82488857e-02
light,160,1.283448,3.83111178e-02
light,160,1.288543,3.83737704e-02
light,160,1.293637,3.84358659e-02
light,160,1.298732,3.84962731e-02
light,160,1.303826,3.85543431e-02
light,160,1.308921,3.86103408e-02
light,160,1.314016,3.86652977e-02
light,160,1.319110,3.87203738e-02
light,160,1.324205,3.87761944e-02
light,160,1.329299,3.88325372e-02
light,160,1.334394,3.88884385e-02
light,160,1.339488,3.89426540e-02
light,160,1.344583,3.89943719e-02
light,160,1.349677,3.90438493e-02
light,160,1.354772,3.90924196e-02
light,160,1.359867,3.91416244e-02
light,160,1.364961,3.91920263e-02
light,160,1.370056,3.92427191e-02
light,160,1.375150,3.92920138e-02
light,160,1.380245,3.93387230e-02
light,160,1.385339,3.93829893e-02
light,160,1.390434,3.94260937e-02
light,160,1.395528,3.94695042e-02
light,160,1.400623,3.95138646e-02
light,160,1.405717,3.95585667e-02
light,160,1.410812,3.96021906e-02
light,160,1.415907,3.96435490e-02
light,160,1.421001,3.96825888e-02
light,160,1.426096,3.97204122e-02
light,160,1.431190,3.97583619e-02
light,160,1.436285,3.97969427e-02
light,160,1.441379,3.98355041e-02
light,160,1.446474,3.98728852e-02
light,160,1.451568,3.99083603e-02
light,160,1.456663,3.99420915e-02
light,160,1.461758,3.99748591e-02
light,160,1.466852,4.00074224e-02
light,160,1.471947,4.00399996e-02
light,160,1.477041,4.00721790e-02
light,160,1.482136,4.01032796e-02
light,160,1.487230,4.01328827e-02
light,160,1.492325,4.01611177e-02
light,160,1.497419,4.01884844e-02
light,160,1.502514,4.02154008e-02
light,160,1.507608,4.02418996e-02
light,160,1.512703,4.02676991e-02
light,160,1.517798,4.02924914e-02
light,160,1.522892,4.03161444e-02
light,160,1.527987,4.03387099e-02
light,160,1.533081,4.03603410e-02
light,160,1.538176,4.03812095e-02
light,160,1.543270,4.04014175e-02
light,160,1.548365,4.04209213e-02
light,160,1.553459,4.04395457e-02
light,160,1.558554,4.04571109e-02
light,160,1.563648,4.04735667e-02
light,160,1.568743,4.04890194e-02
light,160,1.573838,4.05036466e-02
light,160,1.578932,4.05175717e-02
light,160,1.584027,4.05307690e-02
light,160,1.589121,4.05430591e-02
light,160,1.594216,4.05542346e-02
light,160,1.599310,4.05642447e-02
light,160,1.604405,4.05732617e-02
light,160,1.609499,4.05815264e-02
light,160,1.614594,4.05891095e-02
light,160,1.619689,4.05958376e-02
light,160,1.624783,4.06014634e-02
light,160,1.629878,4.06058972e-02
light,160,1.634972,4.06092714e-02
light,160,1.640067,4.06118001e-02
light,160,1.645161,4.06135839e-02
light,160,1.650256,4.06145245e-02
light,160,1.655350,4.06144102e-02
light,160,1.660445,4.06131055e-02
light,160,1.665539,4.06106818e-02
light,160,1.670634,4.06073466e-02
light,160,1.675729,4.06032267e-02
light,160,1.680823,4.05982378e-02
light,160,1.685918,4.05921832e-02
light,160,1.691012,4.05849551e-02
light,160,1.696107,4.05766184e-02
light,160,1.701201,4.05673237e-02
light,160,1.706296,4.05571664e-02
light,160,1.711390,4.05461140e-02
light,160,1.716485,4.05340344e-02
light,160,1.721580,4.05208042e-02
light,160,1.726674,4.05064296e-02
light,160,1.731769,4.04910610e-02
light,160,1.736863,4.04748482e-02
light,160,1.741958,4.04577710e-02
light,160,1.747052,4.04396525e-02
light,160,1.752147,4.04203599e-02
light,160,1.757241,4.03999593e-02
light,160,1.762336,4.03786456e-02
light,160,1.767430,4.03565378e-02
light,160,1.772525,4.03335702e-02
light,160,1.777620,4.03095771e-02
light,160,1.782714,4.02844788e-02
light,160,1.787809,4.02583906e-02
light,160,1.792903,4.02315354e-02
light,160,1.797998,4.02040225e-02
light,160,1.803092,4.01757367e-02
light,160,1.808187,4.01465056e-02
light,160,1.813281,4.01163635e-02
light,160,1.818376,4.00855666e-02
light,160,1.823471,4.00543361e-02
light,160,1.828565,4.00226700e-02
light,160,1.833660,3.99904546e-02
light,160,1.838754,3.99577015e-02
light,160,1.843849,3.99246207e-02
light,160,1.848943,3.98914944e-02
light,160,1.854038,3.98585191e-02
light,160,1.859132,3.98257658e-02
light,160,1.864227,3.97932876e-02
light,160,1.869321,3.97612867e-02
light,160,1.874416,3.97301707e-02
light,160,1.879511,3.97004074e-02
light,160,1.884605,3.96723443e-02
light,160,1.889700,3.96462479e-02
light,160,1.894794,3.96225419e-02
light,160,1.899889,3.96019415e-02
light,160,1.904983,3.95853328e-02
light,160,1.910078,3.95736009e-02
light,160,1.915172,3.95676499e-02
light,160,1.920267,3.95685914e-02
light,160,1.925362,3.95779060e-02
light,160,1.930456,3.95974625e-02
light,160,1.935551,3.96294325e-02
light,160,1.940645,3.96762400e-02
light,160,1.945740,3.97406792e-02
light,160,1.950834,3.98261541e-02
light,160,1.955929,3.99368033e-02
light,160,1.961023,4.00773604e-02
light,160,1.966118,4.02529184e-02
light,160,1.971212,4.04688171e-02
light,160,1.976307,4.07305462e-02
light,160,1.981402,4.10433364e-02
light,160,1.986496,4.14113474e-02
light,160,1.991591,4.18367264e-02
light,160,1.996685,4.23188877e-02
light,160,2.001780,4.28542098e-02
light,160,2.006874,4.34361736e-02
light,160,2.011969,4.40558733e-02
light,160,2.017063,4.47028401e-02
light,160,2.022158,4.53661320e-02
light,160,2.027253,4.60354913e-02
light,160,2.032347,4.67021595e-02
light,160,2.037442,4.73590983e-02
light,160,2.042536,4.80008295e-02
light,160,2.047631,4.86232824e-02
light,160,2.052725,4.92237248e-02
light,160,2.057820,4.98005877e-02
light,160,2.062914,5.03531251e-02
light,160,2.068009,5.08810820e-02
light,160,2.073103,5.13845321e-02
light,160,2.078198,5.18638686e-02
light,160,2.083293,5.23197876e-02
light,160,2.088387,5.27531468e-02
light,160,2.093482,5.31647824e-02
light,160,2.098576,5.35554760e-02
light,160,2.103671,5.39260654e-02
light,160,2.108765,5.42774835e-02
light,160,2.113860,5.46106419e-02
light,160,2.118954,5.49263282e-02
light,160,2.124049,5.52252511e-02
light,160,2.129143,5.55081400e-02
light,160,2.134238,5.57757552e-02
light,160,2.139333,5.60288042e-02
light,160,2.144427,5.62678825e-02
light,160,2.149522,5.64935231e-02
light,160,2.154616,5.67062859e-02
light,160,2.159711,5.69067520e-02
light,160,2.164805,5.70954333e-02
light,160,2.169900,5.72727455e-02
light,160,2.174994,5.74390871e-02
light,160,2.180089,5.75948933e-02
light,160,2.185184,5.77405900e-02
light,160,2.190278,5.78765322e-02
light,160,2.195373,5.80030190e-02
light,160,2.200467,5.81203560e-02
light,160,2.205562,5.82288767e-02
light,160,2.210656,5.83288914e-02
light,160,2.215751,5.84206438e-02
light,160,2.220845,5.85043493e-02
light,160,2.225940,5.85802555e-02
light,160,2.231034,5.86486228e-02
light,160,2.236129,5.87096601e-02
light,160,2.241224,5.87635295e-02
light,160,2.246318,5.88104101e-02
light,160,2.251413,5.88505081e-02
light,160,2.256507,5.88840038e-02
light,160,2.261602,5.89110283e-02
light,160,2.266696,5.89317098e-02
light,160,2.271791,5.89462066e-02
light,160,2.276885,5.89546711e-02
light,160,2.281980,5.89572110e-02
light,160,2.287075,5.89539193e-02
light,160,2.292169,5.89449166e-02
light,160,2.297264,5.89303272e-02
light,160,2.302358,5.89102387e-02
light,160,2.307453,5.88847192e-02
light,160,2.312547,5.88538586e-02
light,160,2.317642,5.88177568e-02
light,160,2.322736,5.87764841e-02
light,160,2.327831,5.87300877e-02
light,160,2.332925,5.86786319e-02
light,160,2.338020,5.86221969e-02
light,160,2.343115,5.85608377e-02
light,160,2.348209,5.84945831e-02
light,160,2.353304,5.84234758e-02
light,160,2.358398,5.83475782e-02
light,160,2.363493,5.82669325e-02
light,160,2.368587,5.81815524e-02
light,160,2.373682,5.80914603e-02
light,160,2.378776,5.79967015e-02
light,160,2.383871,5.78973076e-02
light,160,2.388966,5.77932797e-02
light,160,2.394060,5.76846221e-02
light,160,2.399155,5.75713622e-02
light,160,2.404249,5.74535209e-02
light,160,2.409344,5.73310899e-02
light,160,2.414438,5.72040574e-02
light,160,2.419533,5.70724321e-02
light,160,2.424627,5.69362226e-02
light,160,2.429722,5.67954129e-02
light,160,2.434816,5.66499777e-02
light,160,2.439911,5.64999064e-02
light,160,2.445006,5.63451933e-02
light,160,2.450100,5.61858146e-02
light,160,2.455195,5.60217332e-02
light,160,2.460289,5.58529193e-02
light,160,2.465384,5.56793510e-02
light,160,2.470478,5.55009955e-02
light,160,2.475573,5.53178037e-02
light,160,2.480667,5.51297271e-02
light,160,2.485762,5.49367269e-02
light,160,2.490857,5.47387578e-02
light,160,2.495951,5.45357573e-02
light,160,2.501046,5.43276592e-02
light,160,2.506140,5.41144064e-02
light,160,2.511235,5.38959374e-02
light,160,2.516329,5.36721737e-02
light,160,2.521424,5.34430311e-02
light,160,2.526518,5.32084324e-02
light,160,2.531613,5.29682959e-02
light,160,2.536707,5.27225236e-02
light,160,2.541802,5.24710118e-02
light,160,2.546897,5.22136601e-02
light,160,2.551991,5.19503618e-02
light,160,2.557086,5.16809959e-02
light,160,2.562180,5.14054348e-02
light,160,2.567275,5.11235504e-02
light,160,2.572369,5.08352064e-02
light,160,2.577464,5.05402529e-02
light,160,2.582558,5.02385321e-02
light,160,2.587653,4.99298824e-02
light,160,2.592747,4.96141309e-02
light,160,2.597842,4.92910906e-02
light,160,2.602937,4.89605658e-02
light,160,2.608031,4.86223519e-02
light,160,2.613126,4.82762297e-02
light,160,2.618220,4.79219651e-02
light,160,2.623315,4.75593120e-02
light,160,2.628409,4.71880098e-02
light,160,2.633504,4.68077799e-02
light,160,2.638598,4.64183259e-02
light,160,2.643693,4.60193342e-02
light,160,2.648788,4.56104700e-02
light,160,2.653882,4.51913760e-02
light,160,2.658977,4.47616716e-02
light,160,2.664071,4.43209511e-02
light,160,2.669166,4.38687800e-02
light,160,2.674260,4.34046944e-02
light,160,2.679355,4.29281976e-02
light,160,2.684449,4.24387577e-02
light,160,2.689544,4.19358044e-02
light,160,2.694638,4.14187264e-02
light,160,2.699733,4.08868677e-02
light,160,2.704828,4.03395240e-02
light,160,2.709922,3.97759398e-02
light,160,2.715017,3.91953044e-02
light,160,2.720111,3.85967489e-02
light,160,2.725206,3.79793437e-02
light,160,2.730300,3.73420962e-02
light,160,2.735395,3.66839512e-02
light,160,2.740489,3.60037925e-02
light,160,2.745584,3.53004495e-02
light,160,2.750679,3.45727082e-02
light,160,2.755773,3.38193313e-02
light,160,2.760868,3.30390898e-02
light,160,2.765962,3.22308113e-02
light,160,2.771057,3.13934522e-02
light,160,2.776151,3.05262014e-02
light,160,2.781246,2.96286256e-02
light,160,2.786340,2.87008668e-02
light,160,2.791435,2.77438990e-02
light,160,2.796529,2.67598421e-02
light,160,2.801624,2.57523165e-02
light,160,2.806719,2.47267853e-02
light,160,2.811813,2.36907991e-02
light,160,2.816908,2.26540158e-02
light,160,2.822002,2.16278678e-02
light,160,2.827097,2.06248086e-02
light,160,2.832191,1.96572056e-02
light,160,2.837286,1.87361023e-02
light,160,2.842380,1.78701636e-02
light,160,2.847475,1.70650640e-02
light,160,2.852570,1.63234113e-02
light,160,2.857664,1.56451159e-02
light,160,2.862759,1.50280130e-02
light,160,2.867853,1.44685429e-02
light,160,2.872948,1.39623580e-02
light,160,2.878042,1.35047931e-02
light,160,2.883137,1.30911935e-02
light,160,2.888231,1.27171204e-02
light,160,2.893326,1.23784643e-02
light,160,2.898420,1.20714948e-02
light,160,2.903515,1.17928695e-02
light,160,2.908610,1.15396195e-02
light,160,2.913704,1.13091217e-02
light,160,2.918799,1.10990658e-02
light,160,2.923893,1.09074197e-02
light,160,2.928988,1.07323970e-02
light,160,2.934082,1.05724260e-02
light,160,2.939177,1.04261224e-02
light,160,2.944271,1.02922653e-02
light,160,2.949366,1.01697753e-02
light,160,2.954461,1.00576968e-02
light,160,2.959555,9.95518161e-03
light,160,2.964650,9.86147504e-03
light,160,2.969744,9.77590435e-03
light,160,2.974839,9.69786835e-03
light,160,2.979933,9.62682863e-03
light,160,2.985028,9.56230193e-03
light,160,2.990122,9.50385358e-03
light,160,2.995217,9.45109183e-03
light,160,3.000311,9.40366289e-03
light,160,3.005406,9.36124671e-03
light,160,3.010501,9.32355317e-03
light,160,3.015595,9.29031890e-03
light,160,3.020690,9.26130441e-03
light,160,3.025784,9.23629159e-03
light,160,3.030879,9.21508154e-03
light,160,3.035973,9.19749266e-03
light,160,3.041068,9.18335892e-03
light,160,3.046162,9.17252836e-03
light,160,3.051257,9.16486182e-03
light,160,3.056352,9.16023169e-03
light,160,3.061446,9.15852088e-03
light,160,3.066541,9.15962193e-03
light,160,3.071635,9.16343612e-03
light,160,3.076730,9.16987277e-03
light,160,3.081824,9.17884853e-03
light,160,3.086919,9.19028681e-03
light,160,3.092013,9.20411726e-03
light,160,3.097108,9.22027522e-03
light,160,3.102202,9.23870137e-03
light,160,3.107297,9.25934125e-03
light,160,3.112392,9.28214499e-03
light,160,3.117486,9.30706690e-03
light,160,3.122581,9.33406526e-03
light,160,3.127675,9.36310199e-03
light,160,3.132770,9.39414246e-03
light,160,3.137864,9.42715523e-03
light,160,3.142959,9.46211188e-03
light,160,3.148053,9.49898683e-03
light,160,3.153148,9.53775715e-03
light,160,3.158242,9.57840242e-03
light,160,3.163337,9.62090464e-03
light,160,3.168432,9.66524800e-03
light,160,3.173526,9.71141890e-03
light,160,3.178621,9.75940572e-03
light,160,3.183715,9.80919881e-03
light,160,3.188810,9.86079037e-03
light,160,3.193904,9.91417438e-03
light,160,3.198999,9.96934654e-03
light,160,3.204093,1.00263042e-02
light,160,3.209188,1.00850461e-02
light,160,3.214283,1.01455729e-02
light,160,3.219377,1.02078865e-02
light,160,3.224472,1.02719901e-02
light,160,3.229566,1.03378885e-02
light,160,3.234661,1.04055878e-02
light,160,3.239755,1.04750956e-02
light,160,3.244850,1.05464204e-02
light,160,3.249944,1.06195724e-02
light,160,3.255039,1.06945628e-02
light,160,3.260133,1.07714042e-02
light,160,3.265228,1.08501102e-02
light,160,3.270323,1.09306958e-02
light,160,3.275417,1.10131772e-02
light,160,3.280512,1.10975717e-02
light,160,3.285606,1.11838978e-02
light,160,3.290701,1.12721753e-02
light,160,3.295795,1.13624250e-02
light,160,3.300890,1.14546689e-02
light,160,3.305984,1.15489304e-02
light,160,3.311079,1.16452339e-02
light,160,3.316174,1.17436050e-02
light,160,3.321268,1.18440705e-02
light,160,3.326363,1.19466586e-02
light,160,3.331457,1.20513985e-02
light,160,3.336552,1.21583207e-02
light,160,3.341646,1.22674571e-02
light,160,3.346741,1.23788406e-02
light,160,3.351835,1.24925056e-02
light,160,3.356930,1.26084878e-02
light,160,3.362024,1.27268242e-02
light,160,3.367119,1.28475532e-02
light,160,3.372214,1.29707144e-02
light,160,3.377308,1.30963492e-02
light,160,3.382403,1.32245000e-02
light,160,3.387497,1.33552109e-02
light,160,3.392592,1.34885277e-02
light,160,3.397686,1.36244973e-02
light,160,3.402781,1.37631686e-02
light,160,3.407875,1.39045919e-02
light,160,3.412970,1.40488193e-02
light,160,3.418065,1.41959043e-02
light,160,3.423159,1.43459026e-02
light,160,3.428254,1.44988715e-02
light,160,3.433348,1.46548700e-02
light,160,3.438443,1.48139592e-02
light,160,3.443537,1.49762021e-02
light,160,3.448632,1.51416639e-02
light,160,3.453726,1.53104115e-02
light,160,3.458821,1.54825143e-02
light,160,3.463915,1.56580437e-02
light,160,3.469010,1.58370735e-02
light,160,3.474105,1.60196798e-02
light,160,3.479199,1.62059412e-02
light,160,3.484294,1.63959388e-02
light,160,3.489388,1.65897561e-02
light,160,3.494483,1.67874795e-02
light,160,3.499577,1.69891982e-02
light,160,3.504672,1.71950041e-02
light,160,3.509766,1.74049922e-02
light,160,3.514861,1.76192605e-02
light,160,3.519956,1.78379101e-02
light,160,3.525050,1.80610457e-02
light,160,3.530145,1.82887750e-02
light,160,3.535239,1.85212095e-02
light,160,3.540334,1.87584644e-02
light,160,3.545428,1.90006585e-02
light,160,3.550523,1.92479146e-02
light,160,3.555617,1.95003597e-02
light,160,3.560712,1.97581250e-02
light,160,3.565806,2.00213460e-02
light,160,3.570901,2.02901629e-02
light,160,3.575996,2.05647206e-02
light,160,3.581090,2.08451689e-02
light,160,3.586185,2.11316628e-02
light,160,3.591279,2.14243627e-02
light,160,3.596374,2.17234344e-02
light,160,3.601468,2.20290495e-02
light,160,3.606563,2.23413856e-02
light,160,3.611657,2.26606268e-02
light,160,3.616752,2.29869633e-02
light,160,3.621846,2.33205925e-02
light,160,3.626941,2.36617185e-02
light,160,3.632036,2.40105530e-02
light,160,3.637130,2.43673153e-02
light,160,3.642225,2.47322328e-02
light,160,3.647319,2.51055411e-02
light,160,3.652414,2.54874846e-02
light,160,3.657508,2.58783169e-02
light,160,3.662603,2.62783008e-02
light,160,3.667697,2.66877094e-02
light,160,3.672792,2.71068260e-02
light,160,3.677887,2.75359447e-02
light,160,3.682981,2.79753710e-02
light,160,3.688076,2.84254222e-02
light,160,3.693170,2.88864280e-02
light,160,3.698265,2.93587313e-02
light,160,3.703359,2.98426882e-02
light,160,3.708454,3.03386694e-02
light,160,3.713548,3.08470604e-02
light,160,3.718643,3.13682622e-02
light,160,3.723737,3.19026924e-02
light,160,3.728832,3.24507856e-02
light,160,3.733927,3.30129947e-02
light,160,3.739021,3.35897913e-02
light,160,3.744116,3.41816669e-02
light,160,3.749210,3.47891342e-02
light,160,3.754305,3.54127276e-02
light,160,3.759399,3.60530045e-02
light,160,3.764494,3.67105469e-02
light,160,3.769588,3.73859622e-02
light,160,3.774683,3.80798847e-02
light,160,3.779778,3.87929771e-02
light,160,3.784872,3.95259319e-02
light,160,3.789967,4.02794732e-02
light,160,3.795061,4.10543582e-02
light,160,3.800156,4.18513791e-02
light,160,3.805250,4.26713653e-02
light,160,3.810345,4.35151851e-02
light,160,3.815439,4.43837480e-02
light,160,3.820534,4.52780074e-02
light,160,3.825628,4.61989626e-02
light,160,3.830723,4.71476619e-02
light,160,3.835818,4.81252053e-02
light,160,3.840912,4.91327475e-02
light,160,3.846007,5.01715014e-02
light,160,3.851101,5.12427415e-02
light,160,3.856196,5.23478075e-02
light,160,3.861290,5.34881087e-02
light,160,3.866385,5.46651281e-02
light,160,3.871479,5.58804270e-02
light,160,3.876574,5.71356502e-02
light,160,3.881669,5.84325309e-02
light,160,3.886763,5.97728973e-02
light,160,3.891858,6.11586781e-02
light,160,3.896952,6.25919091e-02
light,160,3.902047,6.40747413e-02
light,160,3.907141,6.56094476e-02
light,160,3.912236,6.71984319e-02
light,160,3.917330,6.88442380e-02
light,160,3.922425,7.05495591e-02
light,160,3.927519,7.23172490e-02
light,160,3.932614,7.41503330e-02
light,160,3.937709,7.60520209e-02
light,160,3.942803,7.80257202e-02
light,160,3.947898,8.00750506e-02
light,160,3.952992,8.22038607e-02
light,160,3.958087,8.44162445e-02
light,160,3.963181,8.67165611e-02
light,160,3.968276,8.91094548e-02
light,160,3.973370,9.15998780e-02
light,160,3.978465,9.41931155e-02
light,160,3.983560,9.68948118e-02
light,160,3.988654,9.97110003e-02
light,160,3.993749,1.02648136e-01
light,160,3.998843,1.05713130e-01
light,160,4.003938,1.08913390e-01
light,160,4.009032,1.12256861e-01
light,160,4.014127,1.15752077e-01
light,160,4.019221,1.19408207e-01
light,160,4.024316,1.23235117e-01
light,160,4.029410,1.27243431e-01
light,160,4.034505,1.31444603e-01
light,160,4.039600,1.35850997e-01
light,160,4.044694,1.40475967e-01
light,160,4.049789,1.45333962e-01
light,160,4.054883,1.50440627e-01
light,160,4.059978,1.55812924e-01
light,160,4.065072,1.61469268e-01
light,160,4.070167,1.67429675e-01
light,160,4.075261,1.73715929e-01
light,160,4.080356,1.80351770e-01
light,160,4.085451,1.87363109e-01
light,160,4.090545,1.94778261e-01
light,160,4.095640,2.02628218e-01
light,160,4.100734,2.10946951e-01
light,160,4.105829,2.19771753e-01
light,160,4.110923,2.29143633e-01
light,160,4.116018,2.39107756e-01
light,160,4.121112,2.49713953e-01
light,160,4.126207,2.61017294e-01
light,160,4.131301,2.73078751e-01
light,160,4.136396,2.85965954e-01
light,160,4.141491,2.99754059e-01
light,160,4.146585,3.14526751e-01
light,160,4.151680,3.30377399e-01
light,160,4.156774,3.47410383e-01
light,160,4.161869,3.65742651e-01
light,160,4.166963,3.85505503e-01
light,160,4.172058,4.06846684e-01
light,160,4.177152,4.29932817e-01
light,160,4.182247,4.54952241e-01
light,160,4.187341,4.82118341e-01
light,160,4.192436,5.11673437e-01
light,160,4.197531,5.43893360e-01
light,160,4.202625,5.79092817e-01
light,160,4.207720,6.17631695e-01
light,160,4.212814,6.59922475e-01
light,160,4.217909,7.06438922e-01
light,160,4.223003,7.57726274e-01
light,160,4.228098,8.14413124e-01
light,160,4.233192,8.77225210e-01
light,160,4.238287,9.47001268e-01
light,160,4.243382,1.02471103e+00
light,160,4.248476,1.11147518e+00
light,160,4.253571,1.20858693e+00
light,160,4.258665,1.31753385e+00
light,160,4.263760,1.44001808e+00
light,160,4.268854,1.57797095e+00
light,160,4.273949,1.73355544e+00
light,160,4.279043,1.90914604e+00
light,160,4.284138,2.10726909e+00
light,160,4.289232,2.33047863e+00
light,160,4.294327,2.58113130e+00
light,160,4.299422,2.86101228e+00
light,160,4.304516,3.17075564e+00
light,160,4.309611,3.50900821e+00
light,160,4.314705,3.87132671e+00
light,160,4.319800,4.24890078e+00
light,160,4.324894,4.62738640e+00
light,160,4.329989,4.98639613e+00
light,160,4.335083,5.30040303e+00
light,160,4.340178,5.54171232e+00
light,160,4.345273,5.68546695e+00
light,160,4.350367,5.71545061e+00
light,160,4.355462,5.62845230e+00
light,160,4.360556,5.43515094e+00
light,160,4.365651,5.15708410e+00
light,160,4.370745,4.82119252e+00
light,160,4.375840,4.45427331e+00
light,160,4.380934,4.07908058e+00
light,160,4.386029,3.71258197e+00
light,160,4.391123,3.36593684e+00
light,160,4.396218,3.04543650e+00
light,160,4.401313,2.75375873e+00
light,160,4.406407,2.49114837e+00
light,160,4.411502,2.25636044e+00
light,160,4.416596,2.04734015e+00
light,160,4.421691,1.86167719e+00
light,160,4.426785,1.69688926e+00
light,160,4.431880,1.55058666e+00
light,160,4.436974,1.42055842e+00
light,160,4.442069,1.30480934e+00
light,160,4.447164,1.20156775e+00
light,160,4.452258,1.10927699e+00
light,160,4.457353,1.02657847e+00
light,160,4.462447,9.52291365e-01
light,160,4.467542,8.85391762e-01
light,160,4.472636,8.24992625e-01
light,160,4.477731,7.70325525e-01
light,160,4.482825,7.20724316e-01
light,160,4.487920,6.75610823e-01
light,160,4.493014,6.34482435e-01
light,160,4.498109,5.96901423e-01
light,160,4.503204,5.62485789e-01
light,160,4.508298,5.30901447e-01
light,160,4.513393,5.01855561e-01
light,160,4.518487,4.75090860e-01
light,160,4.523582,4.50380797e-01
light,160,4.528676,4.27525416e-01
light,160,4.533771,4.06347823e-01
light,160,4.538865,3.86691171e-01
light,160,4.543960,3.68416077e-01
light,160,4.549055,3.51398400e-01
light,160,4.554149,3.35527337e-01
light,160,4.559244,3.20703784e-01
light,160,4.564338,3.06838914e-01
light,160,4.569433,2.93852952e-01
light,160,4.574527,2.81674112e-01
light,160,4.579622,2.70237675e-01
light,160,4.584716,2.59485185e-01
light,160,4.589811,2.49363746e-01
light,160,4.594905,2.39825410e-01
light,160,4.600000,2.30826640e-01
heavy,10,0.020000,1.60514196e-03
heavy,10,0.023315,2.18958069e-03
heavy,10,0.026630,2.86897867e-03
heavy,10,0.029944,3.64575992e-03
heavy,10,0.033259,4.52272138e-03
heavy,10,0.036574,5.50305315e-03
heavy,10,0.039889,6.59036196e-03
heavy,10,0.043204,7.78869799e-03
heavy,10,0.046518,9.10258537e-03
heavy,10,0.049833,1.05370568e-02
heavy,10,0.053148,1.20976928e-02
heavy,10,0.056463,1.37906654e-02
heavy,10,0.059778,1.56227881e-02
heavy,10,0.063092,1.76015712e-02
heavy,10,0.066407,1.97352847e-02
heavy,10,0.069722,2.20330282e-02
heavy,10,0.073037,2.45048093e-02
heavy,10,0.076352,2.71616324e-02
heavy,10,0.079666,3.00155969e-02
heavy,10,0.082981,3.30800084e-02
heavy,10,0.086296,3.63695031e-02
heavy,10,0.089611,3.99001867e-02
heavy,10,0.092925,4.36897909e-02
heavy,10,0.096240,4.77578486e-02
heavy,10,0.099555,5.21258901e-02
heavy,10,0.102870,5.68176631e-02
heavy,10,0.106185,6.18593789e-02
heavy,10,0.109499,6.72799876e-02
heavy,10,0.112814,7.31114861e-02
heavy,10,0.116129,7.93892607e-02
heavy,10,0.119444,8.61524682e-02
heavy,10,0.122759,9.34444584e-02
heavy,10,0.126073,1.01313240e-01
heavy,10,0.129388,1.09811991e-01
heavy,10,0.132703,1.18999614e-01
heavy,10,0.136018,1.28941336e-01
heavy,10,0.139333,1.39709341e-01
heavy,10,0.142647,1.51383430e-01
heavy,10,0.145962,1.64051691e-01
heavy,10,0.149277,1.77811141e-01
heavy,10,0.152592,1.92768316e-01
heavy,10,0.155907,2.09039720e-01
heavy,10,0.159221,2.26752068e-01
heavy,10,0.162536,2.46042194e-01
heavy,10,0.165851,2.67056440e-01
heavy,10,0.169166,2.89949318e-01
heavy,10,0.172481,3.14881141e-01
heavy,10,0.175795,3.42014234e-01
heavy,10,0.179110,3.71507259e-01
heavy,10,0.182425,4.03507097e-01
heavy,10,0.185740,4.38137648e-01
heavy,10,0.189055,4.75484925e-01
heavy,10,0.192369,5.15577916e-01
heavy,10,0.195684,5.58364978e-01
heavy,10,0.198999,6.03686139e-01
heavy,10,0.202314,6.51242629e-01
heavy,10,0.205628,7.00566381e-01
heavy,10,0.208943,7.50994020e-01
heavy,10,0.212258,8.01651725e-01
heavy,10,0.215573,8.51458737e-01
heavy,10,0.218888,8.99157301e-01
heavy,10,0.222202,9.43374529e-01
heavy,10,0.225517,9.82716415e-01
heavy,10,0.228832,1.01588652e+00
heavy,10,0.232147,1.04181340e+00
heavy,10,0.235462,1.05976487e+00
heavy,10,0.238776,1.06942672e+00
heavy,10,0.242091,1.07092980e+00
heavy,10,0.245406,1.06482081e+00
heavy,10,0.248721,1.05198534e+00
heavy,10,0.252036,1.03354082e+00
heavy,10,0.255350,1.01072089e+00
heavy,10,0.258665,9.84769965e-01
heavy,10,0.261980,9.56860308e-01
heavy,10,0.265295,9.28036619e-01
heavy,10,0.268610,8.99186970e-01
heavy,10,0.271924,8.71035285e-01
heavy,10,0.275239,8.44149114e-01
heavy,10,0.278554,8.18956712e-01
heavy,10,0.281869,7.95768551e-01
heavy,10,0.285184,7.74799787e-01
heavy,10,0.288498,7.56191501e-01
heavy,10,0.291813,7.40029543e-01
heavy,10,0.295128,7.26360531e-01
heavy,10,0.298443,7.15205011e-01
heavy,10,0.301758,7.06568026e-01
heavy,10,0.305072,7.00447458e-01
heavy,10,0.308387,6.96840555e-01
heavy,10,0.311702,6.95748998e-01
heavy,10,0.315017,6.97182869e-01
heavy,10,0.318331,7.01163778e-01
heavy,10,0.321646,7.07727401e-01
heavy,10,0.324961,7.16925611e-01
heavy,10,0.328276,7.28828344e-01
heavy,10,0.331591,7.43525322e-01
heavy,10,0.334905,7.61127717e-01
heavy,10,0.338220,7.81769811e-01
heavy,10,0.341535,8.05610697e-01
heavy,10,0.344850,8.32836040e-01
heavy,10,0.348165,8.63659878e-01
heavy,10,0.351479,8.98326443e-01
heavy,10,0.354794,9.37111926e-01
heavy,10,0.358109,9.80326081e-01
heavy,10,0.361424,1.02831348e+00
heavy,10,0.364739,1.08145422e+00
heavy,10,0.368053,1.14016365e+00
heavy,10,0.371368,1.20489077e+00
heavy,10,0.374683,1.27611453e+00
heavy,10,0.377998,1.35433729e+00
heavy,10,0.381313,1.44007424e+00
heavy,10,0.384627,1.53383755e+00
heavy,10,0.387942,1.63611330e+00
heavy,10,0.391257,1.74732949e+00
heavy,10,0.394572,1.86781273e+00
heavy,10,0.397887,1.99773159e+00
heavy,10,0.401201,2.13702495e+00
heavy,10,0.404516,2.28531474e+00
heavy,10,0.407831,2.44180505e+00
heavy,10,0.411146,2.60517267e+00
heavy,10,0.414461,2.77345978e+00
heavy,10,0.417775,2.94398556e+00
heavy,10,0.421090,3.11330028e+00
heavy,10,0.424405,3.27721041e+00
heavy,10,0.427720,3.43090257e+00
heavy,10,0.431034,3.56918590e+00
heavy,10,0.434349,3.68685238e+00
heavy,10,0.437664,3.77912622e+00
heavy,10,0.440979,3.84214163e+00
heavy,10,0.444294,3.87336665e+00
heavy,10,0.447608,3.87188827e+00
heavy,10,0.450923,3.83849831e+00
heavy,10,0.454238,3.77556377e+00
heavy,10,0.457553,3.68671461e+00
heavy,10,0.460868,3.57641886e+00
heavy,10,0.464182,3.44952861e+00
heavy,10,0.467497,3.31087003e+00
heavy,10,0.470812,3.16492521e+00
heavy,10,0.474127,3.01562399e+00
heavy,10,0.477442,2.86624046e+00
heavy,10,0.480756,2.71937368e+00
heavy,10,0.484071,2.57698746e+00
heavy,10,0.487386,2.44048485e+00
heavy,10,0.490701,2.31079813e+00
heavy,10,0.494016,2.18848048e+00
heavy,10,0.497330,2.07379105e+00
heavy,10,0.500645,1.96676917e+00
heavy,10,0.503960,1.86729607e+00
heavy,10,0.507275,1.77514466e+00
heavy,10,0.510590,1.69001830e+00
heavy,10,0.513904,1.61158043e+00
heavy,10,0.517219,1.53947655e+00
heavy,10,0.520534,1.47335023e+00
heavy,10,0.523849,1.41285448e+00
heavy,10,0.527164,1.35765952e+00
heavy,10,0.530478,1.30745797e+00
heavy,10,0.533793,1.26196812e+00
heavy,10,0.537108,1.22093577e+00
heavy,10,0.540423,1.18413517e+00
heavy,10,0.543737,1.15136933e+00
heavy,10,0.547052,1.12246978e+00
heavy,10,0.550367,1.09729623e+00
heavy,10,0.553682,1.07573586e+00
heavy,10,0.556997,1.05770266e+00
heavy,10,0.560311,1.04313647e+00
heavy,10,0.563626,1.03200202e+00
heavy,10,0.566941,1.02428763e+00
heavy,10,0.570256,1.02000357e+00
heavy,10,0.573571,1.01917989e+00
heavy,10,0.576885,1.02186342e+00
heavy,10,0.580200,1.02811366e+00
heavy,10,0.583515,1.03799714e+00
heavy,10,0.586830,1.05157967e+00
heavy,10,0.590145,1.06891597e+00
heavy,10,0.593459,1.09003593e+00
heavy,10,0.596774,1.11492688e+00
heavy,10,0.600089,1.14351137e+00
heavy,10,0.603404,1.17562011e+00
heavy,10,0.606719,1.21096071e+00
heavy,10,0.610033,1.24908355e+00
heavy,10,0.613348,1.28934778e+00
heavy,10,0.616663,1.33089258e+00
heavy,10,0.619978,1.37262051e+00
heavy,10,0.623293,1.41320187e+00
heavy,10,0.626607,1.45110875e+00
heavy,10,0.629922,1.48468583e+00
heavy,10,0.633237,1.51225865e+00
heavy,10,0.636552,1.53227223e+00
heavy,10,0.639867,1.54344217e+00
heavy,10,0.643181,1.54489322e+00
heavy,10,0.646496,1.53625780e+00
heavy,10,0.649811,1.51771354e+00
heavy,10,0.653126,1.48995189e+00
heavy,10,0.656440,1.45408566e+00
heavy,10,0.659755,1.41151646e+00
heavy,10,0.663070,1.36378850e+00
heavy,10,0.666385,1.31245337e+00
heavy,10,0.669700,1.25896260e+00
heavy,10,0.673014,1.20459553e+00
heavy,10,0.676329,1.15042156e+00
heavy,10,0.679644,1.09729098e+00
heavy,10,0.682959,1.04584607e+00
heavy,10,0.686274,9.96544432e-01
heavy,10,0.689588,9.49688121e-01
heavy,10,0.692903,9.05453693e-01
heavy,10,0.696218,8.63920292e-01
heavy,10,0.699533,8.25094191e-01
heavy,10,0.702848,7.88929211e-01
heavy,10,0.706162,7.55343029e-01
heavy,10,0.709477,7.24229753e-01
heavy,10,0.712792,6.95469250e-01
heavy,10,0.716107,6.68933747e-01
heavy,10,0.719422,6.44492193e-01
heavy,10,0.722736,6.22012805e-01
heavy,10,0.726051,6.01364134e-01
heavy,10,0.729366,5.82414967e-01
heavy,10,0.732681,5.65033343e-01
heavy,10,0.735996,5.49084973e-01
heavy,10,0.739310,5.34431425e-01
heavy,10,0.742625,5.20928489e-01
heavy,10,0.745940,5.08425260e-01
heavy,10,0.749255,4.96764507e-01
heavy,10,0.752570,4.85784888e-01
heavy,10,0.755884,4.75325332e-01
heavy,10,0.759199,4.65231567e-01
heavy,10,0.762514,4.55364173e-01
heavy,10,0.765829,4.45607005e-01
heavy,10,0.769143,4.35874408e-01
heavy,10,0.772458,4.26115693e-01
heavy,10,0.775773,4.16315818e-01
heavy,10,0.779088,4.06492082e-01
heavy,10,0.782403,3.96687552e-01
heavy,10,0.785717,3.86962591e-01
heavy,10,0.789032,3.77386075e-01
heavy,10,0.792347,3.68027629e-01
heavy,10,0.795662,3.58951721e-01
heavy,10,0.798977,3.50213894e-01
heavy,10,0.802291,3.41858980e-01
heavy,10,0.805606,3.33920877e-01
heavy,10,0.808921,3.26423407e-01
heavy,10,0.812236,3.19381787e-01
heavy,10,0.815551,3.12804361e-01
heavy,10,0.818865,3.06694341e-01
heavy,10,0.822180,3.01051415e-01
heavy,10,0.825495,2.95873142e-01
heavy,10,0.828810,2.91156120e-01
heavy,10,0.832125,2.86896930e-01
heavy,10,0.835439,2.83092884e-01
heavy,10,0.838754,2.79742613e-01
heavy,10,0.842069,2.76846513e-01
heavy,10,0.845384,2.74407078e-01
heavy,10,0.848699,2.72429151e-01
heavy,10,0.852013,2.70920078e-01
heavy,10,0.855328,2.69889796e-01
heavy,10,0.858643,2.69350828e-01
heavy,10,0.861958,2.69318182e-01
heavy,10,0.865273,2.69809111e-01
heavy,10,0.868587,2.70842718e-01
heavy,10,0.871902,2.72439320e-01
heavy,10,0.875217,2.74619522e-01
heavy,10,0.878532,2.77402899e-01
heavy,10,0.881846,2.80806182e-01
heavy,10,0.885161,2.84840827e-01
heavy,10,0.888476,2.89509845e-01
heavy,10,0.891791,2.94803803e-01
heavy,10,0.895106,3.00695946e-01
heavy,10,0.898420,3.07136517e-01
heavy,10,0.901735,3.14046545e-01
heavy,10,0.905050,3.21311616e-01
heavy,10,0.908365,3.28776540e-01
heavy,10,0.911680,3.36242172e-01
heavy,10,0.914994,3.43465992e-01
heavy,10,0.918309,3.50168099e-01
heavy,10,0.921624,3.56043918e-01
heavy,10,0.924939,3.60783929e-01
heavy,10,0.928254,3.64099168e-01
heavy,10,0.931568,3.65749391e-01
heavy,10,0.934883,3.65569268e-01
heavy,10,0.938198,3.63487495e-01
heavy,10,0.941513,3.59534723e-01
heavy,10,0.944828,3.53838574e-01
heavy,10,0.948142,3.46606995e-01
heavy,10,0.951457,3.38103695e-01
heavy,10,0.954772,3.28620624e-01
heavy,10,0.958087,3.18452222e-01
heavy,10,0.961402,3.07874728e-01
heavy,10,0.964716,2.97132124e-01
heavy,10,0.968031,2.86428653e-01
heavy,10,0.971346,2.75926835e-01
heavy,10,0.974661,2.65749434e-01
heavy,10,0.977976,2.55983859e-01
heavy,10,0.981290,2.46687703e-01
heavy,10,0.984605,2.37894510e-01
heavy,10,0.987920,2.29619191e-01
heavy,10,0.991235,2.21862770e-01
heavy,10,0.994549,2.14616357e-01
heavy,10,0.997864,2.07864344e-01
heavy,10,1.001179,2.01586897e-01
heavy,10,1.004494,1.95761852e-01
heavy,10,1.007809,1.90366114e-01
heavy,10,1.011123,1.85376658e-01
heavy,10,1.014438,1.80771224e-01
heavy,10,1.017753,1.76528775e-01
heavy,10,1.021068,1.72629764e-01
heavy,10,1.024383,1.69056267e-01
heavy,10,1.027697,1.65791995e-01
heavy,10,1.031012,1.62822214e-01
heavy,10,1.034327,1.60133577e-01
heavy,10,1.037642,1.57713868e-01
heavy,10,1.040957,1.55551657e-01
heavy,10,1.044271,1.53635858e-01
heavy,10,1.047586,1.51955169e-01
heavy,10,1.050901,1.50497396e-01
heavy,10,1.054216,1.49248655e-01
heavy,10,1.057531,1.48192474e-01
heavy,10,1.060845,1.47308836e-01
heavy,10,1.064160,1.46573249e-01
heavy,10,1.067475,1.45955992e-01
heavy,10,1.070790,1.45421718e-01
heavy,10,1.074105,1.44929650e-01
heavy,10,1.077419,1.44434602e-01
heavy,10,1.080734,1.43888979e-01
heavy,10,1.084049,1.43245754e-01
heavy,10,1.087364,1.42462194e-01
heavy,10,1.090679,1.41503823e-01
heavy,10,1.093993,1.40347941e-01
heavy,10,1.097308,1.38985989e-01
heavy,10,1.100623,1.37424230e-01
heavy,10,1.103938,1.35682616e-01
heavy,10,1.107253,1.33792088e-01
heavy,10,1.110567,1.31790918e-01
heavy,10,1.113882,1.29720799e-01
heavy,10,1.117197,1.27623322e-01
heavy,10,1.120512,1.25537251e-01
heavy,10,1.123826,1.23496761e-01
heavy,10,1.127141,1.21530594e-01
heavy,10,1.130456,1.19661946e-01
heavy,10,1.133771,1.17908865e-01
heavy,10,1.137086,1.16284962e-01
heavy,10,1.140400,1.14800230e-01
heavy,10,1.143715,1.13461892e-01
heavy,10,1.147030,1.12275166e-01
heavy,10,1.150345,1.11243938e-01
heavy,10,1.153660,1.10371309e-01
heavy,10,1.156974,1.09660027e-01
heavy,10,1.160289,1.09112802e-01
heavy,10,1.163604,1.08732524e-01
heavy,10,1.166919,1.08522367e-01
heavy,10,1.170234,1.08485808e-01
heavy,10,1.173548,1.08626535e-01
heavy,10,1.176863,1.08948233e-01
heavy,10,1.180178,1.09454247e-01
heavy,10,1.183493,1.10147080e-01
heavy,10,1.186808,1.11027707e-01
heavy,10,1.190122,1.12094673e-01
heavy,10,1.193437,1.13342959e-01
heavy,10,1.196752,1.14762609e-01
heavy,10,1.200067,1.16337149e-01
heavy,10,1.203382,1.18041887e-01
heavy,10,1.206696,1.19842263e-01
heavy,10,1.210011,1.21692508e-01
heavy,10,1.213326,1.23534980e-01
heavy,10,1.216641,1.25300632e-01
heavy,10,1.219956,1.26911037e-01
heavy,10,1.223270,1.28282279e-01
heavy,10,1.226585,1.29330720e-01
heavy,10,1.229900,1.29980180e-01
heavy,10,1.233215,1.30169586e-01
heavy,10,1.236529,1.29859762e-01
heavy,10,1.239844,1.29038013e-01
heavy,10,1.243159,1.27719477e-01
heavy,10,1.246474,1.25944974e-01
heavy,10,1.249789,1.23775854e-01
heavy,10,1.253103,1.21286975e-01
heavy,10,1.256418,1.18559194e-01
heavy,10,1.259733,1.15672583e-01
heavy,10,1.263048,1.12701172e-01
heavy,10,1.266363,1.09709545e-01
heavy,10,1.269677,1.06751186e-01
heavy,10,1.272992,1.03868240e-01
heavy,10,1.276307,1.01092254e-01
heavy,10,1.279622,9.84455077e-02
heavy,10,1.282937,9.59425672e-02
heavy,10,1.286251,9.35918731e-02
heavy,10,1.289566,9.13971937e-02
heavy,10,1.292881,8.93588853e-02
heavy,10,1.296196,8.74749343e-02
heavy,10,1.299511,8.57417876e-02
heavy,10,1.302825,8.41549931e-02
heavy,10,1.306140,8.27096778e-02
heavy,10,1.309455,8.14008901e-02
heavy,10,1.312770,8.02238324e-02
heavy,10,1.316085,7.91740013e-02
heavy,10,1.319399,7.82472508e-02
heavy,10,1.322714,7.74397879e-02
heavy,10,1.326029,7.67481031e-02
heavy,10,1.329344,7.61688382e-02
heavy,10,1.332659,7.56985854e-02
heavy,10,1.335973,7.53336142e-02
heavy,10,1.339288,7.50695194e-02
heavy,10,1.342603,7.49007886e-02
heavy,10,1.345918,7.48202955e-02
heavy,10,1.349232,7.48187383e-02
heavy,10,1.352547,7.48840663e-02
heavy,10,1.355862,7.50009660e-02
heavy,10,1.359177,7.51505131e-02
heavy,10,1.362492,7.53101248e-02
heavy,10,1.365806,7.54539617e-02
heavy,10,1.369121,7.55539054e-02
heavy,10,1.372436,7.55811623e-02
heavy,10,1.375751,7.55084194e-02
heavy,10,1.379066,7.53123124e-02
heavy,10,1.382380,7.49758203e-02
heavy,10,1.385695,7.44901316e-02
heavy,10,1.389010,7.38555842e-02
heavy,10,1.392325,7.30814682e-02
heavy,10,1.395640,7.21847429e-02
heavy,10,1.398954,7.11879583e-02
heavy,10,1.402269,7.01168126e-02
heavy,10,1.405584,6.89977814e-02
heavy,10,1.408899,6.78561503e-02
heavy,10,1.412214,6.67146253e-02
heavy,10,1.415528,6.55925450e-02
heavy,10,1.418843,6.45056145e-02
heavy,10,1.422158,6.34660258e-02
heavy,10,1.425473,6.24828256e-02
heavy,10,1.428788,6.15624077e-02
heavy,10,1.432102,6.07090399e-02
heavy,10,1.435417,5.99253672e-02
heavy,10,1.438732,5.92128575e-02
heavy,10,1.442047,5.85721754e-02
heavy,10,1.445362,5.80034821e-02
heavy,10,1.448676,5.75066646e-02
heavy,10,1.451991,5.70815013e-02
heavy,10,1.455306,5.67277699e-02
heavy,10,1.458621,5.64453040e-02
heavy,10,1.461935,5.62339985e-02
heavy,10,1.465250,5.60937682e-02
heavy,10,1.468565,5.60244526e-02
heavy,10,1.471880,5.60256652e-02
heavy,10,1.475195,5.60965798e-02
heavy,10,1.478509,5.62356475e-02
heavy,10,1.481824,5.64402393e-02
heavy,10,1.485139,5.67062182e-02
heavy,10,1.488454,5.70274523e-02
heavy,10,1.491769,5.73953009e-02
heavy,10,1.495083,5.77981306e-02
heavy,10,1.498398,5.82209475e-02
heavy,10,1.501713,5.86452622e-02
heavy,10,1.505028,5.90493239e-02
heavy,10,1.508343,5.94088493e-02
heavy,10,1.511657,5.96983226e-02
heavy,10,1.514972,5.98928396e-02
heavy,10,1.518287,5.99703263e-02
heavy,10,1.521602,5.99138160e-02
heavy,10,1.524917,5.97133755e-02
heavy,10,1.528231,5.93672833e-02
heavy,10,1.531546,5.88821993e-02
heavy,10,1.534861,5.82722915e-02
heavy,10,1.538176,5.75575242e-02
heavy,10,1.541491,5.67614743e-02
heavy,10,1.544805,5.59090904e-02
heavy,10,1.548120,5.50247384e-02
heavy,10,1.551435,5.41307433e-02
heavy,10,1.554750,5.32464916e-02
heavy,10,1.558065,5.23880432e-02
heavy,10,1.561379,5.15681424e-02
heavy,10,1.564694,5.07964939e-02
heavy,10,1.568009,5.00801843e-02
heavy,10,1.571324,4.94241550e-02
heavy,10,1.574638,4.88316611e-02
heavy,10,1.577953,4.83046783e-02
heavy,10,1.581268,4.78442351e-02
heavy,10,1.584583,4.74506645e-02
heavy,10,1.587898,4.71237724e-02
heavy,10,1.591212,4.68629245e-02
heavy,10,1.594527,4.66670545e-02
heavy,10,1.597842,4.65345951e-02
heavy,10,1.601157,4.64633329e-02
heavy,10,1.604472,4.64501919e-02
heavy,10,1.607786,4.64909511e-02
heavy,10,1.611101,4.65799123e-02
heavy,10,1.614416,4.67095459e-02
heavy,10,1.617731,4.68701618e-02
heavy,10,1.621046,4.70496736e-02
heavy,10,1.624360,4.72335429e-02
heavy,10,1.627675,4.74050041e-02
heavy,10,1.630990,4.75456572e-02
heavy,10,1.634305,4.76364709e-02
heavy,10,1.637620,4.76591631e-02
heavy,10,1.640934,4.75978146e-02
heavy,10,1.644249,4.74404761e-02
heavy,10,1.647564,4.71804675e-02
heavy,10,1.650879,4.68170967e-02
heavy,10,1.654194,4.63556374e-02
heavy,10,1.657508,4.58065718e-02
heavy,10,1.660823,4.51842722e-02
heavy,10,1.664138,4.45053980e-02
heavy,10,1.667453,4.37873011e-02
heavy,10,1.670768,4.30466737e-02
heavy,10,1.674082,4.22985681e-02
heavy,10,1.677397,4.15558182e-02
heavy,10,1.680712,4.08288167e-02
heavy,10,1.684027,4.01255627e-02
heavy,10,1.687341,3.94518842e-02
heavy,10,1.690656,3.88117550e-02
heavy,10,1.693971,3.82076404e-02
heavy,10,1.697286,3.76408319e-02
heavy,10,1.700601,3.71117464e-02
heavy,10,1.703915,3.66201794e-02
heavy,10,1.707230,3.61655102e-02
heavy,10,1.710545,3.57468620e-02
heavy,10,1.713860,3.53632225e-02
heavy,10,1.717175,3.50135301e-02
heavy,10,1.720489,3.46967322e-02
heavy,10,1.723804,3.44118183e-02
heavy,10,1.727119,3.41578329e-02
heavy,10,1.730434,3.39338694e-02
heavy,10,1.733749,3.37390456e-02
heavy,10,1.737063,3.35724619e-02
heavy,10,1.740378,3.34331405e-02
heavy,10,1.743693,3.33199470e-02
heavy,10,1.747008,3.32314932e-02
heavy,10,1.750323,3.31660259e-02
heavy,10,1.753637,3.31213058e-02
heavy,10,1.756952,3.30944917e-02
heavy,10,1.760267,3.30820449e-02
heavy,10,1.763582,3.30796826e-02
heavy,10,1.766897,3.30824089e-02
heavy,10,1.770211,3.30846560e-02
heavy,10,1.773526,3.30805545e-02
heavy,10,1.776841,3.30643357e-02
heavy,10,1.780156,3.30308312e-02
heavy,10,1.783471,3.29760075e-02
heavy,10,1.786785,3.28974399e-02
heavy,10,1.790100,3.27946331e-02
heavy,10,1.793415,3.26691162e-02
heavy,10,1.796730,3.25242925e-02
heavy,10,1.800044,3.23650781e-02
heavy,10,1.803359,3.21974077e-02
heavy,10,1.806674,3.20277034e-02
heavy,10,1.809989,3.18623903e-02
heavy,10,1.813304,3.17075143e-02
heavy,10,1.816618,3.15684815e-02
heavy,10,1.819933,3.14499108e-02
heavy,10,1.823248,3.13555719e-02
heavy,10,1.826563,3.12883750e-02
heavy,10,1.829878,3.12503794e-02
heavy,10,1.833192,3.12427916e-02
heavy,10,1.836507,3.12659354e-02
heavy,10,1.839822,3.13191801e-02
heavy,10,1.843137,3.14008243e-02
heavy,10,1.846452,3.15079424e-02
heavy,10,1.849766,3.16362096e-02
heavy,10,1.853081,3.17797399e-02
heavy,10,1.856396,3.19309803e-02
heavy,10,1.859711,3.20807228e-02
heavy,10,1.863026,3.22182968e-02
heavy,10,1.866340,3.23319982e-02
heavy,10,1.869655,3.24097790e-02
heavy,10,1.872970,3.24401672e-02
heavy,10,1.876285,3.24133178e-02
heavy,10,1.879600,3.23220345e-02
heavy,10,1.882914,3.21625683e-02
heavy,10,1.886229,3.19350243e-02
heavy,10,1.889544,3.16432862e-02
heavy,10,1.892859,3.12944771e-02
heavy,10,1.896174,3.08980788e-02
heavy,10,1.899488,3.04648931e-02
heavy,10,1.902803,3.00060299e-02
heavy,10,1.906118,2.95320652e-02
heavy,10,1.909433,2.90524437e-02
heavy,10,1.912747,2.85751391e-02
heavy,10,1.916062,2.81065352e-02
heavy,10,1.919377,2.76514747e-02
heavy,10,1.922692,2.72134116e-02
heavy,10,1.926007,2.67946193e-02
heavy,10,1.929321,2.63964121e-02
heavy,10,1.932636,2.60193577e-02
heavy,10,1.935951,2.56634656e-02
heavy,10,1.939266,2.53283453e-02
heavy,10,1.942581,2.50133349e-02
heavy,10,1.945895,2.47176013e-02
heavy,10,1.949210,2.44402168e-02
heavy,10,1.952525,2.41802157e-02
heavy,10,1.955840,2.39366353e-02
heavy,10,1.959155,2.37085445e-02
heavy,10,1.962469,2.34950632e-02
heavy,10,1.965784,2.32953750e-02
heavy,10,1.969099,2.31087348e-02
heavy,10,1.972414,2.29344730e-02
heavy,10,1.975729,2.27719970e-02
heavy,10,1.979043,2.26207918e-02
heavy,10,1.982358,2.24804189e-02
heavy,10,1.985673,2.23505156e-02
heavy,10,1.988988,2.22307930e-02
heavy,10,1.992303,2.21210349e-02
heavy,10,1.995617,2.20210967e-02
heavy,10,1.998932,2.19309045e-02
heavy,10,2.002247,2.18504540e-02
heavy,10,2.005562,2.17798105e-02
heavy,10,2.008877,2.17191083e-02
heavy,10,2.012191,2.16685504e-02
heavy,10,2.015506,2.16284078e-02
heavy,10,2.018821,2.15990182e-02
heavy,10,2.022136,2.15807838e-02
heavy,10,2.025451,2.15741671e-02
heavy,10,2.028765,2.15796842e-02
heavy,10,2.032080,2.15978948e-02
heavy,10,2.035395,2.16293863e-02
heavy,10,2.038710,2.16747515e-02
heavy,10,2.042024,2.17345568e-02
heavy,10,2.045339,2.18092988e-02
heavy,10,2.048654,2.18993460e-02
heavy,10,2.051969,2.20048622e-02
heavy,10,2.055284,2.21257103e-02
heavy,10,2.058598,2.22613342e-02
heavy,10,2.061913,2.24106203e-02
heavy,10,2.065228,2.25717445e-02
heavy,10,2.068543,2.27420174e-02
heavy,10,2.071858,2.29177470e-02
heavy,10,2.075172,2.30941508e-02
heavy,10,2.078487,2.32653554e-02
heavy,10,2.081802,2.34245253e-02
heavy,10,2.085117,2.35641570e-02
heavy,10,2.088432,2.36765501e-02
heavy,10,2.091746,2.37544333e-02
heavy,10,2.095061,2.37916736e-02
heavy,10,2.098376,2.37839575e-02
heavy,10,2.101691,2.37293149e-02
heavy,10,2.105006,2.36283723e-02
heavy,10,2.108320,2.34842804e-02
heavy,10,2.111635,2.33023321e-02
heavy,10,2.114950,2.30893586e-02
heavy,10,2.118265,2.28530261e-02
heavy,10,2.121580,2.26011579e-02
heavy,10,2.124894,2.23411747e-02
heavy,10,2.128209,2.20796994e-02
heavy,10,2.131524,2.18223318e-02
heavy,10,2.134839,2.15735674e-02
heavy,10,2.138154,2.13368212e-02
heavy,10,2.141468,2.11145147e-02
heavy,10,2.144783,2.09081913e-02
heavy,10,2.148098,2.07186349e-02
heavy,10,2.151413,2.05459746e-02
heavy,10,2.154727,2.03897693e-02
heavy,10,2.158042,2.02490718e-02
heavy,10,2.161357,2.01224778e-02
heavy,10,2.164672,2.00081701e-02
heavy,10,2.167987,1.99039725e-02
heavy,10,2.171301,1.98074250e-02
heavy,10,2.174616,1.97158960e-02
heavy,10,2.177931,1.96267335e-02
heavy,10,2.181246,1.95374523e-02
heavy,10,2.184561,1.94459374e-02
heavy,10,2.187875,1.93506337e-02
heavy,10,2.191190,1.92506893e-02
heavy,10,2.194505,1.91460195e-02
heavy,10,2.197820,1.90372821e-02
heavy,10,2.201135,1.89257674e-02
heavy,10,2.204449,1.88132288e-02
heavy,10,2.207764,1.87016895e-02
heavy,10,2.211079,1.85932568e-02
heavy,10,2.214394,1.84899703e-02
heavy,10,2.217709,1.83936942e-02
heavy,10,2.221023,1.83060564e-02
heavy,10,2.224338,1.82284235e-02
heavy,10,2.227653,1.81619027e-02
heavy,10,2.230968,1.81073573e-02
heavy,10,2.234283,1.80654255e-02
heavy,10,2.237597,1.80365337e-02
heavy,10,2.240912,1.80208998e-02
heavy,10,2.244227,1.80185203e-02
heavy,10,2.247542,1.80291412e-02
heavy,10,2.250857,1.80522113e-02
heavy,10,2.254171,1.80868199e-02
heavy,10,2.257486,1.81316247e-02
heavy,10,2.260801,1.81847775e-02
heavy,10,2.264116,1.82438637e-02
heavy,10,2.267430,1.83058730e-02
heavy,10,2.270745,1.83672251e-02
heavy,10,2.274060,1.84238742e-02
heavy,10,2.277375,1.84715075e-02
heavy,10,2.280690,1.85058395e-02
heavy,10,2.284004,1.85229806e-02
heavy,10,2.287319,1.85198320e-02
heavy,10,2.290634,1.84944396e-02
heavy,10,2.293949,1.84462364e-02
heavy,10,2.297264,1.83761197e-02
heavy,10,2.300578,1.82863455e-02
heavy,10,2.303893,1.81802649e-02
heavy,10,2.307208,1.80619583e-02
heavy,10,2.310523,1.79358387e-02
heavy,10,2.313838,1.78062885e-02
heavy,10,2.317152,1.76773700e-02
heavy,10,2.320467,1.75526283e-02
heavy,10,2.323782,1.74349799e-02
heavy,10,2.327097,1.73266702e-02
heavy,10,2.330412,1.72292746e-02
heavy,10,2.333726,1.71437229e-02
heavy,10,2.337041,1.70703287e-02
heavy,10,2.340356,1.70088150e-02
heavy,10,2.343671,1.69583308e-02
heavy,10,2.346986,1.69174654e-02
heavy,10,2.350300,1.68842681e-02
heavy,10,2.353615,1.68562893e-02
heavy,10,2.356930,1.68306606e-02
heavy,10,2.360245,1.68042275e-02
heavy,10,2.363560,1.67737438e-02
heavy,10,2.366874,1.67361194e-02
heavy,10,2.370189,1.66886979e-02
heavy,10,2.373504,1.66295236e-02
heavy,10,2.376819,1.65575484e-02
heavy,10,2.380133,1.64727367e-02
heavy,10,2.383448,1.63760461e-02
heavy,10,2.386763,1.62692874e-02
heavy,10,2.390078,1.61548980e-02
heavy,10,2.393393,1.60356730e-02
heavy,10,2.396707,1.59145029e-02
heavy,10,2.400022,1.57941544e-02
heavy,10,2.403337,1.56771101e-02
heavy,10,2.406652,1.55654738e-02
heavy,10,2.409967,1.54609273e-02
heavy,10,2.413281,1.53647270e-02
heavy,10,2.416596,1.52777224e-02
heavy,10,2.419911,1.52003836e-02
heavy,10,2.423226,1.51328269e-02
heavy,10,2.426541,1.50748351e-02
heavy,10,2.429855,1.50258688e-02
heavy,10,2.433170,1.49850739e-02
heavy,10,2.436485,1.49512890e-02
heavy,10,2.439800,1.49230645e-02
heavy,10,2.443115,1.48987010e-02
heavy,10,2.446429,1.48763208e-02
heavy,10,2.449744,1.48539747e-02
heavy,10,2.453059,1.48297854e-02
heavy,10,2.456374,1.48021136e-02
heavy,10,2.459689,1.47697245e-02
heavy,10,2.463003,1.47319252e-02
heavy,10,2.466318,1.46886442e-02
heavy,10,2.469633,1.46404349e-02
heavy,10,2.472948,1.45884025e-02
heavy,10,2.476263,1.45340669e-02
heavy,10,2.479577,1.44791909e-02
heavy,10,2.482892,1.44256014e-02
heavy,10,2.486207,1.43750265e-02
heavy,10,2.489522,1.43289646e-02
heavy,10,2.492836,1.42885864e-02
heavy,10,2.496151,1.42546677e-02
heavy,10,2.499466,1.42275435e-02
heavy,10,2.502781,1.42070791e-02
heavy,10,2.506096,1.41926518e-02
heavy,10,2.509410,1.41831458e-02
heavy,10,2.512725,1.41769673e-02
heavy,10,2.516040,1.41720892e-02
heavy,10,2.519355,1.41661379e-02
heavy,10,2.522670,1.41565322e-02
heavy,10,2.525984,1.41406735e-02
heavy,10,2.529299,1.41161747e-02
heavy,10,2.532614,1.40811016e-02
heavy,10,2.535929,1.40341851e-02
heavy,10,2.539244,1.39749663e-02
heavy,10,2.542558,1.39038409e-02
heavy,10,2.545873,1.38219963e-02
heavy,10,2.549188,1.37312549e-02
heavy,10,2.552503,1.36338582e-02
heavy,10,2.555818,1.35322337e-02
heavy,10,2.559132,1.34287813e-02
heavy,10,2.562447,1.33257049e-02
heavy,10,2.565762,1.32248983e-02
heavy,10,2.569077,1.31278834e-02
heavy,10,2.572392,1.30357911e-02
heavy,10,2.575706,1.29493712e-02
heavy,10,2.579021,1.28690228e-02
heavy,10,2.582336,1.27948339e-02
heavy,10,2.585651,1.27266299e-02
heavy,10,2.588966,1.26640264e-02
heavy,10,2.592280,1.26064893e-02
heavy,10,2.595595,1.25534009e-02
heavy,10,2.598910,1.25041312e-02
heavy,10,2.602225,1.24581092e-02
heavy,10,2.605539,1.24148859e-02
heavy,10,2.608854,1.23741794e-02
heavy,10,2.612169,1.23358930e-02
heavy,10,2.615484,1.23001022e-02
heavy,10,2.618799,1.22670109e-02
heavy,10,2.622113,1.22368840e-02
heavy,10,2.625428,1.22099653e-02
heavy,10,2.628743,1.21863941e-02
heavy,10,2.632058,1.21661262e-02
heavy,10,2.635373,1.21488704e-02
heavy,10,2.638687,1.21340446e-02
heavy,10,2.642002,1.21207574e-02
heavy,10,2.645317,1.21078214e-02
heavy,10,2.648632,1.20938039e-02
heavy,10,2.651947,1.20771165e-02
heavy,10,2.655261,1.20561439e-02
heavy,10,2.658576,1.20293990e-02
heavy,10,2.661891,1.19956842e-02
heavy,10,2.665206,1.19542338e-02
heavy,10,2.668521,1.19048084e-02
heavy,10,2.671835,1.18477226e-02
heavy,10,2.675150,1.17838005e-02
heavy,10,2.678465,1.17142704e-02
heavy,10,2.681780,1.16406215e-02
heavy,10,2.685095,1.15644512e-02
heavy,10,2.688409,1.14873259e-02
heavy,10,2.691724,1.14106738e-02
heavy,10,2.695039,1.13357132e-02
heavy,10,2.698354,1.12634176e-02
heavy,10,2.701669,1.11945080e-02
heavy,10,2.704983,1.11294665e-02
heavy,10,2.708298,1.10685626e-02
heavy,10,2.711613,1.10118849e-02
heavy,10,2.714928,1.09593733e-02
heavy,10,2.718242,1.09108484e-02
heavy,10,2.721557,1.08660332e-02
heavy,10,2.724872,1.08245666e-02
heavy,10,2.728187,1.07860077e-02
heavy,10,2.731502,1.07498329e-02
heavy,10,2.734816,1.07154311e-02
heavy,10,2.738131,1.06821029e-02
heavy,10,2.741446,1.06490713e-02
heavy,10,2.744761,1.06155105e-02
heavy,10,2.748076,1.05805937e-02
heavy,10,2.751390,1.05435580e-02
heavy,10,2.754705,1.05037772e-02
heavy,10,2.758020,1.04608282e-02
heavy,10,2.761335,1.04145380e-02
heavy,10,2.764650,1.03649980e-02
heavy,10,2.767964,1.03125439e-02
heavy,10,2.771279,1.02577028e-02
heavy,10,2.774594,1.02011212e-02
heavy,10,2.777909,1.01434843e-02
heavy,10,2.781224,1.00854437e-02
heavy,10,2.784538,1.00275586e-02
heavy,10,2.787853,9.97025835e-03
heavy,10,2.791168,9.91382447e-03
heavy,10,2.794483,9.85839220e-03
heavy,10,2.797798,9.80396706e-03
heavy,10,2.801112,9.75045355e-03
heavy,10,2.804427,9.69769164e-03
heavy,10,2.807742,9.64549654e-03
heavy,10,2.811057,9.59369657e-03
heavy,10,2.814372,9.54216411e-03
heavy,10,2.817686,9.49083541e-03
heavy,10,2.821001,9.43971744e-03
heavy,10,2.824316,9.38888206e-03
heavy,10,2.827631,9.33845096e-03
heavy,10,2.830945,9.28857539e-03
heavy,10,2.834260,9.23941554e-03
heavy,10,2.837575,9.19112291e-03
heavy,10,2.840890,9.14382764e-03
heavy,10,2.844205,9.09763123e-03
heavy,10,2.847519,9.05260412e-03
heavy,10,2.850834,9.00878673e-03
heavy,10,2.854149,8.96619288e-03
heavy,10,2.857464,8.92481428e-03
heavy,10,2.860779,8.88462537e-03
heavy,10,2.864093,8.84558784e-03
heavy,10,2.867408,8.80765462e-03
heavy,10,2.870723,8.77077318e-03
heavy,10,2.874038,8.73488816e-03
heavy,10,2.877353,8.69994336e-03
heavy,10,2.880667,8.66588317e-03
heavy,10,2.883982,8.63265363e-03
heavy,10,2.887297,8.60020310e-03
heavy,10,2.890612,8.56848263e-03
heavy,10,2.893927,8.53744625e-03
heavy,10,2.897241,8.50705101e-03
heavy,10,2.900556,8.47725695e-03
heavy,10,2.903871,8.44802705e-03
heavy,10,2.907186,8.41932704e-03
heavy,10,2.910501,8.39112533e-03
heavy,10,2.913815,8.36339273e-03
heavy,10,2.917130,8.33610238e-03
heavy,10,2.920445,8.30922951e-03
heavy,10,2.923760,8.28275129e-03
heavy,10,2.927075,8.25664668e-03
heavy,10,2.930389,8.23089629e-03
heavy,10,2.933704,8.20548219e-03
heavy,10,2.937019,8.18038786e-03
heavy,10,2.940334,8.15559798e-03
heavy,10,2.943648,8.13109842e-03
heavy,10,2.946963,8.10687606e-03
heavy,10,2.950278,8.08291874e-03
heavy,10,2.953593,8.05921517e-03
heavy,10,2.956908,8.03575487e-03
heavy,10,2.960222,8.01252807e-03
heavy,10,2.963537,7.98952567e-03
heavy,10,2.966852,7.96673920e-03
heavy,10,2.970167,7.94416071e-03
heavy,10,2.973482,7.92178282e-03
heavy,10,2.976796,7.89959857e-03
heavy,10,2.980111,7.87760148e-03
heavy,10,2.983426,7.85578544e-03
heavy,10,2.986741,7.83414473e-03
heavy,10,2.990056,7.81267396e-03
heavy,10,2.993370,7.79136805e-03
heavy,10,2.996685,7.77022224e-03
heavy,10,3.000000,7.74923201e-03
heavy,40,0.020000,5.45847191e-03
heavy,40,0.023315,7.49385151e-03
heavy,40,0.026630,9.88809672e-03
heavy,40,0.029944,1.26585455e-02
heavy,40,0.033259,1.58223174e-02
heavy,40,0.036574,1.93948311e-02
heavy,40,0.039889,2.33878663e-02
heavy,40,0.043204,2.78071409e-02
heavy,40,0.046518,3.26494452e-02
heavy,40,0.049833,3.78994900e-02
heavy,40,0.053148,4.35267854e-02
heavy,40,0.056463,4.94830561e-02
heavy,40,0.059778,5.57008800e-02
heavy,40,0.063092,6.20943235e-02
heavy,40,0.066407,6.85622572e-02
heavy,40,0.069722,7.49946852e-02
heavy,40,0.073037,8.12818047e-02
heavy,40,0.076352,8.73247651e-02
heavy,40,0.079666,9.30464473e-02
heavy,40,0.082981,9.84003266e-02
heavy,40,0.086296,1.03375783e-01
heavy,40,0.089611,1.07999024e-01
heavy,40,0.092925,1.12329807e-01
heavy,40,0.096240,1.16455020e-01
heavy,40,0.099555,1.20480652e-01
heavy,40,0.102870,1.24523641e-01
heavy,40,0.106185,1.28704732e-01
heavy,40,0.109499,1.33142929e-01
heavy,40,0.112814,1.37951645e-01
heavy,40,0.116129,1.43236299e-01
heavy,40,0.119444,1.49092896e-01
heavy,40,0.122759,1.55607097e-01
heavy,40,0.126073,1.62853260e-01
heavy,40,0.129388,1.70893051e-01
heavy,40,0.132703,1.79773270e-01
heavy,40,0.136018,1.89522666e-01
heavy,40,0.139333,2.00147679e-01
heavy,40,0.142647,2.11627196e-01
heavy,40,0.145962,2.23906754e-01
heavy,40,0.149277,2.36892919e-01
heavy,40,0.152592,2.50449026e-01
heavy,40,0.155907,2.64393839e-01
heavy,40,0.159221,2.78504864e-01
heavy,40,0.162536,2.92527871e-01
heavy,40,0.165851,3.06193387e-01
heavy,40,0.169166,3.19239521e-01
heavy,40,0.172481,3.31438697e-01
heavy,40,0.175795,3.42624261e-01
heavy,40,0.179110,3.52712129e-01
heavy,40,0.182425,3.61713223e-01
heavy,40,0.185740,3.69734384e-01
heavy,40,0.189055,3.76968074e-01
heavy,40,0.192369,3.83673622e-01
heavy,40,0.195684,3.90154155e-01
heavy,40,0.198999,3.96733436e-01
heavy,40,0.202314,4.03735818e-01
heavy,40,0.205628,4.11471044e-01
heavy,40,0.208943,4.20224163e-01
heavy,40,0.212258,4.30249779e-01
heavy,40,0.215573,4.41769327e-01
heavy,40,0.218888,4.54969889e-01
heavy,40,0.222202,4.70003194e-01
heavy,40,0.225517,4.86983714e-01
heavy,40,0.228832,5.05985059e-01
heavy,40,0.232147,5.27034190e-01
heavy,40,0.235462,5.50103353e-01
heavy,40,0.238776,5.75100053e-01
heavy,40,0.242091,6.01856012e-01
heavy,40,0.245406,6.30116788e-01
heavy,40,0.248721,6.59534667e-01
heavy,40,0.252036,6.89668230e-01
heavy,40,0.255350,7.19992474e-01
heavy,40,0.258665,7.49922817e-01
heavy,40,0.261980,7.78854526e-01
heavy,40,0.265295,8.06215849e-01
heavy,40,0.268610,8.31529053e-01
heavy,40,0.271924,8.54469878e-01
heavy,40,0.275239,8.74914340e-01
heavy,40,0.278554,8.92963294e-01
heavy,40,0.281869,9.08939839e-01
heavy,40,0.285184,9.23360821e-01
heavy,40,0.288498,9.36889270e-01
heavy,40,0.291813,9.50277649e-01
heavy,40,0.295128,9.64311719e-01
heavy,40,0.298443,9.79762236e-01
heavy,40,0.301758,9.97348043e-01
heavy,40,0.305072,1.01771067e+00
heavy,40,0.308387,1.04139815e+00
heavy,40,0.311702,1.06885454e+00
heavy,40,0.315017,1.10041155e+00
heavy,40,0.318331,1.13627918e+00
heavy,40,0.321646,1.17653329e+00
heavy,40,0.324961,1.22109938e+00
heavy,40,0.328276,1.26973337e+00
heavy,40,0.331591,1.32200164e+00
heavy,40,0.334905,1.37726471e+00
heavy,40,0.338220,1.43467028e+00
heavy,40,0.341535,1.49316246e+00
heavy,40,0.344850,1.55151394e+00
heavy,40,0.348165,1.60838576e+00
heavy,40,0.351479,1.66241553e+00
heavy,40,0.354794,1.71232907e+00
heavy,40,0.358109,1.75706376e+00
heavy,40,0.361424,1.79588665e+00
heavy,40,0.364739,1.82848737e+00
heavy,40,0.368053,1.85502844e+00
heavy,40,0.371368,1.87614259e+00
heavy,40,0.374683,1.89287694e+00
heavy,40,0.377998,1.90659458e+00
heavy,40,0.381313,1.91885115e+00
heavy,40,0.384627,1.93126590e+00
heavy,40,0.387942,1.94540342e+00
heavy,40,0.391257,1.96267553e+00
heavy,40,0.394572,1.98426618e+00
heavy,40,0.397887,2.01107626e+00
heavy,40,0.401201,2.04368273e+00
heavy,40,0.404516,2.08230617e+00
heavy,40,0.407831,2.12678287e+00
heavy,40,0.411146,2.17654129e+00
heavy,40,0.414461,2.23058675e+00
heavy,40,0.417775,2.28750304e+00
heavy,40,0.421090,2.34548215e+00
heavy,40,0.424405,2.40239462e+00
heavy,40,0.427720,2.45590894e+00
heavy,40,0.431034,2.50366024e+00
heavy,40,0.434349,2.54345580e+00
heavy,40,0.437664,2.57349129e+00
heavy,40,0.440979,2.59254176e+00
heavy,40,0.444294,2.60009122e+00
heavy,40,0.447608,2.59637521e+00
heavy,40,0.450923,2.58233028e+00
heavy,40,0.454238,2.55946543e+00
heavy,40,0.457553,2.52968564e+00
heavy,40,0.460868,2.49510207e+00
heavy,40,0.464182,2.45785803e+00
heavy,40,0.467497,2.41998760e+00
heavy,40,0.470812,2.38331215e+00
heavy,40,0.474127,2.34937065e+00
heavy,40,0.477442,2.31937544e+00
heavy,40,0.480756,2.29418479e+00
heavy,40,0.484071,2.27428537e+00
heavy,40,0.487386,2.25978083e+00
heavy,40,0.490701,2.25038605e+00
heavy,40,0.494016,2.24542990e+00
heavy,40,0.497330,2.24387250e+00
heavy,40,0.500645,2.24434481e+00
heavy,40,0.503960,2.24521868e+00
heavy,40,0.507275,2.24471249e+00
heavy,40,0.510590,2.24103089e+00
heavy,40,0.513904,2.23252770e+00
heavy,40,0.517219,2.21787111e+00
heavy,40,0.520534,2.19618386e+00
heavy,40,0.523849,2.16713177e+00
heavy,40,0.527164,2.13094289e+00
heavy,40,0.530478,2.08835498e+00
heavy,40,0.533793,2.04050457e+00
heavy,40,0.537108,1.98878226e+00
heavy,40,0.540423,1.93468233e+00
heavy,40,0.543737,1.87966981e+00
heavy,40,0.547052,1.82507997e+00
heavy,40,0.550367,1.77205489e+00
heavy,40,0.553682,1.72151448e+00
heavy,40,0.556997,1.67415427e+00
heavy,40,0.560311,1.63046062e+00
heavy,40,0.563626,1.59073420e+00
heavy,40,0.566941,1.55511403e+00
heavy,40,0.570256,1.52359685e+00
heavy,40,0.573571,1.49604885e+00
heavy,40,0.576885,1.47220991e+00
heavy,40,0.580200,1.45169269e+00
heavy,40,0.583515,1.43398107e+00
heavy,40,0.586830,1.41843344e+00
heavy,40,0.590145,1.40429700e+00
heavy,40,0.593459,1.39073762e+00
heavy,40,0.596774,1.37688757e+00
heavy,40,0.600089,1.36190908e+00
heavy,40,0.603404,1.34506700e+00
heavy,40,0.606719,1.32579928e+00
heavy,40,0.610033,1.30377233e+00
heavy,40,0.613348,1.27890969e+00
heavy,40,0.616663,1.25138827e+00
heavy,40,0.619978,1.22160349e+00
heavy,40,0.623293,1.19011148e+00
heavy,40,0.626607,1.15756058e+00
heavy,40,0.629922,1.12462423e+00
heavy,40,0.633237,1.09194455e+00
heavy,40,0.636552,1.06009155e+00
heavy,40,0.639867,1.02953881e+00
heavy,40,0.643181,1.00065364e+00
heavy,40,0.646496,9.73698165e-01
heavy,40,0.649811,9.48837752e-01
heavy,40,0.653126,9.26153377e-01
heavy,40,0.656440,9.05655354e-01
heavy,40,0.659755,8.87296308e-01
heavy,40,0.663070,8.70981824e-01
heavy,40,0.666385,8.56577652e-01
heavy,40,0.669700,8.43912990e-01
heavy,40,0.673014,8.32780202e-01
heavy,40,0.676329,8.22932344e-01
heavy,40,0.679644,8.14080862e-01
heavy,40,0.682959,8.05896463e-01
heavy,40,0.686274,7.98016125e-01
heavy,40,0.689588,7.90058351e-01
heavy,40,0.692903,7.81646973e-01
heavy,40,0.696218,7.72441446e-01
heavy,40,0.699533,7.62169136e-01
heavy,40,0.702848,7.50653573e-01
heavy,40,0.706162,7.37832654e-01
heavy,40,0.709477,7.23762689e-01
heavy,40,0.712792,7.08607454e-01
heavy,40,0.716107,6.92614844e-01
heavy,40,0.719422,6.76086235e-01
heavy,40,0.722736,6.59344374e-01
heavy,40,0.726051,6.42704771e-01
heavy,40,0.729366,6.26453676e-01
heavy,40,0.732681,6.10833712e-01
heavy,40,0.735996,5.96036630e-01
heavy,40,0.739310,5.82201780e-01
heavy,40,0.742625,5.69418593e-01
heavy,40,0.745940,5.57731564e-01
heavy,40,0.749255,5.47146534e-01
heavy,40,0.752570,5.37637370e-01
heavy,40,0.755884,5.29152375e-01
heavy,40,0.759199,5.21619818e-01
heavy,40,0.762514,5.14952040e-01
heavy,40,0.765829,5.09047735e-01
heavy,40,0.769143,5.03792329e-01
heavy,40,0.772458,4.99056891e-01
heavy,40,0.775773,4.94696649e-01
heavy,40,0.779088,4.90550649e-01
heavy,40,0.782403,4.86444268e-01
heavy,40,0.785717,4.82195871e-01
heavy,40,0.789032,4.77628007e-01
heavy,40,0.792347,4.72582173e-01
heavy,40,0.795662,4.66934861e-01
heavy,40,0.798977,4.60611700e-01
heavy,40,0.802291,4.53596513e-01
heavy,40,0.805606,4.45933105e-01
heavy,40,0.808921,4.37719317e-01
heavy,40,0.812236,4.29094717e-01
heavy,40,0.815551,4.20224569e-01
heavy,40,0.818865,4.11283110e-01
heavy,40,0.822180,4.02438698e-01
heavy,40,0.825495,3.93842403e-01
heavy,40,0.828810,3.85620571e-01
heavy,40,0.832125,3.77871070e-01
heavy,40,0.835439,3.70662489e-01
heavy,40,0.838754,3.64035455e-01
heavy,40,0.842069,3.58005313e-01
heavy,40,0.845384,3.52565612e-01
heavy,40,0.848699,3.47691996e-01
heavy,40,0.852013,3.43346148e-01
heavy,40,0.855328,3.39479459e-01
heavy,40,0.858643,3.36036020e-01
heavy,40,0.861958,3.32954589e-01
heavy,40,0.865273,3.30169306e-01
heavy,40,0.868587,3.27609271e-01
heavy,40,0.871902,3.25197510e-01
heavy,40,0.875217,3.22850236e-01
heavy,40,0.878532,3.20477469e-01
heavy,40,0.881846,3.17985945e-01
heavy,40,0.885161,3.15284663e-01
heavy,40,0.888476,3.12292682e-01
heavy,40,0.891791,3.08947898e-01
heavy,40,0.895106,3.05214995e-01
heavy,40,0.898420,3.01090691e-01
heavy,40,0.901735,2.96604941e-01
heavy,40,0.905050,2.91817744e-01
heavy,40,0.908365,2.86812251e-01
heavy,40,0.911680,2.81685653e-01
heavy,40,0.914994,2.76539580e-01
heavy,40,0.918309,2.71471484e-01
heavy,40,0.921624,2.66567953e-01
heavy,40,0.924939,2.61900283e-01
heavy,40,0.928254,2.57522189e-01
heavy,40,0.931568,2.53469269e-01
heavy,40,0.934883,2.49759769e-01
heavy,40,0.938198,2.46396270e-01
heavy,40,0.941513,2.43367984e-01
heavy,40,0.944828,2.40653444e-01
heavy,40,0.948142,2.38223345e-01
heavy,40,0.951457,2.36043268e-01
heavy,40,0.954772,2.34075965e-01
heavy,40,0.958087,2.32282865e-01
heavy,40,0.961402,2.30624615e-01
heavy,40,0.964716,2.29060688e-01
heavy,40,0.968031,2.27548442e-01
heavy,40,0.971346,2.26042251e-01
heavy,40,0.974661,2.24493486e-01
heavy,40,0.977976,2.22851943e-01
heavy,40,0.981290,2.21069002e-01
heavy,40,0.984605,2.19102209e-01
heavy,40,0.987920,2.16920486e-01
heavy,40,0.991235,2.14508796e-01
heavy,40,0.994549,2.11871111e-01
heavy,40,0.997864,2.09030876e-01
heavy,40,1.001179,2.06028801e-01
heavy,40,1.004494,2.02918458e-01
heavy,40,1.007809,1.99760606e-01
heavy,40,1.011123,1.96617306e-01
heavy,40,1.014438,1.93546701e-01
heavy,40,1.017753,1.90599005e-01
heavy,40,1.021068,1.87813898e-01
heavy,40,1.024383,1.85219241e-01
heavy,40,1.027697,1.82830905e-01
heavy,40,1.031012,1.80653474e-01
heavy,40,1.034327,1.78681601e-01
heavy,40,1.037642,1.76901861e-01
heavy,40,1.040957,1.75294905e-01
heavy,40,1.044271,1.73837717e-01
heavy,40,1.047586,1.72505688e-01
heavy,40,1.050901,1.71274216e-01
heavy,40,1.054216,1.70119558e-01
heavy,40,1.057531,1.69018852e-01
heavy,40,1.060845,1.67949417e-01
heavy,40,1.064160,1.66887731e-01
heavy,40,1.067475,1.65808612e-01
heavy,40,1.070790,1.64685142e-01
heavy,40,1.074105,1.63489733e-01
heavy,40,1.077419,1.62196363e-01
heavy,40,1.080734,1.60783657e-01
heavy,40,1.084049,1.59238172e-01
heavy,40,1.087364,1.57557059e-01
heavy,40,1.090679,1.55749422e-01
heavy,40,1.093993,1.53835952e-01
heavy,40,1.097308,1.51846914e-01
heavy,40,1.100623,1.49818908e-01
heavy,40,1.103938,1.47791056e-01
heavy,40,1.107253,1.45801281e-01
heavy,40,1.110567,1.43883185e-01
heavy,40,1.113882,1.42063781e-01
heavy,40,1.117197,1.40362176e-01
heavy,40,1.120512,1.38789117e-01
heavy,40,1.123826,1.37347289e-01
heavy,40,1.127141,1.36032230e-01
heavy,40,1.130456,1.34833718e-01
heavy,40,1.133771,1.33737497e-01
heavy,40,1.137086,1.32727131e-01
heavy,40,1.140400,1.31785741e-01
heavy,40,1.143715,1.30897362e-01
heavy,40,1.147030,1.30047667e-01
heavy,40,1.150345,1.29223972e-01
heavy,40,1.153660,1.28414598e-01
heavy,40,1.156974,1.27607866e-01
heavy,40,1.160289,1.26791149e-01
heavy,40,1.163604,1.25950401e-01
heavy,40,1.166919,1.25070478e-01
heavy,40,1.170234,1.24136353e-01
heavy,40,1.173548,1.23135030e-01
heavy,40,1.176863,1.22057760e-01
heavy,40,1.180178,1.20901994e-01
heavy,40,1.183493,1.19672554e-01
heavy,40,1.186808,1.18381702e-01
heavy,40,1.190122,1.17048039e-01
heavy,40,1.193437,1.15694490e-01
heavy,40,1.196752,1.14345788e-01
heavy,40,1.200067,1.13025901e-01
heavy,40,1.203382,1.11755807e-01
heavy,40,1.206696,1.10551838e-01
heavy,40,1.210011,1.09424701e-01
heavy,40,1.213326,1.08379168e-01
heavy,40,1.216641,1.07414381e-01
heavy,40,1.219956,1.06524679e-01
heavy,40,1.223270,1.05700830e-01
heavy,40,1.226585,1.04931513e-01
heavy,40,1.229900,1.04204852e-01
heavy,40,1.233215,1.03509745e-01
heavy,40,1.236529,1.02836777e-01
heavy,40,1.239844,1.02178524e-01
heavy,40,1.243159,1.01529254e-01
heavy,40,1.246474,1.00884134e-01
heavy,40,1.249789,1.00238251e-01
heavy,40,1.253103,9.95857556e-02
heavy,40,1.256418,9.89194735e-02
heavy,40,1.259733,9.82311562e-02
heavy,40,1.263048,9.75123909e-02
heavy,40,1.266363,9.67559910e-02
heavy,40,1.269677,9.59575311e-02
heavy,40,1.272992,9.51166314e-02
heavy,40,1.276307,9.42376401e-02
heavy,40,1.279622,9.33295186e-02
heavy,40,1.282937,9.24049386e-02
heavy,40,1.286251,9.14787884e-02
heavy,40,1.289566,9.05663930e-02
heavy,40,1.292881,8.96817728e-02
heavy,40,1.296196,8.88361970e-02
heavy,40,1.299511,8.80371994e-02
heavy,40,1.302825,8.72881256e-02
heavy,40,1.306140,8.65882137e-02
heavy,40,1.309455,8.59331590e-02
heavy,40,1.312770,8.53160690e-02
heavy,40,1.316085,8.47286701e-02
heavy,40,1.319399,8.41625780e-02
heavy,40,1.322714,8.36104141e-02
heavy,40,1.326029,8.30665604e-02
heavy,40,1.329344,8.25274092e-02
heavy,40,1.332659,8.19910823e-02
heavy,40,1.335973,8.14567297e-02
heavy,40,1.339288,8.09236257e-02
heavy,40,1.342603,8.03903371e-02
heavy,40,1.345918,7.98542107e-02
heavy,40,1.349232,7.93113446e-02
heavy,40,1.352547,7.87570757e-02
heavy,40,1.355862,7.81868799e-02
heavy,40,1.359177,7.75974604e-02
heavy,40,1.362492,7.69877422e-02
heavy,40,1.365806,7.63595047e-02
heavy,40,1.369121,7.57174737e-02
heavy,40,1.372436,7.50688397e-02
heavy,40,1.375751,7.44223065e-02
heavy,40,1.379066,7.37868785e-02
heavy,40,1.382380,7.31706257e-02
heavy,40,1.385695,7.25796407e-02
heavy,40,1.389010,7.20173412e-02
heavy,40,1.392325,7.14841987e-02
heavy,40,1.395640,7.09779105e-02
heavy,40,1.398954,7.04939720e-02
heavy,40,1.402269,7.00265524e-02
heavy,40,1.405584,6.95695275e-02
heavy,40,1.408899,6.91174812e-02
heavy,40,1.412214,6.86664815e-02
heavy,40,1.415528,6.82144760e-02
heavy,40,1.418843,6.77612326e-02
heavy,40,1.422158,6.73078665e-02
heavy,40,1.425473,6.68560943e-02
heavy,40,1.428788,6.64074223e-02
heavy,40,1.432102,6.59624807e-02
heavy,40,1.435417,6.55206727e-02
heavy,40,1.438732,6.50802208e-02
heavy,40,1.442047,6.46385926e-02
heavy,40,1.445362,6.41931949e-02
heavy,40,1.448676,6.37421535e-02
heavy,40,1.451991,6.32849696e-02
heavy,40,1.455306,6.28228755e-02
heavy,40,1.458621,6.23587896e-02
heavy,40,1.461935,6.18968765e-02
heavy,40,1.465250,6.14418178e-02
heavy,40,1.468565,6.09979585e-02
heavy,40,1.471880,6.05685118e-02
heavy,40,1.475195,6.01549784e-02
heavy,40,1.478509,5.97568831e-02
heavy,40,1.481824,5.93718742e-02
heavy,40,1.485139,5.89961653e-02
heavy,40,1.488454,5.86252405e-02
heavy,40,1.491769,5.82546896e-02
heavy,40,1.495083,5.78810082e-02
heavy,40,1.498398,5.75021905e-02
heavy,40,1.501713,5.71179915e-02
heavy,40,1.505028,5.67298048e-02
heavy,40,1.508343,5.63402045e-02
heavy,40,1.511657,5.59522745e-02
heavy,40,1.514972,5.55688963e-02
heavy,40,1.518287,5.51921600e-02
heavy,40,1.521602,5.48230234e-02
heavy,40,1.524917,5.44612795e-02
heavy,40,1.528231,5.41058150e-02
heavy,40,1.531546,5.37550802e-02
heavy,40,1.534861,5.34076390e-02
heavy,40,1.538176,5.30626495e-02
heavy,40,1.541491,5.27201452e-02
heavy,40,1.544805,5.23810414e-02
heavy,40,1.548120,5.20468653e-02
heavy,40,1.551435,5.17192844e-02
heavy,40,1.554750,5.13995564e-02
heavy,40,1.558065,5.10880419e-02
heavy,40,1.561379,5.07839008e-02
heavy,40,1.564694,5.04850523e-02
heavy,40,1.568009,5.01884218e-02
heavy,40,1.571324,4.98904350e-02
heavy,40,1.574638,4.95876621e-02
heavy,40,1.577953,4.92774773e-02
heavy,40,1.581268,4.89585833e-02
heavy,40,1.584583,4.86312799e-02
heavy,40,1.587898,4.82974170e-02
heavy,40,1.591212,4.79600499e-02
heavy,40,1.594527,4.76228878e-02
heavy,40,1.597842,4.72896680e-02
heavy,40,1.601157,4.69635913e-02
heavy,40,1.604472,4.66469261e-02
heavy,40,1.607786,4.63408423e-02
heavy,40,1.611101,4.60454775e-02
heavy,40,1.614416,4.57601932e-02
heavy,40,1.617731,4.54839363e-02
heavy,40,1.621046,4.52156033e-02
heavy,40,1.624360,4.49543073e-02
heavy,40,1.627675,4.46994780e-02
heavy,40,1.630990,4.44507739e-02
heavy,40,1.634305,4.42078442e-02
heavy,40,1.637620,4.39700198e-02
heavy,40,1.640934,4.37360395e-02
heavy,40,1.644249,4.35039083e-02
heavy,40,1.647564,4.32709534e-02
heavy,40,1.650879,4.30340951e-02
heavy,40,1.654194,4.27902911e-02
heavy,40,1.657508,4.25370642e-02
heavy,40,1.660823,4.22729925e-02
heavy,40,1.664138,4.19980420e-02
heavy,40,1.667453,4.17136588e-02
heavy,40,1.670768,4.14225963e-02
heavy,40,1.674082,4.11285233e-02
heavy,40,1.677397,4.08355028e-02
heavy,40,1.680712,4.05474554e-02
heavy,40,1.684027,4.02677078e-02
heavy,40,1.687341,3.99986952e-02
heavy,40,1.690656,3.97418445e-02
heavy,40,1.693971,3.94976273e-02
heavy,40,1.697286,3.92657395e-02
heavy,40,1.700601,3.90453410e-02
heavy,40,1.703915,3.88352860e-02
heavy,40,1.707230,3.86342801e-02
heavy,40,1.710545,3.84409314e-02
heavy,40,1.713860,3.82536956e-02
heavy,40,1.717175,3.80707584e-02
heavy,40,1.720489,3.78899200e-02
heavy,40,1.723804,3.77085581e-02
heavy,40,1.727119,3.75237222e-02
heavy,40,1.730434,3.73323819e-02
heavy,40,1.733749,3.71317979e-02
heavy,40,1.737063,3.69199448e-02
heavy,40,1.740378,3.66958886e-02
heavy,40,1.743693,3.64600200e-02
heavy,40,1.747008,3.62140833e-02
heavy,40,1.750323,3.59609865e-02
heavy,40,1.753637,3.57044371e-02
heavy,40,1.756952,3.54484831e-02
heavy,40,1.760267,3.51970500e-02
heavy,40,1.763582,3.49535515e-02
heavy,40,1.766897,3.47206242e-02
heavy,40,1.770211,3.45000001e-02
heavy,40,1.773526,3.42925067e-02
heavy,40,1.776841,3.40981593e-02
heavy,40,1.780156,3.39163028e-02
heavy,40,1.783471,3.37457536e-02
heavy,40,1.786785,3.35849083e-02
heavy,40,1.790100,3.34318007e-02
heavy,40,1.793415,3.32841156e-02
heavy,40,1.796730,3.31391939e-02
heavy,40,1.800044,3.29940735e-02
heavy,40,1.803359,3.28456100e-02
heavy,40,1.806674,3.26906990e-02
heavy,40,1.809989,3.25265876e-02
heavy,40,1.813304,3.23512254e-02
heavy,40,1.816618,3.21635807e-02
heavy,40,1.819933,3.19638438e-02
heavy,40,1.823248,3.17534608e-02
heavy,40,1.826563,3.15349848e-02
heavy,40,1.829878,3.13117736e-02
heavy,40,1.833192,3.10875979e-02
heavy,40,1.836507,3.08662352e-02
heavy,40,1.839822,3.06511138e-02
heavy,40,1.843137,3.04450480e-02
heavy,40,1.846452,3.02500807e-02
heavy,40,1.849766,3.00674240e-02
heavy,40,1.853081,2.98974762e-02
heavy,40,1.856396,2.97398851e-02
heavy,40,1.859711,2.95936299e-02
heavy,40,1.863026,2.94571001e-02
heavy,40,1.866340,2.93281662e-02
heavy,40,1.869655,2.92042496e-02
heavy,40,1.872970,2.90824143e-02
heavy,40,1.876285,2.89595069e-02
heavy,40,1.879600,2.88323623e-02
heavy,40,1.882914,2.86980749e-02
heavy,40,1.886229,2.85543050e-02
heavy,40,1.889544,2.83995695e-02
heavy,40,1.892859,2.82334521e-02
heavy,40,1.896174,2.80566844e-02
heavy,40,1.899488,2.78710703e-02
heavy,40,1.902803,2.76792704e-02
heavy,40,1.906118,2.74844890e-02
heavy,40,1.909433,2.72901256e-02
heavy,40,1.912747,2.70994465e-02
heavy,40,1.916062,2.69153180e-02
heavy,40,1.919377,2.67400200e-02
heavy,40,1.922692,2.65751386e-02
heavy,40,1.926007,2.64215236e-02
heavy,40,1.929321,2.62792941e-02
heavy,40,1.932636,2.61478730e-02
heavy,40,1.935951,2.60260404e-02
heavy,40,1.939266,2.59120045e-02
heavy,40,1.942581,2.58034956e-02
heavy,40,1.945895,2.56978969e-02
heavy,40,1.949210,2.55924227e-02
heavy,40,1.952525,2.54843454e-02
heavy,40,1.955840,2.53712579e-02
heavy,40,1.959155,2.52513386e-02
heavy,40,1.962469,2.51235728e-02
heavy,40,1.965784,2.49878862e-02
heavy,40,1.969099,2.48451605e-02
heavy,40,1.972414,2.46971265e-02
heavy,40,1.975729,2.45461572e-02
heavy,40,1.979043,2.43950046e-02
heavy,40,1.982358,2.42465261e-02
heavy,40,1.985673,2.41034387e-02
heavy,40,1.988988,2.39681244e-02
heavy,40,1.992303,2.38424940e-02
heavy,40,1.995617,2.37279006e-02
heavy,40,1.998932,2.36250940e-02
heavy,40,2.002247,2.35342011e-02
heavy,40,2.005562,2.34547269e-02
heavy,40,2.008877,2.33855723e-02
heavy,40,2.012191,2.33250756e-02
heavy,40,2.015506,2.32710867e-02
heavy,40,2.018821,2.32210857e-02
heavy,40,2.022136,2.31723540e-02
heavy,40,2.025451,2.31221939e-02
heavy,40,2.028765,2.30681805e-02
heavy,40,2.032080,2.30084126e-02
heavy,40,2.035395,2.29417196e-02
heavy,40,2.038710,2.28677846e-02
heavy,40,2.042024,2.27871554e-02
heavy,40,2.045339,2.27011428e-02
heavy,40,2.048654,2.26116267e-02
heavy,40,2.051969,2.25208124e-02
heavy,40,2.055284,2.24309782e-02
heavy,40,2.058598,2.23442506e-02
heavy,40,2.061913,2.22624262e-02
heavy,40,2.065228,2.21868455e-02
heavy,40,2.068543,2.21183105e-02
heavy,40,2.071858,2.20570398e-02
heavy,40,2.075172,2.20026521e-02
heavy,40,2.078487,2.19541822e-02
heavy,40,2.081802,2.19101344e-02
heavy,40,2.085117,2.18685838e-02
heavy,40,2.088432,2.18273338e-02
heavy,40,2.091746,2.17841245e-02
heavy,40,2.095061,2.17368752e-02
heavy,40,2.098376,2.16839276e-02
heavy,40,2.101691,2.16242476e-02
heavy,40,2.105006,2.15575450e-02
heavy,40,2.108320,2.14842875e-02
heavy,40,2.111635,2.14056072e-02
heavy,40,2.114950,2.13231242e-02
heavy,40,2.118265,2.12387270e-02
heavy,40,2.121580,2.11543516e-02
heavy,40,2.124894,2.10717913e-02
heavy,40,2.128209,2.09925534e-02
heavy,40,2.131524,2.09177628e-02
heavy,40,2.134839,2.08481037e-02
heavy,40,2.138154,2.07837879e-02
heavy,40,2.141468,2.07245454e-02
heavy,40,2.144783,2.06696396e-02
heavy,40,2.148098,2.06179153e-02
heavy,40,2.151413,2.05678913e-02
heavy,40,2.154727,2.05179017e-02
heavy,40,2.158042,2.04662778e-02
heavy,40,2.161357,2.04115500e-02
heavy,40,2.164672,2.03526349e-02
heavy,40,2.167987,2.02889715e-02
heavy,40,2.171301,2.02205774e-02
heavy,40,2.174616,2.01480141e-02
heavy,40,2.177931,2.00722753e-02
heavy,40,2.181246,1.99946244e-02
heavy,40,2.184561,1.99164215e-02
heavy,40,2.187875,1.98389688e-02
heavy,40,2.191190,1.97633923e-02
heavy,40,2.194505,1.96905650e-02
heavy,40,2.197820,1.96210610e-02
heavy,40,2.201135,1.95551308e-02
heavy,40,2.204449,1.94926902e-02
heavy,40,2.207764,1.94333246e-02
heavy,40,2.211079,1.93763160e-02
heavy,40,2.214394,1.93207031e-02
heavy,40,2.217709,1.92653809e-02
heavy,40,2.221023,1.92092330e-02
heavy,40,2.224338,1.91512802e-02
heavy,40,2.227653,1.90908159e-02
heavy,40,2.230968,1.90274989e-02
heavy,40,2.234283,1.89613837e-02
heavy,40,2.237597,1.88928822e-02
heavy,40,2.240912,1.88226709e-02
heavy,40,2.244227,1.87515696e-02
heavy,40,2.247542,1.86804209e-02
heavy,40,2.250857,1.86099926e-02
heavy,40,2.254171,1.85409125e-02
heavy,40,2.257486,1.84736320e-02
heavy,40,2.260801,1.84084097e-02
heavy,40,2.264116,1.83453043e-02
heavy,40,2.267430,1.82841724e-02
heavy,40,2.270745,1.82246768e-02
heavy,40,2.274060,1.81663127e-02
heavy,40,2.277375,1.81084603e-02
heavy,40,2.280690,1.80504643e-02
heavy,40,2.284004,1.79917291e-02
heavy,40,2.287319,1.79318107e-02
heavy,40,2.290634,1.78704822e-02
heavy,40,2.293949,1.78077561e-02
heavy,40,2.297264,1.77438594e-02
heavy,40,2.300578,1.76791701e-02
heavy,40,2.303893,1.76141367e-02
heavy,40,2.307208,1.75492014e-02
heavy,40,2.310523,1.74847445e-02
heavy,40,2.313838,1.74210543e-02
heavy,40,2.317152,1.73583184e-02
heavy,40,2.320467,1.72966253e-02
heavy,40,2.323782,1.72359680e-02
heavy,40,2.327097,1.71762472e-02
heavy,40,2.330412,1.71172763e-02
heavy,40,2.333726,1.70587980e-02
heavy,40,2.337041,1.70005165e-02
heavy,40,2.340356,1.69421444e-02
heavy,40,2.343671,1.68834544e-02
heavy,40,2.346986,1.68243199e-02
heavy,40,2.350300,1.67647332e-02
heavy,40,2.353615,1.67047929e-02
heavy,40,2.356930,1.66446670e-02
heavy,40,2.360245,1.65845449e-02
heavy,40,2.363560,1.65245937e-02
heavy,40,2.366874,1.64649319e-02
heavy,40,2.370189,1.64056238e-02
heavy,40,2.373504,1.63466887e-02
heavy,40,2.376819,1.62881170e-02
heavy,40,2.380133,1.62298822e-02
heavy,40,2.383448,1.61719461e-02
heavy,40,2.386763,1.61142600e-02
heavy,40,2.390078,1.60567669e-02
heavy,40,2.393393,1.59994104e-02
heavy,40,2.396707,1.59421494e-02
heavy,40,2.400022,1.58849725e-02
heavy,40,2.403337,1.58279043e-02
heavy,40,2.406652,1.57709978e-02
heavy,40,2.409967,1.57143140e-02
heavy,40,2.413281,1.56578956e-02
heavy,40,2.416596,1.56017465e-02
heavy,40,2.419911,1.55458249e-02
heavy,40,2.423226,1.54900540e-02
heavy,40,2.426541,1.54343445e-02
heavy,40,2.429855,1.53786212e-02
heavy,40,2.433170,1.53228426e-02
heavy,40,2.436485,1.52670094e-02
heavy,40,2.439800,1.52111617e-02
heavy,40,2.443115,1.51553698e-02
heavy,40,2.446429,1.50997229e-02
heavy,40,2.449744,1.50443183e-02
heavy,40,2.453059,1.49892501e-02
heavy,40,2.456374,1.49345952e-02
heavy,40,2.459689,1.48803967e-02
heavy,40,2.463003,1.48266481e-02
heavy,40,2.466318,1.47732846e-02
heavy,40,2.469633,1.47201884e-02
heavy,40,2.472948,1.46672078e-02
heavy,40,2.476263,1.46141891e-02
heavy,40,2.479577,1.45610104e-02
heavy,40,2.482892,1.45076082e-02
heavy,40,2.486207,1.44539905e-02
heavy,40,2.489522,1.44002334e-02
heavy,40,2.492836,1.43464652e-02
heavy,40,2.496151,1.42928416e-02
heavy,40,2.499466,1.42395191e-02
heavy,40,2.502781,1.41866285e-02
heavy,40,2.506096,1.41342505e-02
heavy,40,2.509410,1.40823993e-02
heavy,40,2.512725,1.40310155e-02
heavy,40,2.516040,1.39799736e-02
heavy,40,2.519355,1.39291045e-02
heavy,40,2.522670,1.38782301e-02
heavy,40,2.525984,1.38272015e-02
heavy,40,2.529299,1.37759313e-02
heavy,40,2.532614,1.37244116e-02
heavy,40,2.535929,1.36727140e-02
heavy,40,2.539244,1.36209716e-02
heavy,40,2.542558,1.35693504e-02
heavy,40,2.545873,1.35180136e-02
heavy,40,2.549188,1.34670890e-02
heavy,40,2.552503,1.34166423e-02
heavy,40,2.555818,1.33666634e-02
heavy,40,2.559132,1.33170680e-02
heavy,40,2.562447,1.32677155e-02
heavy,40,2.565762,1.32184412e-02
heavy,40,2.569077,1.31690938e-02
heavy,40,2.572392,1.31195706e-02
heavy,40,2.575706,1.30698400e-02
heavy,40,2.579021,1.30199466e-02
heavy,40,2.582336,1.29699968e-02
heavy,40,2.585651,1.29201313e-02
heavy,40,2.588966,1.28704892e-02
heavy,40,2.592280,1.28211752e-02
heavy,40,2.595595,1.27722352e-02
heavy,40,2.598910,1.27236463e-02
heavy,40,2.602225,1.26753244e-02
heavy,40,2.605539,1.26271471e-02
heavy,40,2.608854,1.25789860e-02
heavy,40,2.612169,1.25307397e-02
heavy,40,2.615484,1.24823594e-02
heavy,40,2.618799,1.24338582e-02
heavy,40,2.622113,1.23853031e-02
heavy,40,2.625428,1.23367933e-02
heavy,40,2.628743,1.22884296e-02
heavy,40,2.632058,1.22402860e-02
heavy,40,2.635373,1.21923896e-02
heavy,40,2.638687,1.21447152e-02
heavy,40,2.642002,1.20971950e-02
heavy,40,2.645317,1.20497404e-02
heavy,40,2.648632,1.20022692e-02
heavy,40,2.651947,1.19547286e-02
heavy,40,2.655261,1.19071081e-02
heavy,40,2.658576,1.18594382e-02
heavy,40,2.661891,1.18117752e-02
heavy,40,2.665206,1.17641799e-02
heavy,40,2.668521,1.17166956e-02
heavy,40,2.671835,1.16693345e-02
heavy,40,2.675150,1.16220747e-02
heavy,40,2.678465,1.15748698e-02
heavy,40,2.681780,1.15276656e-02
heavy,40,2.685095,1.14804183e-02
heavy,40,2.688409,1.14331066e-02
heavy,40,2.691724,1.13857344e-02
heavy,40,2.695039,1.13383239e-02
heavy,40,2.698354,1.12909020e-02
heavy,40,2.701669,1.12434867e-02
heavy,40,2.704983,1.11960786e-02
heavy,40,2.708298,1.11486602e-02
heavy,40,2.711613,1.11012023e-02
heavy,40,2.714928,1.10536747e-02
heavy,40,2.718242,1.10060549e-02
heavy,40,2.721557,1.09583326e-02
heavy,40,2.724872,1.09105069e-02
heavy,40,2.728187,1.08625809e-02
heavy,40,2.731502,1.08145541e-02
heavy,40,2.734816,1.07664182e-02
heavy,40,2.738131,1.07181572e-02
heavy,40,2.741446,1.06697507e-02
heavy,40,2.744761,1.06211788e-02
heavy,40,2.748076,1.05724250e-02
heavy,40,2.751390,1.05234767e-02
heavy,40,2.754705,1.04743233e-02
heavy,40,2.758020,1.04249539e-02
heavy,40,2.761335,1.03753551e-02
heavy,40,2.764650,1.03255121e-02
heavy,40,2.767964,1.02754095e-02
heavy,40,2.771279,1.02250334e-02
heavy,40,2.774594,1.01743727e-02
heavy,40,2.777909,1.01234193e-02
heavy,40,2.781224,1.00721682e-02
heavy,40,2.784538,1.00206186e-02
heavy,40,2.787853,9.96877450e-03
heavy,40,2.791168,9.91664662e-03
heavy,40,2.794483,9.86425421e-03
heavy,40,2.797798,9.81162691e-03
heavy,40,2.801112,9.75880652e-03
heavy,40,2.804427,9.70584856e-03
heavy,40,2.807742,9.65282366e-03
heavy,40,2.811057,9.59981824e-03
heavy,40,2.814372,9.54693444e-03
heavy,40,2.817686,9.49428872e-03
heavy,40,2.821001,9.44200915e-03
heavy,40,2.824316,9.39023131e-03
heavy,40,2.827631,9.33909298e-03
heavy,40,2.830945,9.28872810e-03
heavy,40,2.834260,9.23926067e-03
heavy,40,2.837575,9.19079931e-03
heavy,40,2.840890,9.14343304e-03
heavy,40,2.844205,9.09722868e-03
heavy,40,2.847519,9.05223011e-03
heavy,40,2.850834,9.00845907e-03
heavy,40,2.854149,8.96591725e-03
heavy,40,2.857464,8.92458921e-03
heavy,40,2.860779,8.88444568e-03
heavy,40,2.864093,8.84544687e-03
heavy,40,2.867408,8.80754555e-03
heavy,40,2.870723,8.77068973e-03
heavy,40,2.874038,8.73482490e-03
heavy,40,2.877353,8.69989577e-03
heavy,40,2.880667,8.66584762e-03
heavy,40,2.883982,8.63262723e-03
heavy,40,2.887297,8.60018359e-03
heavy,40,2.890612,8.56846830e-03
heavy,40,2.893927,8.53743579e-03
heavy,40,2.897241,8.50704341e-03
heavy,40,2.900556,8.47725147e-03
heavy,40,2.903871,8.44802313e-03
heavy,40,2.907186,8.41932427e-03
heavy,40,2.910501,8.39112338e-03
heavy,40,2.913815,8.36339139e-03
heavy,40,2.917130,8.33610148e-03
heavy,40,2.920445,8.30922892e-03
heavy,40,2.923760,8.28275092e-03
heavy,40,2.927075,8.25664647e-03
heavy,40,2.930389,8.23089619e-03
heavy,40,2.933704,8.20548217e-03
heavy,40,2.937019,8.18038788e-03
heavy,40,2.940334,8.15559803e-03
heavy,40,2.943648,8.13109849e-03
heavy,40,2.946963,8.10687614e-03
heavy,40,2.950278,8.08291882e-03
heavy,40,2.953593,8.05921526e-03
heavy,40,2.956908,8.03575495e-03
heavy,40,2.960222,8.01252815e-03
heavy,40,2.963537,7.98952574e-03
heavy,40,2.966852,7.96673926e-03
heavy,40,2.970167,7.94416077e-03
heavy,40,2.973482,7.92178287e-03
heavy,40,2.976796,7.89959862e-03
heavy,40,2.980111,7.87760152e-03
heavy,40,2.983426,7.85578548e-03
heavy,40,2.986741,7.83414476e-03
heavy,40,2.990056,7.81267398e-03
heavy,40,2.993370,7.79136808e-03
heavy,40,2.996685,7.77022226e-03
heavy,40,3.000000,7.74923203e-03
heavy,160,0.020000,7.23867456e-03
heavy,160,0.023315,9.66273751e-03
heavy,160,0.026630,1.23798378e-02
heavy,160,0.029944,1.53761654e-02
heavy,160,0.033259,1.86398674e-02
heavy,160,0.036574,2.21591856e-02
heavy,160,0.039889,2.59207911e-02
heavy,160,0.043204,2.99087701e-02
heavy,160,0.046518,3.41045100e-02
heavy,160,0.049833,3.84874935e-02
heavy,160,0.053148,4.30367893e-02
heavy,160,0.056463,4.77328732e-02
heavy,160,0.059778,5.25593879e-02
heavy,160,0.063092,5.75045321e-02
heavy,160,0.066407,6.25619202e-02
heavy,160,0.069722,6.77308797e-02
heavy,160,0.073037,7.30161992e-02
heavy,160,0.076352,7.84273200e-02
heavy,160,0.079666,8.39769345e-02
heavy,160,0.082981,8.96789956e-02
heavy,160,0.086296,9.55462816e-02
heavy,160,0.089611,1.01587855e-01
heavy,160,0.092925,1.07806912e-01
heavy,160,0.096240,1.14199570e-01
heavy,160,0.099555,1.20755021e-01
heavy,160,0.102870,1.27457230e-01
heavy,160,0.106185,1.34288010e-01
heavy,160,0.109499,1.41230978e-01
heavy,160,0.112814,1.48275624e-01
heavy,160,0.116129,1.55420596e-01
heavy,160,0.119444,1.62675418e-01
heavy,160,0.122759,1.70060106e-01
heavy,160,0.126073,1.77602604e-01
heavy,160,0.129388,1.85334501e-01
heavy,160,0.132703,1.93285863e-01
heavy,160,0.136018,2.01480298e-01
heavy,160,0.139333,2.09931281e-01
heavy,160,0.142647,2.18640507e-01
heavy,160,0.145962,2.27598574e-01
heavy,160,0.149277,2.36787831e-01
heavy,160,0.152592,2.46186815e-01
heavy,160,0.155907,2.55775388e-01
heavy,160,0.159221,2.65539601e-01
heavy,160,0.162536,2.75475374e-01
heavy,160,0.165851,2.85590307e-01
heavy,160,0.169166,2.95903361e-01
heavy,160,0.172481,3.06442600e-01
heavy,160,0.175795,3.17241610e-01
heavy,160,0.179110,3.28335423e-01
heavy,160,0.182425,3.39756703e-01
heavy,160,0.185740,3.51532683e-01
heavy,160,0.189055,3.63682985e-01
heavy,160,0.192369,3.76218233e-01
heavy,160,0.195684,3.89139450e-01
heavy,160,0.198999,4.02438391e-01
heavy,160,0.202314,4.16099172e-01
heavy,160,0.205628,4.30101470e-01
heavy,160,0.208943,4.44425230e-01
heavy,160,0.212258,4.59056245e-01
heavy,160,0.215573,4.73991560e-01
heavy,160,0.218888,4.89243436e-01
heavy,160,0.222202,5.04840840e-01
heavy,160,0.225517,5.20827920e-01
heavy,160,0.228832,5.37259510e-01
heavy,160,0.232147,5.54194269e-01
heavy,160,0.235462,5.71686461e-01
heavy,160,0.238776,5.89777730e-01
heavy,160,0.242091,6.08490412e-01
heavy,160,0.245406,6.27823976e-01
heavy,160,0.248721,6.47755891e-01
heavy,160,0.252036,6.68247378e-01
heavy,160,0.255350,6.89253367e-01
heavy,160,0.258665,7.10734660e-01
heavy,160,0.261980,7.32669477e-01
heavy,160,0.265295,7.55061481e-01
heavy,160,0.268610,7.77942250e-01
heavy,160,0.271924,8.01367624e-01
heavy,160,0.275239,8.25408962e-01
heavy,160,0.278554,8.50141489e-01
heavy,160,0.281869,8.75632376e-01
heavy,160,0.285184,9.01930919e-01
heavy,160,0.288498,9.29062380e-01
heavy,160,0.291813,9.57026043e-01
heavy,160,0.295128,9.85797268e-01
heavy,160,0.298443,1.01533282e+00
heavy,160,0.301758,1.04557866e+00
heavy,160,0.305072,1.07647916e+00
heavy,160,0.308387,1.10798667e+00
heavy,160,0.311702,1.14006977e+00
heavy,160,0.315017,1.17271878e+00
heavy,160,0.318331,1.20594710e+00
heavy,160,0.321646,1.23978827e+00
heavy,160,0.324961,1.27428930e+00
heavy,160,0.328276,1.30950170e+00
heavy,160,0.331591,1.34547130e+00
heavy,160,0.334905,1.38222774e+00
heavy,160,0.338220,1.41977426e+00
heavy,160,0.341535,1.45807871e+00
heavy,160,0.344850,1.49706785e+00
heavy,160,0.348165,1.53662757e+00
heavy,160,0.351479,1.57661143e+00
heavy,160,0.354794,1.61685771e+00
heavy,160,0.358109,1.65721244e+00
heavy,160,0.361424,1.69755242e+00
heavy,160,0.364739,1.73780130e+00
heavy,160,0.368053,1.77793309e+00
heavy,160,0.371368,1.81796131e+00
heavy,160,0.374683,1.85791635e+00
heavy,160,0.377998,1.89781725e+00
heavy,160,0.381313,1.93764510e+00
heavy,160,0.384627,1.97732372e+00
heavy,160,0.387942,2.01671133e+00
heavy,160,0.391257,2.05560424e+00
heavy,160,0.394572,2.09375214e+00
heavy,160,0.397887,2.13088270e+00
heavy,160,0.401201,2.16673186e+00
heavy,160,0.404516,2.20107345e+00
heavy,160,0.407831,2.23374132e+00
heavy,160,0.411146,2.26463751e+00
heavy,160,0.414461,2.29372394e+00
heavy,160,0.417775,2.32100000e+00
heavy,160,0.421090,2.34647313e+00
heavy,160,0.424405,2.37013149e+00
heavy,160,0.427720,2.39192608e+00
heavy,160,0.431034,2.41176563e+00
heavy,160,0.434349,2.42952253e+00
heavy,160,0.437664,2.44504556e+00
heavy,160,0.440979,2.45817472e+00
heavy,160,0.444294,2.46875622e+00
heavy,160,0.447608,2.47665772e+00
heavy,160,0.450923,2.48178471e+00
heavy,160,0.454238,2.48409653e+00
heavy,160,0.457553,2.48361800e+00
heavy,160,0.460868,2.48044137e+00
heavy,160,0.464182,2.47471491e+00
heavy,160,0.467497,2.46661927e+00
heavy,160,0.470812,2.45633767e+00
heavy,160,0.474127,2.44402806e+00
heavy,160,0.477442,2.42980482e+00
heavy,160,0.480756,2.41373354e+00
heavy,160,0.484071,2.39583835e+00
heavy,160,0.487386,2.37611841e+00
heavy,160,0.490701,2.35456953e+00
heavy,160,0.494016,2.33120703e+00
heavy,160,0.497330,2.30608622e+00
heavy,160,0.500645,2.27931667e+00
heavy,160,0.503960,2.25106621e+00
heavy,160,0.507275,2.22155184e+00
heavy,160,0.510590,2.19101788e+00
heavy,160,0.513904,2.15970610e+00
heavy,160,0.517219,2.12782550e+00
heavy,160,0.520534,2.09553064e+00
heavy,160,0.523849,2.06291446e+00
heavy,160,0.527164,2.03001674e+00
heavy,160,0.530478,1.99684418e+00
heavy,160,0.533793,1.96339465e+00
heavy,160,0.537108,1.92967814e+00
heavy,160,0.540423,1.89572938e+00
heavy,160,0.543737,1.86161130e+00
heavy,160,0.547052,1.82741135e+00
heavy,160,0.550367,1.79323403e+00
heavy,160,0.553682,1.75919220e+00
heavy,160,0.556997,1.72539816e+00
heavy,160,0.560311,1.69195467e+00
heavy,160,0.563626,1.65894630e+00
heavy,160,0.566941,1.62643249e+00
heavy,160,0.570256,1.59444412e+00
heavy,160,0.573571,1.56298518e+00
heavy,160,0.576885,1.53203942e+00
heavy,160,0.580200,1.50158006e+00
heavy,160,0.583515,1.47157992e+00
heavy,160,0.586830,1.44201927e+00
heavy,160,0.590145,1.41289044e+00
heavy,160,0.593459,1.38419930e+00
heavy,160,0.596774,1.35596490e+00
heavy,160,0.600089,1.32821777e+00
heavy,160,0.603404,1.30099702e+00
heavy,160,0.606719,1.27434566e+00
heavy,160,0.610033,1.24830368e+00
heavy,160,0.613348,1.22290006e+00
heavy,160,0.616663,1.19814543e+00
heavy,160,0.619978,1.17402808e+00
heavy,160,0.623293,1.15051524e+00
heavy,160,0.626607,1.12755961e+00
heavy,160,0.629922,1.10510973e+00
heavy,160,0.633237,1.08312085e+00
heavy,160,0.636552,1.06156319e+00
heavy,160,0.639867,1.04042557e+00
heavy,160,0.643181,1.01971388e+00
heavy,160,0.646496,9.99445875e-01
heavy,160,0.649811,9.79644424e-01
heavy,160,0.653126,9.60330945e-01
heavy,160,0.656440,9.41520340e-01
heavy,160,0.659755,9.23217635e-01
heavy,160,0.663070,9.05416308e-01
heavy,160,0.666385,8.88098287e-01
heavy,160,0.669700,8.71235780e-01
heavy,160,0.673014,8.54794954e-01
heavy,160,0.676329,8.38740995e-01
heavy,160,0.679644,8.23043453e-01
heavy,160,0.682959,8.07680425e-01
heavy,160,0.686274,7.92640390e-01
heavy,160,0.689588,7.77921318e-01
heavy,160,0.692903,7.63527697e-01
heavy,160,0.696218,7.49466743e-01
heavy,160,0.699533,7.35745106e-01
heavy,160,0.702848,7.22366789e-01
heavy,160,0.706162,7.09332258e-01
heavy,160,0.709477,6.96638169e-01
heavy,160,0.712792,6.84277145e-01
heavy,160,0.716107,6.72237424e-01
heavy,160,0.719422,6.60502699e-01
heavy,160,0.722736,6.49052763e-01
heavy,160,0.726051,6.37865341e-01
heavy,160,0.729366,6.26919014e-01
heavy,160,0.732681,6.16196484e-01
heavy,160,0.735996,6.05687166e-01
heavy,160,0.739310,5.95388170e-01
heavy,160,0.742625,5.85303334e-01
heavy,160,0.745940,5.75440633e-01
heavy,160,0.749255,5.65808834e-01
heavy,160,0.752570,5.56414355e-01
heavy,160,0.755884,5.47259068e-01
heavy,160,0.759199,5.38339279e-01
heavy,160,0.762514,5.29645794e-01
heavy,160,0.765829,5.21164813e-01
heavy,160,0.769143,5.12879480e-01
heavy,160,0.772458,5.04771955e-01
heavy,160,0.775773,4.96825859e-01
heavy,160,0.779088,4.89028684e-01
heavy,160,0.782403,4.81373586e-01
heavy,160,0.785717,4.73859932e-01
heavy,160,0.789032,4.66492310e-01
heavy,160,0.792347,4.59278174e-01
heavy,160,0.795662,4.52224864e-01
heavy,160,0.798977,4.45336909e-01
heavy,160,0.802291,4.38614407e-01
heavy,160,0.805606,4.32052817e-01
heavy,160,0.808921,4.25643950e-01
heavy,160,0.812236,4.19377589e-01
heavy,160,0.815551,4.13243124e-01
heavy,160,0.818865,4.07230766e-01
heavy,160,0.822180,4.01332263e-01
heavy,160,0.825495,3.95541252e-01
heavy,160,0.828810,3.89853478e-01
heavy,160,0.832125,3.84266936e-01
heavy,160,0.835439,3.78781852e-01
heavy,160,0.838754,3.73400347e-01
heavy,160,0.842069,3.68125635e-01
heavy,160,0.845384,3.62960882e-01
heavy,160,0.848699,3.57907967e-01
heavy,160,0.852013,3.52966540e-01
heavy,160,0.855328,3.48133658e-01
heavy,160,0.858643,3.43404063e-01
heavy,160,0.861958,3.38770940e-01
heavy,160,0.865273,3.34226862e-01
heavy,160,0.868587,3.29764684e-01
heavy,160,0.871902,3.25378266e-01
heavy,160,0.875217,3.21063055e-01
heavy,160,0.878532,3.16816535e-01
heavy,160,0.881846,3.12638510e-01
heavy,160,0.885161,3.08531027e-01
heavy,160,0.888476,3.04497777e-01
heavy,160,0.891791,3.00542967e-01
heavy,160,0.895106,2.96669871e-01
heavy,160,0.898420,2.92879502e-01
heavy,160,0.901735,2.89169860e-01
heavy,160,0.905050,2.85536044e-01
heavy,160,0.908365,2.81971206e-01
heavy,160,0.911680,2.78468017e-01
heavy,160,0.914994,2.75020151e-01
heavy,160,0.918309,2.71623332e-01
heavy,160,0.921624,2.68275732e-01
heavy,160,0.924939,2.64977722e-01
heavy,160,0.928254,2.61731218e-01
heavy,160,0.931568,2.58538869e-01
heavy,160,0.934883,2.55403290e-01
heavy,160,0.938198,2.52326420e-01
heavy,160,0.941513,2.49309035e-01
heavy,160,0.944828,2.46350438e-01
heavy,160,0.948142,2.43448384e-01
heavy,160,0.951457,2.40599316e-01
heavy,160,0.954772,2.37798906e-01
heavy,160,0.958087,2.35042827e-01
heavy,160,0.961402,2.32327511e-01
heavy,160,0.964716,2.29650694e-01
heavy,160,0.968031,2.27011554e-01
heavy,160,0.971346,2.24410470e-01
heavy,160,0.974661,2.21848536e-01
heavy,160,0.977976,2.19327058e-01
heavy,160,0.981290,2.16847181e-01
heavy,160,0.984605,2.14409695e-01
heavy,160,0.987920,2.12014930e-01
heavy,160,0.991235,2.09662655e-01
heavy,160,0.994549,2.07351929e-01
heavy,160,0.997864,2.05080976e-01
heavy,160,1.001179,2.02847211e-01
heavy,160,1.004494,2.00647524e-01
heavy,160,1.007809,1.98478806e-01
heavy,160,1.011123,1.96338576e-01
heavy,160,1.014438,1.94225507e-01
heavy,160,1.017753,1.92139639e-01
heavy,160,1.021068,1.90082198e-01
heavy,160,1.024383,1.88055092e-01
heavy,160,1.027697,1.86060256e-01
heavy,160,1.031012,1.84099046e-01
heavy,160,1.034327,1.82171850e-01
heavy,160,1.037642,1.80277958e-01
heavy,160,1.040957,1.78415659e-01
heavy,160,1.044271,1.76582531e-01
heavy,160,1.047586,1.74775824e-01
heavy,160,1.050901,1.72992919e-01
heavy,160,1.054216,1.71231789e-01
heavy,160,1.057531,1.69491371e-01
heavy,160,1.060845,1.67771741e-01
heavy,160,1.064160,1.66074000e-01
heavy,160,1.067475,1.64399875e-01
heavy,160,1.070790,1.62751120e-01
heavy,160,1.074105,1.61128918e-01
heavy,160,1.077419,1.59533476e-01
heavy,160,1.080734,1.57963934e-01
heavy,160,1.084049,1.56418613e-01
heavy,160,1.087364,1.54895447e-01
heavy,160,1.090679,1.53392462e-01
heavy,160,1.093993,1.51908122e-01
heavy,160,1.097308,1.50441488e-01
heavy,160,1.100623,1.48992215e-01
heavy,160,1.103938,1.47560435e-01
heavy,160,1.107253,1.46146615e-01
heavy,160,1.110567,1.44751408e-01
heavy,160,1.113882,1.43375500e-01
heavy,160,1.117197,1.42019437e-01
heavy,160,1.120512,1.40683455e-01
heavy,160,1.123826,1.39367346e-01
heavy,160,1.127141,1.38070421e-01
heavy,160,1.130456,1.36791593e-01
heavy,160,1.133771,1.35529573e-01
heavy,160,1.137086,1.34283122e-01
heavy,160,1.140400,1.33051263e-01
heavy,160,1.143715,1.31833406e-01
heavy,160,1.147030,1.30629371e-01
heavy,160,1.150345,1.29439333e-01
heavy,160,1.153660,1.28263721e-01
heavy,160,1.156974,1.27103109e-01
heavy,160,1.160289,1.25958083e-01
heavy,160,1.163604,1.24829087e-01
heavy,160,1.166919,1.23716245e-01
heavy,160,1.170234,1.22619226e-01
heavy,160,1.173548,1.21537201e-01
heavy,160,1.176863,1.20468960e-01
heavy,160,1.180178,1.19413165e-01
heavy,160,1.183493,1.18368680e-01
heavy,160,1.186808,1.17334856e-01
heavy,160,1.190122,1.16311663e-01
heavy,160,1.193437,1.15299628e-01
heavy,160,1.196752,1.14299596e-01
heavy,160,1.200067,1.13312415e-01
heavy,160,1.203382,1.12338653e-01
heavy,160,1.206696,1.11378422e-01
heavy,160,1.210011,1.10431341e-01
heavy,160,1.213326,1.09496633e-01
heavy,160,1.216641,1.08573296e-01
heavy,160,1.219956,1.07660309e-01
heavy,160,1.223270,1.06756841e-01
heavy,160,1.226585,1.05862402e-01
heavy,160,1.229900,1.04976925e-01
heavy,160,1.233215,1.04100733e-01
heavy,160,1.236529,1.03234404e-01
heavy,160,1.239844,1.02378564e-01
heavy,160,1.243159,1.01533658e-01
heavy,160,1.246474,1.00699784e-01
heavy,160,1.249789,9.98766450e-02
heavy,160,1.253103,9.90636253e-02
heavy,160,1.256418,9.82599676e-02
heavy,160,1.259733,9.74649683e-02
heavy,160,1.263048,9.66781271e-02
heavy,160,1.266363,9.58992060e-02
heavy,160,1.269677,9.51282020e-02
heavy,160,1.272992,9.43652679e-02
heavy,160,1.276307,9.36106232e-02
heavy,160,1.279622,9.28644814e-02
heavy,160,1.282937,9.21269976e-02
heavy,160,1.286251,9.13982299e-02
heavy,160,1.289566,9.06781087e-02
heavy,160,1.292881,8.99664200e-02
heavy,160,1.296196,8.92628182e-02
heavy,160,1.299511,8.85668748e-02
heavy,160,1.302825,8.78781590e-02
heavy,160,1.306140,8.71963246e-02
heavy,160,1.309455,8.65211748e-02
heavy,160,1.312770,8.58526820e-02
heavy,160,1.316085,8.51909600e-02
heavy,160,1.319399,8.45362014e-02
heavy,160,1.322714,8.38886028e-02
heavy,160,1.326029,8.32482978e-02
heavy,160,1.329344,8.26153080e-02
heavy,160,1.332659,8.19895168e-02
heavy,160,1.335973,8.13706673e-02
heavy,160,1.339288,8.07583918e-02
heavy,160,1.342603,8.01522737e-02
heavy,160,1.345918,7.95519373e-02
heavy,160,1.349232,7.89571414e-02
heavy,160,1.352547,7.83678428e-02
heavy,160,1.355862,7.77841979e-02
heavy,160,1.359177,7.72064932e-02
heavy,160,1.362492,7.66350238e-02
heavy,160,1.365806,7.60699640e-02
heavy,160,1.369121,7.55112824e-02
heavy,160,1.372436,7.49587316e-02
heavy,160,1.375751,7.44119145e-02
heavy,160,1.379066,7.38703975e-02
heavy,160,1.382380,7.33338274e-02
heavy,160,1.385695,7.28020138e-02
heavy,160,1.389010,7.22749538e-02
heavy,160,1.392325,7.17528009e-02
heavy,160,1.395640,7.12357898e-02
heavy,160,1.398954,7.07241432e-02
heavy,160,1.402269,7.02179835e-02
heavy,160,1.405584,6.97172778e-02
heavy,160,1.408899,6.92218292e-02
heavy,160,1.412214,6.87313231e-02
heavy,160,1.415528,6.82454119e-02
heavy,160,1.418843,6.77638133e-02
heavy,160,1.422158,6.72863850e-02
heavy,160,1.425473,6.68131487e-02
heavy,160,1.428788,6.63442539e-02
heavy,160,1.432102,6.58798966e-02
heavy,160,1.435417,6.54202258e-02
heavy,160,1.438732,6.49652752e-02
heavy,160,1.442047,6.45149438e-02
heavy,160,1.445362,6.40690277e-02
heavy,160,1.448676,6.36272842e-02
heavy,160,1.451991,6.31895002e-02
heavy,160,1.455306,6.27555403e-02
heavy,160,1.458621,6.23253630e-02
heavy,160,1.461935,6.18990053e-02
heavy,160,1.465250,6.14765473e-02
heavy,160,1.468565,6.10580674e-02
heavy,160,1.471880,6.06436035e-02
heavy,160,1.475195,6.02331299e-02
heavy,160,1.478509,5.98265552e-02
heavy,160,1.481824,5.94237432e-02
heavy,160,1.485139,5.90245470e-02
heavy,160,1.488454,5.86288458e-02
heavy,160,1.491769,5.82365689e-02
heavy,160,1.495083,5.78477001e-02
heavy,160,1.498398,5.74622609e-02
heavy,160,1.501713,5.70802825e-02
heavy,160,1.505028,5.67017784e-02
heavy,160,1.508343,5.63267288e-02
heavy,160,1.511657,5.59550809e-02
heavy,160,1.514972,5.55867614e-02
heavy,160,1.518287,5.52216921e-02
heavy,160,1.521602,5.48598029e-02
heavy,160,1.524917,5.45010371e-02
heavy,160,1.528231,5.41453527e-02
heavy,160,1.531546,5.37927197e-02
heavy,160,1.534861,5.34431184e-02
heavy,160,1.538176,5.30965361e-02
heavy,160,1.541491,5.27529621e-02
heavy,160,1.544805,5.24123805e-02
heavy,160,1.548120,5.20747641e-02
heavy,160,1.551435,5.17400716e-02
heavy,160,1.554750,5.14082497e-02
heavy,160,1.558065,5.10792409e-02
heavy,160,1.561379,5.07529914e-02
heavy,160,1.564694,5.04294585e-02
heavy,160,1.568009,5.01086127e-02
heavy,160,1.571324,4.97904369e-02
heavy,160,1.574638,4.94749216e-02
heavy,160,1.577953,4.91620590e-02
heavy,160,1.581268,4.88518360e-02
heavy,160,1.584583,4.85442283e-02
heavy,160,1.587898,4.82391974e-02
heavy,160,1.591212,4.79366923e-02
heavy,160,1.594527,4.76366577e-02
heavy,160,1.597842,4.73390445e-02
heavy,160,1.601157,4.70438197e-02
heavy,160,1.604472,4.67509691e-02
heavy,160,1.607786,4.64604926e-02
heavy,160,1.611101,4.61723922e-02
heavy,160,1.614416,4.58866599e-02
heavy,160,1.617731,4.56032695e-02
heavy,160,1.621046,4.53221782e-02
heavy,160,1.624360,4.50433345e-02
heavy,160,1.627675,4.47666901e-02
heavy,160,1.630990,4.44922091e-02
heavy,160,1.634305,4.42198716e-02
heavy,160,1.637620,4.39496707e-02
heavy,160,1.640934,4.36816053e-02
heavy,160,1.644249,4.34156708e-02
heavy,160,1.647564,4.31518524e-02
heavy,160,1.650879,4.28901221e-02
heavy,160,1.654194,4.26304406e-02
heavy,160,1.657508,4.23727644e-02
heavy,160,1.660823,4.21170546e-02
heavy,160,1.664138,4.18632846e-02
heavy,160,1.667453,4.16114424e-02
heavy,160,1.670768,4.13615260e-02
heavy,160,1.674082,4.11135343e-02
heavy,160,1.677397,4.08674576e-02
heavy,160,1.680712,4.06232734e-02
heavy,160,1.684027,4.03809483e-02
heavy,160,1.687341,4.01404449e-02
heavy,160,1.690656,3.99017300e-02
heavy,160,1.693971,3.96647798e-02
heavy,160,1.697286,3.94295800e-02
heavy,160,1.700601,3.91961228e-02
heavy,160,1.703915,3.89644022e-02
heavy,160,1.707230,3.87344090e-02
heavy,160,1.710545,3.85061277e-02
heavy,160,1.713860,3.82795357e-02
heavy,160,1.717175,3.80546045e-02
heavy,160,1.720489,3.78313033e-02
heavy,160,1.723804,3.76096045e-02
heavy,160,1.727119,3.73894885e-02
heavy,160,1.730434,3.71709453e-02
heavy,160,1.733749,3.69539718e-02
heavy,160,1.737063,3.67385651e-02
heavy,160,1.740378,3.65247154e-02
heavy,160,1.743693,3.63124016e-02
heavy,160,1.747008,3.61015941e-02
heavy,160,1.750323,3.58922613e-02
heavy,160,1.753637,3.56843773e-02
heavy,160,1.756952,3.54779265e-02
heavy,160,1.760267,3.52729031e-02
heavy,160,1.763582,3.50693057e-02
heavy,160,1.766897,3.48671302e-02
heavy,160,1.770211,3.46663650e-02
heavy,160,1.773526,3.44669892e-02
heavy,160,1.776841,3.42689755e-02
heavy,160,1.780156,3.40722959e-02
heavy,160,1.783471,3.38769274e-02
heavy,160,1.786785,3.36828565e-02
heavy,160,1.790100,3.34900790e-02
heavy,160,1.793415,3.32985950e-02
heavy,160,1.796730,3.31084020e-02
heavy,160,1.800044,3.29194877e-02
heavy,160,1.803359,3.27318286e-02
heavy,160,1.806674,3.25453955e-02
heavy,160,1.809989,3.23601617e-02
heavy,160,1.813304,3.21761105e-02
heavy,160,1.816618,3.19932370e-02
heavy,160,1.819933,3.18115425e-02
heavy,160,1.823248,3.16310261e-02
heavy,160,1.826563,3.14516782e-02
heavy,160,1.829878,3.12734796e-02
heavy,160,1.833192,3.10964059e-02
heavy,160,1.836507,3.09204343e-02
heavy,160,1.839822,3.07455486e-02
heavy,160,1.843137,3.05717401e-02
heavy,160,1.846452,3.03990053e-02
heavy,160,1.849766,3.02273422e-02
heavy,160,1.853081,3.00567453e-02
heavy,160,1.856396,2.98872041e-02
heavy,160,1.859711,2.97187023e-02
heavy,160,1.863026,2.95512210e-02
heavy,160,1.866340,2.93847425e-02
heavy,160,1.869655,2.92192551e-02
heavy,160,1.872970,2.90547548e-02
heavy,160,1.876285,2.88912431e-02
heavy,160,1.879600,2.87287218e-02
heavy,160,1.882914,2.85671880e-02
heavy,160,1.886229,2.84066317e-02
heavy,160,1.889544,2.82470392e-02
heavy,160,1.892859,2.80883985e-02
heavy,160,1.896174,2.79307046e-02
heavy,160,1.899488,2.77739614e-02
heavy,160,1.902803,2.76181788e-02
heavy,160,1.906118,2.74633681e-02
heavy,160,1.909433,2.73095384e-02
heavy,160,1.912747,2.71566961e-02
heavy,160,1.916062,2.70048471e-02
heavy,160,1.919377,2.68540013e-02
heavy,160,1.922692,2.67041758e-02
heavy,160,1.926007,2.65553976e-02
heavy,160,1.929321,2.64077034e-02
heavy,160,1.932636,2.62611381e-02
heavy,160,1.935951,2.61157525e-02
heavy,160,1.939266,2.59716018e-02
heavy,160,1.942581,2.58287468e-02
heavy,160,1.945895,2.56872577e-02
heavy,160,1.949210,2.55472193e-02
heavy,160,1.952525,2.54087361e-02
heavy,160,1.955840,2.52719331e-02
heavy,160,1.959155,2.51369545e-02
heavy,160,1.962469,2.50039592e-02
heavy,160,1.965784,2.48731190e-02
heavy,160,1.969099,2.47446174e-02
heavy,160,1.972414,2.46186518e-02
heavy,160,1.975729,2.44954331e-02
heavy,160,1.979043,2.43751816e-02
heavy,160,1.982358,2.42581185e-02
heavy,160,1.985673,2.41444529e-02
heavy,160,1.988988,2.40343670e-02
heavy,160,1.992303,2.39280024e-02
heavy,160,1.995617,2.38254489e-02
heavy,160,1.998932,2.37267374e-02
heavy,160,2.002247,2.36318358e-02
heavy,160,2.005562,2.35406496e-02
heavy,160,2.008877,2.34530247e-02
heavy,160,2.012191,2.33687539e-02
heavy,160,2.015506,2.32875847e-02
heavy,160,2.018821,2.32092317e-02
heavy,160,2.022136,2.31333906e-02
heavy,160,2.025451,2.30597535e-02
heavy,160,2.028765,2.29880229e-02
heavy,160,2.032080,2.29179211e-02
heavy,160,2.035395,2.28491941e-02
heavy,160,2.038710,2.27816122e-02
heavy,160,2.042024,2.27149688e-02
heavy,160,2.045339,2.26490795e-02
heavy,160,2.048654,2.25837830e-02
heavy,160,2.051969,2.25189419e-02
heavy,160,2.055284,2.24544415e-02
heavy,160,2.058598,2.23901885e-02
heavy,160,2.061913,2.23261061e-02
heavy,160,2.065228,2.22621311e-02
heavy,160,2.068543,2.21982099e-02
heavy,160,2.071858,2.21342973e-02
heavy,160,2.075172,2.20703559e-02
heavy,160,2.078487,2.20063568e-02
heavy,160,2.081802,2.19422793e-02
heavy,160,2.085117,2.18781102e-02
heavy,160,2.088432,2.18138409e-02
heavy,160,2.091746,2.17494655e-02
heavy,160,2.095061,2.16849784e-02
heavy,160,2.098376,2.16203753e-02
heavy,160,2.101691,2.15556537e-02
heavy,160,2.105006,2.14908147e-02
heavy,160,2.108320,2.14258629e-02
heavy,160,2.111635,2.13608047e-02
heavy,160,2.114950,2.12956469e-02
heavy,160,2.118265,2.12303950e-02
heavy,160,2.121580,2.11650538e-02
heavy,160,2.124894,2.10996280e-02
heavy,160,2.128209,2.10341236e-02
heavy,160,2.131524,2.09685482e-02
heavy,160,2.134839,2.09029107e-02
heavy,160,2.138154,2.08372201e-02
heavy,160,2.141468,2.07714844e-02
heavy,160,2.144783,2.07057102e-02
heavy,160,2.148098,2.06399032e-02
heavy,160,2.151413,2.05740694e-02
heavy,160,2.154727,2.05082156e-02
heavy,160,2.158042,2.04423501e-02
heavy,160,2.161357,2.03764814e-02
heavy,160,2.164672,2.03106168e-02
heavy,160,2.167987,2.02447624e-02
heavy,160,2.171301,2.01789231e-02
heavy,160,2.174616,2.01131041e-02
heavy,160,2.177931,2.00473112e-02
heavy,160,2.181246,1.99815510e-02
heavy,160,2.184561,1.99158303e-02
heavy,160,2.187875,1.98501553e-02
heavy,160,2.191190,1.97845310e-02
heavy,160,2.194505,1.97189617e-02
heavy,160,2.197820,1.96534513e-02
heavy,160,2.201135,1.95880043e-02
heavy,160,2.204449,1.95226258e-02
heavy,160,2.207764,1.94573212e-02
heavy,160,2.211079,1.93920955e-02
heavy,160,2.214394,1.93269529e-02
heavy,160,2.217709,1.92618964e-02
heavy,160,2.221023,1.91969289e-02
heavy,160,2.224338,1.91320538e-02
heavy,160,2.227653,1.90672752e-02
heavy,160,2.230968,1.90025976e-02
heavy,160,2.234283,1.89380247e-02
heavy,160,2.237597,1.88735594e-02
heavy,160,2.240912,1.88092039e-02
heavy,160,2.244227,1.87449604e-02
heavy,160,2.247542,1.86808317e-02
heavy,160,2.250857,1.86168210e-02
heavy,160,2.254171,1.85529318e-02
heavy,160,2.257486,1.84891666e-02
heavy,160,2.260801,1.84255275e-02
heavy,160,2.264116,1.83620158e-02
heavy,160,2.267430,1.82986335e-02
heavy,160,2.270745,1.82353827e-02
heavy,160,2.274060,1.81722661e-02
heavy,160,2.277375,1.81092861e-02
heavy,160,2.280690,1.80464443e-02
heavy,160,2.284004,1.79837419e-02
heavy,160,2.287319,1.79211801e-02
heavy,160,2.290634,1.78587602e-02
heavy,160,2.293949,1.77964843e-02
heavy,160,2.297264,1.77343543e-02
heavy,160,2.300578,1.76723716e-02
heavy,160,2.303893,1.76105371e-02
heavy,160,2.307208,1.75488515e-02
heavy,160,2.310523,1.74873156e-02
heavy,160,2.313838,1.74259309e-02
heavy,160,2.317152,1.73646989e-02
heavy,160,2.320467,1.73036206e-02
heavy,160,2.323782,1.72426968e-02
heavy,160,2.327097,1.71819280e-02
heavy,160,2.330412,1.71213144e-02
heavy,160,2.333726,1.70608569e-02
heavy,160,2.337041,1.70005567e-02
heavy,160,2.340356,1.69404146e-02
heavy,160,2.343671,1.68804313e-02
heavy,160,2.346986,1.68206069e-02
heavy,160,2.350300,1.67609413e-02
heavy,160,2.353615,1.67014350e-02
heavy,160,2.356930,1.66420887e-02
heavy,160,2.360245,1.65829032e-02
heavy,160,2.363560,1.65238788e-02
heavy,160,2.366874,1.64650156e-02
heavy,160,2.370189,1.64063133e-02
heavy,160,2.373504,1.63477719e-02
heavy,160,2.376819,1.62893917e-02
heavy,160,2.380133,1.62311733e-02
heavy,160,2.383448,1.61731170e-02
heavy,160,2.386763,1.61152226e-02
heavy,160,2.390078,1.60574898e-02
heavy,160,2.393393,1.59999182e-02
heavy,160,2.396707,1.59425077e-02
heavy,160,2.400022,1.58852587e-02
heavy,160,2.403337,1.58281713e-02
heavy,160,2.406652,1.57712453e-02
heavy,160,2.409967,1.57144803e-02
heavy,160,2.413281,1.56578757e-02
heavy,160,2.416596,1.56014311e-02
heavy,160,2.419911,1.55451465e-02
heavy,160,2.423226,1.54890217e-02
heavy,160,2.426541,1.54330568e-02
heavy,160,2.429855,1.53772510e-02
heavy,160,2.433170,1.53216038e-02
heavy,160,2.436485,1.52661144e-02
heavy,160,2.439800,1.52107826e-02
heavy,160,2.443115,1.51556080e-02
heavy,160,2.446429,1.51005903e-02
heavy,160,2.449744,1.50457289e-02
heavy,160,2.453059,1.49910233e-02
heavy,160,2.456374,1.49364724e-02
heavy,160,2.459689,1.48820757e-02
heavy,160,2.463003,1.48278326e-02
heavy,160,2.466318,1.47737426e-02
heavy,160,2.469633,1.47198051e-02
heavy,160,2.472948,1.46660194e-02
heavy,160,2.476263,1.46123845e-02
heavy,160,2.479577,1.45588995e-02
heavy,160,2.482892,1.45055635e-02
heavy,160,2.486207,1.44523760e-02
heavy,160,2.489522,1.43993362e-02
heavy,160,2.492836,1.43464432e-02
heavy,160,2.496151,1.42936961e-02
heavy,160,2.499466,1.42410936e-02
heavy,160,2.502781,1.41886348e-02
heavy,160,2.506096,1.41363188e-02
heavy,160,2.509410,1.40841447e-02
heavy,160,2.512725,1.40321116e-02
heavy,160,2.516040,1.39802182e-02
heavy,160,2.519355,1.39284633e-02
heavy,160,2.522670,1.38768457e-02
heavy,160,2.525984,1.38253643e-02
heavy,160,2.529299,1.37740180e-02
heavy,160,2.532614,1.37228056e-02
heavy,160,2.535929,1.36717259e-02
heavy,160,2.539244,1.36207773e-02
heavy,160,2.542558,1.35699585e-02
heavy,160,2.545873,1.35192682e-02
heavy,160,2.549188,1.34687049e-02
heavy,160,2.552503,1.34182675e-02
heavy,160,2.555818,1.33679542e-02
heavy,160,2.559132,1.33177635e-02
heavy,160,2.562447,1.32676939e-02
heavy,160,2.565762,1.32177435e-02
heavy,160,2.569077,1.31679110e-02
heavy,160,2.572392,1.31181946e-02
heavy,160,2.575706,1.30685926e-02
heavy,160,2.579021,1.30191030e-02
heavy,160,2.582336,1.29697239e-02
heavy,160,2.585651,1.29204536e-02
heavy,160,2.588966,1.28712900e-02
heavy,160,2.592280,1.28222312e-02
heavy,160,2.595595,1.27732751e-02
heavy,160,2.598910,1.27244193e-02
heavy,160,2.602225,1.26756618e-02
heavy,160,2.605539,1.26270002e-02
heavy,160,2.608854,1.25784322e-02
heavy,160,2.612169,1.25299553e-02
heavy,160,2.615484,1.24815671e-02
heavy,160,2.618799,1.24332648e-02
heavy,160,2.622113,1.23850457e-02
heavy,160,2.625428,1.23369072e-02
heavy,160,2.628743,1.22888462e-02
heavy,160,2.632058,1.22408599e-02
heavy,160,2.635373,1.21929450e-02
heavy,160,2.638687,1.21450984e-02
heavy,160,2.642002,1.20973166e-02
heavy,160,2.645317,1.20495963e-02
heavy,160,2.648632,1.20019338e-02
heavy,160,2.651947,1.19543253e-02
heavy,160,2.655261,1.19067670e-02
heavy,160,2.658576,1.18592548e-02
heavy,160,2.661891,1.18117844e-02
heavy,160,2.665206,1.17643514e-02
heavy,160,2.668521,1.17169512e-02
heavy,160,2.671835,1.16695790e-02
heavy,160,2.675150,1.16222297e-02
heavy,160,2.678465,1.15748981e-02
heavy,160,2.681780,1.15275787e-02
heavy,160,2.685095,1.14802657e-02
heavy,160,2.688409,1.14329531e-02
heavy,160,2.691724,1.13856346e-02
heavy,160,2.695039,1.13383036e-02
heavy,160,2.698354,1.12909531e-02
heavy,160,2.701669,1.12435758e-02
heavy,160,2.704983,1.11961640e-02
heavy,160,2.708298,1.11487098e-02
heavy,160,2.711613,1.11012047e-02
heavy,160,2.714928,1.10536398e-02
heavy,160,2.718242,1.10060058e-02
heavy,160,2.721557,1.09582930e-02
heavy,160,2.724872,1.09104911e-02
heavy,160,2.728187,1.08625892e-02
heavy,160,2.731502,1.08145763e-02
heavy,160,2.734816,1.07664405e-02
heavy,160,2.738131,1.07181695e-02
heavy,160,2.741446,1.06697504e-02
heavy,160,2.744761,1.06211701e-02
heavy,160,2.748076,1.05724149e-02
heavy,160,2.751390,1.05234705e-02
heavy,160,2.754705,1.04743227e-02
heavy,160,2.758020,1.04249570e-02
heavy,160,2.761335,1.03753589e-02
heavy,160,2.764650,1.03255143e-02
heavy,160,2.767964,1.02754096e-02
heavy,160,2.771279,1.02250323e-02
heavy,160,2.774594,1.01743716e-02
heavy,160,2.777909,1.01234187e-02
heavy,160,2.781224,1.00721683e-02
heavy,160,2.784538,1.00206189e-02
heavy,160,2.787853,9.96877477e-03
heavy,160,2.791168,9.91664670e-03
heavy,160,2.794483,9.86425417e-03
heavy,160,2.797798,9.81162685e-03
heavy,160,2.801112,9.75880648e-03
heavy,160,2.804427,9.70584856e-03
heavy,160,2.807742,9.65282367e-03
heavy,160,2.811057,9.59981825e-03
heavy,160,2.814372,9.54693445e-03
heavy,160,2.817686,9.49428872e-03
heavy,160,2.821001,9.44200915e-03
heavy,160,2.824316,9.39023131e-03
heavy,160,2.827631,9.33909298e-03
heavy,160,2.830945,9.28872810e-03
heavy,160,2.834260,9.23926067e-03
heavy,160,2.837575,9.19079931e-03
heavy,160,2.840890,9.14343304e-03
heavy,160,2.844205,9.09722868e-03
heavy,160,2.847519,9.05223011e-03
heavy,160,2.850834,9.00845907e-03
heavy,160,2.854149,8.96591725e-03
heavy,160,2.857464,8.92458921e-03
heavy,160,2.860779,8.88444568e-03
heavy,160,2.864093,8.84544687e-03
heavy,160,2.867408,8.80754555e-03
heavy,160,2.870723,8.77068973e-03
heavy,160,2.874038,8.73482490e-03
heavy,160,2.877353,8.69989577e-03
heavy,160,2.880667,8.66584762e-03
heavy,160,2.883982,8.63262723e-03
heavy,160,2.887297,8.60018359e-03
heavy,160,2.890612,8.56846830e-03
heavy,160,2.893927,8.53743579e-03
heavy,160,2.897241,8.50704341e-03
heavy,160,2.900556,8.47725147e-03
heavy,160,2.903871,8.44802313e-03
heavy,160,2.907186,8.41932427e-03
heavy,160,2.910501,8.39112338e-03
heavy,160,2.913815,8.36339139e-03
heavy,160,2.917130,8.33610148e-03
heavy,160,2.920445,8.30922892e-03
heavy,160,2.923760,8.28275092e-03
heavy,160,2.927075,8.25664647e-03
heavy,160,2.930389,8.23089619e-03
heavy,160,2.933704,8.20548217e-03
heavy,160,2.937019,8.18038788e-03
heavy,160,2.940334,8.15559803e-03
heavy,160,2.943648,8.13109849e-03
heavy,160,2.946963,8.10687614e-03
heavy,160,2.950278,8.08291882e-03
heavy,160,2.953593,8.05921526e-03
heavy,160,2.956908,8.03575495e-03
heavy,160,2.960222,8.01252815e-03
heavy,160,2.963537,7.98952574e-03
heavy,160,2.966852,7.96673926e-03
heavy,160,2.970167,7.94416077e-03
heavy,160,2.973482,7.92178287e-03
heavy,160,2.976796,7.89959862e-03
heavy,160,2.980111,7.87760152e-03
heavy,160,2.983426,7.85578548e-03
heavy,160,2.986741,7.83414476e-03
heavy,160,2.990056,7.81267398e-03
heavy,160,2.993370,7.79136808e-03
heavy,160,2.996685,7.77022226e-03
heavy,160,3.000000,7.74923203e-03
